game_date,game_pk,pitcher_team,bullpen_era_last14,bullpen_fip_last14
2026-03-20,831931,ATH,,
2026-03-21,831937,ATH,,
2026-03-22,831945,ATH,,
2026-03-23,831915,ATH,6.1499999999999995,3.5499999999999994
2026-03-27,822839,ATH,6.487499999999999,2.870833333333333
2026-03-28,822838,ATH,5.680909090909091,2.46030303030303
2026-03-29,822837,ATH,5.934090909090909,2.750252525252525
2026-03-30,824943,ATH,5.086363636363636,2.3183982683982682
2026-03-31,824942,ATH,4.7318181818181815,1.7785984848484848
2026-04-01,824940,ATH,4.206060606060606,1.6643097643097642
2026-04-03,825026,ATH,3.9783116883116882,1.3693073593073593
2026-04-04,825027,ATH,4.43482880755608,1.426643053915781
2026-04-05,825025,ATH,4.81525974025974,1.641089466089466
2026-04-07,823567,ATH,5.177886819063289,1.9763902763902763
2026-04-08,823564,ATH,5.665180617701625,2.0971243042671612
2026-04-09,823565,ATH,5.50446633198734,1.8471243042671615
2026-04-10,823643,ATH,5.118752046273054,1.4792671614100186
2026-04-11,823644,ATH,4.347323474844482,0.9506957328385901
2026-04-12,823642,ATH,3.9723234748444827,0.9983147804576377
2026-04-13,825024,ATH,3.7969987995198076,0.9184446505875077
2026-04-14,825022,ATH,4.139855942376951,0.5232065553494125
2026-04-15,825021,ATH,4.139855942376951,0.5426870748299321
2026-04-16,825023,ATH,4.505115682636691,0.8024273345701918
2026-04-17,825019,ATH,5.469401396922406,1.1774273345701918
2026-04-18,825020,ATH,5.9250528882881826,1.4011322011322012
2026-04-19,825018,ATH,5.3956411235823,1.5481910246616128
2026-04-20,823149,ATH,4.752783980725157,1.28033388180447
2026-04-21,823148,ATH,4.24743638714227,0.7348793363499245
2026-04-22,823147,ATH,3.390293529999412,0.37557197704256534
2026-04-24,822909,ATH,3.776007815713698,0.42557197704256533
2026-04-25,822910,ATH,3.776007815713698,0.33883728316501427
2026-04-26,822911,ATH,3.776007815713698,0.4388372831650143
2026-04-28,825017,ATH,3.7287389081506723,0.2812742579549302
2026-04-29,825015,ATH,4.114453193864958,0.6884171150977875
2026-04-30,825016,ATH,3.5787389081506724,0.9265123531930255
2026-05-01,825012,ATH,3.6858817652935296,1.1765123531930255
2026-05-02,825014,ATH,3.5731730454419526,1.2433027056976638
2026-05-03,825013,ATH,4.011484733753641,1.3601858225807806
2026-05-05,823469,ATH,3.4180781403470477,1.2045081669031248
2026-05-06,823470,ATH,5.018918476481502,1.462211248135618
2026-05-07,823467,ATH,5.501061333624358,1.4175683909927608
2026-05-08,824846,ATH,5.325736658299683,1.3915943650187348
2026-05-09,824847,ATH,5.501061333624358,1.4500359234602933
2026-05-10,824845,ATH,5.436775619338644,1.453607352031722
2026-05-12,825011,ATH,5.436775619338644,1.3349849030521301
2026-05-13,825010,ATH,5.7582041907672155,1.5492706173378445
2026-05-14,825008,ATH,5.85904452690167,1.5282622139764999
2026-05-15,825009,ATH,5.794758812615955,1.1782622139765
2026-05-16,825007,ATH,5.473330241187384,0.9104050711193569
2026-05-17,825006,ATH,5.58047309833024,0.46992888064316635
2026-05-19,824033,ATH,6.238636363636364,0.7624458874458876
2026-05-20,824032,ATH,5.077110389610389,0.2571699134199135
2026-05-21,824031,ATH,5.077110389610389,0.266693722943723
2026-05-22,823298,ATH,3.3628246753246747,-0.30473484848484844
2026-05-23,823300,ATH,4.037824675324675,-0.320806277056277
2026-05-24,823297,ATH,4.037824675324675,-0.25357938629997445
2026-05-25,825005,ATH,4.030201863354037,-0.09350033491657526
2026-05-26,825004,ATH,3.965916149068323,-0.011357477773718119
2026-05-27,825003,ATH,3.965916149068323,0.17614252222628188
2026-05-29,825002,ATH,4.287344720496894,0.30114252222628185
2026-05-30,825000,ATH,4.394487577639751,0.5689996650834247
2026-05-31,825001,ATH,4.715916149068322,0.7713806174643771
2026-06-02,824675,ATH,5.266936557231588,0.8453602093011119
2026-06-03,824671,ATH,5.052650842945874,1.071550685491588
2026-06-04,824672,ATH,3.9812222715173022,0.49385644990261557
2026-06-05,824186,ATH,5.186579414374445,0.6947493070454727
2026-06-06,824184,ATH,5.186579414374445,0.5661778784740441
2026-06-07,824183,ATH,5.829436557231588,0.5185588308549965
2026-06-08,824998,ATH,4.67229370008873,0.34713025942642506
2026-06-09,824999,ATH,5.406987577639751,0.5656176543844084
2026-06-10,824996,ATH,5.239285714285714,0.10164249910490517
2026-06-12,824997,ATH,4.982142857142856,0.0016424991049051676
2026-06-13,824995,ATH,5.1428571428571415,0.14449964196204804
2026-06-14,824994,ATH,4.637755102040815,-0.03152076620121729
2026-06-15,824993,ATH,6.244897959183673,0.48633637665592555
2026-06-16,824991,ATH,5.816326530612244,0.48633637665592555
2026-06-17,824992,ATH,5.747448979591836,0.9480710705334765
2026-06-18,824989,ATH,6.390306122448979,1.1742615467239528
2026-06-19,824990,ATH,6.390306122448979,1.0971938775510206
2026-06-20,824988,ATH,5.4513963480128895,1.1493555316863586
2026-06-21,824987,ATH,5.977370373986915,1.5259789083097353
2026-06-23,823210,ATH,6.1380846597012,2.0259789083097353
2026-06-24,823208,ATH,6.298798945415486,2.2402646225954497
2026-06-25,823209,ATH,5.914754418513817,2.564939947270774
2026-06-26,824014,ATH,6.440728444487843,3.122082804413632
2026-06-27,824015,ATH,6.440728444487841,3.193511375842203
2026-06-28,824011,ATH,6.7085855873449844,3.0327970901279175
2026-06-29,824986,ATH,6.570830485304169,2.7981032125768968
2026-06-30,824984,ATH,5.235665650139334,2.232169146642831
2026-07-01,824985,ATH,5.547353961827646,2.0135544280281126
2026-07-03,824982,ATH,5.065211104684789,1.3409353804090647
2026-07-04,824983,ATH,5.025032533256217,1.6549234756471602
2026-07-05,824980,ATH,5.470087478311163,2.212615783339468
2026-07-07,824254,ATH,5.283997252747253,2.371763653013653
2026-07-08,824253,ATH,5.40088036963037,1.9951402763902766
2026-07-09,824251,ATH,4.597308941058941,1.5276078088578091
2026-07-10,824575,ATH,4.822308941058941,1.92403638028638
2026-07-11,824576,ATH,5.791208462590041,1.7046242135057927
2026-07-12,824574,ATH,5.265234436616017,1.3372772747302821
2026-07-17,824981,ATH,5.265234436616017,1.3307837682367758
2026-07-18,824979,ATH,7.126841579473159,2.125426625379633
2026-07-19,824978,ATH,7.367913008044588,2.2147123396653474
2026-07-20,825058,ATH,7.187771720760442,2.525544364783087
2026-07-21,825056,ATH,6.661797694786416,2.381063845302567
2026-07-22,825055,ATH,6.958500991489713,2.8078037720424938
2026-07-24,823680,ATH,8.091536705775427,2.9176252006139225
2026-07-25,823679,ATH,7.646481760720483,2.681361464350186
2026-07-26,823678,ATH,7.551943945594432,2.140745217851587
2026-07-27,824977,ATH,7.391229659880146,2.187173789280158
2026-07-28,824976,ATH,7.776943945594431,2.5475633996697686
2026-07-29,824973,ATH,8.034086802737288,2.413039590145959
2026-07-30,824974,ATH,6.852293032597653,2.3792050036797936
2026-07-31,824975,ATH,7.173721604026225,2.942980513883875
2026-08-01,824972,ATH,8.45943588974051,3.335188306091667
2026-08-02,824971,ATH,6.51990666896129,2.592493500896862
2026-08-04,824484,ATH,6.881513811818432,2.9273149294682907
2026-08-05,824482,ATH,7.111105648553127,2.6467026845703314
2026-08-06,824481,ATH,7.325391362838841,2.6764645893322365
2026-08-07,824727,ATH,7.204012741460219,2.6479930608607076
2026-08-08,824726,ATH,6.239727027174506,1.9908502037178508
2026-08-09,824724,ATH,6.45401274146022,1.8003740132416604
2026-08-10,824969,ATH,6.227121985157699,1.8647997835497834
2026-08-11,824970,ATH,8.316407699443413,2.5683712121212126
2026-08-12,824967,ATH,8.7021219851577,2.7183712121212125
2026-08-14,824968,ATH,8.219979128014842,2.4921807359307357
2026-08-15,824966,ATH,8.082224025974025,2.2389339826839825
2026-08-16,824965,ATH,7.975081168831168,1.7567911255411255
2026-08-17,824077,ATH,6.689366883116883,1.1567911255411256
2026-08-18,824075,ATH,6.700324675324675,1.0691287878787878
2026-08-19,824076,ATH,6.402157382091592,0.8781043517885624
2026-08-20,824074,ATH,7.687871667805878,0.9138186375028481
2026-08-21,824152,ATH,7.634300239234449,1.0090567327409432
2026-08-22,824151,ATH,7.673261278195488,0.8488835725677831
2026-08-23,824150,ATH,7.330404135338346,0.9631692868534973
2026-08-24,824964,ATH,7.1964755639097735,1.1090026201868306
2026-08-25,824962,ATH,7.938233805668015,1.1657791769633874
2026-03-20,831451,ATL,,
2026-03-21,831502,ATL,,
2026-03-22,831492,ATL,,
2026-03-23,831447,ATL,1.7999999999999998,-0.6464646464646465
2026-03-24,831545,ATL,1.8692307692307693,-0.657925407925408
2026-03-27,824946,ATL,1.4953846153846153,-0.9627039627039629
2026-03-28,824945,ATL,1.2461538461538462,-1.0244755244755246
2026-03-29,824944,ATL,1.0681318681318681,-1.2114552114552115
2026-03-30,824943,ATL,1.2158653846153846,-1.21627331002331
2026-03-31,824942,ATL,1.0807692307692307,-1.2292799792799793
2026-04-01,824940,ATL,1.1414423076923077,-1.0501019813519814
2026-04-02,825105,ATL,1.0376748251748251,-1.1364563466836195
2026-04-03,825103,ATL,1.138701923076923,-1.0000849844599846
2026-04-04,825104,ATL,1.0511094674556214,-0.9744374215528062
2026-04-05,825102,ATL,0.9760302197802198,-1.0476918914418916
2026-04-06,824052,ATL,1.1367445054945056,-0.9032113719613719
2026-04-07,824051,ATL,1.1367445054945056,-0.8377351814851816
2026-04-08,824050,ATL,0.7510302197802198,-1.1344384781884782
2026-04-10,824941,ATL,0.6026785714285714,-1.3298858879216022
2026-04-11,824939,ATL,1.0477335164835166,-1.1410746991104133
2026-04-12,824938,ATL,1.8513049450549453,-0.8494080324437467
2026-04-13,824937,ATL,1.8513049450549453,-0.7779794610151753
2026-04-14,824935,ATL,2.5905906593406596,-0.44583660387231816
2026-04-15,824936,ATL,2.751304945054945,-0.5291699372056515
2026-04-17,823476,ATL,3.209340659340659,-0.37649136577708003
2026-04-18,823474,ATL,3.209340659340659,-0.2098246991104134
2026-04-19,823475,ATL,3.0486263736263735,-0.4598246991104134
2026-04-20,822749,ATL,3.0486263736263735,-0.31330455259026685
2026-04-21,822747,ATL,3.0486263736263735,-0.3541208791208791
2026-04-22,822748,ATL,3.5307692307692307,-0.04034536891679747
2026-04-23,822745,ATL,3.745054945054945,0.275130821559393
2026-04-24,824932,ATL,3.745054945054945,0.14326268969126113
2026-04-25,824933,ATL,3.745054945054945,0.4119701726844584
2026-04-26,824934,ATL,4.157142857142857,0.23614599686028256
2026-04-28,824931,ATL,3.353571428571428,0.20638409209837785
2026-04-29,824930,ATL,3.675,0.4801936159079016
2026-04-30,824929,ATL,2.7749999999999995,0.003570239284525029
2026-05-01,824366,ATL,3.471428571428571,0.30118928690357266
2026-05-02,824365,ATL,2.892857142857143,0.17976071547500125
2026-05-03,824364,ATL,2.892857142857143,0.013094048808334582
2026-05-04,823143,ATL,3.2331932773109244,0.4164553933461497
2026-05-05,823142,ATL,3.661764705882353,0.5794590563498127
2026-05-06,823141,ATL,3.661764705882353,0.4297991924042344
2026-05-08,823957,ATL,3.294417767106843,0.05224817199607117
2026-05-09,823955,ATL,3.0801320528211287,-0.2096565899086907
2026-05-10,823954,ATL,3.5087034813925575,0.33796245771035693
2026-05-12,824927,ATL,3.894417767106843,0.6355815053294045
2026-05-13,824928,ATL,3.037274909963986,0.707010076757976
2026-05-14,824926,ATL,3.037274909963986,0.4485066753974317
2026-05-15,824925,ATL,2.9301320528211288,0.5556495325402888
2026-05-16,824924,ATL,3.067887154861945,0.927170868347339
2026-05-17,824923,ATL,2.2107442977190876,0.5224089635854342
2026-05-18,823867,ATL,2.4250300120048016,0.30812324929971996
2026-05-19,823865,ATL,3.389315726290516,1.0938375350140057
2026-05-20,823866,ATL,3.0489795918367344,0.9047619047619049
2026-05-21,823864,ATL,2.620408163265306,0.75
2026-05-22,824922,ATL,2.620408163265306,0.8690476190476192
2026-05-23,824920,ATL,2.602040816326531,1.1363945578231294
2026-05-24,824921,ATL,2.602040816326531,0.9578231292517007
2026-05-26,824758,ATL,2.3663265306122447,0.6887755102040817
2026-05-27,824756,ATL,2.4627551020408163,0.5459183673469389
2026-05-28,824757,ATL,2.7382653061224493,0.7551020408163266
2026-05-29,824515,ATL,2.7382653061224493,0.7397959183673469
2026-05-30,824513,ATL,2.523979591836735,0.25627943485086346
2026-05-31,824512,ATL,2.3862244897959184,0.011381475667190008
2026-06-02,824918,ATL,2.814795918367347,0.4399529042386186
2026-06-03,824917,ATL,2.600510204081633,0.39913657770800637
2026-06-04,824919,ATL,1.8505102040816326,-0.05324437467294601
2026-06-05,824914,ATL,2.621938775510204,-0.11753008895866028
2026-06-06,824915,ATL,2.621938775510204,-0.2425300889586603
2026-06-07,824916,ATL,2.621938775510204,-0.17110151753008887
2026-06-09,824591,ATL,2.3647959183673466,-0.3330062794348508
2026-06-10,824590,ATL,2.579081632653061,0.03604133961276828
2026-06-12,823617,ATL,2.386224489795918,-0.15069335426478275
2026-06-13,823616,ATL,1.9040816326530614,-0.38640763997906846
2026-06-14,823615,ATL,1.6285714285714283,-0.6994874173445601
2026-06-16,824912,ATL,1.7892857142857141,-0.5387731316302744
2026-06-17,824913,ATL,2.1566326530612243,0.016171923314780567
2026-06-19,824910,ATL,2.478061224489796,0.10545763760049486
2026-06-20,824909,ATL,2.2637755102040815,0.010219542362399612
2026-06-21,824908,ATL,2.456632653061224,0.06532158317872613
2026-06-22,823288,ATL,2.24234693877551,-0.19658317872603576
2026-06-23,823286,ATL,1.4709183673469386,-0.2180117501546072
2026-06-24,823284,ATL,1.6316326530612244,-0.0037260358688928946
2026-06-26,823206,ATL,1.9530612244897958,0.10341682127396425
2026-06-27,823207,ATL,1.9530612244897958,0.19865491651205947
2026-06-28,823204,ATL,1.7387755102040816,-0.13467841682127385
2026-06-30,824907,ATL,2.060204081632653,-0.047943722943722844
2026-07-01,824905,ATL,2.220918367346939,-0.06222943722943713
2026-07-02,824906,ATL,2.220918367346939,-0.06547619047619037
2026-07-03,824904,ATL,3.462801484230056,0.5043290043290045
2026-07-04,824903,ATL,3.2561688311688317,0.0936147186147188
2026-07-05,824902,ATL,2.93474025974026,-0.0313852813852812
2026-07-06,824900,ATL,3.4092300556586275,0.0893630179344467
2026-07-07,823361,ATL,3.859230055658627,0.46079158936301806
2026-07-08,823360,ATL,4.5480055658627085,0.7618119975262834
2026-07-09,823359,ATL,4.5480055658627085,0.6868119975262833
2026-07-10,823033,ATL,4.515862708719852,0.5046691403834263
2026-07-11,823030,ATL,4.451576994434137,0.6403834260977119
2026-07-12,823029,ATL,4.451576994434137,0.4499072356215215
2026-07-17,824901,ATL,4.6122912801484235,0.43205009276437867
2026-07-18,824899,ATL,4.6122912801484235,0.39633580705009297
2026-07-19,824897,ATL,4.857592032028123,0.5579899423884388
2026-07-20,824898,ATL,5.179020603456694,0.8437042281027246
2026-07-21,824895,ATL,3.7764232008592913,0.2441371285356249
2026-07-22,824896,ATL,4.028974221267455,0.6803616183315432
2026-07-23,824893,ATL,4.800402792696025,1.0803616183315432
2026-07-24,824812,ATL,4.540198711063373,1.0310418904403869
2026-07-25,824811,ATL,4.154484425349087,1.0167561761546724
2026-07-26,824810,ATL,3.641033590469681,0.5533981056537448
2026-07-27,823597,ATL,3.761569304755395,1.0087552485108877
2026-07-29,823596,ATL,5.9901407333268235,2.1373266770823163
2026-07-29,823598,ATL,5.9083225515086415,2.0762877160433555
2026-07-30,824894,ATL,5.9083225515086415,2.1477162874719267
2026-07-31,824892,ATL,5.895959914146004,2.341397606153245
2026-08-01,824890,ATL,5.788817057003146,2.6033023680580074
2026-08-02,824891,ATL,6.3470877336948766,2.727362518433947
2026-08-04,824888,ATL,6.025659162266305,2.5059339470053756
2026-08-05,824889,ATL,6.454230590837733,2.5297434708148994
2026-08-06,824885,ATL,6.040965284715284,1.9328046953046953
2026-08-07,823515,ATL,5.590965284715284,1.6994713619713622
2026-08-08,823514,ATL,5.513043206793207,1.69730685980686
2026-08-09,823513,ATL,5.898757492507493,2.361592574092574
2026-08-10,824887,ATL,5.884147102897103,2.6310730935730935
2026-08-11,824886,ATL,5.924325674325674,2.354287379287379
2026-08-12,824883,ATL,3.5671828171828173,1.0685730935730937
2026-08-14,824882,ATL,3.8204295704295705,1.6962787212787214
2026-08-15,824884,ATL,4.0347152847152845,2.12485014985015
2026-08-16,824880,ATL,4.3685064935064934,2.4267045454545455
2026-08-17,823668,ATL,4.582792207792208,2.4267045454545455
2026-08-18,823667,ATL,3.6185064935064934,2.33146645021645
2026-08-19,823664,ATL,4.582792207792208,2.2314664502164505
2026-08-20,824589,ATL,4.50487012987013,2.2033279220779223
2026-08-21,823746,ATL,4.50487012987013,2.084280303030303
2026-08-22,823743,ATL,4.183441558441559,2.0604707792207795
2026-08-23,823745,ATL,3.8327922077922083,1.8364448051948052
2026-08-25,824881,ATL,3.350649350649351,0.9257305194805195
2026-03-20,831796,AZ,,
2026-03-21,831734,AZ,,
2026-03-22,831947,AZ,,
2026-03-23,831885,AZ,2.5285714285714285,-0.5452380952380952
2026-03-24,831887,AZ,2.539285714285714,-0.051785714285714324
2026-03-26,823974,AZ,3.3814285714285717,0.37107142857142855
2026-03-27,823971,AZ,4.317857142857143,1.3092261904761904
2026-03-28,823973,AZ,4.086734693877551,1.0364795918367347
2026-03-30,825108,AZ,4.325892857142857,1.4902529761904764
2026-03-31,825107,AZ,5.345238095238095,1.3524470899470902
2026-04-01,825106,AZ,4.810714285714285,0.917202380952381
2026-04-02,825105,AZ,4.373376623376623,0.6520021645021645
2026-04-03,825103,AZ,5.739697802197803,1.270745573870574
2026-04-04,825104,AZ,5.990490278951818,2.0191497604959143
2026-04-05,825102,AZ,5.5625981161695455,1.7320676347462063
2026-04-07,823648,AZ,5.55456240188383,1.779389063317635
2026-04-08,823646,AZ,5.3814854788069075,1.7670264259549975
2026-04-09,823645,AZ,5.2896487441130295,1.6945774463631607
2026-04-10,823482,AZ,5.1059752747252745,1.4496794871794871
2026-04-11,823480,AZ,4.623832417582418,1.0452152014652014
2026-04-12,823479,AZ,3.980975274725275,0.366643772893773
2026-04-13,824856,AZ,3.7881181318681323,0.35592948717948725
2026-04-14,824853,AZ,5.0470467032967035,1.2011675824175825
2026-04-15,824855,AZ,4.258085664335665,1.2222714785214788
2026-04-17,825101,AZ,4.386657092907093,1.2937000499500502
2026-04-18,825098,AZ,4.708085664335664,1.2937000499500502
2026-04-19,825100,AZ,3.2245691808191808,0.5453484015984017
2026-04-21,825099,AZ,2.683215797360534,-0.24036588411588403
2026-04-22,825097,AZ,3.0964811034829833,0.19330758527187106
2026-04-23,825096,AZ,3.458088246340126,0.4567004424147282
2026-04-25,825093,AZ,3.7918794551313346,0.7190630797773656
2026-04-26,825094,AZ,4.327593740845621,1.097634508348794
2026-04-28,823798,AZ,4.488308026559906,1.4012059369202226
2026-04-29,823796,AZ,5.988308026559906,1.6821583178726038
2026-04-30,823795,AZ,5.988308026559906,1.7343561200704058
2026-05-01,824686,AZ,6.5025937408456205,2.0307846914989773
2026-05-02,824685,AZ,4.8150937408456205,0.8357297464440323
2026-05-03,824687,AZ,4.9152792696025775,0.7967687074829933
2026-05-05,825092,AZ,5.1373571916805,0.9980674087816946
2026-05-06,825091,AZ,4.8159286202519285,0.9980674087816946
2026-05-07,825090,AZ,4.8159286202519285,1.1962816944959802
2026-05-08,825088,AZ,4.714424860853433,1.1248531230674088
2026-05-09,825089,AZ,4.494016697588126,0.7054653679653681
2026-05-10,825085,AZ,4.011873840445269,0.3661796536796538
2026-05-11,822901,AZ,3.529730983302412,0.4911796536796538
2026-05-12,822903,AZ,2.9940166975881266,0.1072510822510824
2026-05-13,822900,AZ,2.833302411873841,-0.31060606060606044
2026-05-16,824359,AZ,2.490445269016697,-0.37727272727272704
2026-05-17,824358,AZ,2.731516697588126,-0.07232767232767214
2026-05-18,825087,AZ,2.6029452690166974,-0.12232767232767215
2026-05-19,825086,AZ,2.6029452690166974,-0.20108225108225092
2026-05-20,825084,AZ,2.3274350649350644,-0.30822510822510807
2026-05-21,825083,AZ,1.9767857142857141,-0.34285714285714264
2026-05-22,825082,AZ,2.2982142857142853,-0.1285714285714284
2026-05-23,825080,AZ,2.726785714285714,-0.10773809523809508
2026-05-24,825081,AZ,2.9021103896103893,0.23641774891774908
2026-05-25,823219,AZ,2.709253246753246,0.2221320346320348
2026-05-26,823216,AZ,2.709253246753246,0.40070346320346334
2026-05-27,823217,AZ,3.352110389610389,0.579274891774892
2026-05-29,823135,AZ,3.352110389610389,0.5822510822510825
2026-05-30,823132,AZ,3.5004620379620377,0.8723609723609725
2026-05-31,823133,AZ,2.3433191808191807,0.9152181152181154
2026-06-01,825078,AZ,2.1022477522477523,0.6652181152181154
2026-06-02,825079,AZ,1.7165334665334666,0.3771228771228773
2026-06-03,825077,AZ,2.1451048951048954,0.4247419247419249
2026-06-04,825076,AZ,2.4665334665334666,0.5675990675990678
2026-06-05,825073,AZ,2.4665334665334666,0.4009324009324011
2026-06-06,825075,AZ,3.2701048951048954,0.9545038295038297
2026-06-07,825074,AZ,3.323676323676324,1.0675990675990679
2026-06-09,823858,AZ,3.1483516483516487,0.7234432234432236
2026-06-10,823856,AZ,4.59478021978022,1.0538003663003666
2026-06-11,823855,AZ,4.7554945054945055,1.0538003663003666
2026-06-12,824507,AZ,4.112637362637363,0.4466575091575094
2026-06-13,824508,AZ,4.112637362637363,0.4930234239444768
2026-06-14,824506,AZ,4.607142857142857,0.9600563909774438
2026-06-15,825071,AZ,4.607142857142857,0.8886278195488723
2026-06-16,825070,AZ,4.928571428571429,1.3529135338345866
2026-06-17,825072,AZ,5.103896103896104,1.2143853953064478
2026-06-19,825069,AZ,4.675324675324675,1.119147300068353
2026-06-20,825068,AZ,4.755681818181818,1.4584330143540671
2026-06-21,825067,AZ,5.655681818181819,1.9727187286397816
2026-06-22,823040,AZ,5.0128246753246755,1.3298615857826388
2026-06-23,823043,AZ,4.530681818181818,1.2405758714969244
2026-06-24,823041,AZ,5.357212430426715,1.1589432184357
2026-06-26,822962,AZ,4.232212430426716,1.0309670279595093
2026-06-27,822960,AZ,4.553641001855287,0.9952527422452236
2026-06-28,822959,AZ,4.553641001855287,1.1023955993880807
2026-06-29,825065,AZ,4.553641001855287,0.9369820655534944
2026-06-30,825066,AZ,4.8750695732838585,0.8655534941249229
2026-07-01,825064,AZ,5.0503942486085345,1.209709338280767
2026-07-03,825062,AZ,4.728965677179963,0.80256648113791
2026-07-04,825063,AZ,4.721342865209325,0.9897488639724668
2026-07-05,825061,AZ,4.88205715092361,1.2218917211153237
2026-07-06,823282,AZ,4.69455715092361,0.7516536258772286
2026-07-07,823280,AZ,3.7945571509236102,0.20165362587722863
2026-07-08,823279,AZ,3.3124142937807535,0.2195107687343715
2026-07-09,823277,AZ,4.18903767040413,0.3818484310720338
2026-07-10,823927,AZ,3.362507058159232,0.32062394127611543
2026-07-11,823926,AZ,3.255364201016375,0.07062394127611547
2026-07-12,823925,AZ,2.773221343873518,-0.0852202145680404
2026-07-17,825060,AZ,2.773221343873518,-0.15664878599661183
2026-07-18,825059,AZ,2.9339356295878036,0.07549407114624532
2026-07-19,825057,AZ,2.1449745906267643,-0.13879164313946898
2026-07-20,825058,AZ,2.1449745906267648,-0.31411631846414434
2026-07-21,825056,AZ,2.5900295356817096,-0.27785258220040804
2026-07-22,825055,AZ,2.808041958041958,0.06873126873126896
2026-07-23,823042,AZ,3.12947052947053,0.06873126873126896
2026-07-24,822707,AZ,3.772327672327673,0.11635031635031656
2026-07-25,822704,AZ,3.772327672327673,0.15206460206460232
2026-07-26,822706,AZ,3.772327672327673,0.1520646020646023
2026-07-27,823353,AZ,3.6992757242757244,0.3290126540126542
2026-07-28,823350,AZ,3.8746003996003995,0.4264152514152516
2026-07-29,823351,AZ,4.431743256743256,0.9026057276057278
2026-07-31,824407,AZ,4.431743256743256,0.9870213120213123
2026-08-01,824405,AZ,4.431743256743256,1.004878454878455
2026-08-02,824404,AZ,5.042457542457542,1.0298784548784552
2026-08-03,825095,AZ,4.867132867132867,0.6727355977355979
2026-08-04,825054,AZ,4.6918081918081915,0.4528840207411638
2026-08-05,825052,AZ,4.6324675324675315,0.6094774273345703
2026-08-06,825053,AZ,5.532467532467533,0.9166202844774275
2026-08-07,825051,AZ,5.291396103896104,0.8273345701917132
2026-08-08,825049,AZ,4.819967532467532,1.0249536178107608
2026-08-09,825050,AZ,5.034253246753247,1.477334570191713
2026-08-10,825048,AZ,5.034253246753247,1.3344774273345703
2026-08-11,825046,AZ,4.230681818181818,0.9543753865182438
2026-08-12,825047,AZ,4.269642857142857,0.9998299319727894
2026-08-14,824882,AZ,3.4982142857142855,0.5891156462585035
2026-08-15,824884,AZ,3.4982142857142855,0.3748299319727893
2026-08-16,824880,AZ,3.7124999999999995,0.4284013605442179
2026-08-17,824725,AZ,3.767602040816326,0.712074829931973
2026-08-18,824723,AZ,4.539030612244898,1.2263605442176873
2026-08-19,824722,AZ,5.0211734693877546,1.705952380952381
2026-08-21,825045,AZ,4.635459183673469,1.6812271062271065
2026-08-22,825044,AZ,3.3497448979591833,1.0312271062271063
2026-08-23,825043,AZ,3.6759003601440576,1.636269123033829
2026-08-24,825041,AZ,3.290186074429772,1.4029357897004957
2026-08-25,825042,AZ,3.847328931572629,1.7148405516052578
2026-03-20,831603,BAL,,
2026-03-21,831499,BAL,,
2026-03-22,831503,BAL,,
2026-03-23,831546,BAL,5.781417112299465,1.3796791443850267
2026-03-26,824865,BAL,4.336062834224599,0.5347593582887701
2026-03-28,824862,BAL,4.368850267379679,-0.37219251336898396
2026-03-29,824864,BAL,3.986862402303579,-0.6563142739613328
2026-03-30,824863,BAL,4.118609331844626,-0.09502262443438912
2026-03-31,824861,BAL,3.8448545939354766,-0.4313590820943762
2026-04-01,824860,BAL,4.730148527942646,0.05406970480499895
2026-04-03,823406,BAL,4.557133675148381,0.448662734324499
2026-04-04,823404,BAL,4.347394250134892,0.4306024857495446
2026-04-05,823405,BAL,4.266361395956984,0.5509689452704158
2026-04-06,824619,BAL,4.16894898088337,0.7137149238393583
2026-04-07,824618,BAL,4.031881196534558,0.6805924292794041
2026-04-08,824617,BAL,3.308666910820272,0.5377352864222612
2026-04-10,824858,BAL,2.9683307763664906,0.5261806645735218
2026-04-11,824857,BAL,3.2751489581846727,0.5456611840540412
2026-04-12,824859,BAL,3.2751489581846727,0.5566501950430521
2026-04-13,824856,BAL,3.2292305908377337,1.1178746848389705
2026-04-14,824853,BAL,3.563021799628942,1.4805120474763331
2026-04-15,824855,BAL,3.212372448979592,1.065427132391418
2026-04-16,824453,BAL,3.5567602040816326,1.3536924385138671
2026-04-17,824454,BAL,2.7130102040816326,0.8938710099424385
2026-04-18,824451,BAL,2.659438775510204,0.822442438513867
2026-04-19,824452,BAL,2.8201530612244894,1.1974424385138671
2026-04-20,824125,BAL,3.0076530612244894,0.873037676609105
2026-04-21,824127,BAL,2.9862244897959185,0.6825614861329147
2026-04-22,824123,BAL,3.4683673469387757,1.128990057561486
2026-04-24,824854,BAL,3.643692022263451,1.447171875743304
2026-04-25,824851,BAL,3.643692022263451,1.3793147328861612
2026-04-26,824852,BAL,4.03817254174397,1.5351588887303171
2026-04-28,824849,BAL,4.359601113172542,1.6134555920270206
2026-04-30,824848,BAL,4.469805194805195,1.1450882450882454
2026-04-30,824850,BAL,3.987662337662338,0.9308025308025307
2026-05-01,823557,BAL,4.1162337662337665,1.012121212121212
2026-05-02,823554,BAL,3.955519480519481,0.9942640692640692
2026-05-03,823555,BAL,4.598376623376623,1.4228354978354978
2026-05-04,823552,BAL,5.98051948051948,1.5085497835497834
2026-05-05,823873,BAL,7.312152133580704,1.3912028447742733
2026-05-06,823872,BAL,7.140723562152133,1.838821892393321
2026-05-07,823870,BAL,7.162152133580705,1.8150123685837973
2026-05-08,824846,BAL,6.519294990723561,1.3129115282476624
2026-05-09,824847,BAL,6.665398886827458,1.1018725672087015
2026-05-10,824845,BAL,6.813750535179106,0.9650593803955149
2026-05-11,824844,BAL,6.017484301412872,0.5860009388370732
2026-05-12,824843,BAL,5.696055729984301,0.4837282115643458
2026-05-13,824841,BAL,5.310341444270016,0.6908710687072029
2026-05-15,822739,BAL,5.310341444270016,0.833728211564346
2026-05-16,822737,BAL,5.1817700156985875,0.7908710687072029
2026-05-17,822738,BAL,6.788912872841444,1.5051567829929173
2026-05-18,822980,BAL,6.2665914442700155,1.0810496401357743
2026-05-19,822979,BAL,5.91054748822606,1.209621068707203
2026-05-20,822977,BAL,4.739629120879122,0.8001822931969989
2026-05-22,824842,BAL,5.768200549450549,0.6501822931969989
2026-05-24,824839,BAL,5.794986263736264,0.49542038843509406
2026-05-24,824840,BAL,6.070496467817897,0.5944600042814326
2026-05-25,824838,BAL,5.749067896389326,0.6466578064792349
2026-05-26,824837,BAL,5.876226452119309,0.8130628300271155
2026-05-27,824836,BAL,5.795869309262166,0.7505628300271155
2026-05-28,824834,BAL,5.988726452119309,0.842121271585557
2026-05-29,824835,BAL,6.203012166405023,0.9706927001569857
2026-05-30,824833,BAL,6.631583594976452,0.7325974620617476
2026-05-31,824832,BAL,7.182604003139717,0.9366790947148089
2026-06-02,824754,BAL,6.539746860282575,0.7223933804290945
2026-06-03,824755,BAL,6.419211145996861,0.682214809000523
2026-06-04,824753,BAL,5.875255102040817,0.16792909471480882
2026-06-05,822810,BAL,5.585969387755101,0.4518576661433803
2026-06-06,822808,BAL,4.300255102040817,0.29114338042909454
2026-06-07,822807,BAL,4.219897959183673,0.362571951857666
2026-06-08,824829,BAL,4.219897959183673,0.5768576661433803
2026-06-09,824830,BAL,4.664952904238619,0.7087257980115121
2026-06-10,824831,BAL,4.686145996860282,0.8060570381998952
2026-06-11,824827,BAL,5.3290031397174245,0.841771323914181
2026-06-12,824826,BAL,5.136145996860283,0.8346284667713236
2026-06-13,824828,BAL,4.921860282574569,0.5667713239141808
2026-06-14,824823,BAL,4.906554160125588,1.2742543171114598
2026-06-16,823128,BAL,4.784105180533752,1.5225536368393509
2026-06-17,823127,BAL,3.498390894819466,1.1654107796964936
2026-06-18,823125,BAL,4.462676609105181,2.718982208267922
2026-06-19,823936,BAL,3.819819466248038,2.661839351125065
2026-06-20,823937,BAL,3.977611674040245,2.6871640264497403
2026-06-21,823934,BAL,4.299040245468817,3.0978783121640263
2026-06-22,824016,BAL,4.138325959754531,3.2228783121640263
2026-06-23,824017,BAL,4.505672898530042,3.7330823937966793
2026-06-24,824018,BAL,4.060617953475096,3.5133021740164594
2026-06-26,824824,BAL,4.104250791225581,3.2515051475135506
2026-06-27,824825,BAL,3.461393648368438,3.1265051475135506
2026-06-28,824821,BAL,3.461393648368438,3.0693622903706936
2026-06-29,824822,BAL,3.7185365055112953,3.4515051475135503
2026-06-30,824819,BAL,4.590985485103133,2.803545963840081
2026-07-01,824818,BAL,4.2639178159302,2.313571026496722
2026-07-03,824498,BAL,4.2639178159302,2.0040472169729133
2026-07-04,824499,BAL,3.299632101644485,0.6111900741157704
2026-07-05,824497,BAL,3.460346387358771,0.8790472169729133
2026-07-07,824820,BAL,3.10969703670942,0.703722541648238
2026-07-08,824815,BAL,3.2168398938522773,0.2513415892672856
2026-07-09,824816,BAL,4.020411322423706,0.5549130178387142
2026-07-10,824817,BAL,3.5918398938522773,-0.27842031549461915
2026-07-11,824813,BAL,3.5918398938522773,-0.3498488869231906
2026-07-12,824814,BAL,3.2515037593984966,-0.4813014679556035
2026-07-17,824170,BAL,3.2515037593984966,-0.3865212481753838
2026-07-18,824169,BAL,3.2515037593984966,-0.04366410531824094
2026-07-19,824168,BAL,2.994360902255639,-0.31611308491007767
2026-07-20,824736,BAL,2.030075187969925,0.1124583436613509
2026-07-22,824732,BAL,2.5714285714285716,0.5429094714808997
2026-07-22,824735,BAL,2.5714285714285716,0.6619570905285189
2026-07-24,824812,BAL,2.5714285714285716,0.644099947671376
2026-07-25,824811,BAL,2.625,0.8524332810047094
2026-07-26,824810,BAL,2.8660714285714284,1.0399332810047093
2026-07-27,824245,BAL,2.4375,1.2744570905285186
2026-07-28,824243,BAL,1.6339285714285714,0.7552263212977495
2026-07-29,824242,BAL,2.2232142857142856,0.9814167974882257
2026-07-31,824809,BAL,2.330357142857143,1.3504644165358448
2026-08-01,824808,BAL,2.330357142857143,1.5739338042909468
2026-08-02,824807,BAL,3.294642857142857,1.7202250130821555
2026-08-04,824805,BAL,4.580357142857143,2.053558346415489
2026-08-05,824806,BAL,4.580357142857143,1.9498168498168496
2026-08-06,824804,BAL,4.258928571428571,1.4617216117216114
2026-08-08,822864,BAL,3.753826530612245,1.2576399790685502
2026-08-09,822862,BAL,4.718112244897959,1.5552590266875979
2026-08-10,823675,BAL,4.932397959183674,1.6385923600209313
2026-08-11,823673,BAL,5.843112244897959,1.4659733124018837
2026-08-12,823672,BAL,5.6020408163265305,1.2070447409733123
2026-08-14,822942,BAL,5.859183673469388,0.9677590266875978
2026-08-15,822941,BAL,6.385157699443414,1.2240027829313542
2026-08-16,822940,BAL,5.7423005565862715,1.0275742115027826
2026-08-17,822939,BAL,5.635157699443414,0.610907544836116
2026-08-18,824803,BAL,6.1173005565862715,0.6144789734075446
2026-08-19,824801,BAL,5.153014842300557,0.4805504019789732
2026-08-20,824802,BAL,4.253014842300557,0.01864564007421129
2026-08-21,824800,BAL,4.4458719851577,-0.03373531230674108
2026-08-22,824798,BAL,4.4458719851577,-0.22421150278293153
2026-08-23,824799,BAL,4.308116883116883,-0.30309690309690324
2026-08-25,823016,BAL,3.343831168831169,-0.49595404595404613
2026-03-20,831602,BOS,,
2026-03-21,831502,BOS,,
2026-03-22,831552,BOS,,
2026-03-23,832036,BOS,1.75,0.691919191919192
2026-03-24,832037,BOS,2.5036764705882355,0.6071746880570411
2026-03-26,824541,BOS,5.439304812834225,3.431194295900178
2026-03-28,824540,BOS,4.532754010695188,2.581550802139038
2026-03-29,824538,BOS,4.088225242250011,2.596216477021431
2026-03-30,824214,BOS,4.420947086968759,2.881064417393752
2026-03-31,824212,BOS,5.0206398348813215,3.348824936673234
2026-04-01,824211,BOS,5.32857585139319,3.3439424430059104
2026-04-03,824786,BOS,5.116887137630172,3.4944931300053734
2026-04-04,824782,BOS,4.690479876160992,3.1199520358382586
2026-04-05,824781,BOS,4.4681352703024535,2.7722634176968546
2026-04-06,824783,BOS,4.66326846528085,2.8456731735756504
2026-04-07,824780,BOS,4.842890314020345,3.024244602147079
2026-04-08,824779,BOS,4.842890314020345,3.1289523943548714
2026-04-10,823076,BOS,4.628604599734631,2.5366904895929663
2026-04-11,823074,BOS,4.6389178159302,2.589402483481431
2026-04-12,823075,BOS,3.625930802943187,1.8945972886762361
2026-04-13,823725,BOS,3.9014410070248196,2.2891551118054876
2026-04-14,823723,BOS,4.002944766423316,2.3681024802265402
2026-04-15,823722,BOS,3.6815161949947446,2.109173908797969
2026-04-17,824778,BOS,3.8373603508389,1.9598232594473193
2026-04-18,824775,BOS,3.2587889222674713,1.6883946880187481
2026-04-19,824777,BOS,3.0445032079817573,1.2883946880187482
2026-04-20,824776,BOS,3.205217493696043,1.4133946880187482
2026-04-21,824773,BOS,3.584164862117096,1.5359510789961917
2026-04-22,824774,BOS,3.2452038231560567,1.1281588712039838
2026-04-23,824770,BOS,2.904867688702275,0.9633237063688193
2026-04-24,824854,BOS,3.547724831559418,0.7222522777973907
2026-04-25,824851,BOS,3.8232350356410505,1.0628135022871865
2026-04-26,824852,BOS,3.4725856849917,0.8896533291270133
2026-04-27,822825,BOS,3.5338101747876185,0.34883700259640105
2026-04-28,822823,BOS,3.2582999707059863,0.07332679851476843
2026-04-29,822821,BOS,3.0552924519089935,-0.1973498932145549
2026-05-01,824772,BOS,3.487984759601301,0.20786988700522535
2026-05-02,824771,BOS,2.6308419024584437,-0.25641582728048895
2026-05-03,824769,BOS,2.7594133310298723,-0.06355868442334607
2026-05-04,824283,BOS,2.9736990453155867,-0.02070154156620321
2026-05-05,824281,BOS,3.4558419024584444,-0.1814158272804889
2026-05-06,824282,BOS,3.0286802483231057,-0.33790078968650394
2026-05-07,824767,BOS,2.8533555729984306,-0.21939429618001044
2026-05-08,824768,BOS,3.5546542742971314,0.23764866086294661
2026-05-10,824765,BOS,2.9117971314399886,0.1662200894343752
2026-05-12,824764,BOS,2.7970012130726425,0.13815886494457927
2026-05-13,824763,BOS,2.8773583559297853,0.16196838875410308
2026-05-14,824762,BOS,2.601848151848152,0.29802281052281054
2026-05-15,824925,BOS,2.952497502497503,0.37594488844488844
2026-05-16,824924,BOS,2.952497502497503,0.19737345987345992
2026-05-17,824923,BOS,2.3590909090909093,0.1314393939393939
2026-05-18,824114,BOS,2.5733766233766238,0.2623917748917749
2026-05-19,824112,BOS,2.444805194805195,-0.08522727272727273
2026-05-20,824111,BOS,2.230519480519481,-0.299512987012987
2026-05-22,824761,BOS,1.5876623376623378,-0.3530844155844156
2026-05-23,824760,BOS,2.3644480519480524,0.5903679653679654
2026-05-24,824759,BOS,2.3644480519480524,0.4921536796536797
2026-05-26,824758,BOS,2.0488636363636363,0.09994588744588749
2026-05-27,824756,BOS,2.370292207792208,0.4035173160173161
2026-05-28,824757,BOS,2.209577922077922,0.3142316017316018
2026-05-29,824433,BOS,3.316033966033966,1.0779678654678657
2026-05-30,824431,BOS,3.316033966033966,1.0235460967603827
2026-05-31,824430,BOS,2.9653846153846155,0.8265763997906858
2026-06-02,824754,BOS,2.9653846153846155,0.8265763997906858
2026-06-03,824755,BOS,2.9653846153846155,0.26164133485562074
2026-06-04,824753,BOS,2.9653846153846155,0.2854508586651445
2026-06-05,823538,BOS,2.9653846153846155,0.49378419199847784
2026-06-07,823537,BOS,2.9653846153846155,0.7616413348556207
2026-06-08,822972,BOS,4.893956043956044,1.8223556205699063
2026-06-09,822969,BOS,4.22967032967033,1.0342603824746683
2026-06-10,822970,BOS,4.22967032967033,1.007474668188954
2026-06-12,824752,BOS,4.486813186813187,1.3693794300937159
2026-06-13,824749,BOS,4.165384615384616,1.3039032396175254
2026-06-14,824751,BOS,4.326098901098901,1.3753318110460968
2026-06-16,824750,BOS,3.1392857142857147,0.6830241187384044
2026-06-17,824746,BOS,3.6214285714285714,1.0886363636363636
2026-06-18,824748,BOS,3.796753246753247,1.012878787878788
2026-06-19,823124,BOS,4.118181818181818,1.0485930735930735
2026-06-20,823126,BOS,4.669202226345083,1.4910791589363017
2026-06-21,823123,BOS,4.454916512059369,1.3006029684601113
2026-06-22,824344,BOS,4.454916512059369,1.2470315398886826
2026-06-23,824340,BOS,5.419202226345083,1.193460111317254
2026-06-24,824341,BOS,3.812059369202226,0.686317254174397
2026-06-25,824747,BOS,4.262059369202226,0.6291743970315399
2026-06-26,824743,BOS,4.47634508348794,0.8672696351267779
2026-06-27,824745,BOS,4.154916512059368,0.605364873222016
2026-06-28,824744,BOS,4.154916512059368,0.5726267779839208
2026-06-29,824741,BOS,4.2352736549165115,0.3851267779839208
2026-06-30,824742,BOS,4.2352736549165115,0.26607915893630174
2026-07-01,824740,BOS,4.781702226345083,0.19107915893630176
2026-07-03,824013,BOS,5.034948979591837,0.6715986394557822
2026-07-04,824012,BOS,4.713520408163265,0.7073129251700679
2026-07-05,824010,BOS,4.1625000000000005,0.37738095238095243
2026-07-07,824579,BOS,4.365507518796993,0.5202380952380953
2026-07-08,824578,BOS,4.5797932330827065,0.43690476190476196
2026-07-09,824577,BOS,3.6155075187969925,0.29404761904761906
2026-07-10,823604,BOS,3.2940789473684213,-0.22125850340136052
2026-07-11,823603,BOS,2.8655075187969925,0.1239795918367347
2026-07-12,823602,BOS,2.651221804511278,0.09570578231292518
2026-07-17,824737,BOS,2.4312969924812036,0.08442758682420337
2026-07-17,824766,BOS,2.431296992481203,0.057641872538489104
2026-07-18,824738,BOS,2.1902255639097747,0.09037996777658432
2026-07-19,824739,BOS,2.35093984962406,0.4772847296813462
2026-07-20,824736,BOS,1.3223684210526316,0.17728472968134623
2026-07-22,824732,BOS,1.0866541353383459,-0.30128669889008236
2026-07-22,824735,BOS,1.30093984962406,-0.217953365556749
2026-07-24,824733,BOS,1.30093984962406,-0.17271527031865372
2026-07-25,824734,BOS,1.691338924233661,-0.024363621967005367
2026-07-26,824730,BOS,1.6377674956622326,-0.06603028863367204
2026-07-27,824977,BOS,1.7663389242336611,0.03396971136632796
2026-07-28,824976,BOS,1.7663389242336611,-0.07734754280806909
2026-07-29,824973,BOS,1.9377674956622324,-0.4725856380461643
2026-07-30,824974,BOS,1.9377674956622324,-0.7395499237604499
2026-07-31,823922,BOS,1.8362637362637362,-0.9425574425574427
2026-08-01,823920,BOS,1.9846153846153844,-0.6705794205794205
2026-08-02,823919,BOS,1.9846153846153844,-0.718198468198468
2026-08-04,824731,BOS,2.0167582417582417,-1.0074841824841825
2026-08-05,824728,BOS,2.0167582417582417,-0.9896270396270396
2026-08-06,824729,BOS,1.8239010989010986,-1.011055611055611
2026-08-07,824727,BOS,1.8024725274725273,-0.9229603729603728
2026-08-08,824726,BOS,1.8024725274725273,-1.0396270396270395
2026-08-09,824724,BOS,1.7350399600399602,-0.7009657009657009
2026-08-10,822780,BOS,1.815397102897103,-0.6741799866799866
2026-08-11,822778,BOS,1.686825674325674,-0.7027514152514153
2026-08-12,822779,BOS,2.0082542457542454,-0.5046994671994671
2026-08-13,822776,BOS,2.479682817182817,-0.34755661005661004
2026-08-14,823346,BOS,2.479682817182817,-0.07612803862803862
2026-08-15,823347,BOS,2.961825674325674,0.35244338994339
2026-08-16,823344,BOS,2.8134740259740254,-0.026677489177489182
2026-08-17,824725,BOS,2.9741883116883114,0.08641774891774891
2026-08-18,824723,BOS,2.865182100508188,0.03331215885563711
2026-08-19,824722,BOS,2.865182100508188,0.02844202898550724
2026-08-21,824721,BOS,3.250896386222473,0.5712991718426501
2026-08-22,824718,BOS,3.05803924336533,0.29272774327122153
2026-08-23,824720,BOS,3.05803924336533,0.4093944099378882
2026-08-24,823828,BOS,2.5320652173913047,-0.14904714850367023
2026-08-25,823826,BOS,2.4517080745341615,-0.015118577075098798
2026-03-20,831902,CHC,,
2026-03-20,831931,CHC,,
2026-03-21,831923,CHC,,
2026-03-22,831789,CHC,1.5,-0.8025641025641027
2026-03-23,831780,CHC,1.125,-0.351923076923077
2026-03-24,831779,CHC,2.7,1.7684615384615383
2026-03-26,824704,CHC,3.214285714285714,1.4737179487179486
2026-03-28,824701,CHC,3.2372448979591835,1.8524725274725273
2026-03-29,824700,CHC,2.8325892857142856,1.8552884615384615
2026-03-30,824702,CHC,3.017857142857143,2.0658119658119656
2026-03-31,824699,CHC,3.3160714285714286,2.025897435897436
2026-04-01,824698,CHC,3.392232767232767,1.7787878787878788
2026-04-03,824458,CHC,3.109546703296703,1.3305555555555555
2026-04-05,824459,CHC,3.2659551986475064,1.502930402930403
2026-04-05,824460,CHC,3.0326726844583987,1.4812925170068028
2026-04-06,823002,CHC,4.104101255886969,2.169937205651491
2026-04-07,822999,CHC,4.4255298273155415,2.562794348508634
2026-04-08,823000,CHC,4.811244113029828,2.719937205651491
2026-04-10,824695,CHC,4.971958398744113,2.469937205651491
2026-04-11,824697,CHC,4.757672684458399,2.02350863422292
2026-04-12,824696,CHC,4.34440737833595,1.9401753008895866
2026-04-13,823481,CHC,4.103335949764522,1.5502943485086342
2026-04-14,823478,CHC,4.629309975738548,1.5722099329242187
2026-04-15,823477,CHC,4.629309975738548,1.3222099329242187
2026-04-17,824693,CHC,4.4150242614528326,1.4650670757813613
2026-04-18,824694,CHC,4.33260667903525,1.4192795299938157
2026-04-19,824691,CHC,4.33260667903525,1.6049938157081012
2026-04-20,824692,CHC,3.96525974025974,1.152089577089577
2026-04-21,824690,CHC,3.96525974025974,1.3418854954569237
2026-04-22,824688,CHC,3.536688311688312,1.2466474002188286
2026-04-23,824689,CHC,2.893831168831169,0.515878169449598
2026-04-24,823962,CHC,2.9366883116883113,1.0444495980210264
2026-04-25,823960,CHC,2.7759740259740258,1.1515924551638836
2026-04-26,823959,CHC,3.173933209647495,0.865878169449598
2026-04-27,823311,CHC,3.4150046382189236,1.19028293135436
2026-04-28,823310,CHC,3.897147495361781,1.4283781694495978
2026-04-29,823312,CHC,3.371173469387755,1.1439625850340136
2026-05-01,824686,CHC,3.371173469387755,1.3046768707482992
2026-05-02,824685,CHC,3.682861781076067,1.1401747062461347
2026-05-03,824687,CHC,3.4685760667903525,1.1639842300556587
2026-05-04,824684,CHC,3.8971474953617813,1.616365182436611
2026-05-05,824682,CHC,4.111433209647496,1.766548332619761
2026-05-06,824683,CHC,4.111433209647496,1.4086205461205459
2026-05-07,824681,CHC,4.019596474953618,1.1331103420389133
2026-05-08,822904,CHC,4.4481679035250465,1.9353081442367155
2026-05-09,822905,CHC,4.148167903525047,1.5067367156652869
2026-05-10,822902,CHC,4.36245361781076,1.7448319537605248
2026-05-12,824927,CHC,4.01806586270872,1.9323319537605248
2026-05-13,824928,CHC,3.776994434137291,1.5938579277864988
2026-05-14,824926,CHC,4.58056586270872,2.236715070643642
2026-05-15,824601,CHC,4.58056586270872,2.193857927786499
2026-05-16,824600,CHC,4.555840587983445,2.3944073783359494
2026-05-17,824599,CHC,4.029866562009419,2.177957161885733
2026-05-18,824680,CHC,4.580886970172684,2.5861204271918554
2026-05-19,824677,CHC,4.290070643642072,2.189861923790495
2026-05-20,824678,CHC,4.397213500784929,2.4874809714095427
2026-05-22,824679,CHC,4.504356357927786,2.4746604585890295
2026-05-23,824674,CHC,3.9533359497645213,2.3051157176157173
2026-05-24,824676,CHC,3.5247645211930925,1.7694014319014317
2026-05-25,823380,CHC,3.6104788069073783,1.6027347652347648
2026-05-26,823379,CHC,3.7176216640502355,1.7574966699966696
2026-05-27,823376,CHC,3.761452832881404,1.7648018648018646
2026-05-28,823378,CHC,3.761452832881404,1.7907758907758904
2026-05-29,823055,CHC,2.4757385471671185,1.0050616050616048
2026-05-30,823054,CHC,2.716809975738547,1.0157758907758905
2026-05-31,823053,CHC,2.4201066790352503,0.6723692973692971
2026-06-02,824675,CHC,2.6343923933209648,0.8390359640359637
2026-06-03,824671,CHC,2.0833719851576995,0.39515841301555554
2026-06-04,824672,CHC,2.2211270871985156,0.5176073926073924
2026-06-05,824673,CHC,1.8996985157699444,0.26760739260739236
2026-06-06,824669,CHC,2.99791280148423,1.059274059274059
2026-06-07,824670,CHC,3.2734230055658626,1.1829004329004325
2026-06-09,824347,CHC,3.2734230055658626,1.107503607503607
2026-06-10,824348,CHC,3.059137291280148,1.238455988455988
2026-06-11,824346,CHC,3.3805658627087203,1.107503607503607
2026-06-12,823211,CHC,3.029916512059369,0.9321789321789318
2026-06-13,823213,CHC,3.2442022263450836,1.2178932178932176
2026-06-14,823212,CHC,3.2442022263450836,1.1821789321789318
2026-06-15,824666,CHC,3.485273654916512,1.6321789321789315
2026-06-16,824667,CHC,4.063845083487941,1.8750360750360746
2026-06-17,824668,CHC,3.8495593692022263,1.8580292723149863
2026-06-19,824663,CHC,4.620987940630798,2.565172129457843
2026-06-20,824665,CHC,4.3454777365491655,2.315172129457843
2026-06-23,823614,CHC,5.748075139146569,2.82166563595135
2026-06-24,823611,CHC,5.185575139146569,2.535951350237064
2026-06-24,823613,CHC,5.085389610389611,2.70153576582148
2026-06-25,823612,CHC,5.085389610389611,2.6519325912183054
2026-06-26,823773,CHC,5.446996753246753,2.906396876932591
2026-06-27,823770,CHC,5.875568181818182,3.287349257884972
2026-06-28,823769,CHC,5.700243506493507,3.203583024118738
2026-06-29,824662,CHC,5.566314935064936,2.917868738404452
2026-06-30,824661,CHC,5.566314935064936,2.953583024118738
2026-07-01,824660,CHC,5.7270292207792215,3.164297309833024
2026-07-03,824659,CHC,5.309172077922079,2.814297309833024
2026-07-04,824658,CHC,6.152922077922079,3.185470779220779
2026-07-05,824656,CHC,5.529845154845155,2.519536713286713
2026-07-07,824820,CHC,6.123251748251748,2.8272290209790207
2026-07-08,824815,CHC,5.149225774225774,2.1540688478188477
2026-07-09,824816,CHC,5.2076673326673335,2.4251727439227437
2026-07-10,824493,CHC,5.4609140859140854,2.366731185481185
2026-07-11,824492,CHC,6.103771228771229,2.622683566433566
2026-07-12,824491,CHC,5.902878371628371,2.5110764235764234
2026-07-17,824655,CHC,4.8314498001998,1.778933566433566
2026-07-18,824657,CHC,5.045735514485514,1.7956002331002328
2026-07-19,824653,CHC,5.1796640859140854,2.033695471195471
2026-07-20,824654,CHC,5.5010926573426575,2.247981185481185
2026-07-21,824652,CHC,5.085126270788036,1.8614265636324456
2026-07-22,824650,CHC,5.475432393237015,2.392038808530405
2026-07-24,823352,CHC,4.792396678951301,1.7402530942446908
2026-07-25,823355,CHC,4.644045030599652,1.7109490649406613
2026-07-26,823354,CHC,4.050638437193059,1.474685328676925
2026-07-27,823025,CHC,3.782781294335916,1.5163519953435916
2026-07-28,823026,CHC,3.274339735894358,0.7702480992396957
2026-07-29,823022,CHC,3.0600540216086434,0.6273909563825528
2026-07-30,823023,CHC,2.968217286914766,0.24643857543017175
2026-07-31,824651,CHC,2.920948379351741,0.12248899559823902
2026-08-01,824649,CHC,2.920948379351741,0.4362645058023206
2026-08-02,824648,CHC,2.7066626650660264,0.5910264105642254
2026-08-03,824647,CHC,2.492376950780312,0.32912164865946353
2026-08-04,824645,CHC,2.170948379351741,0.05361144457783084
2026-08-05,824646,CHC,1.9440576230492197,-0.10269107643057251
2026-08-06,824664,CHC,2.1966086434573833,-0.22258903561424592
2026-08-07,824081,CHC,2.1430372148859544,-0.03211284513805545
2026-08-08,824079,CHC,2.7858943577430972,-0.04401760704281736
2026-08-09,824078,CHC,3.107322929171669,0.3666966786714684
2026-08-11,822697,CHC,2.9466086434573833,0.34883953581432553
2026-08-12,822698,CHC,3.0504547973035367,0.29774063471542445
2026-08-13,822696,CHC,3.157597654446394,0.726312063286853
2026-08-14,824643,CHC,2.799434389140271,0.8977406347154245
2026-08-15,824644,CHC,2.6859890109890108,0.6798534798534795
2026-08-16,824642,CHC,2.8613136863136863,0.7605584891299175
2026-08-17,824641,CHC,3.3434565434565435,0.7605584891299175
2026-08-18,824639,CHC,3.664885114885115,1.2129394415108699
2026-08-19,824640,CHC,3.664885114885115,1.2588578088578086
2026-08-21,823101,CHC,4.015534465534466,1.3796370296370295
2026-08-22,823100,CHC,3.211963036963037,1.0013902763902762
2026-08-23,823099,CHC,3.8280344655344654,1.3019855144855144
2026-08-24,825041,CHC,3.1851773226773226,1.3274957185671472
2026-08-25,825042,CHC,2.863748751248751,0.9882100042814328
2026-03-20,831902,CIN,,
2026-03-21,831916,CIN,,
2026-03-22,831896,CIN,,
2026-03-23,832078,CIN,6.475524475524476,2.205128205128205
2026-03-24,832077,CIN,6.544143356643357,2.9038461538461537
2026-03-26,824541,CIN,5.835314685314685,1.923076923076923
2026-03-28,824540,CIN,6.3627622377622375,1.6025641025641024
2026-03-29,824538,CIN,5.821143142571714,1.4756671899529041
2026-03-30,824539,CIN,5.0935002497502495,1.541208791208791
2026-03-31,824537,CIN,4.5275557775557775,1.3144078144078142
2026-04-01,824536,CIN,4.490184815184815,1.3675824175824176
2026-04-03,822919,CIN,5.063804377440741,1.5705294705294706
2026-04-04,822920,CIN,4.82932067932068,1.3354853479853481
2026-04-05,822917,CIN,4.457834473219089,1.309678782755706
2026-04-06,823886,CIN,4.139417725132011,1.0732731554160124
2026-04-07,823887,CIN,3.262794348508634,0.6140894819466247
2026-04-08,823885,CIN,2.966091051805338,0.7436028257456828
2026-04-09,823884,CIN,2.872341051805338,0.8552099686028257
2026-04-10,824534,CIN,2.872341051805338,0.5784242543171114
2026-04-11,824535,CIN,3.5346787141429994,1.0134891893820466
2026-04-12,824533,CIN,2.8918215712858566,1.0277749036677608
2026-04-14,824531,CIN,2.8152909590409587,1.179135447885448
2026-04-15,824532,CIN,2.8152909590409587,0.9172306859806861
2026-04-16,824530,CIN,2.8152909590409587,0.9223327267970126
2026-04-17,823720,CIN,2.5185876623376626,0.6952264996907854
2026-04-18,823721,CIN,1.747159090909091,0.4186031230674088
2026-04-19,823718,CIN,1.5864448051948052,0.31008663955092525
2026-04-20,822994,CIN,1.747159090909091,0.23865806812235385
2026-04-21,822995,CIN,1.747159090909091,0.5005628300271158
2026-04-22,822993,CIN,2.518587662337662,0.6811750749250749
2026-04-24,824529,CIN,2.6939123376623377,0.6700433495076352
2026-04-25,824527,CIN,2.9590909090909094,0.944150492364778
2026-04-26,824528,CIN,2.4769480519480522,0.8637933495076352
2026-04-28,824526,CIN,2.403896103896104,1.3037284144427002
2026-04-29,824525,CIN,2.403896103896104,1.2180141287284145
2026-04-30,824524,CIN,3.261038961038961,1.265633176347462
2026-05-01,823389,CIN,3.68961038961039,1.3370617477760336
2026-05-02,823388,CIN,4.378385899814471,1.9186944008372577
2026-05-03,823387,CIN,5.2462430426716145,2.0996467817896387
2026-05-04,824684,CIN,5.889100185528757,2.547698729841587
2026-05-05,824682,CIN,6.317671614100186,3.15026283240569
2026-05-06,824683,CIN,6.542671614100185,3.493119975262832
2026-05-07,824681,CIN,6.8933209647495355,3.6467996289424858
2026-05-08,824522,CIN,6.764749536178107,3.6110853432282
2026-05-09,824523,CIN,7.641372912801485,4.078617810760668
2026-05-10,824520,CIN,7.2556586270871986,3.4071892393320966
2026-05-12,824521,CIN,7.2556586270871986,3.169094001236858
2026-05-13,824519,CIN,7.29583719851577,2.905701144094001
2026-05-14,824517,CIN,7.510122912801484,3.072367810760668
2026-05-15,824439,CIN,6.760122912801484,2.7509392393320966
2026-05-16,824435,CIN,7.135122912801484,2.9235582869511445
2026-05-17,824436,CIN,7.30349025974026,2.872537878787879
2026-05-18,823465,CIN,7.2392045454545455,3.590395021645022
2026-05-19,823464,CIN,7.1473678107606675,3.65161951144094
2026-05-20,823462,CIN,6.71879638218924,3.0801909400123684
2026-05-23,824516,CIN,6.683731447124304,2.834736394557823
2026-05-23,824518,CIN,6.547367810760668,2.740580550401979
2026-05-25,823625,CIN,6.7080820964749535,3.2870091218305504
2026-05-26,823624,CIN,5.870419758812616,2.561900896722325
2026-05-27,823626,CIN,5.870419758812616,2.6268359616573895
2026-05-29,824515,CIN,6.1918483302411875,2.9006454854669137
2026-05-30,824513,CIN,5.990955473098331,2.360466914038342
2026-05-31,824512,CIN,6.0980983302411875,2.640228818800247
2026-06-01,824510,CIN,6.159322820037105,2.8341063698206557
2026-06-02,824511,CIN,5.757537105751391,2.9323206555349413
2026-06-03,824509,CIN,4.900394248608534,2.48589208410637
2026-06-05,823049,CIN,4.7396799628942485,1.9442254174397031
2026-06-06,823048,CIN,5.152945269016698,1.740143784786642
2026-06-07,823047,CIN,5.5815166975881265,2.0972866419294993
2026-06-08,823289,CIN,5.6165816326530615,2.22845547309833
2026-06-09,823290,CIN,6.3665816326530615,2.0498840445269018
2026-06-10,823287,CIN,5.563010204081634,1.3135395067117757
2026-06-12,824507,CIN,6.071938775510205,1.7927061733784424
2026-06-13,824508,CIN,6.071938775510205,2.065433446105715
2026-06-14,824506,CIN,5.750510204081634,2.0725763032485722
2026-06-15,824505,CIN,5.589795918367348,2.6440048746771434
2026-06-16,824504,CIN,5.268367346938776,2.286862017534286
2026-06-17,824503,CIN,5.314285714285715,2.3429844665138786
2026-06-19,823534,CIN,5.209203296703296,2.103286664316076
2026-06-20,823532,CIN,5.450274725274725,2.1568580928875045
2026-06-21,823531,CIN,4.968131868131868,1.8235247595541713
2026-06-22,824502,CIN,4.003846153846154,1.4842390452684568
2026-06-23,824501,CIN,3.7895604395604394,1.1747152357446475
2026-06-24,824500,CIN,3.5324175824175823,0.8461438071732188
2026-06-26,823363,CIN,3.146703296703297,0.953286664316076
2026-06-27,823364,CIN,3.1467032967032966,0.9899558774558773
2026-06-28,823362,CIN,2.8520604395604394,1.1774558774558774
2026-06-29,823771,CIN,3.5533591408591407,1.7618714618714617
2026-06-30,823768,CIN,4.624787712287713,2.3856809856809855
2026-07-01,823767,CIN,4.335501998001998,2.057109557109557
2026-07-02,823765,CIN,4.764073426573426,2.205919080919081
2026-07-03,824498,CIN,4.442644855144855,1.955919080919081
2026-07-04,824499,CIN,4.145941558441558,1.936688311688312
2026-07-05,824497,CIN,3.9048701298701296,1.8925706646294884
2026-07-07,824495,CIN,3.958441558441558,1.9639992360580598
2026-07-08,824496,CIN,4.172727272727273,2.1128087598675838
2026-07-09,824494,CIN,4.27987012987013,2.6247135217723456
2026-07-10,824493,CIN,4.1512987012987015,2.5532849503437736
2026-07-11,824492,CIN,3.5727272727272728,2.160427807486631
2026-07-12,824491,CIN,4.05487012987013,2.431531703590527
2026-07-17,824332,CIN,4.140584415584415,2.160103132161956
2026-07-18,824331,CIN,3.439285714285714,1.345168067226891
2026-07-19,824330,CIN,2.5947478991596635,0.8045518207282913
2026-07-20,823112,CIN,3.0447478991596637,1.1569327731092436
2026-07-21,823114,CIN,4.866176470588235,1.5974089635854345
2026-07-22,823110,CIN,5.1876050420168065,2.240266106442577
2026-07-24,823031,CIN,5.1876050420168065,2.275980392156863
2026-07-25,823027,CIN,5.1876050420168065,2.0879551820728293
2026-07-26,823028,CIN,4.973319327731092,1.9272408963585437
2026-07-28,824489,CIN,4.759033613445378,1.742717086834734
2026-07-28,824490,CIN,4.4376050420168065,1.3790807231983704
2026-07-29,824487,CIN,4.598319327731092,1.5683664374840844
2026-07-30,824488,CIN,4.873829531812725,2.053060315035105
2026-07-31,824486,CIN,4.391686674669868,1.797107934082724
2026-08-01,824485,CIN,4.5202581032412965,1.5923460293208191
2026-08-02,824483,CIN,4.680972388955582,1.6637746007493905
2026-08-04,824484,CIN,4.668367346938775,1.4186765615337045
2026-08-05,824482,CIN,4.025510204081633,0.7520098948670376
2026-08-06,824481,CIN,1.7755102040816326,-0.045609152752009906
2026-08-07,822699,CIN,2.0051020408163263,-0.34152752009894877
2026-08-08,822701,CIN,2.208109559613319,-0.3640839110763924
2026-08-09,822700,CIN,2.9313238453276047,-0.13194105393353522
2026-08-11,824563,CIN,4.217038131041891,-0.14979819679067807
2026-08-12,824562,CIN,4.217038131041891,-0.20336962536210665
2026-08-13,824561,CIN,4.940252416756176,0.16919530970282842
2026-08-14,824479,CIN,5.192803437164339,-0.032335302542069524
2026-08-15,824480,CIN,4.917293233082707,-0.4456006086645185
2026-08-16,824477,CIN,5.988721804511278,-0.3265529896168995
2026-08-17,824478,CIN,6.310150375939849,0.2924946294307196
2026-08-17,824514,CIN,6.342293233082707,0.08535177228786243
2026-08-18,824475,CIN,6.128007518796992,0.07939939133548148
2026-08-19,824476,CIN,6.369078947368421,0.11511367704976719
2026-08-20,824474,CIN,6.690507518796992,0.6627327246688148
2026-08-21,825045,CIN,6.139487110633728,0.6729368063014679
2026-08-22,825044,CIN,6.349744897959184,0.7720238095238094
2026-08-23,825043,CIN,5.840816326530613,0.6648809523809522
2026-08-24,823183,CIN,4.876530612244898,0.9863095238095237
2026-08-25,823181,CIN,4.876530612244898,1.0632326007326005
2026-03-20,831743,CLE,,
2026-03-21,831873,CLE,,
2026-03-22,831896,CLE,,
2026-03-23,831885,CLE,6.1499999999999995,0.4166666666666665
2026-03-24,831887,CLE,4.6125,-0.23750000000000016
2026-03-26,823163,CLE,4.105384615384615,0.456153846153846
2026-03-27,823162,CLE,3.796153846153846,0.33846153846153837
2026-03-28,823161,CLE,4.110989010989011,0.7663003663003662
2026-03-29,823160,CLE,3.952378542510121,0.8876180836707153
2026-03-30,823972,CLE,3.7859526438473807,0.8799029430608377
2026-03-31,823969,CLE,4.0073573794626425,0.7252459820880873
2026-04-01,823970,CLE,4.25668852678422,0.704769074625534
2026-04-03,824458,CLE,4.2769644828855355,1.0210383184067393
2026-04-05,824459,CLE,3.9479672149712637,0.7746647414663609
2026-04-05,824460,CLE,3.880255271044745,0.6717124980282875
2026-04-06,824456,CLE,3.7516838424733163,0.7717124980282876
2026-04-07,824457,CLE,3.811024501813976,1.1277564540722436
2026-04-08,824455,CLE,3.6503102160996903,1.242042168357958
2026-04-10,824941,CLE,3.6503102160996903,1.249185025500815
2026-04-11,824939,CLE,4.948387139176613,1.4202015090172984
2026-04-12,824938,CLE,4.787672853462327,1.2849974273846454
2026-04-13,823073,CLE,5.323387139176613,1.1326164750036931
2026-04-14,823072,CLE,5.281093906093907,1.044270610342039
2026-04-15,823071,CLE,5.491483516483518,1.157257623329052
2026-04-16,824453,CLE,5.7057692307692305,1.2584480995195282
2026-04-17,824454,CLE,5.223626373626374,1.2227338138052424
2026-04-18,824451,CLE,6.187912087912088,1.2108290519004805
2026-04-19,824452,CLE,6.509340659340659,1.4738160648874934
2026-04-20,824450,CLE,6.295054945054945,1.3730834641548928
2026-04-21,824448,CLE,5.973626373626374,1.1766548927263212
2026-04-22,824449,CLE,5.689285714285715,0.9884680795395081
2026-04-24,822827,CLE,5.689285714285715,0.981325222396651
2026-04-25,822826,CLE,5.689285714285715,1.0837061747776033
2026-04-26,822824,CLE,4.457142857142857,0.5390633176347462
2026-04-27,824446,CLE,4.457142857142857,0.508451072736787
2026-04-28,824447,CLE,3.8785714285714286,0.6798796441653584
2026-04-29,824445,CLE,3.7178571428571425,0.7155939298796442
2026-05-01,825012,CLE,3.332142857142857,0.22273678702250127
2026-05-02,825014,CLE,2.817857142857143,0.183451072736787
2026-05-03,825013,CLE,2.993181818181818,0.22241211169782596
2026-05-04,824120,CLE,2.3503246753246754,-0.015683126397412112
2026-05-05,824119,CLE,2.18961038961039,0.10931687360258789
2026-05-06,824118,CLE,2.18961038961039,0.04338280766852197
2026-05-07,824117,CLE,1.8681818181818184,-0.31376004947433517
2026-05-08,824443,CLE,2.2334415584415583,0.028772418058132385
2026-05-09,824444,CLE,2.812012987012987,0.27162956091527524
2026-05-10,824440,CLE,2.812012987012987,0.13353432282003713
2026-05-11,824441,CLE,2.5977272727272727,0.25258194186765615
2026-05-12,824442,CLE,3.026298701298701,0.41244588744588745
2026-05-13,824438,CLE,2.897727272727273,0.2981601731601732
2026-05-15,824439,CLE,2.897727272727273,-0.048778602350030856
2026-05-16,824435,CLE,3.999768089053803,0.7318336425479283
2026-05-17,824436,CLE,3.8711966604823744,0.6282622139764997
2026-05-18,824277,CLE,3.9101576994434133,0.49406307977736547
2026-05-19,824276,CLE,3.2673005565862705,0.5940630797773654
2026-05-20,824273,CLE,3.106586270871985,0.3262059369202226
2026-05-21,824274,CLE,3.106586270871985,0.4690630797773655
2026-05-22,823461,CLE,3.299443413729128,0.6547773654916512
2026-05-23,823458,CLE,2.773469387755102,0.04438775510204075
2026-05-24,823459,CLE,2.1948979591836735,0.03962585034013601
2026-05-25,824437,CLE,2.387755102040816,0.18248299319727887
2026-05-26,824434,CLE,2.4948979591836733,0.20629251700680268
2026-05-27,824432,CLE,2.2499999999999996,0.15867346938775503
2026-05-29,824433,CLE,2.314285714285714,-0.26989795918367354
2026-05-30,824431,CLE,2.314285714285714,-0.1474489795918368
2026-05-31,824430,CLE,1.8551020408163266,-0.32091836734693885
2026-06-02,823541,CLE,3.140816326530612,-0.20782312925170068
2026-06-03,823540,CLE,2.9265306122448975,-0.31258503401360543
2026-06-04,823542,CLE,3.101855287569573,-0.6398577612863326
2026-06-05,822892,CLE,3.4232838589981442,-0.711286332714904
2026-06-06,822891,CLE,3.4232838589981442,-0.7623067408781694
2026-06-07,822890,CLE,3.2304267161410016,-0.7337353123067408
2026-06-08,824427,CLE,3.873283858998145,-0.25754483611626455
2026-06-09,824429,CLE,4.1304267161410015,-0.4384972170686456
2026-06-10,824428,CLE,4.098283858998145,-0.09206864564007418
2026-06-12,824425,CLE,4.5697124304267165,-0.07064007421150274
2026-06-13,824426,CLE,4.386038961038961,-0.07064007421150274
2026-06-16,823775,CLE,4.064610389610389,0.1615027829313544
2026-06-17,823774,CLE,4.340120593692022,0.7431354359925788
2026-06-18,823772,CLE,4.125834879406308,0.21932591218305503
2026-06-19,824179,CLE,2.840120593692022,0.5050401978973407
2026-06-20,824180,CLE,4.045477736549165,1.2675401978973408
2026-06-21,824177,CLE,3.8701530612244897,1.1376700680272107
2026-06-22,824585,CLE,3.5487244897959185,1.1019557823129251
2026-06-23,824584,CLE,4.25002319109462,1.3412878787878788
2026-06-24,824583,CLE,4.25002319109462,0.8412878787878787
2026-06-26,824423,CLE,4.089308905380334,1.061525974025974
2026-06-27,824421,CLE,4.260737476808905,1.1710497835497835
2026-06-28,824422,CLE,4.742880333951762,1.2008116883116884
2026-06-29,824420,CLE,4.32502319109462,1.1793831168831166
2026-06-30,824418,CLE,4.600533395176252,1.036525974025974
2026-07-01,824419,CLE,4.921961966604824,1.3400974025974026
2026-07-02,824416,CLE,4.967880333951762,1.0543831168831168
2026-07-03,824417,CLE,4.5393089053803335,1.2389069264069263
2026-07-04,824415,CLE,4.5393089053803335,0.7954545454545455
2026-07-05,824413,CLE,3.6553803339517623,0.3758116883116883
2026-07-07,823687,CLE,3.7839517625231913,0.7900974025974027
2026-07-08,823684,CLE,3.9982374768089057,0.8853354978354978
2026-07-09,823683,CLE,3.6826530612244897,0.9827380952380952
2026-07-10,823845,CLE,3.6826530612244897,1.1970238095238095
2026-07-11,823844,CLE,3.414795918367347,0.9291666666666666
2026-07-12,823842,CLE,2.9862244897959185,0.7727040816326529
2026-07-18,824412,CLE,2.5040816326530613,0.5465136054421768
2026-07-18,824414,CLE,2.3433673469387757,0.44567326930772305
2026-07-19,824411,CLE,2.496428571428571,0.5171018407362945
2026-07-20,824410,CLE,2.657142857142857,0.32067326930772305
2026-07-21,824409,CLE,2.764285714285714,0.1301970788315326
2026-07-22,824408,CLE,2.764285714285714,0.11948279311724688
2026-07-23,824406,CLE,2.9126373626373625,0.22044433157878535
2026-07-24,822952,CLE,2.8483516483516484,0.1633014744359282
2026-07-25,822948,CLE,3.60989010989011,0.19956521069966446
2026-07-26,822950,CLE,3.3956043956043955,-0.03853002739557364
2026-07-28,824489,CLE,3.0098901098901103,-0.2528157416812879
2026-07-28,824490,CLE,3.0098901098901103,-0.2528157416812879
2026-07-29,824487,CLE,2.9161401098901103,-0.7126371702527166
2026-07-31,824407,CLE,3.044711538461539,-0.7085555375996553
2026-08-01,824405,CLE,3.269711538461539,-0.7728412518853695
2026-08-02,824404,CLE,4.647262558869703,0.09330520669806384
2026-08-04,824403,CLE,4.218691130298273,0.4290194924123495
2026-08-05,824402,CLE,3.897262558869702,0.5183052066980638
2026-08-06,824401,CLE,3.4686911302982737,0.4670231554160125
2026-08-07,824566,CLE,4.497262558869702,0.745594583987441
2026-08-08,824565,CLE,4.348910910518053,0.5999901883830454
2026-08-09,824564,CLE,5.193808869701726,0.8816228414442698
2026-08-11,824240,CLE,4.671045918367347,1.0433182888540031
2026-08-12,824241,CLE,4.671045918367347,1.2861754317111458
2026-08-13,824238,CLE,4.8317602040816325,1.1611754317111458
2026-08-14,824399,CLE,5.107270408163266,1.344848901098901
2026-08-15,824400,CLE,5.262244897959184,1.5189560439560439
2026-08-16,824397,CLE,5.133673469387754,1.457051282051282
2026-08-18,824398,CLE,5.176530612244897,2.0808608058608056
2026-08-19,824394,CLE,3.7989795918367344,1.0298403976975403
2026-08-20,824395,CLE,3.7989795918367344,0.5308608058608059
2026-08-21,824317,CLE,3.638265306122449,0.4951465201465201
2026-08-22,824316,CLE,3.638265306122449,0.5775641025641026
2026-08-23,824315,CLE,2.8239795918367347,0.529945054945055
2026-08-24,823992,CLE,2.8239795918367347,0.529945054945055
2026-08-25,823989,CLE,1.9362244897959182,0.04355049712192571
2026-03-20,831864,COL,,
2026-03-21,831868,COL,,
2026-03-22,831945,COL,,
2026-03-23,831857,COL,5.732142857142857,0.9166666666666666
2026-03-24,831856,COL,4.781249999999999,0.044642857142857206
2026-03-27,823893,COL,7.296428571428569,2.435714285714286
2026-03-28,823892,COL,6.0803571428571415,1.8479437229437228
2026-03-29,823891,COL,5.562384044526901,1.467068645640074
2026-03-30,822834,COL,5.386316808191808,1.485608141858142
2026-03-31,822836,COL,5.7109140859140854,2.217976467976468
2026-04-01,822835,COL,6.039822677322677,1.9361788211788213
2026-04-03,824377,COL,5.490747888475161,1.6510716556171103
2026-04-04,824378,COL,5.158185564435564,1.5412601287601289
2026-04-05,824379,COL,4.860303158380081,1.3128115474269322
2026-04-06,824376,COL,4.513138647067218,0.9809440559440559
2026-04-07,824375,COL,4.7980412444698155,0.8721778221778222
2026-04-08,824374,COL,3.9715106322249176,0.4971778221778222
2026-04-09,823319,COL,3.810796346510632,0.5186063936063936
2026-04-10,823318,COL,3.9218891707370966,0.819791383731476
2026-04-11,823316,COL,3.5086238646146484,0.4524444449559657
2026-04-12,823317,COL,3.83005243604322,0.7625093800209007
2026-04-14,824210,COL,4.20574816888181,1.3617672649930714
2026-04-15,824209,COL,3.9090448721785123,1.0856683638941702
2026-04-16,824208,COL,3.3156382787719187,0.4757782540040605
2026-04-17,824373,COL,2.672781135914776,0.7091115873373938
2026-04-18,824372,COL,2.9299239930576335,0.8805401587659653
2026-04-19,824371,COL,2.8227811359147763,0.8567306349564415
2026-04-20,824370,COL,3.213087258363756,0.8694857369972578
2026-04-21,824369,COL,4.17737297264947,1.7504381179496387
2026-04-22,824367,COL,3.731756089532587,1.6359900660015867
2026-04-23,824368,COL,3.92461323238973,2.075275780287301
2026-04-24,823638,COL,4.65930710994075,2.344663535389342
2026-04-26,823635,COL,5.053316326530612,2.1557234432234433
2026-04-26,823637,COL,4.226785714285714,1.52956388849246
2026-04-28,824526,COL,3.9053571428571425,1.4045638884924598
2026-04-29,824525,COL,3.9971938775510205,1.0304142286285145
2026-04-30,824524,COL,4.347843228200371,1.1716479948622809
2026-05-01,824366,COL,4.829986085343228,1.2581864564007421
2026-05-02,824365,COL,6.115700371057514,1.5915197897340756
2026-05-03,824364,COL,6.07284322820037,1.624853123067409
2026-05-04,824363,COL,6.761618738404452,1.701383735312307
2026-05-06,824361,COL,6.279475881261595,1.5179421768707486
2026-05-07,824362,COL,5.797333024118737,1.178656462585034
2026-05-08,823466,COL,5.716975881261595,1.334013605442177
2026-05-09,823468,COL,6.126797309833024,1.1491921768707485
2026-05-10,823463,COL,5.8206748608534316,0.8226615646258504
2026-05-12,823385,COL,5.392103432282004,0.9178996598639457
2026-05-13,823386,COL,5.606389146567717,1.1018823438466296
2026-05-14,823383,COL,5.734960575139146,1.0947394867037725
2026-05-15,824360,COL,5.459450371057514,0.8464401669758814
2026-05-16,824359,COL,5.349872448979592,0.8525278293135435
2026-05-17,824358,COL,4.867729591836735,0.8525278293135435
2026-05-18,824357,COL,3.730366954474097,0.39465237143808585
2026-05-19,824356,COL,4.094652668759812,0.2970333238190382
2026-05-20,824355,COL,3.7273057299843018,0.5419312830027117
2026-05-21,825083,COL,3.7273057299843018,0.7157574568288855
2026-05-22,825082,COL,3.595812223490795,0.7238743399457687
2026-05-23,825080,COL,3.595812223490795,0.7942825032110746
2026-05-24,825081,COL,2.9931336520622236,0.7005325032110746
2026-05-25,823948,COL,2.85384793777651,0.7469610746396461
2026-05-26,823949,COL,3.496705080633652,0.9374372651158368
2026-05-27,823947,COL,4.407419366347938,1.3541039317825034
2026-05-29,824353,COL,4.471705080633652,1.5541039317825034
2026-05-30,824352,COL,4.465965284715285,1.5821651562722994
2026-05-31,824354,COL,4.867750999000999,1.762224680081823
2026-06-01,824027,COL,6.474893856143857,2.1134151562722994
2026-06-02,824026,COL,6.7122564935064934,2.1974810903382336
2026-06-03,824024,COL,6.133685064935065,2.068909661766805
2026-06-05,824350,COL,6.225521799628943,1.7015627229912944
2026-06-06,824351,COL,7.189807513914657,1.7647495361781078
2026-06-07,824349,COL,7.374872448979592,1.8578231292517007
2026-06-09,824347,COL,8.821301020408162,1.9981292517006803
2026-06-10,824348,COL,8.821301020408162,1.9981292517006803
2026-06-11,824346,COL,8.692729591836734,2.2909863945578235
2026-06-12,824997,COL,8.248852040816326,2.3675170068027214
2026-06-13,824995,COL,7.766709183673469,2.317517006802721
2026-06-14,824994,COL,7.849362244897959,2.2624149659863946
2026-06-15,824666,COL,7.648469387755101,2.5302721088435374
2026-06-16,824667,COL,7.648469387755101,2.7921768707482997
2026-06-17,824668,COL,6.041326530612245,2.4038984824699114
2026-06-19,824345,COL,5.655612244897959,2.2181841967556255
2026-06-20,824342,COL,6.041326530612245,2.496755625327054
2026-06-21,824343,COL,5.628061224489795,2.447435897435898
2026-06-22,824344,COL,5.365074211502784,2.697435897435898
2026-06-23,824340,COL,4.829359925788497,2.4355311355311358
2026-06-24,824341,COL,3.704359925788497,2.2212454212454213
2026-06-26,823688,COL,3.704359925788497,2.030769230769231
2026-06-27,823689,COL,3.704359925788497,1.8164835164835167
2026-06-28,823686,COL,3.8696660482374767,1.4613814756671901
2026-06-29,824339,COL,3.548237476808905,1.4399529042386185
2026-06-30,824338,COL,4.014485514485515,1.4752747252747256
2026-07-01,824337,COL,5.3001998001998,1.796703296703297
2026-07-02,824335,COL,4.818056943056943,1.510989010989011
2026-07-03,824336,COL,4.818056943056943,1.433281004709576
2026-07-04,824334,COL,4.818056943056943,1.4928048142333858
2026-07-05,824333,COL,4.432342657342657,1.2142333856619574
2026-07-06,823930,COL,4.432342657342657,1.2916143380429097
2026-07-07,823929,COL,3.7310439560439557,1.0773286237571953
2026-07-08,823928,COL,3.7310439560439557,0.9106619570905287
2026-07-09,823201,COL,3.7310439560439557,0.7499476713762431
2026-07-10,823200,COL,4.432342657342657,1.07678749821607
2026-07-11,823198,COL,4.5930569430569435,1.291073212501784
2026-07-12,823199,COL,4.014485514485515,1.4625017839303553
2026-07-17,824332,COL,4.121628371628372,1.0696446410732126
2026-07-18,824331,COL,4.0811688311688314,1.7439703153988868
2026-07-19,824330,COL,2.63474025974026,1.1278988868274582
2026-07-20,824328,COL,2.5704545454545458,1.0921846011131726
2026-07-21,824329,COL,3.2133116883116886,1.3200757575757576
2026-07-22,824327,COL,3.333847402597403,1.2025162337662338
2026-07-24,823759,COL,4.298133116883117,1.5953733766233766
2026-07-25,823758,COL,4.298133116883117,1.4963474025974028
2026-07-26,823755,COL,4.726704545454545,1.4011093073593075
2026-07-28,823275,COL,6.173133116883117,1.5320616883116884
2026-07-29,823273,COL,6.2967594905094915,1.8232704795204795
2026-07-31,824325,COL,5.59546078921079,1.6392877955377956
2026-08-01,824326,COL,5.274032217782219,1.4122469792112649
2026-08-03,824324,COL,5.702603646353647,1.4717707887350746
2026-08-04,824321,COL,5.702603646353647,1.7098660268303125
2026-08-05,824322,COL,5.341641079508727,0.7679256143016648
2026-08-07,823024,COL,5.502355365223012,0.8304256143016648
2026-08-08,823021,COL,5.405926793794442,0.6161399000159505
2026-08-09,823020,COL,5.176334957059747,0.7249834374309165
2026-08-10,825048,COL,5.5817732687480595,0.7408113595088386
2026-08-11,825046,COL,4.938916125890917,0.49081135950883864
2026-08-12,825047,COL,4.938916125890917,0.5124563811538604
2026-08-14,823185,COL,4.831773268748059,1.179123047820527
2026-08-15,823184,COL,4.02820184017663,1.0719801906776698
2026-08-16,823182,COL,3.731498543473333,0.7917604104578896
2026-08-17,824320,COL,3.731498543473333,0.8679508866483657
2026-08-18,824319,COL,4.3743556863304764,1.2557059886891822
2026-08-19,824318,COL,3.9457842577590476,1.017610750593944
2026-08-21,824317,COL,3.618716588586115,0.6554553621227661
2026-08-22,824316,COL,3.979679155431035,0.915577592833232
2026-08-23,824315,COL,3.979679155431035,0.915577592833232
2026-08-24,822695,COL,4.1939648697167495,1.0227204499760891
2026-08-25,822693,COL,5.433760788084096,1.5125163683434362
2026-03-20,831910,CWS,,
2026-03-21,831916,CWS,,
2026-03-22,831746,CWS,,
2026-03-23,831915,CWS,6.5,2.7777777777777772
2026-03-26,823812,CWS,6.432692307692308,2.314102564102564
2026-03-28,823811,CWS,7.988259109311741,3.367071524966262
2026-03-29,823810,CWS,7.406882591093118,2.9725596041385516
2026-03-30,823890,CWS,9.048756506651245,2.8907653749759015
2026-03-31,823888,CWS,8.198911943319839,2.3419197031039136
2026-04-01,823889,CWS,8.621255060728746,2.711336032388664
2026-04-03,824621,CWS,8.11912955465587,2.6802024291497974
2026-04-04,824622,CWS,7.653754140596246,2.396143622459412
2026-04-05,824620,CWS,7.2971912955465585,2.4672983205877945
2026-04-06,824619,CWS,6.735868888196824,2.200583065157964
2026-04-07,824618,CWS,6.415449681897051,2.0791128462181097
2026-04-08,824617,CWS,6.897592539039907,2.297862846218109
2026-04-09,824130,CWS,6.147592539039907,1.8276247509800143
2026-04-10,824128,CWS,5.826163967611336,1.6169104652657287
2026-04-11,824129,CWS,5.381109022556392,1.765262113617377
2026-04-12,824126,CWS,4.580357142857143,1.128670634920635
2026-04-14,824616,CWS,4.718112244897959,1.098058390022676
2026-04-15,824615,CWS,3.9191326530612245,0.9266298185941044
2026-04-16,824614,CWS,4.459717068645641,1.287019428983715
2026-04-17,825019,CWS,4.021828869887876,1.0406426173895118
2026-04-18,825020,CWS,4.086114584173591,1.0120711888180831
2026-04-19,825018,CWS,4.193257441316448,1.3414362681831626
2026-04-21,825099,CWS,4.434328869887876,1.0914362681831626
2026-04-22,825097,CWS,5.077186012745019,1.7581029348498294
2026-04-23,825096,CWS,5.361526672085679,1.9531578799047744
2026-04-24,824611,CWS,4.8793838149428215,1.4844078799047744
2026-04-25,824613,CWS,4.718669529228536,1.600479308476203
2026-04-26,824612,CWS,5.2008123863713935,1.75762216561906
2026-04-27,824609,CWS,5.272240957799965,1.6068285148254093
2026-04-28,824610,CWS,5.186526672085678,1.7734951814920763
2026-04-29,824608,CWS,4.920200141473434,1.8826788549614637
2026-05-01,823309,CWS,4.369179733310168,1.739821712104321
2026-05-02,823308,CWS,4.096452460582896,1.415146387428996
2026-05-03,823307,CWS,3.677197802197802,1.2567612942612942
2026-05-04,824039,CWS,3.570054945054945,1.04247557997558
2026-05-05,824040,CWS,3.248626373626373,0.4591422466422467
2026-05-06,824036,CWS,2.766483516483516,0.34842796092796097
2026-05-08,824607,CWS,2.1236263736263736,-0.11494200244200241
2026-05-09,824606,CWS,2.5051020408163263,0.052247950462236147
2026-05-10,824605,CWS,2.5051020408163263,0.2843908076050933
2026-05-12,824604,CWS,2.3443877551020407,0.07903366474795047
2026-05-13,824603,CWS,2.3443877551020407,-0.04596633525204953
2026-05-14,824602,CWS,2.5484693877551017,0.012990580847723707
2026-05-15,824601,CWS,2.419897959183673,-0.10605703819989534
2026-05-16,824600,CWS,3.0535714285714284,-0.10299581371009944
2026-05-17,824599,CWS,3.482142857142857,0.3970041862899006
2026-05-18,823137,CWS,3.2372448979591835,0.7337388801674516
2026-05-19,823136,CWS,3.960459183673469,1.0015960230245944
2026-05-20,823134,CWS,3.746173469387755,0.8197778412064126
2026-05-22,823223,CWS,4.324744897959183,1.7054921269206982
2026-05-23,823222,CWS,4.324744897959183,1.684063555492127
2026-05-24,823220,CWS,5.289030612244898,1.9593382807668522
2026-05-25,824598,CWS,4.783928571428571,1.66852195423624
2026-05-26,824597,CWS,4.783928571428571,1.5613790970933827
2026-05-27,824596,CWS,5.105357142857143,1.5078076685219541
2026-05-28,824595,CWS,4.8374999999999995,1.8232838589981448
2026-05-29,824594,CWS,4.776275510204082,1.5579777365491654
2026-05-30,824593,CWS,4.92462715855573,1.6797726083440367
2026-05-31,824592,CWS,4.098096546310832,1.3124256695685266
2026-06-01,823702,CWS,3.6695251177394033,1.0526854098282672
2026-06-02,823700,CWS,3.6465659340659338,0.715950715950716
2026-06-03,823701,CWS,2.923351648351648,0.42666500166500176
2026-06-05,823455,CWS,2.923351648351648,0.5191974691974693
2026-06-06,823454,CWS,2.6662087912087915,-0.08080253080253066
2026-06-07,823453,CWS,2.9177615862398474,0.20894902199250037
2026-06-09,824591,CWS,2.7570473005255614,-0.10890812086464248
2026-06-10,824590,CWS,2.43561872909699,-0.15011691207343367
2026-06-12,824588,CWS,2.43561872909699,0.0879783260218044
2026-06-13,824587,CWS,2.1141901576684186,0.14154975459323296
2026-06-14,824586,CWS,2.28561872909699,0.2225021355456139
2026-06-16,823535,CWS,2.3124044433827042,0.41893070697418533
2026-06-17,823536,CWS,2.439562999112688,0.497816107288157
2026-06-18,823533,CWS,3.4038487133984026,1.1406732501452999
2026-06-19,824264,CWS,3.4915110510607406,1.0432706527427025
2026-06-20,824263,CWS,3.5236539082035976,1.039699224171274
2026-06-21,824260,CWS,3.909368193917883,1.3754135098855595
2026-06-22,824585,CWS,4.552225336775026,1.7742230336950835
2026-06-23,824584,CWS,5.302225336775026,1.7266039860760358
2026-06-24,824583,CWS,5.05067254174397,1.5600667189952906
2026-06-26,824582,CWS,4.39545276152419,1.4542974882260598
2026-06-27,824581,CWS,4.39545276152419,1.1978872318158034
2026-06-28,824580,CWS,4.570777436848865,0.9857660196945911
2026-06-29,824822,CWS,4.570777436848865,0.9366588768374483
2026-06-30,824819,CWS,4.18506315113458,0.4574380976166692
2026-07-01,824818,CWS,3.943991722563151,0.29672381190238345
2026-07-02,824416,CWS,4.194455544455545,0.3774288211788213
2026-07-03,824417,CWS,3.744455544455544,0.3774288211788213
2026-07-04,824415,CWS,3.9139360639360636,0.19171453546453557
2026-07-05,824413,CWS,3.721078921078921,0.19528596403596415
2026-07-07,824579,CWS,3.3353646353646353,-0.23804736929736922
2026-07-08,824578,CWS,3.3353646353646353,-0.44042832167832163
2026-07-09,824577,CWS,2.263936063936064,-0.5213807026307026
2026-07-10,824575,CWS,2.263936063936064,-0.4556339493839493
2026-07-11,824576,CWS,2.1155844155844155,-0.4748647186147185
2026-07-12,824574,CWS,2.1155844155844155,-0.28438852813852805
2026-07-17,822789,CWS,1.9402597402597404,-0.31036255411255403
2026-07-18,822790,CWS,2.1974025974025975,0.11017316017316027
2026-07-19,822786,CWS,2.1974025974025975,0.2771490414347558
2026-07-20,822874,CWS,2.1974025974025975,0.3230674087816946
2026-07-21,822871,CWS,1.8,0.13215831787260365
2026-07-22,822873,CWS,2.027472527472528,-0.09861091289662707
2026-07-24,824573,CWS,1.7703296703296705,-0.19861091289662708
2026-07-25,824571,CWS,2.573901098901099,0.15853194424623007
2026-07-26,824572,CWS,2.788186813186813,0.2537700394843253
2026-07-27,824570,CWS,2.1453296703296703,0.24866799866799877
2026-07-28,824569,CWS,2.8260019392372335,0.45286967934026773
2026-07-29,824567,CWS,2.8260019392372335,0.47235019882078716
2026-07-30,824568,CWS,2.8260019392372335,0.42473115120173954
2026-07-31,822945,CWS,2.8260019392372335,0.496159722630311
2026-08-01,822944,CWS,2.8260019392372335,0.6390168654874538
2026-08-02,822943,CWS,2.660695816788254,0.22677196752827017
2026-08-04,824731,CWS,2.9017672453596823,0.4372311512017396
2026-08-05,824728,CWS,3.7589101025025395,0.8317889743309913
2026-08-06,824729,CWS,3.8056633492557865,0.7499707925128094
2026-08-07,824566,CWS,3.295333678926116,0.6293114518534687
2026-08-08,824565,CWS,3.295333678926116,0.8721685947106116
2026-08-09,824564,CWS,2.7060479646404016,0.8007400232820402
2026-08-11,824563,CWS,2.5721193932118305,0.8691924042344211
2026-08-12,824562,CWS,3.2149765360689733,0.8147706355269381
2026-08-13,824561,CWS,2.53430426716141,0.6319975262832406
2026-08-14,824237,CWS,2.9934879406307977,0.8286580086580086
2026-08-15,824239,CWS,3.4127425990158913,1.0610596649727084
2026-08-16,824236,CWS,3.4127425990158913,0.7948258987389423
2026-08-17,824641,CWS,3.550497701056707,0.7948258987389423
2026-08-18,824639,CWS,3.7553642630661264,1.1543235439508732
2026-08-19,824640,CWS,3.6819946978487352,0.9039353451931093
2026-08-20,824589,CWS,2.824851840705878,0.39713262410467387
2026-08-21,824559,CWS,2.6495271653812025,0.19799842497047473
2026-08-22,824560,CWS,2.418098593952631,-0.04581109883904909
2026-08-23,824558,CWS,3.0271211503436084,0.4030610816120787
2026-08-24,824557,CWS,2.904672170751772,0.13775495916309913
2026-08-25,824556,CWS,3.4671721707517724,0.45025495916309916
2026-03-20,831550,DET,,
2026-03-21,831601,DET,,
2026-03-23,831857,DET,,
2026-03-24,831856,DET,1.7999999999999998,-1.2583333333333333
2026-03-26,823325,DET,2.3884615384615384,-1.2899038461538461
2026-03-27,823324,DET,2.5107692307692306,0.3014102564102565
2026-03-28,823323,DET,2.0923076923076924,-0.3599358974358973
2026-03-30,825108,DET,1.7934065934065935,-0.6202047952047952
2026-03-31,825107,DET,2.6076923076923078,0.06309003496503507
2026-04-01,825106,DET,5.317948717948718,0.7783022533022534
2026-04-03,824299,DET,4.786153846153846,1.300472027972028
2026-04-04,824295,DET,4.351048951048951,1.0307321466412376
2026-04-05,824296,DET,4.161538461538462,1.3102224164724166
2026-04-06,823728,DET,3.989771766694844,1.1764690437767362
2026-04-07,823727,DET,4.055437419723134,1.0924355406498265
2026-04-08,823726,DET,4.055437419723134,1.2281498263641122
2026-04-09,823724,DET,4.055437419723134,1.4454117311260168
2026-04-10,824297,DET,4.220743542172114,1.4882688739831595
2026-04-11,824294,DET,3.924040245468817,1.5633604490747348
2026-04-12,824293,DET,3.7097545311831026,1.1300271157414015
2026-04-14,824292,DET,3.9852647352647352,1.7286665715237144
2026-04-15,824291,DET,3.9852647352647352,1.670225013082156
2026-04-16,824289,DET,3.3918581418581417,1.2764521193092622
2026-04-17,824778,DET,2.534715284715285,1.3597854526425956
2026-04-18,824775,DET,2.534715284715285,0.9847854526425956
2026-04-19,824777,DET,2.534715284715285,1.0085949764521194
2026-04-20,824776,DET,2.6006493506493507,0.6239795918367347
2026-04-21,824290,DET,3.2894248608534324,0.6239795918367347
2026-04-22,824286,DET,4.288775510204082,0.7311224489795919
2026-04-23,824288,DET,4.503061224489796,0.8430272108843537
2026-04-24,824529,DET,4.503061224489796,0.7477891156462586
2026-04-25,824527,DET,4.693799058084773,1.1433935112506541
2026-04-26,824528,DET,5.015227629513345,1.310060177917321
2026-04-28,824931,DET,5.015227629513345,1.1957744636316066
2026-04-29,824930,DET,5.080053559885493,0.9094599378212823
2026-04-30,824929,DET,6.365767845599779,2.552317080678425
2026-05-01,824287,DET,6.365767845599779,2.5285075568689015
2026-05-02,824284,DET,5.414874988456922,1.8737456521069968
2026-05-03,824285,DET,5.414874988456922,1.6365007541478132
2026-05-04,824283,DET,5.5113035598854925,1.6888817065287653
2026-05-05,824281,DET,5.6988035598854925,1.7781674208144798
2026-05-06,824282,DET,4.872272947640595,1.654017760950534
2026-05-08,824116,DET,3.5222729476405945,1.68973204666482
2026-05-09,824115,DET,4.031201519069166,1.6956844276172007
2026-05-10,824113,DET,4.352630090497738,1.7075891895219628
2026-05-12,823632,DET,3.8863820528211286,1.2303521408563427
2026-05-13,823631,DET,4.15836007479915,1.0380444485486504
2026-05-14,823630,DET,4.15836007479915,0.8416158771200788
2026-05-15,824280,DET,4.782309654631083,1.755481423338566
2026-05-16,824278,DET,3.57695251177394,0.29119570905285197
2026-05-17,824279,DET,3.737666797488226,0.5769099947671377
2026-05-18,824277,DET,3.6171310832025116,0.7078623757195187
2026-05-19,824276,DET,4.259988226059654,1.1415358451072737
2026-05-20,824273,DET,4.324273940345369,1.0772501308215594
2026-05-21,824274,DET,4.163559654631084,1.0326072736787022
2026-05-22,824842,DET,4.439069858712716,1.4934916274201988
2026-05-24,824839,DET,4.576824960753532,1.3965528519099948
2026-05-24,824840,DET,4.81789638932496,1.878695709052852
2026-05-26,824275,DET,4.496467817896389,1.6429814233385662
2026-05-27,824270,DET,5.378100470957613,2.1746140763997905
2026-05-28,824272,DET,4.784693877551021,2.2240646258503403
2026-05-29,824594,DET,5.556122448979592,2.4919217687074826
2026-05-30,824593,DET,5.073979591836735,1.768707482993197
2026-05-31,824592,DET,6.440051020408163,2.8758503401360542
2026-06-01,822974,DET,6.9221938775510194,3.1258503401360542
2026-06-02,822971,DET,7.716311524609844,3.3919567827130854
2026-06-03,822973,DET,7.073454381752701,2.9990996398559426
2026-06-05,824271,DET,6.912740096038415,2.963385354141657
2026-06-06,824269,DET,6.993097238895558,3.1330282112845143
2026-06-07,824268,DET,6.717587034813925,2.6661914765906363
2026-06-09,824267,DET,6.7405462184873945,2.6917016806722693
2026-06-10,824266,DET,5.77626050420168,2.2095588235294117
2026-06-11,824265,DET,6.097689075630251,2.4631302521008402
2026-06-12,824425,DET,4.940546218487394,1.8524159663865547
2026-06-13,824426,DET,5.069117647058823,1.6952731092436975
2026-06-15,824181,DET,4.2976890756302515,1.6095588235294118
2026-06-16,824182,DET,4.018553737284387,1.616607695709863
2026-06-17,824178,DET,3.2149823087129588,0.5094648385670058
2026-06-19,824264,DET,2.764982308712959,0.13089340999557714
2026-06-20,824263,DET,1.9708646616541352,-0.2661654135338346
2026-06-21,824260,DET,1.9708646616541354,-0.14711779448621556
2026-06-22,824261,DET,1.9708646616541354,-0.19473684210526315
2026-06-23,824262,DET,2.078007518796993,-0.14711779448621556
2026-06-24,824259,DET,2.078007518796993,-0.22211779448621555
2026-06-25,824258,DET,1.917293233082707,-0.412593984962406
2026-06-26,824255,DET,2.1315789473684212,-0.5137844611528822
2026-06-27,824257,DET,1.8101503759398498,-0.6744987468671679
2026-06-28,824256,DET,2.453007518796993,-0.5137844611528822
2026-06-29,823529,DET,2.838721804511278,0.1719298245614036
2026-06-30,823528,DET,3.8030075187969925,0.6147869674185464
2026-07-01,823530,DET,3.8142857142857145,0.3428571428571429
2026-07-02,822884,DET,3.4469387755102043,0.47040816326530616
2026-07-04,822882,DET,4.325510204081633,1.0513605442176872
2026-07-05,822879,DET,4.325510204081633,1.2227891156462587
2026-07-07,824254,DET,4.601020408163265,1.5833333333333335
2026-07-08,824253,DET,4.601020408163265,1.773809523809524
2026-07-09,824251,DET,4.172448979591836,1.5248917748917752
2026-07-10,824252,DET,4.172448979591836,1.7248917748917751
2026-07-11,824249,DET,4.172448979591836,1.7963203463203463
2026-07-12,824250,DET,3.9581632653061223,1.6725108225108225
2026-07-17,824009,DET,4.4403061224489795,1.5653679653679653
2026-07-18,824008,DET,3.7974489795918367,1.4153679653679654
2026-07-19,824007,DET,3.283163265306122,1.0296536796536797
2026-07-20,824654,DET,2.5943877551020407,0.7490414347557205
2026-07-21,824652,DET,2.5943877551020407,0.8918985776128634
2026-07-22,824650,DET,2.9617346938775513,1.246490414347557
2026-07-23,824247,DET,1.8903061224489797,0.5408627087198515
2026-07-24,824248,DET,2.0510204081632653,0.4587198515769944
2026-07-25,824244,DET,1.7755102040816324,0.0362708719851576
2026-07-26,824246,DET,2.204081632653061,0.5600803957946814
2026-07-27,824245,DET,2.5255102040816326,0.8149505256648114
2026-07-28,824243,DET,2.8010204081632653,1.3251546072974645
2026-07-29,824242,DET,2.8010204081632653,1.2299165120593691
2026-07-31,824975,DET,3.4036989795918364,1.4281307977736548
2026-08-01,824972,DET,2.921556122448979,1.5097634508348794
2026-08-02,824971,DET,4.207270408163265,2.0169063079777367
2026-08-04,823108,DET,4.207270408163265,1.6359539270253556
2026-08-05,823106,DET,3.931760204081633,1.487994743351886
2026-08-06,823105,DET,4.310881083202512,1.7975185528756954
2026-08-07,823191,DET,3.668023940345369,1.208232838589981
2026-08-08,823188,DET,3.668023940345369,1.0329081632653059
2026-08-09,823190,DET,3.5073096546310834,0.9436224489795917
2026-08-11,824240,DET,3.5073096546310834,0.7614795918367346
2026-08-12,824241,DET,3.335881083202512,0.6090986394557822
2026-08-13,824238,DET,3.400166797488226,0.4555272108843536
2026-08-14,824237,DET,3.1246565934065935,-0.018962585034013674
2026-08-15,824239,DET,3.4862637362637363,0.49889455782312925
2026-08-16,824236,DET,3.021340266875981,0.3343537414965986
2026-08-17,823343,DET,3.664197409733124,0.9312925170068027
2026-08-18,823341,DET,2.3784831240188384,0.3812925170068026
2026-08-19,823342,DET,2.592768838304553,0.5955782312925171
2026-08-21,824072,DET,3.171340266875981,1.4170068027210885
2026-08-22,824073,DET,3.128954081632653,1.325170068027211
2026-08-23,824071,DET,3.128954081632653,1.2775510204081633
2026-08-24,824235,DET,3.9968112244897958,1.7489795918367348
2026-08-25,824233,DET,3.9968112244897958,1.856122448979592
2026-03-20,831505,HOU,,
2026-03-21,831549,HOU,,
2026-03-22,831496,HOU,,
2026-03-26,824218,HOU,5.536363636363636,1.4984848484848488
2026-03-27,824216,HOU,5.709965034965036,2.566171328671329
2026-03-28,824213,HOU,5.107972027972028,2.952937062937063
2026-03-29,824215,HOU,5.295104895104895,2.8838578088578095
2026-03-30,824214,HOU,5.1476838950523165,2.6297728587202274
2026-03-31,824212,HOU,4.504223408170777,2.113551251380199
2026-04-01,824211,HOU,4.3370874739295795,2.100934445671288
2026-04-03,825026,HOU,4.353378726536621,2.1908410011041592
2026-04-04,825027,HOU,4.901672968180145,2.495170140863921
2026-04-05,825025,HOU,4.4932002208318,2.0872392957919277
2026-04-06,824376,HOU,5.255261742306278,2.5420670422694718
2026-04-07,824375,HOU,5.931833955518166,2.5747765392502235
2026-04-08,824374,HOU,5.899691098375309,2.6497765392502237
2026-04-10,823156,HOU,6.28373562527698,2.9577542757993887
2026-04-11,823155,HOU,6.605164196705551,3.189897132942246
2026-04-12,823154,HOU,6.481537823079178,3.134952077997191
2026-04-13,823153,HOU,6.656027618997544,2.8747479963645377
2026-04-14,824210,HOU,6.2109726739425986,2.6934293150458566
2026-04-15,824209,HOU,6.147532824318539,2.7618033751962323
2026-04-16,824208,HOU,6.147532824318539,2.702279565672423
2026-04-17,824207,HOU,6.053782824318539,2.586208137100994
2026-04-18,824206,HOU,6.5359256814613955,2.961208137100994
2026-04-19,824205,HOU,6.276310296846011,2.833460884353741
2026-04-20,824450,HOU,6.396846011131726,2.9647108843537415
2026-04-21,824448,HOU,5.368274582560296,2.39328231292517
2026-04-22,824449,HOU,5.142857142857143,2.270833333333333
2026-04-24,824204,HOU,4.660714285714286,1.8720238095238095
2026-04-25,824203,HOU,4.729591836734693,2.060799319727891
2026-04-26,824202,HOU,5.051020408163265,2.453656462585034
2026-04-28,824849,HOU,5.693877551020408,2.0250850340136055
2026-04-30,824848,HOU,5.7122448979591836,2.063860544217687
2026-04-30,824850,HOU,7.114842300556587,2.7261982065553494
2026-05-01,824772,HOU,7.302342300556587,2.6264958256029685
2026-05-02,824771,HOU,7.302342300556587,2.721733920841064
2026-05-03,824769,HOU,7.503235157699444,2.6949482065553494
2026-05-04,824201,HOU,6.783514660805033,2.21746373450566
2026-05-05,824200,HOU,6.301371803662176,1.7710351630770886
2026-05-06,824198,HOU,6.502264660805033,1.6683565916485172
2026-05-08,824522,HOU,7.11128721719601,1.9164768924003968
2026-05-09,824523,HOU,6.284756604951113,1.610354443420805
2026-05-10,824520,HOU,6.284756604951113,1.511714987638492
2026-05-11,824199,HOU,5.738328033522542,1.1902864162099207
2026-05-12,824197,HOU,4.774042319236828,0.5117149876384921
2026-05-13,824195,HOU,4.324042319236828,0.6831435590670637
2026-05-14,824196,HOU,4.076083135563358,0.6137558039650228
2026-05-15,824194,HOU,2.866342875823098,-0.0057247155154967555
2026-05-16,824193,HOU,2.4377714472516696,-0.13905804884883008
2026-05-17,824192,HOU,2.598485732965955,0.0752276654368842
2026-05-18,823705,HOU,2.919914304394527,0.2895133797225985
2026-05-19,823704,HOU,3.414634801288937,0.32771213748657363
2026-05-20,823703,HOU,3.414634801288937,0.38723594701038316
2026-05-22,824679,HOU,3.0932062298603653,0.4586645184389546
2026-05-23,824674,HOU,2.805612244897959,0.5141156462585035
2026-05-24,824676,HOU,2.805612244897959,0.585544217687075
2026-05-25,822899,HOU,3.1270408163265304,1.1008503401360545
2026-05-26,822898,HOU,2.8698979591836737,0.8627551020408164
2026-05-27,822897,HOU,3.191326530612245,0.9341836734693878
2026-05-28,822896,HOU,2.998469387755102,1.1198979591836735
2026-05-29,824191,HOU,2.8607142857142853,1.0654761904761905
2026-05-30,824190,HOU,2.7964285714285713,1.0940476190476192
2026-05-31,824187,HOU,2.7964285714285713,0.9654761904761907
2026-06-02,824189,HOU,2.6357142857142857,0.7273809523809526
2026-06-03,824188,HOU,2.635714285714286,0.6202380952380954
2026-06-04,824185,HOU,2.6999999999999997,0.6416666666666667
2026-06-05,824186,HOU,2.6999999999999997,0.6000000000000002
2026-06-06,824184,HOU,2.6999999999999997,0.4961038961038962
2026-06-07,824183,HOU,2.3785714285714286,0.12110389610389619
2026-06-08,824025,HOU,2.3785714285714286,0.13896103896103904
2026-06-09,824023,HOU,2.217857142857143,-0.20032467532467524
2026-06-10,824022,HOU,2.217857142857143,-0.08722943722943713
2026-06-12,824102,HOU,1.8964285714285716,0.019913419913419994
2026-06-13,824100,HOU,1.8964285714285716,-0.2777056277056276
2026-06-14,824099,HOU,2.217857142857143,-0.2360389610389609
2026-06-15,824181,HOU,2.0892857142857144,-0.4503246753246752
2026-06-16,824182,HOU,2.429621848739496,-0.05956837280366683
2026-06-17,824178,HOU,2.622478991596638,0.014241151005856977
2026-06-19,824179,HOU,2.3010504201680675,0.0856697224344284
2026-06-20,824180,HOU,1.6581932773109245,-0.2762350394703335
2026-06-21,824177,HOU,2.086764705882353,-0.2583778966131906
2026-06-22,822800,HOU,2.086764705882353,-0.2973389355742296
2026-06-23,822799,HOU,2.4724789915966388,-0.21162464985994386
2026-06-24,822798,HOU,2.675486510393631,0.003600914049830571
2026-06-25,824258,HOU,2.514772224679345,-0.12139908595016943
2026-06-26,824255,HOU,2.7290579389650595,-0.044018133569217036
2026-06-27,824257,HOU,2.7290579389650595,-0.12258956214064562
2026-06-28,824256,HOU,2.5281650818222023,-0.0035419430930265622
2026-06-29,824176,HOU,2.3674507961079168,0.3714580569069734
2026-06-30,824175,HOU,2.56030793896506,0.4071723426212591
2026-07-01,824174,HOU,2.219971804511278,0.016416040100250755
2026-07-03,824173,HOU,2.278667456685191,0.028527841342486784
2026-07-04,824171,HOU,2.3858103138280486,-0.030995968181322726
2026-07-05,824172,HOU,2.5143817423994768,0.3166230794377249
2026-07-06,822712,HOU,2.0858103138280484,0.3951945080091534
2026-07-07,822713,HOU,2.436459664477399,0.6874023002169457
2026-07-08,822710,HOU,2.1712810930488278,0.6999023002169457
2026-07-10,822878,HOU,1.9682735742518351,0.7882481648785998
2026-07-11,822875,HOU,3.2539878599661205,1.6811053077357427
2026-07-12,822876,HOU,3.468273574251835,1.657295783926219
2026-07-17,824170,HOU,3.853987859966121,1.7858672124976473
2026-07-18,824169,HOU,4.162023574251835,1.9168195934500285
2026-07-19,824168,HOU,4.108452145680407,1.3811053077357427
2026-07-20,824167,HOU,4.063946651174912,1.6530833297137646
2026-07-21,824165,HOU,4.2122982995265605,1.7190173956478305
2026-07-22,824166,HOU,4.389316933066934,1.7997627372627374
2026-07-24,824573,HOU,3.960745504495505,1.5378579753579757
2026-07-25,824571,HOU,3.9928883616383617,1.3450008325008327
2026-07-26,824572,HOU,3.9928883616383617,1.30214368964369
2026-07-27,824001,HOU,5.3297390109890115,2.3224358974358976
2026-07-28,824003,HOU,5.209203296703298,2.200412087912088
2026-07-29,824002,HOU,5.209203296703298,1.8968406593406597
2026-07-31,824164,HOU,4.1163461538461545,1.0325549450549452
2026-08-01,824162,HOU,3.6877747252747253,0.8039835164835167
2026-08-02,824163,HOU,3.450412087912088,0.7622252747252748
2026-08-03,824160,HOU,3.214697802197802,0.6527014652014653
2026-08-04,824161,HOU,3.1075549450549453,0.5574633699633702
2026-08-05,824158,HOU,2.959203296703297,0.29739010989011
2026-08-07,823266,HOU,2.9715659340659344,0.5528846153846155
2026-08-08,823267,HOU,2.5429945054945056,0.38255494505494514
2026-08-09,823268,HOU,2.5429945054945056,0.5016025641025642
2026-08-10,823189,HOU,3.0251373626373628,0.9658882783882785
2026-08-11,823186,HOU,3.0251373626373628,0.9301739926739928
2026-08-12,823187,HOU,1.551923076923077,-0.3585164835164833
2026-08-14,824159,HOU,1.551923076923077,-0.3347069597069596
2026-08-15,824157,HOU,2.0662087912087914,-0.26684981684981673
2026-08-16,824156,HOU,2.516208791208791,-0.10970695970695955
2026-08-18,824154,HOU,2.676923076923077,0.26172161172161185
2026-08-19,824155,HOU,2.657142857142857,0.060622710622710775
2026-08-20,824153,HOU,2.4642857142857144,-0.1750915750915749
2026-08-21,824152,HOU,3.549107142857143,0.424610805860806
2026-08-22,824151,HOU,3.549107142857143,0.4484203296703298
2026-08-23,824150,HOU,3.966964285714286,0.29842032967032983
2026-08-25,823505,HOU,4.48125,0.4830357142857145
2026-03-20,831835,KC,,
2026-03-21,831868,KC,,
2026-03-23,831838,KC,,
2026-03-24,831837,KC,2.5681818181818183,0.2651515151515152
2026-03-27,824946,KC,2.6011363636363636,-0.17613636363636362
2026-03-28,824945,KC,2.980909090909091,-0.6409090909090909
2026-03-29,824944,KC,6.341233766233766,0.8944805194805193
2026-03-30,824135,KC,5.917486085343228,1.2488404452690165
2026-04-01,824136,KC,5.177800324675324,0.9260687229437229
2026-04-02,824133,KC,6.102489177489177,1.600949975949976
2026-04-04,824132,KC,6.6922402597402595,2.7741883116883117
2026-04-04,824134,KC,6.083854781582054,2.4159287682014954
2026-04-05,824131,KC,5.576866883116883,2.0687680375180375
2026-04-06,824456,KC,5.840184815184815,2.0827089577089577
2026-04-07,824457,KC,5.7444573283858995,2.3625154607297465
2026-04-08,824455,KC,5.824814471243043,2.3446583178726037
2026-04-09,824130,KC,6.539599686028258,2.4540489272632127
2026-04-10,824128,KC,6.325313971742544,2.480834641548927
2026-04-11,824129,KC,6.132456828885401,2.5879774986917843
2026-04-12,824126,KC,5.811028257456829,2.62369178440607
2026-04-14,824292,KC,4.333291708291709,2.108849483849484
2026-04-15,824291,KC,4.735077422577423,2.010635198135198
2026-04-16,824289,KC,5.21722027972028,2.748730436230436
2026-04-17,823559,KC,5.056505994005994,2.355873293373293
2026-04-18,823558,KC,4.84222027972028,1.9392066267066268
2026-04-19,823556,KC,5.806505994005994,2.415397102897103
2026-04-20,824125,KC,5.806505994005994,2.540397102897103
2026-04-21,824127,KC,5.806505994005994,2.5368256743256743
2026-04-22,824123,KC,5.913648851148851,2.5130161505161506
2026-04-24,824124,KC,6.0232267732267735,2.7078213453213453
2026-04-25,824121,KC,5.133116883116883,2.6398268398268394
2026-04-26,824122,KC,5.133116883116883,2.470183982683982
2026-04-28,825017,KC,5.308441558441558,2.5091450216450215
2026-04-29,825015,KC,5.308441558441558,2.5948593073593074
2026-04-30,825016,KC,5.347402597402597,2.4736471861471863
2026-05-01,823146,KC,4.945616883116883,2.4111471861471863
2026-05-02,823144,KC,4.814123376623377,1.9436147186147188
2026-05-03,823145,KC,4.0105519480519485,1.7293290043290044
2026-05-04,824120,KC,3.3676948051948052,1.0864718614718614
2026-05-05,824119,KC,2.403409090909091,0.6936147186147187
2026-05-06,824118,KC,2.403409090909091,0.7412337662337664
2026-05-07,824117,KC,2.0819805194805197,0.6317099567099568
2026-05-08,824116,KC,2.167694805194805,0.45551948051948055
2026-05-09,824115,KC,1.8170454545454544,0.28214285714285714
2026-05-10,824113,KC,2.138474025974026,-0.012499999999999987
2026-05-12,824604,KC,2.5241883116883117,0.34464285714285714
2026-05-13,824603,KC,2.541720779220779,0.4342532467532467
2026-05-14,824602,KC,2.7560064935064936,0.8247294372294373
2026-05-15,823061,KC,2.7024350649350652,0.848538961038961
2026-05-16,823060,KC,2.4613636363636364,0.7681818181818182
2026-05-17,823058,KC,2.432142857142857,0.7000000000000001
2026-05-18,824114,KC,2.432142857142857,0.8339285714285715
2026-05-19,824112,KC,2.6464285714285714,0.8696428571428572
2026-05-20,824111,KC,3.105612244897959,0.8900510204081634
2026-05-22,824110,KC,3.534183673469388,1.1281462585034012
2026-05-24,824108,KC,3.6413265306122446,1.4614795918367347
2026-05-25,824107,KC,3.850255102040816,1.125765306122449
2026-05-26,824106,KC,4.493112244897959,1.032908163265306
2026-05-27,824104,KC,4.943112244897959,1.7186224489795916
2026-05-29,822894,KC,5.360969387755103,1.790051020408163
2026-05-30,822893,KC,5.810969387755102,2.1852891156462584
2026-05-31,822895,KC,6.882397959183673,2.351955782312925
2026-06-01,824510,KC,6.721683673469387,2.351955782312925
2026-06-02,824511,KC,6.882397959183673,2.209098639455782
2026-06-03,824509,KC,7.111989795918367,2.897874149659864
2026-06-04,823698,KC,7.111989795918367,2.7639455782312927
2026-06-05,823699,KC,7.058418367346938,3.0139455782312927
2026-06-06,823697,KC,6.59923469387755,2.748639455782313
2026-06-07,823696,KC,6.331377551020408,2.6593537414965986
2026-06-09,824105,KC,6.759948979591836,2.611734693877551
2026-06-10,824103,KC,6.197448979591836,2.5938775510204084
2026-06-11,824101,KC,5.940306122448979,2.976020408163265
2026-06-12,824102,KC,5.168877551020407,2.218877551020408
2026-06-13,824100,KC,4.472448979591837,2.0998299319727893
2026-06-14,824099,KC,4.380612244897959,1.9433673469387753
2026-06-15,822724,KC,3.0948979591836734,1.3576530612244897
2026-06-16,822723,KC,3.2556122448979594,1.679081632653061
2026-06-17,822721,KC,4.059183673469387,2.536224489795918
2026-06-18,824098,KC,3.701020408163265,1.761734693877551
2026-06-19,824097,KC,4.022448979591837,2.011734693877551
2026-06-21,824095,KC,4.5045918367346935,1.8569727891156462
2026-06-22,822964,KC,4.767578849721707,2.2090136054421765
2026-06-23,822963,KC,4.606864564007421,1.9054421768707481
2026-06-24,822965,KC,4.392578849721707,1.8042517006802719
2026-06-25,822961,KC,4.231864564007421,1.9530612244897956
2026-06-26,824582,KC,5.131864564007421,1.8566326530612243
2026-06-27,824581,KC,7.156864564007421,2.9030612244897958
2026-06-28,824580,KC,8.014007421150279,2.522108843537415
2026-06-30,824096,KC,7.462987012987013,2.183333333333333
2026-07-01,824094,KC,7.824594155844156,2.5770833333333334
2026-07-02,824093,KC,7.8781655844155845,2.112797619047619
2026-07-04,824092,KC,7.097553339517625,1.5311649659863946
2026-07-05,824091,KC,7.333267625231911,1.6049744897959184
2026-07-06,824089,KC,7.01183905380334,1.408545918367347
2026-07-07,823607,KC,6.3689819109461965,1.277593537414966
2026-07-08,823605,KC,6.519260204081632,1.3082057823129252
2026-07-09,823606,KC,6.97844387755102,1.517389455782313
2026-07-10,824817,KC,6.52844387755102,1.542389455782313
2026-07-11,824813,KC,6.9570153061224485,1.6376275510204084
2026-07-12,824814,KC,6.314158163265306,2.2090561224489798
2026-07-17,824090,KC,5.25344387755102,1.7519132653061225
2026-07-18,824088,KC,4.610586734693877,2.162627551020408
2026-07-19,824086,KC,4.610586734693877,2.11875
2026-07-20,824087,KC,5.695408163265306,2.9535714285714287
2026-07-21,824085,KC,5.90969387755102,3.2630952380952385
2026-07-22,824083,KC,5.726020408163265,3.130442176870748
2026-07-23,824247,KC,5.618877551020408,3.428061224489796
2026-07-24,824248,KC,6.476020408163265,3.7197278911564626
2026-07-25,824244,KC,6.476020408163265,3.755442176870748
2026-07-26,824246,KC,6.062755102040817,3.474829931972789
2026-07-28,823676,KC,5.741326530612246,3.4187074829931974
2026-07-29,823677,KC,6.030612244897959,3.2151360544217686
2026-07-30,823674,KC,5.6020408163265305,3.0960884353741496
2026-07-31,824325,KC,8.816326530612246,4.131802721088436
2026-08-01,824326,KC,7.8520408163265305,3.756802721088435
2026-08-02,824323,KC,8.253826530612246,3.828231292517007
2026-08-04,824084,KC,8.896683673469388,4.057823129251701
2026-08-05,824082,KC,7.610969387755103,3.0935374149659864
2026-08-06,824080,KC,7.182397959183674,2.7840136054421767
2026-08-07,824081,KC,7.760969387755102,2.9768707482993197
2026-08-08,824079,KC,7.614865491651206,2.769078540507112
2026-08-09,824078,KC,6.757722634508348,2.435745207173779
2026-08-10,823918,KC,7.722008348794063,2.9000309214594933
2026-08-11,823917,KC,8.273028756957329,3.0122758194186767
2026-08-12,823916,KC,8.37634508348794,3.1270717377860238
2026-08-14,823993,KC,8.007647604496345,3.3129961075339227
2026-08-15,823990,KC,8.155999252847993,3.4118972064350217
2026-08-17,824077,KC,4.574366599786768,1.6210808799044094
2026-08-18,824075,KC,4.735080885501054,1.8710808799044094
2026-08-19,824076,KC,4.269009456929625,1.674652308475838
2026-08-20,824074,KC,4.054723742643911,1.6270332608567901
2026-08-21,824072,KC,4.151152314072482,1.5198904037139331
2026-08-22,824073,KC,4.472580885501054,1.7698904037139331
2026-08-23,824071,KC,3.8940094569296244,1.5413189751425045
2026-08-25,822773,KC,4.269705189768215,1.6317642441592022
2026-03-20,831910,LAA,,
2026-03-22,831804,LAA,,
2026-03-23,831821,LAA,,
2026-03-24,831820,LAA,7.099999999999999,2.288888888888889
2026-03-26,824218,LAA,5.324999999999999,1.3416666666666668
2026-03-27,824216,LAA,4.26,1.2066666666666668
2026-03-28,824213,LAA,3.5499999999999994,0.71984126984127
2026-03-29,824215,LAA,3.814285714285714,1.002721088435374
2026-03-30,824702,LAA,4.1812499999999995,1.1586309523809524
2026-03-31,824699,LAA,3.9309523809523808,1.1013227513227513
2026-04-01,824698,LAA,3.537857142857143,0.9245238095238095
2026-04-03,824056,LAA,3.216233766233766,0.6018398268398268
2026-04-04,824054,LAA,3.3982142857142854,0.551686507936508
2026-04-05,824053,LAA,3.1368131868131863,0.5092490842490842
2026-04-06,824052,LAA,3.2213265306122447,0.5243027210884355
2026-04-07,824051,LAA,3.649897959183673,1.4052551020408164
2026-04-08,824050,LAA,3.360612244897959,1.5159693877551021
2026-04-10,824534,LAA,3.1004081632653064,1.2608673469387754
2026-04-11,824535,LAA,3.4218367346938776,1.796581632653061
2026-04-12,824533,LAA,3.636122448979592,1.796581632653061
2026-04-13,823563,LAA,5.56469387755102,2.669030612244898
2026-04-14,823562,LAA,6.143265306122449,3.0884183673469385
2026-04-15,823561,LAA,5.661122448979591,2.7134183673469385
2026-04-16,823560,LAA,6.294795918367346,2.796071428571429
2026-04-17,824048,LAA,6.5703061224489785,3.0477721088435374
2026-04-18,824049,LAA,6.5703061224489785,3.020986394557823
2026-04-19,824047,LAA,7.041734693877551,3.2114625850340133
2026-04-20,824046,LAA,7.041734693877551,3.1400340136054417
2026-04-21,824045,LAA,6.947448979591836,3.1124149659863947
2026-04-22,824044,LAA,6.883163265306122,2.04812925170068
2026-04-24,824124,LAA,6.883163265306122,1.7267006802721088
2026-04-25,824121,LAA,6.821938775510204,1.6008503401360543
2026-04-26,824122,LAA,7.538971742543171,1.419531658817373
2026-04-27,824609,LAA,8.288971742543172,2.137218733647305
2026-04-28,824610,LAA,7.9675431711146,2.137218733647305
2026-04-29,824608,LAA,7.431828885400314,1.9059262166405024
2026-05-01,824041,LAA,7.6948158983873265,2.1883937491080347
2026-05-02,824042,LAA,7.405530184101613,2.2741080348223206
2026-05-03,824043,LAA,7.13001998001998,1.972623804766662
2026-05-04,824039,LAA,7.853234265734265,2.5351238047666618
2026-05-05,824040,LAA,7.1246628371628375,2.230361900004757
2026-05-06,824036,LAA,7.253234265734266,2.3589333285761858
2026-05-08,822822,LAA,7.253234265734266,2.311314280957138
2026-05-09,822820,LAA,6.674662837162837,2.177797797440655
2026-05-10,822819,LAA,7.317519980019981,2.981369226012083
2026-05-11,824441,LAA,7.103234265734266,2.862321606964464
2026-05-12,824442,LAA,6.572291524265209,2.851910964974875
2026-05-13,824438,LAA,5.6080058099794945,2.3008905568116096
2026-05-15,824037,LAA,4.000862952836637,1.3672170874238545
2026-05-16,824038,LAA,3.5722915242652085,0.9148361350429018
2026-05-17,824034,LAA,4.711901913875598,1.2167841869909541
2026-05-18,824035,LAA,4.591366199589884,0.8953556155623825
2026-05-19,824033,LAA,4.805651913875598,1.0403772605840274
2026-05-20,824032,LAA,5.239580485304169,1.3350201177268846
2026-05-21,824031,LAA,5.4324376281613125,1.806448689155456
2026-05-22,824029,LAA,5.303866199589884,2.0493058320125987
2026-05-23,824030,LAA,5.475294771018455,2.437401070107837
2026-05-24,824028,LAA,5.636009056732741,2.795917553624321
2026-05-26,824275,LAA,4.511009056732742,2.0459175536243204
2026-05-27,824270,LAA,4.63958048530417,2.3887746964814633
2026-05-28,824272,LAA,4.132061688311689,2.05669449598021
2026-05-29,822978,LAA,4.132061688311689,1.9674087816944958
2026-05-30,822975,LAA,6.382061688311688,3.0439393939393935
2026-05-31,822976,LAA,6.382061688311688,3.240367965367965
2026-06-01,824027,LAA,4.979464285714286,2.9332633053221286
2026-06-02,824026,LAA,5.5079670329670325,3.2711753932342167
2026-06-03,824024,LAA,5.293681318681318,3.1699849170437404
2026-06-05,823943,LAA,4.350824175824175,2.4318896789485023
2026-06-06,823942,LAA,4.350824175824175,2.5390325360913595
2026-06-07,823941,LAA,4.350824175824175,2.1961753932342165
2026-06-08,824025,LAA,3.9651098901098902,1.5699849170437403
2026-06-09,824023,LAA,3.9421507064364207,1.3786583864314956
2026-06-10,824022,LAA,4.102864992150706,1.325086957860067
2026-06-12,824020,LAA,4.188579277864992,1.386991719764829
2026-06-13,824019,LAA,4.349293563579278,1.4643726721457815
2026-06-14,824021,LAA,4.349293563579278,1.3393726721457815
2026-06-15,825071,LAA,2.6778649921507065,0.8643726721457813
2026-06-16,825070,LAA,2.6778649921507065,0.9536583864314956
2026-06-17,825072,LAA,2.6778649921507065,0.7834903192046048
2026-06-18,824989,LAA,2.0448979591836736,0.5384353741496598
2026-06-19,824990,LAA,2.0448979591836736,0.5920068027210884
2026-06-20,824988,LAA,2.8690737833594975,1.4949372056514914
2026-06-21,824987,LAA,2.5476452119309263,0.8877943485086341
2026-06-22,824016,LAA,2.7619309262166403,1.2163657770800629
2026-06-23,824017,LAA,2.910282574568289,1.1815672422815278
2026-06-24,824018,LAA,2.986813186813187,1.0455128205128206
2026-06-26,824014,LAA,2.917935635792779,1.1092883307169021
2026-06-27,824015,LAA,2.8414050235478805,0.7657509157509157
2026-06-28,824011,LAA,2.6806907378335945,0.6978937728937727
2026-06-29,823121,LAA,2.6806907378335945,0.6264652014652015
2026-06-30,823122,LAA,2.7449764521193094,0.8276556776556776
2026-07-02,823119,LAA,3.8164050235478806,0.4228937728937728
2026-07-03,824013,LAA,3.8164050235478806,0.28513867085295647
2026-07-04,824012,LAA,3.5592621664050235,0.12085295656724217
2026-07-05,824010,LAA,4.202119309262167,0.363710099424385
2026-07-07,822881,LAA,3.420800627943485,-0.5011250654107798
2026-07-08,822880,LAA,5.349372056514914,0.35601779173207726
2026-07-09,822877,LAA,5.263657770800628,-0.05826792255363703
2026-07-10,823685,LAA,5.412009419152277,0.15601779173207728
2026-07-11,823682,LAA,5.197723704866562,0.283723419437705
2026-07-12,823681,LAA,5.534458398744113,0.2735193378050519
2026-07-17,824009,LAA,5.6109890109890115,0.5218186575329431
2026-07-18,824008,LAA,6.03956043956044,0.5122948480091335
2026-07-19,824007,LAA,6.168131868131868,0.6551519908662764
2026-07-20,824006,LAA,5.685989010989011,0.19681865753294314
2026-07-21,824005,LAA,4.61456043956044,0.208723419437705
2026-07-22,824004,LAA,4.61456043956044,0.2393356643356642
2026-07-24,823196,LAA,4.61456043956044,0.3205044955044954
2026-07-25,823197,LAA,4.092239010989011,0.06425449550449537
2026-07-26,823194,LAA,3.97285125588697,0.28976469958612805
2026-07-27,824001,LAA,2.3657083987441134,-0.44237815755672916
2026-07-28,824003,LAA,2.451422684458399,-0.14714006231863389
2026-07-29,824002,LAA,2.315433673469388,-0.24329390847248003
2026-07-31,823999,LAA,2.9582908163265307,-0.2221900123685839
2026-08-01,824000,LAA,2.6674744897959184,0.12474876314162013
2026-08-02,823996,LAA,2.7286989795918366,0.029510667903524905
2026-08-04,824805,LAA,2.3001275510204082,0.07712971552257253
2026-08-05,824806,LAA,2.814413265306122,1.0057011440940011
2026-08-06,824804,LAA,2.9751275510204076,0.9342725726654297
2026-08-07,823836,LAA,2.9751275510204076,0.9974593858522429
2026-08-08,823834,LAA,3.232270408163265,1.1688879572808142
2026-08-09,823835,LAA,3.5726065426170464,1.1276350924985379
2026-08-10,823998,LAA,4.577070828331332,1.5160279496413949
2026-08-11,823997,LAA,4.7607442977190875,1.3119463169883336
2026-08-12,823994,LAA,4.5770708283313315,1.2379667251515991
2026-08-13,823995,LAA,4.362785114045618,0.9284429156277897
2026-08-14,823993,LAA,4.202070828331332,0.9641572013420754
2026-08-15,823990,LAA,4.073499399759904,1.0677286299135038
2026-08-16,823991,LAA,3.9357442977190877,0.5065041401175855
2026-08-18,824154,LAA,3.660234093637455,0.46754310115654646
2026-08-19,824155,LAA,3.9816626650660263,0.7651621487755941
2026-08-20,824153,LAA,3.3388055222088835,-0.47293308931964395
2026-08-21,822857,LAA,3.3388055222088835,-0.7765045178910724
2026-08-22,822858,LAA,3.3388055222088835,-0.7390419804285351
2026-08-23,822856,LAA,3.081662665066027,-0.6604705518571066
2026-08-24,823992,LAA,2.741326530612245,-0.6170531849103279
2026-08-25,823989,LAA,1.7916512059369205,-0.8167285095856525
2026-03-20,831766,LAD,,
2026-03-21,831937,LAD,,
2026-03-22,831804,LAD,,
2026-03-23,831821,LAD,4.5,2.2756410256410255
2026-03-24,831820,LAD,4.125,1.873397435897436
2026-03-26,823974,LAD,3.3,1.1787179487179487
2026-03-27,823971,LAD,2.75,0.760042735042735
2026-03-28,823973,LAD,2.357142857142857,0.5002046972635207
2026-03-30,823972,LAD,2.0625,0.3543457767722473
2026-03-31,823969,LAD,2.433333333333333,0.20386291268644208
2026-04-01,823970,LAD,2.4899999999999998,0.2168099547511312
2026-04-03,822758,LAD,2.809090909090909,0.5910393528040586
2026-04-04,822757,LAD,3.025,0.5417860734037204
2026-04-05,822756,LAD,3.4846153846153842,0.807802529295742
2026-04-06,822832,LAD,3.2357142857142853,0.7501023486317605
2026-04-07,822831,LAD,2.914285714285714,0.553673777203189
2026-04-08,822833,LAD,2.914285714285714,0.5719887955182072
2026-04-10,823968,LAD,3.3964285714285714,0.4291316526610644
2026-04-11,823967,LAD,3.8249999999999997,0.5005602240896359
2026-04-12,823966,LAD,3.8249999999999997,0.4481792717086836
2026-04-13,823964,LAD,4.082142857142857,0.6148459383753503
2026-04-14,823965,LAD,4.082142857142857,0.6904761904761906
2026-04-15,823963,LAD,4.082142857142857,0.30952380952380965
2026-04-17,824373,LAD,3.9107142857142856,0.2619047619047619
2026-04-18,824372,LAD,3.6964285714285716,0.13095238095238101
2026-04-19,824371,LAD,3.6964285714285716,-0.32142857142857134
2026-04-20,824370,LAD,4.4678571428571425,-0.10714285714285708
2026-04-21,823236,LAD,4.4678571428571425,0.035714285714285775
2026-04-22,823231,LAD,4.4678571428571425,0.1071428571428572
2026-04-23,823233,LAD,5.271428571428571,0.5357142857142858
2026-04-24,823962,LAD,5.271428571428571,0.5833333333333334
2026-04-25,823960,LAD,5.5125,0.949404761904762
2026-04-26,823959,LAD,4.869642857142857,0.6696428571428571
2026-04-27,823961,LAD,4.869642857142857,0.9553571428571429
2026-04-28,823956,LAD,4.612499999999999,0.7410714285714286
2026-04-29,823958,LAD,4.612499999999999,0.5505952380952381
2026-05-01,823066,LAD,4.805357142857142,0.8720238095238095
2026-05-02,823067,LAD,4.976785714285714,0.9910714285714286
2026-05-03,823065,LAD,4.976785714285714,1.1339285714285714
2026-05-04,824201,LAD,4.7625,1.2529761904761905
2026-05-05,824200,LAD,3.6053571428571423,0.8482142857142857
2026-05-06,824198,LAD,2.9624999999999995,0.27678571428571436
2026-05-08,823957,LAD,3.0428571428571423,0.09821428571428578
2026-05-09,823955,LAD,2.0785714285714287,-0.32760989010989006
2026-05-10,823954,LAD,2.292857142857143,-0.3990384615384615
2026-05-11,823953,LAD,1.0875,-1.01510989010989
2026-05-12,823951,LAD,2.0517857142857143,-0.6043956043956042
2026-05-13,823952,LAD,2.292857142857143,-0.8038003663003661
2026-05-14,823950,LAD,2.292857142857143,-0.8038003663003661
2026-05-15,824037,LAD,2.292857142857143,-0.7323717948717947
2026-05-16,824038,LAD,2.1,-0.6864534275248559
2026-05-17,824034,LAD,1.7142857142857142,-0.567405808477237
2026-05-18,823301,LAD,1.7142857142857142,-0.817405808477237
2026-05-19,823302,LAD,1.5,-0.7935962846677131
2026-05-20,823299,LAD,1.5,-0.5888343799058083
2026-05-22,823788,LAD,1.5,-0.5888343799058083
2026-05-23,823787,LAD,1.4196428571428572,-0.41026295133437973
2026-05-24,823786,LAD,1.4196428571428572,-0.4665816326530611
2026-05-25,823948,LAD,1.2053571428571428,-0.6808673469387754
2026-05-26,823949,LAD,1.4196428571428572,-0.5618197278911563
2026-05-27,823947,LAD,1.5267857142857142,-0.2642006802721086
2026-05-29,823946,LAD,1.2857142857142858,-0.32670068027210863
2026-05-30,823945,LAD,1.6071428571428572,-0.32670068027210863
2026-05-31,823944,LAD,2.133116883116883,-0.051808905380333704
2026-06-01,825078,LAD,2.3084415584415585,0.30162337662337685
2026-06-02,825079,LAD,3.07987012987013,0.6540043290043293
2026-06-03,825077,LAD,3.524925074925075,1.0166416916416918
2026-06-04,825076,LAD,3.524925074925075,0.9452131202131204
2026-06-05,823943,LAD,4.351455687169973,1.573784548784549
2026-06-06,823942,LAD,4.351455687169973,1.5380702630702634
2026-06-07,823941,LAD,4.994312830027115,2.2523559773559776
2026-06-09,823374,LAD,5.91667307847432,2.4720764742503873
2026-06-10,823372,LAD,6.109530221331463,2.5863621885361012
2026-06-11,823371,LAD,8.305958792760036,4.07445742663134
2026-06-12,824588,LAD,7.53123351803476,3.279585631759545
2026-06-13,824587,LAD,7.706558193359435,3.539325891499805
2026-06-14,824586,LAD,7.385129621930864,3.682183034356948
2026-06-15,823938,LAD,7.502012738813981,4.050148402322315
2026-06-16,823939,LAD,7.326688063489306,3.6150834672573806
2026-06-17,823940,LAD,6.555259492060734,3.0722263244002375
2026-06-19,823936,LAD,6.110204547005789,3.0429222950962083
2026-06-20,823937,LAD,6.495918832720075,3.0072080093819227
2026-06-21,823934,LAD,5.669388220475177,2.2691127712866845
2026-06-22,823692,LAD,6.350060489382741,2.7628102502782816
2026-06-23,823690,LAD,5.707203346525597,2.0038816788497096
2026-06-24,823691,LAD,5.106271669506965,2.194875467669586
2026-06-26,823285,LAD,4.913414526649822,2.2234468962410143
2026-06-27,823283,LAD,3.145557383792678,0.7591611819552998
2026-06-28,823281,LAD,3.063139801375096,1.0540329768270946
2026-06-29,824986,LAD,3.0485294117647066,0.9192927170868349
2026-06-30,824984,LAD,3.2628151260504206,0.8240546218487398
2026-07-01,824985,LAD,2.6199579831932778,0.12167366946778738
2026-07-02,823935,LAD,3.2628151260504206,0.6828981592637058
2026-07-03,823933,LAD,3.3699579831932778,0.7186124449779915
2026-07-04,823932,LAD,3.3699579831932778,0.43289815926370573
2026-07-05,823931,LAD,2.9842436974789917,0.32575530212084847
2026-07-06,823930,LAD,3.5352641056422565,0.635279111644658
2026-07-07,823929,LAD,3.240306122448979,0.4630102040816328
2026-07-08,823928,LAD,3.2403061224489798,0.4005102040816328
2026-07-10,823927,LAD,2.918877551020408,-0.08758503401360526
2026-07-11,823926,LAD,3.2695269016697592,0.08449288806431683
2026-07-12,823925,LAD,3.269526901669759,0.6797309833024121
2026-07-17,823524,LAD,3.2305658627087195,0.9243197278911567
2026-07-19,823521,LAD,3.069851576994434,0.9421768707482995
2026-07-20,823436,LAD,2.947402597402597,1.1598639455782316
2026-07-21,823437,LAD,3.911688311688312,2.302721088435374
2026-07-22,823438,LAD,3.268831168831169,1.6700680272108848
2026-07-24,823601,LAD,3.512337662337663,1.6668212739641315
2026-07-25,823600,LAD,3.8337662337662337,2.1549165120593696
2026-07-26,823599,LAD,4.2623376623376625,2.3692022263450836
2026-07-28,823923,LAD,5.211317254174397,2.940630797773655
2026-07-29,823924,LAD,5.25417439703154,2.9168212739641315
2026-07-30,823921,LAD,5.682745825602969,2.9763450834879412
2026-07-31,823922,LAD,5.682745825602969,3.104050711193569
2026-08-01,823920,LAD,5.894596474953618,3.235544217687075
2026-08-02,823919,LAD,5.251739332096475,2.3545918367346945
2026-08-03,824647,LAD,5.279422175568792,2.2202787813690072
2026-08-04,824645,LAD,5.805396201542819,2.2202787813690072
2026-08-05,824646,LAD,6.677845181134655,2.526401230348599
2026-08-07,825051,LAD,5.8742737525632265,1.4371155160628848
2026-08-08,825049,LAD,6.425294160726492,2.0799726589200276
2026-08-09,825050,LAD,6.222996458428789,2.267285346232715
2026-08-10,823918,LAD,5.901567887000218,1.8234077952123067
2026-08-11,823917,LAD,5.7944250298573605,2.055550652355164
2026-08-12,823916,LAD,4.615853601285933,1.287693509498021
2026-08-13,823915,LAD,4.187282172714504,1.0615030333075448
2026-08-14,823913,LAD,4.401567887000218,0.9424554142599258
2026-08-15,823914,LAD,4.401567887000218,1.0528450246495362
2026-08-16,823912,LAD,3.839067887000218,0.7730831198876315
2026-08-17,824320,LAD,4.267639315571647,0.8207021675066791
2026-08-18,824319,LAD,4.707488939631796,0.6866169544740977
2026-08-19,824318,LAD,4.502943485086342,0.6151883830455264
2026-08-21,823911,LAD,3.795800627943485,0.20090266875981191
2026-08-22,823910,LAD,3.98573569287855,0.44278578564292875
2026-08-23,823909,LAD,3.434715284715285,-0.2714999286427855
2026-08-25,824881,LAD,3.286363636363636,-0.5388991960420529
2026-03-20,831450,MIA,,
2026-03-20,831505,MIA,,
2026-03-21,831449,MIA,,
2026-03-22,831446,MIA,2.6999999999999997,0.41666666666666674
2026-03-27,823893,MIA,2.025,-0.32211538461538464
2026-03-28,823892,MIA,1.6199999999999999,-1.0576923076923077
2026-03-29,823891,MIA,1.3499999999999999,-1.2147435897435896
2026-03-30,823890,MIA,1.157142857142857,-1.3626373626373627
2026-03-31,823888,MIA,1.2375,-1.2423076923076923
2026-04-03,823568,MIA,1.1,-1.4137973137973137
2026-04-04,823569,MIA,1.6649999999999998,-0.8724175824175824
2026-04-05,823566,MIA,2.7409090909090907,-0.4112887112887113
2026-04-06,823886,MIA,2.6999999999999997,-0.2936813186813187
2026-04-07,823887,MIA,2.4923076923076923,-0.22493660185967876
2026-04-08,823885,MIA,3.4714285714285715,0.13398744113029828
2026-04-09,823884,MIA,3.342857142857143,0.0411302982731554
2026-04-10,824297,MIA,3.021428571428572,-0.10172684458398744
2026-04-11,824294,MIA,2.892857142857143,-0.4731554160125589
2026-04-12,824293,MIA,3.107142857142857,-0.17278911564625846
2026-04-13,824937,MIA,3.4285714285714284,0.07721088435374149
2026-04-14,824935,MIA,3.4285714285714284,0.1629251700680272
2026-04-15,824936,MIA,4.071428571428571,0.29982993197278907
2026-04-17,823883,MIA,4.714285714285714,0.8212585034013605
2026-04-18,823882,MIA,4.8520408163265305,0.989625850340136
2026-04-19,823881,MIA,4.691326530612245,0.8824829931972787
2026-04-20,823879,MIA,4.155612244897959,0.5824829931972788
2026-04-21,823880,MIA,4.170222634508349,0.3162492269635126
2026-04-22,823878,MIA,4.170222634508349,0.15800746872175433
2026-04-24,823232,MIA,3.1737940630797774,-0.1491353884211028
2026-04-25,823229,MIA,3.3880797773654914,0.3151503258646115
2026-04-26,823230,MIA,3.8702226345083486,0.9758646115788973
2026-04-27,823961,MIA,4.94165120593692,1.6663408020550876
2026-04-28,823956,MIA,5.140630797773655,1.6238237952523666
2026-04-29,823958,MIA,5.033487940630798,1.6595380809666522
2026-05-01,823877,MIA,5.033487940630798,1.9071571285857
2026-05-02,823876,MIA,5.033487940630798,2.1273952238237954
2026-05-03,823875,MIA,4.262059369202226,1.4202523666809381
2026-05-04,823874,MIA,4.12430426716141,1.3380826566916793
2026-05-05,823873,MIA,3.8028756957328382,1.0815891501981727
2026-05-06,823872,MIA,3.649814471243043,1.0203646604022543
2026-05-07,823870,MIA,3.795918367346939,1.2151698552074492
2026-05-08,823871,MIA,3.9566326530612246,1.2769830420206358
2026-05-09,823869,MIA,3.795918367346939,1.2055544705920644
2026-05-10,823868,MIA,4.224489795918367,0.896030661068255
2026-05-12,823712,MIA,3.7423469387755097,0.33650685154444554
2026-05-13,823710,MIA,2.6709183673469385,0.03888780392539789
2026-05-14,823709,MIA,2.4505102040816324,0.13378576310907137
2026-05-15,822983,MIA,2.525510204081633,0.08021433453764279
2026-05-16,822981,MIA,2.525510204081633,-0.29393532532630273
2026-05-17,822982,MIA,2.2040816326530615,-0.4367924681834456
2026-05-18,823867,MIA,2.4183673469387754,-0.07964961104058846
2026-05-19,823865,MIA,2.4183673469387754,-0.038296227581941844
2026-05-20,823866,MIA,3.061224489795918,0.19438775510204082
2026-05-21,823864,MIA,2.7857142857142856,0.20204081632653065
2026-05-22,823863,MIA,3.107142857142857,0.4401360544217688
2026-05-23,823862,MIA,2.9464285714285716,0.3062074829931974
2026-05-24,823861,MIA,3.267857142857143,0.12763605442176876
2026-05-25,822812,MIA,2.625,0.2050170068027211
2026-05-26,822811,MIA,2.7857142857142856,0.38954081632653065
2026-05-27,822809,MIA,2.7857142857142856,0.08852040816326535
2026-05-29,823623,MIA,2.914285714285714,0.11352040816326536
2026-05-30,823622,MIA,3.0107142857142857,0.3813775510204082
2026-05-31,823621,MIA,3.6535714285714285,1.1602891156462587
2026-06-01,822730,MIA,4.144172932330827,1.456341747225206
2026-06-02,822728,MIA,3.929887218045113,1.2777703186537774
2026-06-03,822727,MIA,4.234398496240602,1.1687477622628
2026-06-05,823860,MIA,3.591541353383459,1.0854144289294667
2026-06-06,823859,MIA,3.8670515574650914,1.2920470819906913
2026-06-07,823857,MIA,3.54562298603652,1.1134756534192625
2026-06-09,823858,MIA,3.54562298603652,1.0866899391335483
2026-06-10,823856,MIA,3.7501684405819744,1.4763003287439378
2026-06-11,823855,MIA,3.7501684405819744,1.3798717573153667
2026-06-12,823370,MIA,3.589454154867689,1.040586043029652
2026-06-13,823369,MIA,3.589454154867689,0.8773207369072031
2026-06-14,823368,MIA,3.4823112977248316,0.6570826416691079
2026-06-15,823452,MIA,3.3108827262962603,0.6808921654786317
2026-06-16,823451,MIA,3.0537398691534032,0.08565407024053652
2026-06-17,823450,MIA,2.241709793965433,-0.31754141848126805
2026-06-19,823853,MIA,2.241709793965433,-0.567541418481268
2026-06-20,823854,MIA,2.1049003791239813,-0.34050643973004213
2026-06-21,823852,MIA,2.2656146648382673,-0.5369350111586135
2026-06-22,823851,MIA,1.9901044607566347,-0.598159500954532
2026-06-23,823849,MIA,2.097247317899492,-0.6576833104783415
2026-06-24,823850,MIA,2.9237779301443894,0.26068403646043387
2026-06-26,823039,MIA,2.546155552522012,0.10184287761927509
2026-06-27,823038,MIA,2.546155552522012,0.0018428776192750882
2026-06-28,823037,MIA,2.659600930673272,0.09217901207305661
2026-06-29,824339,MIA,2.659600930673272,0.16360758350162805
2026-06-30,824338,MIA,2.831029502101844,0.3802742501682947
2026-07-01,824337,MIA,2.96739313846548,0.10321797311201765
2026-07-02,824335,MIA,2.903107424179766,0.4960751159691605
2026-07-03,824982,MIA,4.317393138465481,0.892503687397732
2026-07-04,824983,MIA,4.317393138465481,1.1025877210111772
2026-07-05,824980,MIA,4.149691275111443,1.1274324415080716
2026-07-07,823847,MIA,6.238976989397157,1.8952895843652144
2026-07-08,823848,MIA,6.624691275111443,1.8177385639570514
2026-07-09,823846,MIA,6.1961198465400145,1.603452849671337
2026-07-10,823845,MIA,5.691017805723688,1.0957997884468473
2026-07-11,823844,MIA,5.5426661573720395,1.0078877005347595
2026-07-12,823842,MIA,5.971237585943468,0.9840781767252357
2026-07-17,823766,MIA,6.018506493506494,1.2955277565571683
2026-07-18,823763,MIA,6.018506493506494,1.5098134708428825
2026-07-19,823764,MIA,6.275649350649351,1.3455277565571684
2026-07-20,824167,MIA,6.751530612244898,1.6906112444977992
2026-07-21,824165,MIA,6.751530612244898,1.458468387354942
2026-07-22,824166,MIA,5.687894248608535,1.2519748808614357
2026-07-24,823843,MIA,5.687894248608535,1.0418908472479902
2026-07-25,823841,MIA,6.028230383062316,1.2981933682563935
2026-07-26,823840,MIA,5.063944668776601,0.9053362253992506
2026-07-27,823839,MIA,5.271636976468909,1.253687873750899
2026-07-28,823838,MIA,5.914494119326052,1.4322593023223276
2026-07-29,823837,MIA,5.5930655478974804,1.0929735880366134
2026-07-30,823595,MIA,5.5930655478974804,1.128687873750899
2026-07-31,823593,MIA,5.807351262183195,1.152497397560423
2026-08-01,823594,MIA,5.807351262183195,0.8757116832747086
2026-08-02,823592,MIA,5.807351262183195,0.8042831118461372
2026-08-04,824888,MIA,5.164494119326052,0.84714025470328
2026-08-05,824889,MIA,4.9808206499382965,1.1481606628665453
2026-08-06,824885,MIA,4.659392078509725,0.8445892342951168
2026-08-07,823836,MIA,5.0801712992889465,1.1225113122171948
2026-08-08,823834,MIA,5.0801712992889465,1.5796541693600517
2026-08-09,823835,MIA,4.739835164835164,1.14478021978022
2026-08-11,823832,MIA,3.582692307692308,0.7947802197802201
2026-08-12,823833,MIA,2.9892857142857143,0.21785714285714297
2026-08-13,823829,MIA,2.3464285714285715,0.18214285714285725
2026-08-14,824479,MIA,3.9243506493506493,1.2016233766233768
2026-08-15,824480,MIA,3.9243506493506493,1.0944805194805196
2026-08-16,824477,MIA,3.2814935064935065,1.0065684315684318
2026-08-17,823427,MIA,3.335064935064935,1.226806526806527
2026-08-18,823423,MIA,3.9779220779220776,1.726806526806527
2026-08-19,823424,MIA,4.460064935064935,1.633949383949384
2026-08-21,823830,MIA,4.138636363636364,1.0268065268065267
2026-08-22,823831,MIA,4.395779220779221,1.326806526806527
2026-08-23,823827,MIA,3.624350649350649,0.8410922410922411
2026-08-24,823828,MIA,3.7727022977022977,0.6531801531801534
2026-08-25,823826,MIA,4.736988011988012,1.0103230103230103
2026-03-20,831796,MIL,,
2026-03-21,831767,MIL,,
2026-03-22,831789,MIL,,
2026-03-23,832078,MIL,8.022727272727273,2.3535353535353534
2026-03-24,832077,MIL,6.338474025974026,1.8365800865800865
2026-03-26,823812,MIL,5.430779220779221,1.8292640692640691
2026-03-28,823811,MIL,4.900649350649351,1.566053391053391
2026-03-29,823810,MIL,4.2005565862708725,1.1892702535559678
2026-03-30,823809,MIL,3.675487012987013,0.7281114718614718
2026-03-31,823807,MIL,3.767099567099567,0.7583213083213083
2026-04-01,823806,MIL,3.3903896103896103,0.7324891774891775
2026-04-04,824132,MIL,3.082172373081464,0.6052931916568279
2026-04-04,824134,MIL,3.200324675324675,0.4923520923520923
2026-04-05,824131,MIL,3.4156843156843157,0.6980685980685981
2026-04-06,824783,MIL,3.6976808905380336,0.6482065553494125
2026-04-07,824780,MIL,3.189239332096475,1.010544217687075
2026-04-08,824779,MIL,2.974953617810761,0.6563775510204081
2026-04-10,823808,MIL,2.412453617810761,0.5670918367346939
2026-04-11,823805,MIL,2.8027597402597406,0.6002551020408163
2026-04-12,823804,MIL,2.8119434137291277,0.532908163265306
2026-04-14,823802,MIL,3.936943413729128,0.5388605442176871
2026-04-15,823803,MIL,4.763474025974026,0.6460034013605442
2026-04-16,823801,MIL,4.763474025974026,0.6715136054421768
2026-04-17,823883,MIL,4.442045454545455,0.4776360544217687
2026-04-18,823882,MIL,4.717555658627087,0.6715136054421768
2026-04-19,823881,MIL,5.038984230055659,0.7191326530612245
2026-04-21,824290,MIL,5.146127087198516,0.7250850340136054
2026-04-22,824286,MIL,5.038984230055659,0.4274659863945578
2026-04-23,824288,MIL,5.048724489795918,0.6774659863945578
2026-04-24,823800,MIL,5.284438775510203,0.834608843537415
2026-04-25,823799,MIL,5.445153061224489,0.7899659863945578
2026-04-26,823797,MIL,5.364795918367347,0.5756802721088435
2026-04-28,823798,MIL,4.882653061224489,0.45068027210884354
2026-04-29,823796,MIL,4.744897959183673,0.28231292517006806
2026-04-30,823795,MIL,3.73469387755102,0.5952380952380952
2026-05-01,822744,MIL,2.992014196983141,0.38760721679976334
2026-05-02,822746,MIL,3.167338872307816,0.5211879218090397
2026-05-03,822742,MIL,3.167338872307816,0.5960178537818289
2026-05-04,823064,MIL,3.213257239654755,0.4021403027614208
2026-05-06,823063,MIL,3.167338872307816,0.29499744561856367
2026-05-08,823794,MIL,2.995910300879245,0.27118792180903983
2026-05-09,823792,MIL,2.6744817294506733,0.19975935038046838
2026-05-10,823793,MIL,2.1387674437363877,-0.15738350676238877
2026-05-12,823790,MIL,1.870910300879245,-0.6216692210481031
2026-05-13,823791,MIL,1.8855206904896347,-0.8180977924766745
2026-05-14,823789,MIL,2.689092119061063,-0.3002406496195316
2026-05-15,823707,MIL,2.689092119061063,-0.17524064961953162
2026-05-16,823706,MIL,2.849806404775349,-0.12166922104810306
2026-05-17,823708,MIL,2.5742962006937162,-0.5655467720685112
2026-05-18,824680,MIL,2.811873840445269,-0.2813852813852814
2026-05-19,824677,MIL,2.6365491651205937,-0.4267399267399267
2026-05-20,824678,MIL,2.8508348794063076,-0.5457875457875458
2026-05-22,823788,MIL,2.5294063079777365,-0.6172161172161174
2026-05-23,823787,MIL,2.253896103896104,-0.3672161172161173
2026-05-24,823786,MIL,2.961038961038961,-0.004971219256933652
2026-05-25,823784,MIL,3.2181818181818183,0.26645735217163785
2026-05-26,823785,MIL,3.2181818181818183,0.30217163788592355
2026-05-27,823783,MIL,3.0574675324675327,0.1950287807430664
2026-05-29,824191,MIL,2.882142857142857,0.33788592360020925
2026-05-30,824190,MIL,1.917857142857143,-0.10259026687598125
2026-05-31,824187,MIL,2.6191558441558445,0.058124018838304474
2026-06-01,823781,MIL,2.458441558441559,-0.10259026687598125
2026-06-02,823782,MIL,2.458441558441559,-0.009733124018838385
2026-06-03,823780,MIL,2.522727272727273,-0.20259026687598122
2026-06-04,823779,MIL,2.522727272727273,-0.0734693877551021
2026-06-05,824350,MIL,2.8870129870129873,0.1681972789115646
2026-06-06,824351,MIL,3.272727272727273,0.24676870748299315
2026-06-07,824349,MIL,3.272727272727273,-0.0032312925170068546
2026-06-08,824998,MIL,2.5495129870129873,-0.10654761904761909
2026-06-09,824999,MIL,2.6248824451410657,-0.020833333333333353
2026-06-10,824996,MIL,2.83916815942678,0.45535714285714285
2026-06-13,823776,MIL,3.8034538737124945,1.4196428571428572
2026-06-14,823777,MIL,4.607025302283923,1.5982142857142858
2026-06-16,823775,MIL,4.607025302283923,1.5386904761904763
2026-06-17,823774,MIL,4.098583743842364,1.2601190476190478
2026-06-18,823772,MIL,4.098583743842364,1.3270833333333336
2026-06-19,824910,MIL,4.580726600985222,1.8592261904761906
2026-06-20,824909,MIL,4.516440886699508,2.194940476190476
2026-06-21,824908,MIL,5.15929802955665,2.552083333333333
2026-06-22,824502,MIL,5.009298029556651,2.6913690476190477
2026-06-23,824501,MIL,4.623583743842365,2.5056547619047618
2026-06-24,824500,MIL,4.623583743842365,2.469940476190476
2026-06-26,823773,MIL,5.071287825475018,2.8640731292517008
2026-06-27,823770,MIL,4.953061224489796,2.8640731292517008
2026-06-28,823769,MIL,5.703061224489796,3.0664540816326533
2026-06-29,823771,MIL,5.183830455259026,2.2230474882260594
2026-06-30,823768,MIL,4.3802590266875985,1.9016189167974882
2026-07-01,823767,MIL,4.3802590266875985,1.9275929427715142
2026-07-02,823765,MIL,4.187401883830455,1.8633072284857999
2026-07-03,825062,MIL,4.508830455259027,2.296342942771514
2026-07-04,825063,MIL,4.02668759811617,1.761342942771514
2026-07-05,825061,MIL,3.8536106750392465,1.4618923933209647
2026-07-06,823036,MIL,3.3393249607535322,1.2118923933209647
2026-07-07,823035,MIL,2.9107535321821034,0.8071304885590599
2026-07-07,823062,MIL,2.9107535321821034,0.8428447742733456
2026-07-08,823032,MIL,2.9107535321821034,0.9499876314162028
2026-07-09,823034,MIL,2.5434065934065937,0.4219264069264069
2026-07-11,823356,MIL,2.5044455544455544,0.46088744588744596
2026-07-11,823357,MIL,1.5401598401598402,-0.017683982683982684
2026-07-12,823358,MIL,1.6093906093906096,-0.009991674991674995
2026-07-17,823766,MIL,2.5093906093906093,0.2185797535797536
2026-07-18,823763,MIL,2.5093906093906093,0.19260572760572764
2026-07-19,823764,MIL,3.152247752247752,0.5830819180819181
2026-07-20,823762,MIL,2.8308191808191805,0.1723676323676324
2026-07-21,823760,MIL,3.0879620379620376,0.060939060939060936
2026-07-22,823761,MIL,3.236313686313686,0.22577422577422582
2026-07-24,823759,MIL,3.2684565434565434,0.047202797202797235
2026-07-25,823758,MIL,3.2684565434565434,0.21386946386946387
2026-07-26,823755,MIL,3.2684565434565434,0.46386946386946387
2026-07-27,823195,MIL,3.429170829170829,0.6245837495837495
2026-07-28,823193,MIL,3.1077422577422573,0.6067266067266067
2026-07-29,823192,MIL,3.3181318681318683,0.5463369963369963
2026-07-31,823999,MIL,4.860989010989011,0.7749084249084248
2026-08-01,824000,MIL,4.346703296703296,0.6463369963369962
2026-08-02,823996,MIL,3.446703296703297,0.382051282051282
2026-08-03,823757,MIL,4.089560439560439,0.5963369963369962
2026-08-04,823756,MIL,3.446703296703297,0.1915750915750916
2026-08-05,823753,MIL,3.446703296703297,0.3165750915750915
2026-08-06,823754,MIL,3.510989010989011,0.6415750915750916
2026-08-07,823750,MIL,3.2142857142857144,0.4071428571428571
2026-08-08,823752,MIL,3.375,0.4071428571428571
2026-08-09,823751,MIL,3.375,0.4309523809523809
2026-08-10,823265,MIL,3.375,0.23452380952380952
2026-08-11,823264,MIL,3.2142857142857144,0.15238095238095234
2026-08-12,823263,MIL,3.792857142857143,0.030952380952380936
2026-08-13,823915,MIL,3.7577922077922072,0.03290043290043292
2026-08-14,823913,MIL,2.3902597402597405,-0.26580086580086576
2026-08-15,823914,MIL,2.3902597402597405,-0.3229437229437229
2026-08-16,823912,MIL,2.3902597402597405,-0.0967532467532467
2026-08-18,823749,MIL,2.068831168831169,0.22467532467532475
2026-08-19,823748,MIL,2.068831168831169,0.4032467532467533
2026-08-20,823747,MIL,2.068831168831169,0.29100185528756967
2026-08-21,823746,MIL,1.7474025974025975,-0.06614100185528748
2026-08-22,823743,MIL,1.9616883116883117,0.10052566481137919
2026-08-23,823745,MIL,1.6402597402597403,0.18385899814471252
2026-08-25,823585,MIL,1.8009740259740261,0.29100185528756967
2026-03-20,831604,MIN,,
2026-03-21,831599,MIN,,
2026-03-22,831492,MIN,,
2026-03-23,832036,MIN,2.0,0.6833333333333332
2026-03-24,832037,MIN,2.4642857142857144,1.4232142857142858
2026-03-26,824865,MIN,3.0964285714285715,1.0135714285714286
2026-03-28,824862,MIN,3.705357142857143,0.9071428571428571
2026-03-29,824864,MIN,3.1760204081632653,0.7163265306122449
2026-03-30,824135,MIN,4.185267857142858,0.7517857142857143
2026-04-01,824136,MIN,4.053571428571429,0.8904761904761904
2026-04-02,824133,MIN,4.548214285714286,1.6514285714285712
2026-04-03,823732,MIN,4.407467532467533,1.4103896103896103
2026-04-04,823730,MIN,4.1901785714285715,1.292857142857143
2026-04-05,823729,MIN,4.283241758241759,1.2703296703296703
2026-04-06,823728,MIN,4.3630102040816325,1.6081632653061224
2026-04-07,823727,MIN,4.3630102040816325,1.7331632653061224
2026-04-08,823726,MIN,4.1755102040816325,1.4742346938775508
2026-04-09,823724,MIN,4.946938775510204,1.581377551020408
2026-04-10,822829,MIN,4.885714285714285,1.2497448979591836
2026-04-11,822830,MIN,5.2875000000000005,1.508673469387755
2026-04-12,822828,MIN,5.448214285714286,2.053316326530612
2026-04-13,823725,MIN,5.608928571428572,2.0124999999999997
2026-04-14,823723,MIN,5.233928571428572,2.0124999999999997
2026-04-15,823722,MIN,5.019642857142857,1.8339285714285711
2026-04-17,823720,MIN,4.698214285714286,1.1910714285714283
2026-04-18,823721,MIN,4.483928571428572,1.238690476190476
2026-04-19,823718,MIN,4.998214285714285,1.2148809523809523
2026-04-21,823640,MIN,5.138474025974026,1.1629329004329005
2026-04-22,823641,MIN,4.752759740259741,0.5200757575757574
2026-04-23,823639,MIN,4.913474025974026,0.6450757575757574
2026-04-24,822992,MIN,5.31525974025974,0.49924242424242415
2026-04-25,822989,MIN,4.543831168831169,0.3063852813852813
2026-04-26,822991,MIN,5.61525974025974,0.27067099567099556
2026-04-27,823719,MIN,4.811688311688312,0.03690476190476182
2026-04-28,823716,MIN,4.49025974025974,-0.2666666666666667
2026-04-29,823717,MIN,5.400974025974025,0.20952380952380947
2026-04-30,823714,MIN,5.936688311688312,0.2452380952380952
2026-05-01,823713,MIN,5.936688311688312,0.35238095238095235
2026-05-02,823715,MIN,5.763611388611388,0.40457875457875453
2026-05-03,823711,MIN,7.049325674325674,1.0176739926739926
2026-05-05,822743,MIN,6.792182817182817,1.170054945054945
2026-05-06,822740,MIN,6.480494505494505,1.1267649017649017
2026-05-07,822741,MIN,8.623351648351647,2.2934315684315685
2026-05-08,824443,MIN,8.813286713286713,2.4086913086913087
2026-05-09,824444,MIN,8.599000999000998,2.67059607059607
2026-05-10,824440,MIN,8.599000999000998,3.0420246420246424
2026-05-13,823710,MIN,7.634715284715284,3.1491674991674996
2026-05-14,823709,MIN,7.741858141858141,3.061505161505162
2026-05-15,823707,MIN,7.741858141858141,2.793648018648019
2026-05-16,823706,MIN,6.884715284715284,2.341267066267066
2026-05-17,823708,MIN,5.92042957042957,2.3293623043623044
2026-05-18,823705,MIN,6.081143856143855,2.2757908757908756
2026-05-19,823704,MIN,6.318506493506493,2.430735930735931
2026-05-20,823703,MIN,5.032792207792207,1.7938311688311688
2026-05-22,824761,MIN,4.647077922077922,1.3795454545454546
2026-05-23,824760,MIN,4.4327922077922075,1.3176406926406927
2026-05-24,824759,MIN,2.4506493506493507,0.4366883116883117
2026-05-25,824598,MIN,2.2607142857142857,0.08928571428571423
2026-05-26,824597,MIN,1.832142857142857,-0.017857142857142905
2026-05-27,824596,MIN,1.832142857142857,-0.3464285714285715
2026-05-28,824595,MIN,3.0886363636363634,0.276948051948052
2026-05-29,823377,MIN,2.981493506493506,0.26355519480519485
2026-05-30,823375,MIN,2.956768231768232,0.3954233266733267
2026-05-31,823373,MIN,3.1281968031968033,0.7216138028638029
2026-06-01,823702,MIN,3.3035214785214784,0.684817266067266
2026-06-02,823700,MIN,3.571378621378621,0.952674408924409
2026-06-03,823701,MIN,3.1856643356643355,0.5907696470196472
2026-06-04,823698,MIN,3.6307192807192807,0.9350919913419915
2026-06-05,823699,MIN,4.089902954188668,1.4044797464440324
2026-06-06,823697,MIN,4.41133152561724,1.3473368893011752
2026-06-07,823696,MIN,4.679188668474382,1.2997178416821276
2026-06-09,824267,MIN,5.069494790923363,1.381350494743352
2026-06-10,824266,MIN,5.9461181675467385,1.6378440012368585
2026-06-11,824265,MIN,6.160403881832453,1.671177334570192
2026-06-12,823695,MIN,5.868196089624661,2.583514996907854
2026-06-13,823694,MIN,6.939624661053232,2.7754792826221397
2026-06-14,823693,MIN,7.7143499357785075,3.500754007896865
2026-06-15,822887,MIN,7.328635650064221,3.0691213548356404
2026-06-16,822888,MIN,7.153310974739546,2.845844631558917
2026-06-18,822889,MIN,6.724739546168117,2.381558917273203
2026-06-19,825069,MIN,7.206882403310975,3.214892250606536
2026-06-20,825068,MIN,7.726113172541744,2.7396175253318105
2026-06-21,825067,MIN,8.231215213358071,2.680944055944056
2026-06-22,823692,MIN,7.909786641929499,2.8238011988011986
2026-06-23,823690,MIN,7.4812152133580705,2.7285631035631033
2026-06-24,823691,MIN,7.848562152133581,2.8152977974406546
2026-06-26,823688,MIN,6.971938775510204,2.4992804814233383
2026-06-27,823689,MIN,8.043367346938776,3.237375719518577
2026-06-28,823686,MIN,7.634276437847866,2.3639990961419532
2026-06-29,824176,MIN,6.562847866419295,2.244951477094334
2026-06-30,824175,MIN,6.455705009276437,2.4592371913800486
2026-07-01,824174,MIN,6.455705009276437,2.5230127015841304
2026-07-03,823527,MIN,6.455705009276437,2.723562152133581
2026-07-04,823526,MIN,6.7771335807050095,2.8842764378478667
2026-07-05,823525,MIN,6.294990723562152,2.2579028114742403
2026-07-07,823687,MIN,5.6521335807050095,2.293617097188526
2026-07-08,823684,MIN,4.687847866419295,2.0614742400456687
2026-07-09,823683,MIN,5.009276437847866,2.025759954331383
2026-07-10,823685,MIN,5.6521335807050095,2.5793313829028115
2026-07-11,823682,MIN,4.733766233766233,2.303821178821179
2026-07-12,823681,MIN,4.948051948051948,2.3276307026307026
2026-07-17,824655,MIN,3.662337662337662,1.6490592740592742
2026-07-18,824657,MIN,2.7857142857142856,1.0256826506826509
2026-07-19,824653,MIN,3.0,0.9066350316350317
2026-07-20,824410,MIN,2.0357142857142856,-0.1790792540792541
2026-07-21,824409,MIN,2.8392857142857144,0.10663503163503162
2026-07-22,824408,MIN,3.179621848739496,0.15915604003839295
2026-07-23,824406,MIN,3.1153361344537815,0.3627274686098215
2026-07-24,823680,MIN,3.1153361344537815,0.3748153806977336
2026-07-25,823679,MIN,2.7939075630252104,0.32719633307868595
2026-07-26,823678,MIN,2.7939075630252104,0.377196333078686
2026-07-28,823676,MIN,3.822478991596639,0.8414820473644004
2026-07-29,823677,MIN,3.179621848739496,0.3117201426024955
2026-07-30,823674,MIN,3.179621848739496,0.40695823784059076
2026-07-31,823111,MIN,2.9653361344537816,0.38314871403106693
2026-08-01,823109,MIN,2.9653361344537816,0.38314871403106693
2026-08-02,823107,MIN,3.1581932773109247,0.4727591036414565
2026-08-04,824084,MIN,4.04594837935174,0.945548219287715
2026-08-05,824082,MIN,4.769162665066026,1.013405362144858
2026-08-06,824080,MIN,4.179876950780312,1.0312625050020008
2026-08-07,823750,MIN,3.8395408163265303,0.8239795918367347
2026-08-08,823752,MIN,3.582397959183673,0.6739795918367347
2026-08-09,823751,MIN,3.7966836734693876,0.3120748299319728
2026-08-10,823675,MIN,3.7966836734693876,0.6179356357927787
2026-08-11,823673,MIN,5.082397959183673,0.6393642072213501
2026-08-12,823672,MIN,3.732397959183673,0.11555468341182626
2026-08-13,823669,MIN,3.893112244897959,0.37745944531658815
2026-08-15,823671,MIN,4.150255102040816,0.49650706436420716
2026-08-16,823670,MIN,4.310969387755102,0.5560308738880168
2026-08-17,823668,MIN,4.836943413729128,0.611225679082822
2026-08-18,823667,MIN,4.644086270871985,0.4520420056134342
2026-08-19,823664,MIN,3.542045454545455,0.017348128062413797
2026-08-21,823262,MIN,3.300974025974026,-0.2326518719375862
2026-08-22,823261,MIN,3.086688311688312,-0.3755090147947291
2026-08-23,823258,MIN,3.5688311688311694,-0.4707471100328243
2026-08-24,824964,MIN,5.068831168831169,0.37449098520527097
2026-08-25,824962,MIN,6.461688311688312,0.9221100328243186
2026-03-20,831456,NYM,,
2026-03-21,831448,NYM,,
2026-03-21,831549,NYM,,
2026-03-22,831446,NYM,5.291208791208791,2.1575091575091574
2026-03-26,823649,NYM,5.809315684315685,1.6181318681318682
2026-03-28,823651,NYM,5.997452547452548,1.6445054945054944
2026-03-29,823647,NYM,4.9978771228771235,1.1939506571859513
2026-03-30,823080,NYM,4.541037533894676,1.3091005633022437
2026-03-31,823077,NYM,3.973407842157842,0.8454629928894635
2026-04-01,823078,NYM,4.031918081918082,1.4181893270128565
2026-04-02,823242,NYM,3.6287262737262735,1.1638703943115707
2026-04-03,823240,NYM,3.5219825628916537,1.4299648212749816
2026-04-04,823239,NYM,3.433029470529471,1.1971647225323696
2026-04-05,823238,NYM,3.168950280488742,1.028152051568341
2026-04-07,823648,NYM,2.942596689025261,0.9118554764563168
2026-04-08,823646,NYM,2.667086484943628,0.7064983335991739
2026-04-09,823645,NYM,2.5434601113172546,0.6268280039288443
2026-04-10,823643,NYM,3.335551948051948,0.37810351413292587
2026-04-11,823644,NYM,3.3355519480519478,0.3391424751718869
2026-04-12,823642,NYM,3.2391233766233762,0.24628533231474406
2026-04-13,823964,NYM,3.2391233766233762,0.13143939393939394
2026-04-14,823965,NYM,3.110551948051948,-0.1780844155844156
2026-04-15,823963,NYM,3.753409090909091,0.27905844155844156
2026-04-17,824693,NYM,4.717694805194805,0.6600108225108225
2026-04-18,824694,NYM,5.406470315398886,0.8934291898577612
2026-04-19,824691,NYM,5.506655844155844,1.091017316017316
2026-04-21,823640,NYM,5.415182100508188,1.1604696028609072
2026-04-22,823641,NYM,5.9662025086714525,1.2012859293915192
2026-04-23,823639,NYM,5.9662025086714525,1.1727145008200908
2026-04-24,823638,NYM,6.469308098733564,1.455711395230029
2026-04-26,823635,NYM,6.533593813019279,1.2485685380871716
2026-04-26,823637,NYM,5.488950955876422,1.2039256809443144
2026-04-28,823636,NYM,4.962976929902395,1.1639393514843008
2026-04-29,823633,NYM,4.57726264418811,0.965129827674777
2026-04-30,823634,NYM,5.42101264418811,1.3966774467223961
2026-05-01,824041,NYM,5.849584072759539,1.7300107800557296
2026-05-02,824042,NYM,5.206726929902396,1.2300107800557296
2026-05-03,824043,NYM,3.92101264418811,0.48351218061595347
2026-05-04,824363,NYM,3.232237133984029,0.02432850714656576
2026-05-06,824361,NYM,3.1174412156166817,-0.6618959826493526
2026-05-07,824362,NYM,3.837161712511091,-0.31251710066177507
2026-05-08,825088,NYM,4.25042701863354,0.14666657280761272
2026-05-09,825089,NYM,4.25042701863354,0.18238085852189848
2026-05-10,825085,NYM,3.747321428571429,0.09453702533645036
2026-05-12,823632,NYM,3.361607142857143,0.1537206988058381
2026-05-13,823631,NYM,3.200892857142857,0.12395879404393335
2026-05-14,823630,NYM,3.200892857142857,0.18951330532212887
2026-05-15,823629,NYM,3.5223214285714284,0.677608543417367
2026-05-16,823627,NYM,2.816326530612245,0.6355167066826731
2026-05-17,823628,NYM,2.555456965394854,0.3849991083389877
2026-05-18,822734,NYM,2.8125998225377105,0.6564276797675592
2026-05-19,822736,NYM,2.973314108251997,0.6916167553978114
2026-05-20,822735,NYM,2.973314108251997,0.9365147145814847
2026-05-21,822733,NYM,3.5138985238364127,1.3082679613347314
2026-05-22,823863,NYM,2.7103270952649834,0.8975536756204459
2026-05-23,823862,NYM,1.8424699524078407,0.3939822470490172
2026-05-24,823861,NYM,1.8424699524078407,0.42969653276330294
2026-05-25,823625,NYM,2.806755666693555,0.9041863286816704
2026-05-26,823624,NYM,2.806755666693555,0.8651707224391733
2026-05-27,823626,NYM,2.9674699524078405,0.7342183414867922
2026-05-29,823623,NYM,3.0478270952649837,0.8815397700582208
2026-05-30,823622,NYM,3.088005666693555,0.6672540557725066
2026-05-31,823621,NYM,2.9502505646527384,0.27184589250720054
2026-06-01,823131,NYM,2.7825487012987016,0.3021253956127906
2026-06-02,823129,NYM,2.6796915584415584,0.3392682527556477
2026-06-03,823130,NYM,3.0264960697197543,0.4553396813270763
2026-06-05,823293,NYM,3.0264960697197543,0.44513559969442323
2026-06-06,823292,NYM,2.3251973684210525,0.18409663865546216
2026-06-07,823291,NYM,2.9680545112781958,0.6662394957983194
2026-06-09,823620,NYM,3.1126973684210526,0.7858823529411766
2026-06-10,823618,NYM,3.326983082706767,0.7382633053221289
2026-06-11,823619,NYM,2.9251973684210526,0.49719187675070026
2026-06-12,823617,NYM,2.9251973684210526,0.5990018315018315
2026-06-13,823616,NYM,3.1501973684210527,0.7632875457875458
2026-06-14,823615,NYM,3.284125939849624,0.7484065934065934
2026-06-15,824505,NYM,2.922518796992481,0.676978021978022
2026-06-16,824504,NYM,3.4046616541353383,1.1412637362637363
2026-06-17,824503,NYM,3.565375939849624,0.9626923076923077
2026-06-18,823448,NYM,3.4110902255639095,0.9755494505494505
2026-06-20,823447,NYM,2.9035714285714285,0.6833416583416583
2026-06-21,823449,NYM,3.50625,0.9958416583416583
2026-06-23,823614,NYM,3.6669642857142857,1.349413086913087
2026-06-24,823611,NYM,3.2651785714285713,0.956555944055944
2026-06-24,823613,NYM,3.238392857142857,0.8166749916749917
2026-06-25,823612,NYM,3.88125,1.150008325008325
2026-06-26,823610,NYM,3.31875,0.6740467865467865
2026-06-27,823609,NYM,3.533035714285714,0.6996878121878122
2026-06-28,823608,NYM,3.1473214285714284,0.6374429142286286
2026-06-29,822792,NYM,3.3348214285714284,0.5362524380381524
2026-06-30,822793,NYM,3.3348214285714284,0.4393136625279483
2026-07-01,822791,NYM,2.8526785714285716,0.07621842443271018
2026-07-03,824904,NYM,3.3348214285714284,0.5405041387184245
2026-07-04,824903,NYM,3.65625,0.7547898530041388
2026-07-05,824902,NYM,5.370535714285714,1.9993785975928833
2026-07-06,824900,NYM,6.053571428571429,1.8535452642595498
2026-07-07,823607,NYM,6.133928571428571,1.7330095499738356
2026-07-08,823605,NYM,7.178571428571429,2.1080095499738354
2026-07-09,823606,NYM,7.285714285714286,2.2389619309262168
2026-07-10,823604,NYM,6.428571428571429,1.7389619309262163
2026-07-11,823603,NYM,7.285714285714286,2.6107568027210886
2026-07-12,823602,NYM,7.346938775510204,2.741709183673469
2026-07-16,823440,NYM,7.561224489795919,2.9134778911564623
2026-07-18,823441,NYM,7.352295918367346,3.152763605442177
2026-07-19,823439,NYM,7.7380102040816325,3.2782738095238093
2026-07-20,823762,NYM,7.952295918367347,3.563988095238095
2026-07-21,823760,NYM,7.5505102040816325,3.6532738095238093
2026-07-22,823761,NYM,7.229081632653061,3.2842261904761902
2026-07-24,823601,NYM,5.663147566718996,2.1175595238095237
2026-07-25,823600,NYM,5.020290423861852,2.3080357142857144
2026-07-26,823599,NYM,4.779218995290424,2.136904761904762
2026-07-27,823597,NYM,3.4935047095761385,1.6047619047619046
2026-07-29,823596,NYM,3.172076138147567,1.3547619047619046
2026-07-29,823598,NYM,3.172076138147567,1.4738095238095237
2026-07-30,823595,NYM,2.3149332810047096,0.6166666666666666
2026-07-31,823593,NYM,2.0394230769230766,0.4291666666666666
2026-08-01,823594,NYM,2.0822802197802197,0.4624999999999999
2026-08-02,823592,NYM,2.1861263736263736,0.3866758241758242
2026-08-04,824403,NYM,1.9611263736263738,0.2688186813186813
2026-08-05,824402,NYM,1.7468406593406594,0.24500915750915753
2026-08-06,824401,NYM,1.5057692307692307,-0.11927655677655677
2026-08-07,823349,NYM,1.6664835164835166,-0.16094322344322345
2026-08-08,823348,NYM,2.160989010989011,-0.08951465201465202
2026-08-09,823345,NYM,1.6467032967032968,-0.13237179487179485
2026-08-10,824887,NYM,1.6467032967032968,-0.25141941391941397
2026-08-11,824886,NYM,1.7752747252747254,-0.02284798534798536
2026-08-12,824883,NYM,2.7395604395604396,1.0128663003663003
2026-08-14,823591,NYM,3.703846153846154,1.82239010989011
2026-08-15,823588,NYM,3.703846153846154,1.9584445316588173
2026-08-16,823590,NYM,3.703846153846154,1.8245159602302459
2026-08-17,823589,NYM,3.446703296703297,1.4816588173731031
2026-08-18,823586,NYM,3.15,1.276530612244898
2026-08-19,823587,NYM,3.310714285714286,1.5622448979591839
2026-08-21,824559,NYM,3.4484693877551016,1.3037414965986396
2026-08-22,824560,NYM,3.930612244897959,1.6144557823129253
2026-08-23,824558,NYM,3.918249607535322,1.621323914181057
2026-08-25,823585,NYM,3.8264128728414444,1.7029565672422815
2026-03-20,831603,NYY,,
2026-03-21,831601,NYY,,
2026-03-22,831493,NYY,,
2026-03-23,831780,NYY,4.3269230769230775,0.9679487179487181
2026-03-24,831779,NYY,6.198317307692308,0.9603365384615385
2026-03-25,823244,NYY,5.449562937062938,0.9046328671328672
2026-03-27,823243,NYY,4.5413024475524475,0.6913607226107227
2026-03-28,823241,NYY,3.892544955044955,0.4367507492507493
2026-03-30,823159,NYY,3.405976835664336,0.19465690559440563
2026-03-31,823158,NYY,3.277534965034965,0.03413947163947167
2026-04-01,823157,NYY,2.9497814685314685,-0.06927447552447549
2026-04-03,823568,NYY,3.602074062301335,-0.16524952320406863
2026-04-04,823569,NYY,3.3019012237762237,-0.2764787296037296
2026-04-05,823566,NYY,3.4373318988703607,-0.34174959655728887
2026-04-07,823567,NYY,4.293849008134722,-0.34795115598687026
2026-04-08,823564,NYY,4.1331347224204364,-0.31223687027258457
2026-04-09,823565,NYY,3.83643142571714,-0.5265225845582988
2026-04-10,822997,NYY,3.5150028542885683,-0.8300940131297274
2026-04-11,822996,NYY,2.831967140002854,-0.8970582988440131
2026-04-12,822998,NYY,3.138785321821036,-0.9993310261167404
2026-04-13,823563,NYY,3.5673567503924644,-1.0201643594500738
2026-04-14,823562,NYY,4.29057103610675,-0.5672422815279959
2026-04-15,823561,NYY,4.6119996075353225,-0.08509942438513869
2026-04-16,823560,NYY,4.451285321821036,-0.013670852956567257
2026-04-17,823559,NYY,5.5032333737690875,0.7006148613291471
2026-04-18,823558,NYY,4.994304802340516,0.9714481946624803
2026-04-19,823556,NYY,5.63716194519766,1.1143053375196232
2026-04-21,824773,NYY,5.275554802340516,1.3660910518053373
2026-04-22,824774,NYY,4.173513986013986,1.2895604395604394
2026-04-23,824770,NYY,4.816371128871128,1.2895604395604394
2026-04-24,824204,NYY,4.66801948051948,1.4214285714285713
2026-04-25,824203,NYY,5.096590909090908,2.0166666666666666
2026-04-26,824202,NYY,5.111201298701298,2.191991341991342
2026-04-27,822906,NYY,4.7897727272727275,2.1027056277056277
2026-04-28,822908,NYY,4.575487012987013,2.459848484848485
2026-04-29,822907,NYY,4.066558441558442,2.156277056277056
2026-05-01,823557,NYY,3.9058441558441563,1.6741341991341991
2026-05-02,823554,NYY,3.9058441558441563,1.6116341991341991
2026-05-03,823555,NYY,3.0146103896103895,1.0223484848484847
2026-05-04,823552,NYY,2.800324675324675,0.7149891774891775
2026-05-05,823553,NYY,2.1574675324675328,0.5078463203463204
2026-05-06,823550,NYY,2.305819180819181,0.23751665001664998
2026-05-07,823551,NYY,2.305819180819181,0.23037379287379287
2026-05-08,823794,NYY,1.8236763236763236,0.40894522144522144
2026-05-09,823792,NYY,2.1451048951048954,0.2660880785880786
2026-05-10,823793,NYY,2.242507492507493,0.10591491841491843
2026-05-11,824844,NYY,2.2155344655344655,-0.0694097569097569
2026-05-12,824843,NYY,2.4405344655344656,0.4591616716616716
2026-05-13,824841,NYY,2.226248751248751,0.06392357642357646
2026-05-15,823629,NYY,2.526248751248751,0.12106643356643361
2026-05-16,823627,NYY,2.641044669616098,0.2588215356072499
2026-05-17,823628,NYY,3.086099614671043,0.27324461253032684
2026-05-18,823549,NYY,3.5682424718139,0.5196731839588983
2026-05-19,823548,NYY,3.743567147138576,0.5781147424004568
2026-05-20,823547,NYY,3.9042814328528617,0.7674004566861711
2026-05-21,823545,NYY,3.755929784501213,0.6758253651110794
2026-05-22,823546,NYY,3.9166440702154985,0.9686825079682223
2026-05-24,823544,NYY,4.398786927358356,0.6234444127301272
2026-05-25,824107,NYY,4.077358355929785,0.8377301270158414
2026-05-26,824106,NYY,3.7656700442414732,0.9026651919509062
2026-05-27,824104,NYY,3.6173183958898245,0.9740937633794776
2026-05-29,825002,NYY,3.231604110175539,0.5883794776651919
2026-05-30,825000,NYY,3.4458898244612532,0.7693318586175729
2026-05-31,825001,NYY,3.413746967318396,0.6943318586175729
2026-06-02,823541,NYY,4.209665334665335,1.4494338994338993
2026-06-03,823540,NYY,4.315630797773655,1.3316944959802102
2026-06-04,823542,NYY,3.848098330241187,0.8368893011750155
2026-06-05,823538,NYY,3.672773654916512,0.9191403834260977
2026-06-07,823537,NYY,3.5120593692022264,0.7108070500927645
2026-06-08,824427,NYY,3.5120593692022264,0.858426097711812
2026-06-09,824429,NYY,3.5782358397904614,0.8185101313252574
2026-06-10,824428,NYY,2.9353786969333187,0.928033940849067
2026-06-12,822803,NYY,3.1496644112190326,0.8327958456109716
2026-06-13,822802,NYY,3.2860280475826693,0.41721143002655614
2026-06-14,822801,NYY,3.2860280475826693,0.38149714431227044
2026-06-16,823535,NYY,3.414599476154098,0.42435428716941326
2026-06-17,823536,NYY,3.2003137618683835,0.1862590490741752
2026-06-18,823533,NYY,3.039599476154098,0.5076876205027466
2026-06-19,823534,NYY,2.9324566190112407,0.07018762050274661
2026-06-20,823532,NYY,2.381436210847976,0.13481347084288264
2026-06-21,823531,NYY,2.977540106951871,0.30819009421950605
2026-06-22,824261,NYY,2.977540106951871,0.2700948561242679
2026-06-23,824262,NYY,2.977540106951871,0.49953208556149736
2026-06-24,824259,NYY,2.977540106951871,0.5229087089381207
2026-06-25,824747,NYY,2.7506493506493506,0.21758658008658008
2026-06-26,824743,NYY,2.7506493506493506,0.3699675324675325
2026-06-27,824745,NYY,2.8118738404452692,0.3631648113790971
2026-06-28,824744,NYY,2.461224489795918,0.2876777983920841
2026-06-29,823529,NYY,2.757927786499215,0.18602944674373248
2026-06-30,823528,NYY,2.6293563579277865,0.08473074544503116
2026-07-01,823530,NYY,2.8864992150706437,0.327587888302174
2026-07-03,823527,NYY,2.791961399944593,0.028218140403014354
2026-07-04,823526,NYY,1.8276756856588787,-0.46285328816841426
2026-07-05,823525,NYY,2.0687471142303075,0.15173004516491911
2026-07-06,822958,NYY,1.5544613999445933,0.14458718802206197
2026-07-07,822956,NYY,1.5544613999445933,0.016015759450633382
2026-07-08,822957,NYY,1.5544613999445933,-0.07651670808183415
2026-07-09,822954,NYY,1.5544613999445933,-0.14275047431560037
2026-07-10,822709,NYY,1.8299716040262262,-0.006696052546892868
2026-07-11,822711,NYY,2.180620954675576,0.38507883922799896
2026-07-12,822708,NYY,1.9051107505939437,0.38507883922799896
2026-07-17,823524,NYY,2.0658250363082296,0.6618645535137133
2026-07-19,823521,NYY,1.7691217396049328,0.7039890956382554
2026-07-19,823523,NYY,1.8706254990034292,0.8864908044557537
2026-07-20,823522,NYY,2.3022581520646535,1.000776518741468
2026-07-22,823518,NYY,2.075367395762133,0.8097616512560123
2026-07-22,823519,NYY,2.289653110047847,0.8811902226845837
2026-07-24,823434,NYY,2.0485816814764184,0.31422593697029794
2026-07-25,823435,NYY,1.791438824333561,0.2570830798274409
2026-07-26,823433,NYY,1.791438824333561,0.464225936970298
2026-07-27,824570,NYY,1.791438824333561,0.5892259369702979
2026-07-28,824569,NYY,1.8985816814764183,0.6273211750655362
2026-07-29,824567,NYY,2.0516429059662142,0.8246000866301618
2026-07-30,824568,NYY,2.0867078410311493,0.7233013853314606
2026-07-31,824651,NYY,2.0867078410311493,0.6565110328268224
2026-08-01,824649,NYY,1.9259935553168634,0.3299804205819245
2026-08-02,824648,NYY,2.8902792696025776,1.0234328015343055
2026-08-03,823520,NYY,2.7887755102040814,0.8779440797297943
2026-08-04,823517,NYY,3.064285714285714,1.2350869368726514
2026-08-05,823516,NYY,3.064285714285714,1.302852504638219
2026-08-07,823515,NYY,2.85,1.3742810760667903
2026-08-08,823514,NYY,3.2006493506493507,1.7963589981447126
2026-08-09,823513,NYY,3.8435064935064935,2.382073283858998
2026-08-11,823512,NYY,3.8435064935064935,2.1749304267161413
2026-08-12,823511,NYY,3.8435064935064935,1.9320732838589982
2026-08-13,823508,NYY,3.7363636363636368,1.9654066171923315
2026-08-14,822777,NYY,3.307792207792208,1.638025664811379
2026-08-15,822775,NYY,3.2435064935064934,1.5023113790970934
2026-08-16,822774,NYY,3.966720779220779,1.7336425479282622
2026-08-18,824803,NYY,3.966720779220779,1.9441017316017317
2026-08-19,824801,NYY,3.0024350649350646,1.2173160173160176
2026-08-20,824802,NYY,3.1310064935064936,1.2958874458874459
2026-08-21,823510,NYY,2.166720779220779,0.533982683982684
2026-08-22,823509,NYY,2.166720779220779,0.39112554112554115
2026-08-23,823507,NYY,2.3936115355233007,0.5549910873440286
2026-08-25,823505,NYY,2.171533613445378,0.11862745098039222
2026-03-20,831550,PHI,,
2026-03-21,831499,PHI,,
2026-03-22,831493,PHI,,
2026-03-23,831547,PHI,8.735294117647058,1.352941176470588
2026-03-26,823486,PHI,9.363970588235293,2.514705882352941
2026-03-28,823488,PHI,9.291176470588235,2.9450980392156865
2026-03-29,823487,PHI,8.04264705882353,2.154248366013072
2026-03-30,823484,PHI,7.750840336134454,1.9893557422969188
2026-03-31,823485,PHI,8.339677601809955,1.6829939668174962
2026-04-01,823483,PHI,7.685774029891677,1.3444794856559563
2026-04-03,824377,PHI,7.688625198331081,1.3171743942332177
2026-04-04,824378,PHI,6.989659271210074,0.8906130856665616
2026-04-05,824379,PHI,6.4071876652759014,0.7806810428133958
2026-04-06,823237,PHI,5.914327075639293,0.5155004497764679
2026-04-07,823235,PHI,5.491875141665058,0.30725041764957733
2026-04-08,823234,PHI,5.43830371309363,0.2120123224114821
2026-04-10,823482,PHI,4.852169259312116,-0.2921893582607868
2026-04-11,823480,PHI,4.37002640216926,-0.2866948527662813
2026-04-12,823479,PHI,3.7271692593121166,-0.7866948527662814
2026-04-13,823481,PHI,3.359822320536606,-1.2628853289567574
2026-04-14,823478,PHI,3.8741080348223207,-1.1105043765758051
2026-04-15,823477,PHI,4.409822320536606,-0.8962186622900907
2026-04-17,823476,PHI,3.870361781076067,-0.6489659150373435
2026-04-18,823474,PHI,3.952179962894249,-0.16584903192046038
2026-04-19,823475,PHI,3.4011595547309836,-0.21857012035583456
2026-04-20,824692,PHI,3.5297309833024118,0.00821559392987971
2026-04-21,824690,PHI,3.5297309833024118,-0.09753579753579747
2026-04-22,824688,PHI,4.686873840445268,0.9715118215118215
2026-04-23,824689,PHI,5.1460575139146565,1.3164097806954946
2026-04-24,824932,PHI,4.878200371057514,1.679505018790733
2026-04-25,824933,PHI,4.556771799628942,2.016239712668284
2026-04-26,824934,PHI,4.8139146567718,2.067888064316636
2026-04-28,823473,PHI,4.6532003710575145,2.0536023500309217
2026-04-30,823471,PHI,4.377690166975881,1.9107452071737787
2026-04-30,823472,PHI,4.136618738404453,1.8422928262213976
2026-05-01,823877,PHI,3.1723330241187386,1.3729050711193567
2026-05-02,823876,PHI,3.6788265306122447,1.1824288806431664
2026-05-03,823875,PHI,3.6359693877551016,0.868143166357452
2026-05-04,823874,PHI,3.6359693877551016,0.8443336425479282
2026-05-05,823469,PHI,3.5073979591836735,0.7633812615955472
2026-05-06,823470,PHI,4.150255102040816,1.2568877551020408
2026-05-07,823467,PHI,2.993112244897959,0.40510204081632656
2026-05-08,823466,PHI,3.0160714285714287,0.35216836734693885
2026-05-09,823468,PHI,3.0160714285714287,-0.02283163265306119
2026-05-10,823463,PHI,3.0160714285714287,-0.32659929356357925
2026-05-12,824764,PHI,2.7589285714285716,-0.5265992935635792
2026-05-13,824763,PHI,2.7589285714285716,-0.5694564364207222
2026-05-14,824762,PHI,3.1875,-0.16469453165881737
2026-05-15,823384,PHI,3.0,-0.26290881737310307
2026-05-17,823381,PHI,3.101503759398496,-0.1017917389627916
2026-05-18,823465,PHI,2.244360902255639,-0.19702983420088685
2026-05-19,823464,PHI,2.4586466165413534,-0.03036316753422016
2026-05-20,823462,PHI,2.887218045112782,0.04106540389435127
2026-05-22,823461,PHI,3.69078947368421,0.1898749277038751
2026-05-23,823458,PHI,3.69078947368421,0.6184463562753036
2026-05-24,823459,PHI,3.69078947368421,0.4011844515133989
2026-05-25,823296,PHI,3.449718045112782,0.5217201657991132
2026-05-26,823294,PHI,3.289003759398496,0.4383868324657798
2026-05-27,823295,PHI,3.50328947368421,0.7863721804511279
2026-05-29,823946,PHI,3.50328947368421,0.8578007518796993
2026-05-30,823945,PHI,3.50328947368421,0.9149436090225562
2026-05-31,823944,PHI,3.2500427204374573,0.6790128730918205
2026-06-02,823460,PHI,3.7245325163558247,1.0361557302346776
2026-06-03,823456,PHI,3.6230287569573285,0.9694264069264068
2026-06-04,823457,PHI,3.9444573283859,1.0408549783549783
2026-06-05,823455,PHI,4.158743042671614,1.338474025974026
2026-06-06,823454,PHI,3.7301716141001857,1.076569264069264
2026-06-07,823453,PHI,2.9266001855287564,0.874646187146187
2026-06-08,822806,PHI,2.283743042671614,-0.03351707815993538
2026-06-09,822805,PHI,2.283743042671614,0.19267339803054082
2026-06-10,822804,PHI,2.6855287569573285,-0.26268374482660206
2026-06-12,823778,PHI,3.2641001855287572,-0.07935041149326875
2026-06-13,823776,PHI,3.50899814471243,-0.1439762618334048
2026-06-14,823777,PHI,4.250756386470672,0.21316659530945234
2026-06-15,823452,PHI,4.250756386470672,0.16214618714618703
2026-06-16,823451,PHI,4.075431711145997,0.08855311355311349
2026-06-17,823450,PHI,3.386656200941915,-0.3400183150183151
2026-06-18,823448,PHI,3.6621664050235476,0.11661433804290944
2026-06-20,823447,PHI,3.822880690737833,0.11661433804290944
2026-06-21,823449,PHI,3.608594976452119,-0.2524332810047096
2026-06-22,822720,PHI,3.608594976452119,-0.36195709052851915
2026-06-23,822718,PHI,3.884105180533752,-0.009523809523809554
2026-06-24,822719,PHI,4.986145996860282,0.8476190476190475
2026-06-25,822717,PHI,5.307574568288854,0.9726190476190475
2026-06-26,823610,PHI,4.664717425431711,0.9726190476190476
2026-06-27,823609,PHI,4.0861459968602825,0.7654761904761903
2026-06-28,823608,PHI,4.2055337519623235,0.652721088435374
2026-06-29,823444,PHI,3.9459183673469385,0.8491496598639454
2026-06-30,823445,PHI,4.359183673469388,1.0634353741496596
2026-07-01,823446,PHI,4.359183673469388,1.0753401360544217
2026-07-02,823442,PHI,4.655886970172685,1.3885269492412349
2026-07-04,824092,PHI,5.151805337519623,1.2497514390371531
2026-07-05,824091,PHI,4.669662480376766,0.9640371533228674
2026-07-06,824089,PHI,5.526805337519623,1.0830847723704866
2026-07-07,824495,PHI,6.353335949764521,1.6892072213500786
2026-07-08,824496,PHI,6.077825745682888,1.520839874411303
2026-07-09,824494,PHI,6.077825745682888,1.4136970172684455
2026-07-10,824252,PHI,5.7563971742543165,1.1458398744113028
2026-07-11,824249,PHI,7.2563971742543165,2.1458398744113025
2026-07-12,824250,PHI,7.2563971742543165,2.5029827315541597
2026-07-16,823440,PHI,6.677825745682888,2.323220826792255
2026-07-18,823441,PHI,6.409968602825745,1.9601255886970173
2026-07-19,823439,PHI,5.996703296703296,1.7254317111459965
2026-07-20,823436,PHI,6.125274725274724,1.9611459968602822
2026-07-21,823437,PHI,6.5298701298701305,2.36873840445269
2026-07-22,823438,PHI,5.758441558441559,1.9973098330241186
2026-07-24,823434,PHI,6.45974025974026,2.3414656771799622
2026-07-25,823435,PHI,5.174025974025974,1.9486085343228197
2026-07-26,823433,PHI,4.62300556586271,1.7343228200371055
2026-07-27,823839,PHI,4.837291280148423,1.7462275819418676
2026-07-28,823838,PHI,4.096857606679036,1.1186765615337042
2026-07-29,823837,PHI,4.096857606679036,1.2870439084724798
2026-07-31,824809,PHI,3.3682861781076068,1.2299010513296227
2026-08-01,824808,PHI,4.654000463821893,1.2299010513296227
2026-08-02,824807,PHI,4.654000463821893,1.2775200989486704
2026-08-03,823431,PHI,4.439714749536178,1.1108534322820036
2026-08-04,823432,PHI,4.439714749536178,1.1584724799010513
2026-08-05,823429,PHI,4.31114332096475,0.8156153370439083
2026-08-06,823430,PHI,4.25270176252319,0.5438157081014222
2026-08-07,823428,PHI,4.413416048237477,0.5259585652442793
2026-08-08,823426,PHI,3.8874420222634507,0.6818027210884353
2026-08-09,823425,PHI,4.208870593692022,0.967517006802721
2026-08-10,823018,PHI,4.319074675324675,0.8756802721088432
2026-08-11,823019,PHI,4.630762987012987,0.7306586270871983
2026-08-12,823017,PHI,4.912012987012987,1.1592300556586268
2026-08-13,823669,PHI,5.3405844155844155,1.1932436611008037
2026-08-15,823671,PHI,4.569155844155844,0.357529375386518
2026-08-16,823670,PHI,3.2834415584415586,0.020794681508967048
2026-08-17,823427,PHI,3.2834415584415586,0.020794681508967048
2026-08-18,823423,PHI,4.140584415584415,0.3779375386518242
2026-08-19,823424,PHI,4.140584415584415,0.4553184910327766
2026-08-21,823420,PHI,4.140584415584415,0.7053184910327766
2026-08-22,823422,PHI,3.4977272727272726,0.38820703106417376
2026-08-23,823421,PHI,3.97987012987013,0.9417784596356024
2026-08-24,823097,PHI,3.8045454545454547,0.6968805004519288
2026-08-25,823098,PHI,3.643831168831169,0.5183090718805002
2026-03-20,831451,PIT,,
2026-03-21,831553,PIT,,
2026-03-22,831552,PIT,,
2026-03-23,831447,PIT,8.041071428571428,0.6726190476190476
2026-03-26,823649,PIT,6.780803571428571,1.5044642857142856
2026-03-28,823651,PIT,7.584642857142856,2.4835714285714285
2026-03-29,823647,PIT,7.070535714285714,2.9446428571428576
2026-03-30,824539,PIT,6.060459183673468,2.2718787515006005
2026-03-31,824537,PIT,5.302901785714285,1.6753939075630253
2026-04-01,824536,PIT,5.142261904761905,2.036858076563959
2026-04-03,823406,PIT,5.078035714285714,2.033172268907563
2026-04-04,823404,PIT,5.161850649350649,2.0301566080977844
2026-04-05,823405,PIT,4.7316964285714285,1.9763615061409177
2026-04-06,823401,PIT,4.598489010989011,1.516641390283924
2026-04-07,823402,PIT,4.545535714285714,1.3011670052636437
2026-04-08,823403,PIT,3.8108418367346935,0.9159629236309909
2026-04-10,824695,PIT,4.282270408163265,0.9873914950595623
2026-04-11,824697,PIT,3.679591836734694,1.145670715838783
2026-04-12,824696,PIT,3.679591836734694,0.9551945253625925
2026-04-13,823400,PIT,3.5510204081632653,0.7123373825054496
2026-04-14,823398,PIT,4.086734693877551,0.6468611920292593
2026-04-15,823399,PIT,4.086734693877551,0.6300544693401837
2026-04-16,823396,PIT,4.086734693877551,0.7907687550544694
2026-04-17,823397,PIT,4.107927786499215,0.5376290376290377
2026-04-18,823394,PIT,3.7864992150706436,0.32334332334332344
2026-04-19,823393,PIT,3.7864992150706436,0.29159729159729164
2026-04-21,822914,PIT,4.107927786499215,0.5141247641247642
2026-04-22,822913,PIT,3.8936420722135003,0.8193195693195694
2026-04-23,822912,PIT,4.260989010989011,0.5693195693195693
2026-04-24,823800,PIT,4.260989010989011,0.7300338550338551
2026-04-25,823799,PIT,3.4038461538461537,0.622890997890998
2026-04-26,823797,PIT,3.4038461538461537,0.48782606282606283
2026-04-27,823395,PIT,3.1895604395604393,0.39258796758796766
2026-04-28,823390,PIT,2.868131868131868,0.3568736818736819
2026-04-29,823392,PIT,2.6997645211930927,0.09326823969681117
2026-04-30,823391,PIT,3.0211930926216644,0.21826823969681117
2026-05-01,823389,PIT,3.8247645211930927,0.2896968111253826
2026-05-02,823388,PIT,3.5280612244897958,0.047938569367140804
2026-05-03,823387,PIT,3.913775510204082,0.2693671407957123
2026-05-05,825092,PIT,3.485204081632653,-0.05602968460111314
2026-05-06,825091,PIT,4.663775510204082,-0.16317254174397025
2026-05-07,825090,PIT,4.663775510204082,-0.11122448979591833
2026-05-08,823225,PIT,4.020918367346939,0.29353741496598645
2026-05-09,823224,PIT,4.985204081632653,0.11496598639455786
2026-05-10,823221,PIT,5.628061224489796,0.5078231292517007
2026-05-12,823385,PIT,5.932572502685284,0.6551915503043323
2026-05-13,823386,PIT,6.575429645542427,0.6551915503043323
2026-05-14,823383,PIT,6.446858216970999,0.7337629788757608
2026-05-15,823384,PIT,5.918796992481203,0.7235588972431078
2026-05-16,823382,PIT,6.561654135338346,1.0628446115288221
2026-05-17,823381,PIT,5.865225563909775,0.9378446115288221
2026-05-19,823059,PIT,6.02593984962406,1.1521303258145363
2026-05-20,823057,PIT,6.411654135338345,1.8592731829573934
2026-05-21,823056,PIT,6.411654135338345,2.055701754385965
2026-05-22,822816,PIT,5.233082706766917,1.6985588972431078
2026-05-23,822814,PIT,5.87593984962406,1.7223684210526315
2026-05-24,822813,PIT,6.090225563909774,1.8890350877192983
2026-05-25,823380,PIT,5.12593984962406,2.1390350877192983
2026-05-26,823379,PIT,4.483082706766917,1.6033208020050123
2026-05-27,823376,PIT,4.178571428571429,1.3791666666666667
2026-05-28,823378,PIT,4.339285714285714,2.0398809523809525
2026-05-29,823377,PIT,4.672402597402597,2.055465367965368
2026-05-30,823375,PIT,4.511688311688312,1.8360776128633272
2026-05-31,823373,PIT,3.8045454545454547,1.5432204700061842
2026-06-02,824189,PIT,3.911688311688312,1.7813157081014224
2026-06-03,824188,PIT,4.072402597402598,1.6563157081014224
2026-06-04,824185,PIT,4.843831168831168,1.0563157081014223
2026-06-05,824914,PIT,5.004545454545455,1.199172850958565
2026-06-06,824915,PIT,4.683116883116883,1.2134585652442793
2026-06-07,824916,PIT,4.04025974025974,1.0944109461966602
2026-06-09,823374,PIT,4.009647495361781,0.7780844155844157
2026-06-10,823372,PIT,5.509647495361781,1.4209415584415586
2026-06-11,823371,PIT,6.2810760667903525,1.985227272727273
2026-06-12,823370,PIT,6.53821892393321,2.219155844155844
2026-06-13,823369,PIT,6.698933209647494,1.897727272727273
2026-06-14,823368,PIT,6.17295918367347,1.5178571428571428
2026-06-15,824993,PIT,6.601530612244899,1.8205782312925172
2026-06-16,824991,PIT,6.34438775510204,1.9348639455782315
2026-06-17,824992,PIT,6.130102040816325,1.651314162028448
2026-06-19,824345,PIT,6.237244897959182,2.0858379715522575
2026-06-20,824342,PIT,5.337244897959183,1.757266542980829
2026-06-21,824343,PIT,5.176530612244897,1.5965522572665432
2026-06-23,823365,PIT,5.605102040816326,1.8203617810760668
2026-06-24,823367,PIT,5.605102040816326,1.677504638218924
2026-06-25,823366,PIT,5.421428571428572,1.6366883116883117
2026-06-26,823363,PIT,3.9214285714285713,1.0392857142857144
2026-06-27,823364,PIT,3.4714285714285715,0.6714285714285715
2026-06-28,823362,PIT,3.956043956043956,0.8186813186813187
2026-06-29,823444,PIT,2.991758241758242,0.5984432234432234
2026-06-30,823445,PIT,3.4203296703296706,0.9913003663003662
2026-07-01,823446,PIT,4.148901098901098,1.3865384615384617
2026-07-02,823442,PIT,4.47032967032967,1.350824175824176
2026-07-03,822714,PIT,4.47032967032967,1.3534215784215784
2026-07-04,822716,PIT,5.327472527472527,2.151040626040626
2026-07-05,822715,PIT,4.684615384615384,2.243897768897769
2026-07-07,823361,PIT,4.813186813186813,2.393897768897769
2026-07-08,823360,PIT,4.813186813186813,2.2034215784215783
2026-07-09,823359,PIT,5.456043956043956,2.441516816516817
2026-07-11,823356,PIT,6.206043956043956,2.941516816516817
2026-07-11,823357,PIT,6.206043956043956,2.923534798534799
2026-07-12,823358,PIT,6.045329670329671,2.99496336996337
2026-07-18,824412,PIT,5.829545454545454,3.1373210123210127
2026-07-18,824414,PIT,6.267857142857143,3.057234432234432
2026-07-19,824411,PIT,5.839285714285714,2.6286630036630036
2026-07-20,823522,PIT,4.682142857142858,1.9000915750915754
2026-07-22,823518,PIT,4.360714285714286,1.6215201465201468
2026-07-22,823519,PIT,4.746428571428572,1.8786630036630036
2026-07-24,823352,PIT,4.232142857142857,0.7429487179487181
2026-07-25,823355,PIT,4.392857142857143,0.6143772893772894
2026-07-26,823354,PIT,5.316233766233767,0.7338578088578088
2026-07-27,823353,PIT,5.530519480519481,0.9481435231435232
2026-07-28,823350,PIT,4.887662337662339,0.8001843394700539
2026-07-29,823351,PIT,4.218019480519481,0.38054148232719676
2026-07-30,824488,PIT,4.21801948051948,0.23402133580705017
2026-07-31,824486,PIT,4.346590909090909,0.2304499072356216
2026-08-01,824485,PIT,4.142045454545455,-0.17701762523191092
2026-08-02,824483,PIT,3.7037337662337664,-0.34097866419294987
2026-08-03,823757,PIT,4.025162337662338,-0.06716914038342607
2026-08-04,823756,PIT,4.025162337662338,-0.02431199752628323
2026-08-05,823753,PIT,4.185876623376624,0.05783085961657391
2026-08-06,823754,PIT,4.014448051948052,0.17687847866419296
2026-08-07,823349,PIT,3.457305194805195,-0.03264533085961659
2026-08-08,823348,PIT,3.4037337662337666,0.03878324056895483
2026-08-09,823345,PIT,2.3517857142857146,-0.38545918367346943
2026-08-11,823832,PIT,2.030357142857143,-0.3735544217687075
2026-08-12,823833,PIT,2.0303571428571425,-0.4636904761904762
2026-08-14,823346,PIT,2.403781512605042,0.052591036414565764
2026-08-15,823347,PIT,2.725210084033613,0.028781512605041915
2026-08-16,823344,PIT,2.918067226890756,-0.0926470588235295
2026-08-17,823343,PIT,2.918067226890756,-0.06288515406162473
2026-08-18,823341,PIT,3.346638655462185,0.19306722689075623
2026-08-19,823342,PIT,3.0252100840336134,-0.22359943977591046
2026-08-21,823911,PIT,3.0252100840336134,-0.18992597038815534
2026-08-22,823910,PIT,2.8644957983193278,-0.11324529811924779
2026-08-23,823909,PIT,2.971638655462185,-0.5001500600240096
2026-08-24,823260,PIT,3.0787815126050417,-0.3811024409763907
2026-08-25,823259,PIT,3.0787815126050417,-0.3572929171668668
2026-03-20,831766,SD,,
2026-03-20,831864,SD,,
2026-03-21,831767,SD,,
2026-03-22,831947,SD,5.601923076923078,0.40769230769230774
2026-03-23,831735,SD,5.789677601809955,-0.0030542986425338703
2026-03-26,823325,SD,5.081742081447964,0.1475565610859729
2026-03-27,823324,SD,4.734785067873303,0.23407491201608854
2026-03-28,823323,SD,5.344101486748547,0.4149213531566473
2026-03-30,823320,SD,4.676088800904978,0.07138951734539972
2026-03-31,823322,SD,4.156523378582203,-0.04765376235964469
2026-04-01,823321,SD,4.340871040723982,-0.19288838612368023
2026-04-03,824786,SD,4.150791855203621,-0.37989853283970926
2026-04-04,824782,SD,4.126321105365223,-0.09824032176973352
2026-04-05,824781,SD,4.039681020337129,-0.3470936303515489
2026-04-06,823401,SD,3.9541398948243267,-0.42380498758207735
2026-04-07,823402,SD,3.5090849497693815,-0.3468819106590004
2026-04-08,823403,SD,3.851942092626525,-0.4992628630399528
2026-04-09,823319,SD,3.610870664055096,-0.4159295297066195
2026-04-10,823318,SD,3.157089151450054,-0.36152882205513787
2026-04-11,823316,SD,3.4249462943071967,-0.48652882205513787
2026-04-12,823317,SD,3.371374865735768,-0.6055764411027569
2026-04-14,823315,SD,2.9428034371643395,-0.7960526315789475
2026-04-15,823314,SD,2.9428034371643395,-0.6531954887218046
2026-04-16,823313,SD,3.199946294307196,-0.3960526315789473
2026-04-17,824048,SD,2.7713748657357677,-0.36033834586466157
2026-04-18,824049,SD,2.907363876724779,-0.001821862348178113
2026-04-19,824047,SD,2.824710815500289,-0.3018218623481781
2026-04-21,824369,SD,2.7711393869288607,-0.02801233853865429
2026-04-22,824367,SD,2.568131868131868,-0.14079429342587232
2026-04-23,824368,SD,3.050274725274725,-0.17650857914015802
2026-04-25,825093,SD,2.51456043956044,0.04372951609793718
2026-04-26,825094,SD,2.51456043956044,0.04372951609793718
2026-04-27,823311,SD,5.728846153846154,0.7561355311355312
2026-04-28,823310,SD,5.621703296703297,0.7382783882783883
2026-04-29,823312,SD,6.351098901098902,1.122893772893773
2026-05-01,823309,SD,6.458241758241759,1.5812271062271062
2026-05-02,823308,SD,6.618956043956045,1.6050366300366299
2026-05-03,823307,SD,6.361813186813188,1.228846153846154
2026-05-04,823228,SD,6.683241758241759,1.2467032967032967
2026-05-05,823227,SD,6.386538461538462,1.0182888540031398
2026-05-06,823226,SD,6.369005994005994,1.240366776081062
2026-05-07,823306,SD,6.288648851148851,1.0885810617953475
2026-05-08,823303,SD,6.502934565434566,1.421914395128681
2026-05-09,823304,SD,6.020791708291709,1.2382409257409257
2026-05-10,823305,SD,5.860077422577423,0.9882409257409259
2026-05-12,823790,SD,5.860077422577423,0.8870504495504496
2026-05-13,823791,SD,3.1968121164549737,0.2390912658769802
2026-05-14,823789,SD,2.875383545026402,0.24266269444840877
2026-05-15,823140,SD,2.086777414315008,-0.17202787813690065
2026-05-16,823139,SD,1.765348842886437,-0.6184564495654721
2026-05-17,823138,SD,1.9260631286007226,-0.6184564495654721
2026-05-18,823301,SD,1.9260631286007226,-0.49940883051785306
2026-05-19,823302,SD,1.6046345571721512,-0.1958374019464245
2026-05-20,823299,SD,1.765348842886437,-0.058082299905608155
2026-05-22,823298,SD,1.7277792696025778,0.05045202291442893
2026-05-23,823300,SD,1.647422126745435,0.07723773720014325
2026-05-24,823297,SD,1.4331364124597208,-0.16680988184747583
2026-05-25,823296,SD,1.553672126745435,-0.1572435553168636
2026-05-26,823294,SD,1.3929578410311494,-0.13428437164339418
2026-05-27,823295,SD,1.3929578410311494,0.09785848549946295
2026-05-29,822732,SD,1.0172621081925592,0.28153195488721805
2026-05-30,822731,SD,1.1187658675910557,0.31085526315789475
2026-05-31,822729,SD,1.6601192510497023,0.4837875939849624
2026-06-02,823460,SD,1.8744049653354167,0.5314066416040101
2026-06-03,823456,SD,1.7672621081925595,0.650454260651629
2026-06-04,823457,SD,2.4101192510497023,1.5075971177944862
2026-06-05,823293,SD,2.892262108192559,1.1861685463659148
2026-06-06,823292,SD,2.945833536763988,0.8885494987468672
2026-06-07,823291,SD,2.968792720437457,0.7865086824203366
2026-06-08,823289,SD,3.354507006151743,1.2615086824203365
2026-06-09,823290,SD,3.5028586545033913,1.2546405505522047
2026-06-10,823287,SD,3.4741596749115544,1.2807885097358782
2026-06-12,824826,SD,3.7496698789931875,1.7399721832052661
2026-06-13,824828,SD,3.7496698789931875,1.609019802252885
2026-06-14,824823,SD,3.735059489382798,1.4304483736814564
2026-06-15,823046,SD,3.7942700156985874,1.3618393511250653
2026-06-16,823045,SD,3.426923076923077,1.3210230245944532
2026-06-17,823044,SD,3.2126373626373623,1.4422351458065745
2026-06-19,822886,SD,3.0787087912087907,1.376758955330384
2026-06-20,822885,SD,2.7113618524332805,0.7594120165548738
2026-06-21,822883,SD,2.5047291993720564,0.7696160981875269
2026-06-22,823288,SD,2.657790423861852,1.1437657580514724
2026-06-23,823286,SD,2.4970761381475666,0.822337186622901
2026-06-24,823284,SD,2.5399332810047097,0.4683689326546469
2026-06-26,823285,SD,2.391581632653061,0.557379921665636
2026-06-27,823283,SD,2.2997448979591835,0.6176767676767677
2026-06-28,823281,SD,3.034438775510204,0.6278808493094209
2026-06-29,824662,SD,3.034438775510204,0.5292413935271079
2026-06-30,824661,SD,3.022076138147567,0.3946260089117232
2026-07-01,824660,SD,3.2470761381475666,1.2267688660545804
2026-07-02,823935,SD,5.060851648351648,2.3747280497280494
2026-07-03,823933,SD,6.089423076923077,2.377325452325452
2026-07-04,823932,SD,6.330494505494506,3.1094683094683093
2026-07-05,823931,SD,6.330494505494506,3.0227336155907585
2026-07-06,823282,SD,6.376412872841444,3.1196723911009623
2026-07-07,823280,SD,6.16978021978022,2.989570350284636
2026-07-08,823279,SD,6.16978021978022,3.0252846359989216
2026-07-09,823277,SD,6.3840659340659345,3.3030624137766997
2026-07-10,823278,SD,6.532417582417582,3.494271204985491
2026-07-11,823276,SD,6.807927786499215,3.6584641548927266
2026-07-12,823274,SD,6.073233908948194,3.3217294610151753
2026-07-17,824090,SD,6.201805337519623,3.4013212977498695
2026-07-18,824088,SD,6.646860282574569,3.4837388801674516
2026-07-19,824086,SD,6.557849293563579,2.8590136054421764
2026-07-20,824898,SD,4.468563579277865,1.5613945578231292
2026-07-21,824895,SD,3.654277864992151,1.6756802721088435
2026-07-22,824896,SD,3.5257064364207222,0.8256802721088433
2026-07-23,824893,SD,5.178767660910517,0.6369047619047618
2026-07-24,823843,SD,5.316522762951334,0.9889455782312924
2026-07-25,823841,SD,5.25223704866562,0.9568027210884352
2026-07-26,823840,SD,5.353740808064116,1.0207124955245255
2026-07-28,823275,SD,4.710883665206973,0.7111886860007158
2026-07-29,823273,SD,4.991103445426753,0.4675989424109723
2026-07-30,823271,SD,4.817097000743617,0.10347434520366831
2026-07-31,823272,SD,4.6621225109476985,0.02821924316285199
2026-08-01,823269,SD,4.53355108237627,0.026433528877137704
2026-08-02,823270,SD,4.21565469305131,-0.11014417912914173
2026-08-03,825095,SD,4.347522824919442,0.11696204797708536
2026-08-04,825054,SD,4.77609425349087,0.21220014321518058
2026-08-05,825052,SD,5.418951396348013,0.5931525241675616
2026-08-06,825053,SD,5.501604457572502,0.5196831364124596
2026-08-07,823266,SD,3.573033029001074,0.42682599355531675
2026-08-08,823267,SD,3.4352779269602576,0.28907089151450044
2026-08-09,823268,SD,3.5531350698174005,0.24383279627640514
2026-08-10,823265,SD,3.4516313104189043,0.17992302184031495
2026-08-11,823264,SD,3.4516313104189043,0.1084944504117435
2026-08-12,823263,SD,3.23734559613319,0.17992302184031492
2026-08-14,824399,SD,3.135841836734694,0.3501700680272108
2026-08-15,824400,SD,3.229591836734694,0.20433673469387742
2026-08-16,824397,SD,3.688775510204082,0.14693877551020393
2026-08-17,823589,SD,3.4132653061224487,0.2999999999999998
2026-08-18,823586,SD,2.9846938775510203,-0.2238095238095239
2026-08-19,823587,SD,2.770408163265306,-0.10476190476190485
2026-08-21,823262,SD,2.395408163265306,-0.5392857142857145
2026-08-22,823261,SD,2.1198979591836733,-0.6872448979591839
2026-08-23,823258,SD,2.2214017185821695,-0.4872448979591839
2026-08-24,823260,SD,1.8999731471535983,-0.8324829931972791
2026-08-25,823259,SD,1.685687432867884,-0.9265306122448981
2026-03-20,831743,SEA,,
2026-03-21,831923,SEA,,
2026-03-22,831746,SEA,,
2026-03-23,831735,SEA,7.596590909090909,2.9008838383838387
2026-03-26,823163,SEA,11.697443181818182,5.508996212121213
2026-03-27,823162,SEA,10.83068181818182,5.170833333333333
2026-03-28,823161,SEA,9.025568181818182,4.142361111111112
2026-03-29,823160,SEA,8.700487012987013,3.943452380952381
2026-03-30,823159,SEA,7.612926136363637,3.033854166666667
2026-03-31,823158,SEA,6.767045454545455,2.474537037037037
2026-04-01,823157,SEA,6.0903409090909095,2.008901515151515
2026-04-03,824056,SEA,5.809400826446281,2.0383953168044076
2026-04-04,824054,SEA,5.325284090909091,1.535195707070707
2026-04-05,824053,SEA,4.915646853146853,1.186334498834499
2026-04-06,822918,SEA,4.748202690166976,1.0913922387136672
2026-04-08,822915,SEA,4.386595547309833,0.9351422387136673
2026-04-10,823156,SEA,3.3346474953617813,0.7554885590599877
2026-04-11,823155,SEA,3.602504638218924,0.9281076066790354
2026-04-12,823154,SEA,1.8882189239332097,-0.06208847175233728
2026-04-13,823153,SEA,1.3622448979591837,-0.40624431590818144
2026-04-14,823315,SEA,1.3622448979591837,-0.1741014587653243
2026-04-15,823314,SEA,1.5229591836734695,-0.5133871730510385
2026-04-16,823313,SEA,2.7283163265306123,-0.24850622067008618
2026-04-17,823152,SEA,2.9693877551020407,-0.18600622067008618
2026-04-18,823151,SEA,3.495361781076067,-0.10808414274800826
2026-04-19,823150,SEA,3.666790352504638,-0.017607952271817835
2026-04-20,823149,SEA,3.666790352504638,-0.08903652370038927
2026-04-21,823148,SEA,4.148933209647495,0.250249190585325
2026-04-22,823147,SEA,4.447402597402598,0.45688184364654955
2026-04-24,823069,SEA,4.575974025974026,0.49973898650369236
2026-04-25,823070,SEA,4.575974025974026,0.3806913674560733
2026-04-26,823068,SEA,4.308116883116884,0.16045327221797806
2026-04-27,823719,SEA,4.308116883116884,0.22207792207792204
2026-04-28,823716,SEA,5.16525974025974,0.4601731601731601
2026-04-29,823717,SEA,5.16525974025974,0.19231601731601727
2026-05-01,823146,SEA,4.71525974025974,0.1851731601731601
2026-05-02,823144,SEA,3.724188311688312,0.06314935064935061
2026-05-03,823145,SEA,3.6974025974025975,0.0006493506493506297
2026-05-04,823143,SEA,3.1714285714285713,0.1976190476190476
2026-05-05,823142,SEA,2.7857142857142856,-0.25
2026-05-06,823141,SEA,3.107142857142857,0.39285714285714285
2026-05-08,824607,SEA,2.8392857142857144,0.125
2026-05-09,824606,SEA,3.0,0.16666666666666669
2026-05-10,824605,SEA,3.1928571428571426,0.30238095238095236
2026-05-11,824199,SEA,3.8357142857142854,1.0523809523809524
2026-05-12,824197,SEA,3.621428571428571,0.7011904761904763
2026-05-13,824195,SEA,3.621428571428571,0.605952380952381
2026-05-14,824196,SEA,2.7642857142857147,0.49772727272727274
2026-05-15,823140,SEA,2.7642857142857147,0.6477272727272727
2026-05-16,823139,SEA,2.7857142857142856,0.7501082251082252
2026-05-17,823138,SEA,2.5714285714285716,0.967795299938157
2026-05-18,823137,SEA,2.742857142857143,1.067795299938157
2026-05-19,823136,SEA,2.957142857142857,1.1868429189857763
2026-05-20,823134,SEA,3.3428571428571425,1.2701762523191096
2026-05-22,824110,SEA,3.182142857142857,1.0201762523191096
2026-05-23,824109,SEA,2.9678571428571425,0.9916048237476811
2026-05-24,824108,SEA,2.3249999999999997,0.8963667285095857
2026-05-25,825005,SEA,2.7749999999999995,0.7320810142238713
2026-05-26,825004,SEA,2.389285714285714,0.19636672850958567
2026-05-27,825003,SEA,2.603571428571428,0.6427952999381572
2026-05-29,823135,SEA,2.8178571428571426,0.6904143475572048
2026-05-30,823132,SEA,3.0933673469387757,0.7238095238095238
2026-05-31,823133,SEA,3.0933673469387757,0.7880952380952381
2026-06-01,823131,SEA,3.0076530612244894,0.8357142857142856
2026-06-02,823129,SEA,3.0076530612244894,0.588265306122449
2026-06-03,823130,SEA,2.621938775510204,0.5726808905380334
2026-06-05,824271,SEA,2.664795918367347,0.19172850958565243
2026-06-06,824269,SEA,3.0505102040816325,0.5988713667285097
2026-06-07,824268,SEA,2.889795918367347,0.682204700061843
2026-06-08,824829,SEA,3.746938775510204,1.044109461966605
2026-06-09,824830,SEA,4.068367346938776,1.0619666048237477
2026-06-10,824831,SEA,3.6183673469387756,1.2619666048237477
2026-06-11,824827,SEA,4.646938775510203,1.8691094619666049
2026-06-12,822726,SEA,4.43265306122449,1.583395176252319
2026-06-13,822725,SEA,4.218367346938775,1.4643475572047
2026-06-14,822722,SEA,4.7693877551020405,1.280674087816945
2026-06-16,823128,SEA,5.412244897959184,1.298531230674088
2026-06-17,823127,SEA,5.283673469387755,1.155674087816945
2026-06-18,823125,SEA,5.712244897959183,1.5425788497217068
2026-06-19,823124,SEA,5.712244897959183,1.6724489795918367
2026-06-20,823126,SEA,6.097959183673469,1.6724489795918365
2026-06-21,823123,SEA,5.3265306122448965,1.3529684601113172
2026-06-23,823365,SEA,5.3265306122448965,0.9660636982065555
2026-06-24,823367,SEA,4.469387755102041,0.6089208410636981
2026-06-25,823366,SEA,5.112244897959184,0.39463512677798385
2026-06-26,824423,SEA,5.341836734693877,0.078308596165739
2026-06-27,824421,SEA,4.0561224489795915,-0.7431199752628325
2026-06-28,824422,SEA,4.0561224489795915,-0.8859771181199754
2026-06-29,823121,SEA,5.433673469387755,-0.5288342609771182
2026-06-30,823122,SEA,4.607142857142857,-0.3655689548546692
2026-07-02,823119,SEA,4.205357142857143,-0.3834260977118121
2026-07-03,823120,SEA,4.205357142857143,-0.2762832405689549
2026-07-04,823118,SEA,3.7767857142857144,-0.5143784786641931
2026-07-05,823117,SEA,3.7767857142857144,-0.6715213358070501
2026-07-07,823847,SEA,3.1339285714285716,-0.6000927643784787
2026-07-08,823848,SEA,3.28228021978022,-0.3168759811616956
2026-07-09,823846,SEA,3.28228021978022,-0.049018838304552635
2026-07-10,822955,SEA,3.7108516483516487,0.14145735217163785
2026-07-11,822953,SEA,3.389423076923077,0.4093144950287807
2026-07-12,822951,SEA,3.3205455259026686,1.1363553113553113
2026-07-17,823115,SEA,3.495870201227344,1.4058358308358307
2026-07-18,823116,SEA,4.2672987726559155,1.8272644022644022
2026-07-19,823113,SEA,2.8897477522477524,1.4879786879786878
2026-07-20,823112,SEA,2.8897477522477524,1.2022644022644022
2026-07-21,823114,SEA,2.6486763236763236,1.095121545121545
2026-07-22,823110,SEA,2.970104895104895,1.6308358308358308
2026-07-24,822872,SEA,3.612962037962038,1.8927405927405927
2026-07-25,822869,SEA,3.612962037962038,1.7641691641691641
2026-07-26,822870,SEA,4.041533466533466,1.8832167832167832
2026-07-27,822868,SEA,4.086038961038961,1.5551948051948052
2026-07-28,823923,SEA,4.086038961038961,1.3587662337662338
2026-07-29,823924,SEA,3.818181818181818,1.3170995670995669
2026-07-30,823921,SEA,3.3896103896103895,1.0075757575757576
2026-07-31,823111,SEA,3.1217532467532467,0.454004329004329
2026-08-01,823109,SEA,3.472402597402597,0.6390692640692642
2026-08-02,823107,SEA,2.700974025974026,0.2533549783549784
2026-08-04,823108,SEA,4.308116883116883,1.664069264069264
2026-08-05,823106,SEA,5.16525974025974,2.4735930735930736
2026-08-06,823105,SEA,5.808116883116883,2.7593073593073596
2026-08-07,823103,SEA,6.450974025974026,2.437878787878788
2026-08-08,823102,SEA,5.808116883116883,2.2133889919604206
2026-08-09,823104,SEA,5.808116883116883,2.3026747062461346
2026-08-11,823512,SEA,5.676248751248751,2.2715391751106035
2026-08-12,823511,SEA,6.340534465534465,2.335824889396318
2026-08-13,823508,SEA,7.947677322677322,3.103682032253461
2026-08-14,824159,SEA,7.786963036963036,3.121539175110604
2026-08-15,824157,SEA,8.086963036963036,3.259634413205842
2026-08-16,824156,SEA,8.836963036963036,3.5810629846344133
2026-08-18,823749,SEA,8.31098901098901,3.1503270538984824
2026-08-19,823748,SEA,10.818131868131868,4.15746991104134
2026-08-20,823747,SEA,9.532417582417581,2.746755625327054
2026-08-21,823101,SEA,8.813029827315543,2.212742019884877
2026-08-22,823100,SEA,8.466875981161696,2.2896650968079544
2026-08-23,823099,SEA,7.6954474097331245,1.9825222396650968
2026-08-24,823097,SEA,9.486263736263737,2.4417059131344847
2026-08-25,823098,SEA,9.486263736263737,2.4595630559916275
2026-03-20,831749,SF,,
2026-03-20,831835,SF,,
2026-03-21,831873,SF,,
2026-03-25,823244,SF,6.5,2.3333333333333335
2026-03-27,823243,SF,4.875,1.5
2026-03-28,823241,SF,4.390909090909091,2.0727272727272728
2026-03-30,823320,SF,3.959090909090909,1.9272727272727275
2026-03-31,823322,SF,4.250649350649351,2.032900432900433
2026-04-01,823321,SF,3.7193181818181817,1.5287878787878788
2026-04-02,823242,SF,4.806060606060606,2.1505892255892256
2026-04-03,823240,SF,4.325454545454545,1.7718939393939395
2026-04-04,823239,SF,4.95495867768595,1.906267217630854
2026-04-05,823238,SF,4.888199300699301,1.9397193084693083
2026-04-06,823237,SF,5.896799354491662,1.7520485924332077
2026-04-07,823235,SF,5.9041708291708295,1.7935689310689311
2026-04-08,823234,SF,5.475599400599401,1.7646573664430807
2026-04-10,824858,SF,5.475599400599401,1.609895461681176
2026-04-11,824857,SF,4.939885114885115,1.5741811759668902
2026-04-12,824859,SF,5.582742257742258,1.859895461681176
2026-04-14,824531,SF,5.7931318681318675,1.5696357214214358
2026-04-15,824532,SF,5.664560439560439,1.4124928642785786
2026-04-16,824530,SF,5.235989010989011,1.132730959516674
2026-04-17,822752,SF,5.235989010989011,1.0613023880881023
2026-04-18,822751,SF,4.4859890109890115,0.8618976261833404
2026-04-19,822750,SF,4.587492770387507,0.9223897656228484
2026-04-21,823236,SF,3.7839213418160784,0.6188183370514198
2026-04-22,823231,SF,3.487218045112782,0.38255460078768344
2026-04-23,823233,SF,2.2015037593984963,0.5254117436448263
2026-04-24,823232,SF,1.7729323308270677,0.32303079126387396
2026-04-25,823229,SF,1.9015037593984963,0.3352756892230576
2026-04-26,823230,SF,1.9015037593984963,0.47813283208020046
2026-04-28,823473,SF,1.4729323308270676,0.013847117794486172
2026-04-30,823471,SF,1.2586466165413535,-0.2004385964912281
2026-04-30,823472,SF,1.130075187969925,-0.10758145363408524
2026-05-01,822990,SF,1.9015037593984963,-0.20758145363408526
2026-05-02,822988,SF,1.9015037593984963,-0.20401002506265664
2026-05-03,822987,SF,1.9015037593984963,0.10767828662565504
2026-05-04,823228,SF,1.8625427204374572,-0.06548188653451811
2026-05-05,823227,SF,2.0824675324675326,0.31233766233766236
2026-05-06,823226,SF,2.5967532467532473,0.4409090909090909
2026-05-08,823225,SF,3.23961038961039,0.9885281385281386
2026-05-09,823224,SF,3.453896103896104,1.0480519480519481
2026-05-10,823221,SF,4.611038961038962,1.083766233766234
2026-05-11,823953,SF,4.583971291866028,1.2890293916609707
2026-05-12,823951,SF,4.583971291866028,1.1364319890635681
2026-05-13,823952,SF,4.583971291866028,1.2650034176349967
2026-05-14,823950,SF,4.155399863294599,1.3292891319207107
2026-05-15,825009,SF,4.139328434723171,1.268574846206425
2026-05-16,825007,SF,3.3678998632946,1.368574846206425
2026-05-17,825006,SF,4.194430475539498,1.8522483155941802
2026-05-18,825087,SF,4.194430475539498,1.61198857533444
2026-05-19,825086,SF,4.194430475539498,1.3977028610487259
2026-05-20,825084,SF,4.5962161898252125,1.6387742896201545
2026-05-22,823223,SF,4.081930475539498,1.462583813429678
2026-05-23,823222,SF,3.5596090469680695,1.0533576229534876
2026-05-24,823220,SF,3.345323332682355,0.7053722749681396
2026-05-25,823219,SF,2.3167519041109266,0.7910865606824252
2026-05-26,823216,SF,2.536676716141002,0.6322519742162599
2026-05-27,823217,SF,3.018819573283859,0.9991350910993769
2026-05-29,824353,SF,3.018819573283859,0.8705636625279484
2026-05-30,824352,SF,4.0572811117453975,1.350233992198278
2026-05-31,824354,SF,4.409616276580563,1.5109482779125636
2026-06-01,823781,SF,4.666759133723419,1.5966625636268492
2026-06-02,823782,SF,5.125942807192807,1.4487033799533802
2026-06-03,823780,SF,6.197371378621378,1.7820367132867134
2026-06-04,823779,SF,6.022046703296703,1.895673076923077
2026-06-05,824673,SF,6.125363029827315,1.8688873626373628
2026-06-06,824669,SF,6.607505886970173,2.16650641025641
2026-06-07,824670,SF,6.679827315541601,2.378113553113553
2026-06-08,823218,SF,6.679827315541601,2.5308608058608058
2026-06-09,823214,SF,8.479827315541602,2.5165750915750915
2026-06-10,823215,SF,8.57166405023548,2.503819989534275
2026-06-12,823211,SF,9.053806907378336,2.46810570381999
2026-06-13,823213,SF,9.202158555729984,2.723600209314495
2026-06-14,823212,SF,8.404768445839874,2.434108451072737
2026-06-16,824912,SF,7.81136185243328,1.9341084510727367
2026-06-17,824913,SF,7.554218995290424,1.8037513082155938
2026-06-19,823853,SF,6.750647566718995,1.6073227367870224
2026-06-20,823854,SF,6.322076138147566,1.666846546310832
2026-06-23,823210,SF,6.450647566718994,1.8597036891679746
2026-06-24,823208,SF,5.624116954474097,1.3954179748822604
2026-06-25,823209,SF,5.334831240188383,1.4954179748822605
2026-06-26,823206,SF,6.64197409733124,1.216846546310832
2026-06-27,823207,SF,6.64197409733124,1.1869764164407022
2026-06-28,823204,SF,4.713402668759811,1.1512621307264166
2026-06-29,825065,SF,4.9429945054945055,0.9318743756243756
2026-06-30,825066,SF,4.154033466533467,1.1461600899100899
2026-07-01,825064,SF,4.246753246753246,1.1853084415584416
2026-07-03,824336,SF,4.862824675324675,0.7641774891774891
2026-07-04,824334,SF,5.891396103896104,1.3356060606060605
2026-07-05,824333,SF,6.105681818181817,1.3802489177489174
2026-07-06,823205,SF,6.149512987012987,1.482521645021645
2026-07-07,823203,SF,5.506655844155844,0.9468073593073593
2026-07-08,823202,SF,5.474512987012987,0.6432359307359307
2026-07-09,823201,SF,6.438798701298701,1.6432359307359306
2026-07-10,823200,SF,6.245941558441558,1.150378787878788
2026-07-11,823198,SF,5.228084415584415,1.025378787878788
2026-07-12,823199,SF,5.549512987012987,1.4052489177489176
2026-07-17,823115,SF,5.549512987012987,1.3338203463203462
2026-07-18,823116,SF,4.906655844155844,1.3338203463203462
2026-07-19,823113,SF,4.7313311688311686,0.9766774891774891
2026-07-20,824087,SF,4.972402597402597,1.2713203463203462
2026-07-21,824085,SF,4.263611388611388,1.3390859140859142
2026-07-22,824083,SF,3.23503996003996,1.0533716283716283
2026-07-24,823196,SF,3.98503996003996,1.1605144855144853
2026-07-25,823197,SF,3.7804945054945054,1.1832417582417583
2026-07-26,823194,SF,4.209065934065934,1.707051282051282
2026-07-27,823195,SF,4.112637362637363,1.7641941391941391
2026-07-28,823193,SF,3.1483516483516487,0.5022893772893772
2026-07-29,823192,SF,3.630494505494506,0.7835393772893772
2026-07-30,823271,SF,3.3626373626373627,1.05139652014652
2026-07-31,823272,SF,3.0412087912087915,0.6109203296703296
2026-08-01,823269,SF,3.178963893249608,0.6007162480376763
2026-08-02,823270,SF,3.393249607535322,0.6721448194662479
2026-08-03,822867,SF,3.393249607535322,0.6007162480376765
2026-08-04,822865,SF,3.125392464678179,0.4757162480376765
2026-08-05,822866,SF,3.5030148423005563,0.6720199443413728
2026-08-07,823191,SF,3.7785250463821893,0.8403872912801483
2026-08-08,823188,SF,2.894596474953618,0.8046730055658626
2026-08-09,823190,SF,3.8004406307977736,0.7819457328385899
2026-08-10,823189,SF,3.6932977736549164,0.29385049474335173
2026-08-11,823186,SF,4.2867043670615095,0.6908285167213738
2026-08-12,823187,SF,4.2867043670615095,0.8598761357689929
2026-08-14,823185,SF,4.018847224204367,0.697673754816612
2026-08-15,823184,SF,3.9974186527757958,0.5976737548166119
2026-08-16,823182,SF,3.9974186527757958,0.5262451833880404
2026-08-18,824398,SF,4.823949265020693,0.9242043670615099
2026-08-19,824394,SF,4.609663550734979,0.7992043670615099
2026-08-20,824395,SF,4.609663550734979,0.6971635507349793
2026-08-21,824721,SF,4.395377836449265,0.12573497930640778
2026-08-22,824718,SF,3.9899395247609535,0.08190381047523895
2026-08-23,824720,SF,4.437643606393606,0.12782217782217772
2026-08-24,823183,SF,4.5056381118881115,0.07837162837162825
2026-08-25,823181,SF,3.2783653846153844,-0.2240890688259111
2026-03-20,831456,STL,,
2026-03-21,831449,STL,,
2026-03-22,831496,STL,,
2026-03-26,823081,STL,3.0,0.3333333333333333
2026-03-28,823082,STL,5.625,0.625
2026-03-29,823079,STL,6.3,0.35
2026-03-30,823080,STL,6.75,0.39166666666666666
2026-03-31,823077,STL,5.785714285714286,0.55
2026-04-01,823078,STL,5.0625,0.45
2026-04-03,824299,STL,4.5,0.4222222222222223
2026-04-04,824295,STL,4.32,0.5900000000000001
2026-04-05,824296,STL,4.628571428571428,1.1207792207792209
2026-04-06,822755,STL,4.430357142857143,1.1107142857142858
2026-04-07,822754,STL,5.704945054945055,2.1534798534798534
2026-04-08,822753,STL,5.426020408163265,1.9282312925170066
2026-04-10,823076,STL,4.943877551020408,1.5948979591836732
2026-04-11,823074,STL,4.943877551020408,1.630612244897959
2026-04-12,823075,STL,5.426020408163265,1.823469387755102
2026-04-13,823073,STL,4.783163265306122,1.7520408163265306
2026-04-14,823072,STL,4.461734693877551,2.0020408163265304
2026-04-15,823071,STL,4.204591836734694,1.930612244897959
2026-04-17,824207,STL,4.6331632653061225,1.7044217687074827
2026-04-18,824206,STL,4.793877551020408,1.6865646258503397
2026-04-19,824205,STL,5.436734693877551,2.0294217687074827
2026-04-20,823879,STL,5.726020408163265,2.0937074829931968
2026-04-21,823880,STL,5.450510204081632,1.9406462585034012
2026-04-22,823878,STL,5.6404452690166975,2.005581323438466
2026-04-24,823069,STL,4.1404452690166975,0.8151051329622758
2026-04-25,823070,STL,4.011873840445269,0.9839363017934446
2026-04-26,823068,STL,4.692546109352833,0.9979419040343409
2026-04-27,823395,STL,5.1211175379242615,1.0931799992724363
2026-04-28,823390,STL,4.478260395067118,0.8407990468914839
2026-04-29,823392,STL,4.6828058496125715,0.960928917021354
2026-04-30,823391,STL,4.789948706755429,0.9073574884499254
2026-05-01,823066,STL,4.679744625122775,1.1042962639601295
2026-05-02,823067,STL,4.251173196551347,1.2662010258648915
2026-05-03,823065,STL,4.5190303394084905,1.1352486449125105
2026-05-04,823064,STL,3.876173196551348,0.8971534068172724
2026-05-06,823063,STL,3.744679690057841,0.9750754847393502
2026-05-07,823306,STL,3.6834552002619225,0.597524464331187
2026-05-08,823303,STL,3.3328058496125723,0.3183036851104078
2026-05-09,823304,STL,3.3328058496125723,0.41354178034850303
2026-05-10,823305,STL,3.6542344210411435,0.5661391829459056
2026-05-12,825011,STL,3.2702654488368776,0.6272251557965844
2026-05-13,825010,STL,3.002408305979735,0.8355584891299177
2026-05-14,825008,STL,3.4309797345511632,1.3355584891299177
2026-05-15,823061,STL,3.5478628514342794,1.4654286190000474
2026-05-16,823060,STL,3.119291422862851,1.3368571904286188
2026-05-17,823058,STL,3.0580669330669332,1.478013653013653
2026-05-19,823059,STL,3.0580669330669332,1.588217734646306
2026-05-20,823057,STL,2.8705669330669332,1.8084558298844011
2026-05-21,823056,STL,3.513424075924076,1.6179796394082107
2026-05-23,824516,STL,3.513424075924076,1.5010965225250938
2026-05-23,824518,STL,3.419674075924076,1.4787750939536655
2026-05-25,823784,STL,3.419674075924076,1.6216322368108085
2026-05-26,823785,STL,3.848245504495505,1.7168703320489034
2026-05-27,823783,STL,3.6875312187812193,1.5382989034774748
2026-05-29,823055,STL,3.390827922077922,1.296540661719233
2026-05-30,823054,STL,3.3372564935064934,0.9810644712430426
2026-05-31,823053,STL,3.1841952690166972,1.009976035868893
2026-06-01,823050,STL,2.7166628014842304,0.8216643475572046
2026-06-02,823052,STL,2.71666280148423,0.6883310142238713
2026-06-03,823051,STL,3.273805658627087,0.2502357761286333
2026-06-05,823049,STL,3.6595199443413726,0.09717455163883736
2026-06-06,823048,STL,3.4184485157699447,-0.04211116264687693
2026-06-07,823047,STL,2.775591372912802,0.014011286332714909
2026-06-09,823620,STL,2.639227736549165,-0.04226576994434138
2026-06-10,823618,STL,2.518692022263451,-0.09137291280148423
2026-06-11,823619,STL,2.518692022263451,-0.11518243661100803
2026-06-12,823695,STL,2.440769944341373,-0.06539888682745823
2026-06-13,823694,STL,3.3514842300556587,0.8869820655534941
2026-06-14,823693,STL,3.6269944341372913,1.0910636982065554
2026-06-16,823045,STL,4.484137291280148,0.9958256029684601
2026-06-17,823044,STL,4.208627087198516,0.6692949907235624
2026-06-18,824098,STL,4.676159554730982,1.0004638218923934
2026-06-19,824097,STL,5.285182111121961,1.4127445236467795
2026-06-21,824095,STL,4.728039253979103,1.6365540474563034
2026-06-22,823040,STL,4.709671907040328,1.8814520066399767
2026-06-23,823043,STL,4.923957621326042,2.276690101878072
2026-06-24,823041,STL,5.647171907040328,2.5062819386127657
2026-06-26,823039,STL,5.783535543403965,2.484636916967744
2026-06-27,823038,STL,6.640678400546823,2.913208345539173
2026-06-28,823037,STL,6.640678400546823,2.9064056244507377
2026-06-30,824907,STL,6.290029049897472,2.666145884190997
2026-07-01,824905,STL,5.540029049897472,1.6959077889529017
2026-07-02,824906,STL,5.907375988672982,1.8132547277284121
2026-07-03,824659,STL,4.943090274387267,1.9540110302494205
2026-07-04,824658,STL,5.1359474172444095,1.8182967445351348
2026-07-05,824656,STL,4.493090274387267,1.2825824588208492
2026-07-06,823036,STL,3.8840677179962895,0.870301757066463
2026-07-07,823035,STL,4.11483694876552,0.8574812442459502
2026-07-07,823062,STL,4.87249000999001,0.9875832850622768
2026-07-08,823032,STL,4.9796328671328665,0.713773761252753
2026-07-09,823034,STL,4.256418581418581,0.4191309041098958
2026-07-10,823033,STL,4.227197802197802,0.3931568781358698
2026-07-11,823030,STL,3.4771978021978023,0.059823544802536495
2026-07-12,823029,STL,3.6914835164835162,0.30472150398620995
2026-07-17,825060,STL,3.8200549450549453,0.5190072182719242
2026-07-18,825059,STL,3.980769230769231,0.8136500754147813
2026-07-19,825057,STL,3.337912087912088,0.6112691230338291
2026-07-20,824006,STL,3.9807692307692304,1.0776556776556778
2026-07-21,824005,STL,4.338932496075353,1.4327577184720042
2026-07-22,824004,STL,4.338932496075353,1.59347200418629
2026-07-23,823042,STL,4.338932496075353,1.617281527995814
2026-07-24,823031,STL,5.340306122448979,1.5348639455782311
2026-07-25,823027,STL,4.858163265306122,1.4693877551020411
2026-07-26,823028,STL,4.536734693877551,1.3622448979591841
2026-07-27,823025,STL,4.858163265306122,1.4068877551020411
2026-07-28,823026,STL,5.018877551020408,1.442602040816327
2026-07-29,823022,STL,5.174721706864564,1.3635977118119977
2026-07-30,823023,STL,5.089007421150278,1.4064548546691404
2026-07-31,822782,STL,5.135760667903526,1.373987322201608
2026-08-01,822781,STL,5.296474953617811,1.3829158936301795
2026-08-02,822783,STL,5.9393320964749545,1.5019635126777984
2026-08-03,823520,STL,5.510760667903526,0.930534941249227
2026-08-04,823517,STL,5.648515769944341,1.4203308596165738
2026-08-05,823516,STL,5.648515769944341,1.2810451453308596
2026-08-07,823024,STL,5.648515769944341,1.493166357452072
2026-08-08,823021,STL,4.20208719851577,1.4753092145949291
2026-08-09,823020,STL,4.041372912801484,1.3800711193568336
2026-08-10,823018,STL,4.234230055658627,1.7514996907854052
2026-08-11,823019,STL,4.394944341372913,1.8586425479282624
2026-08-12,823017,STL,3.9128014842300556,1.8943568336425483
2026-08-14,824643,STL,3.649814471243043,2.0566944959802105
2026-08-15,824644,STL,3.7623144712430423,2.3084802102659245
2026-08-16,824642,STL,3.8012755102040816,2.2695191713048857
2026-08-17,824478,STL,3.47984693877551,2.0552334570191713
2026-08-17,824514,STL,3.0512755102040816,2.079042980828695
2026-08-18,824475,STL,2.836989795918367,1.9933286951144098
2026-08-19,824476,STL,2.148214285714286,1.2662878787878789
2026-08-20,824474,STL,2.7910714285714286,1.3520021645021647
2026-08-21,823420,STL,3.8430194805194806,1.6442099567099568
2026-08-22,823422,STL,4.228733766233766,1.6620670995670996
2026-08-23,823421,STL,4.818019480519481,2.0192099567099566
2026-08-25,823016,STL,5.451692949907235,1.933495670995671
2026-03-20,831602,TB,,
2026-03-21,831599,TB,,
2026-03-22,831592,TB,,
2026-03-23,831547,TB,2.892857142857143,2.0595238095238098
2026-03-24,831545,TB,2.169642857142857,1.0446428571428572
2026-03-26,823081,TB,2.507142857142857,1.3214285714285716
2026-03-28,823082,TB,6.089285714285714,1.878968253968254
2026-03-29,823079,TB,5.990816326530612,1.5248299319727892
2026-03-30,823809,TB,6.085714285714285,2.1467261904761905
2026-03-31,823807,TB,5.409523809523809,1.9452380952380952
2026-04-01,823806,TB,5.678571428571429,2.5907142857142857
2026-04-03,823732,TB,6.253246753246753,2.3248917748917752
2026-04-04,823730,TB,7.419642857142857,2.7249007936507934
2026-04-05,823729,TB,6.8489010989010985,2.464010989010989
2026-04-06,823002,TB,6.3596938775510194,2.234438775510204
2026-04-07,822999,TB,6.6168367346938775,2.3237244897959184
2026-04-08,823000,TB,7.0817602040816325,2.534183673469388
2026-04-10,822997,TB,6.599617346938776,2.1362244897959184
2026-04-11,822996,TB,6.760331632653061,2.33265306122449
2026-04-12,822998,TB,6.725892857142857,2.185969387755102
2026-04-14,824616,TB,5.8687499999999995,2.2573979591836735
2026-04-15,824615,TB,5.804464285714286,2.621683673469388
2026-04-16,824614,TB,5.597831632653062,2.208418367346939
2026-04-17,823397,TB,5.773156307977737,2.4962971552257267
2026-04-18,823394,TB,5.917799165120594,2.244511440940012
2026-04-19,823393,TB,5.129533858998145,2.237708719851577
2026-04-20,822994,TB,4.033754638218924,2.1378710575139146
2026-04-21,822995,TB,4.226611781076067,2.0997758194186766
2026-04-22,822993,TB,5.083754638218925,2.546204390847248
2026-04-24,822992,TB,4.826611781076068,2.3319186765615334
2026-04-25,822989,TB,4.438218923933209,2.269418676561534
2026-04-26,822991,TB,4.5989332096474955,2.2566635745207178
2026-04-27,824446,TB,4.631076066790352,2.3530921459492893
2026-04-28,824447,TB,4.390004638218924,2.147735003092146
2026-04-29,824445,TB,3.532861781076067,1.8501159554730984
2026-05-01,822990,TB,3.2114332096474953,1.552496907854051
2026-05-02,822988,TB,2.9359230055658627,1.40623840445269
2026-05-03,822987,TB,2.862102089639684,0.9592117468997169
2026-05-04,822984,TB,2.1388878039253982,0.4681403183282882
2026-05-05,822986,TB,2.0700102529049897,0.40946684894053315
2026-05-06,822985,TB,1.719360902255639,0.04799498746867166
2026-05-07,824767,TB,1.5265037593984963,0.005137844611528822
2026-05-08,824768,TB,0.7979323308270676,-0.4734335839598998
2026-05-10,824765,TB,0.7979323308270676,-0.45914786967418547
2026-05-11,822818,TB,0.5836466165413533,-0.8948621553884711
2026-05-12,822817,TB,0.8515037593984962,-0.6151002506265665
2026-05-13,822815,TB,1.3015037593984964,-0.8222431077694236
2026-05-15,822983,TB,1.8949103528050897,-0.14916618469250048
2026-05-16,822981,TB,1.9867470874989672,-0.20528863367209232
2026-05-17,822982,TB,3.4331756589275386,-0.10409815748161615
2026-05-18,822980,TB,3.6085003342522137,-0.06730162068507935
2026-05-19,822979,TB,3.828425146282289,0.17517958232243944
2026-05-20,822977,TB,3.828425146282289,0.2644652966081537
2026-05-22,823546,TB,4.085568003425147,0.653751010893868
2026-05-24,823544,TB,4.299853717710861,0.534703391846249
2026-05-25,824838,TB,5.585568003425146,1.8061319632748203
2026-05-26,824837,TB,5.824343513629229,2.0244993102135957
2026-05-27,824836,TB,5.824343513629229,2.236404072118358
2026-05-29,822978,TB,6.467200656486371,2.6721183578326437
2026-05-30,822975,TB,7.002914942200657,2.6959278816421675
2026-05-31,822976,TB,7.517200656486371,3.4816421673564526
2026-06-01,822974,TB,7.084508348794062,3.1121366728509585
2026-06-02,822971,TB,7.5069573283859,3.475401978973408
2026-06-03,822973,TB,6.323515769944342,3.5159863945578236
2026-06-05,823860,TB,6.276762523191095,3.5315708101422385
2026-06-06,823859,TB,5.9553339517625234,3.1744279529993813
2026-06-07,823857,TB,5.9553339517625234,3.061332714904143
2026-06-08,822972,TB,6.341048237476808,2.8565708101422387
2026-06-09,822969,TB,6.126762523191094,2.82799938157081
2026-06-10,822970,TB,4.841048237476808,1.6851422387136672
2026-06-12,824020,TB,6.080844155844155,3.0167748917748916
2026-06-13,824019,TB,6.080844155844155,2.9334415584415585
2026-06-14,824021,TB,6.937987012987013,2.81439393939394
2026-06-15,823938,TB,6.149025974025974,2.7656926406926408
2026-06-16,823939,TB,5.232954545454545,2.304978354978355
2026-06-17,823940,TB,5.072240259740259,2.037121212121212
2026-06-19,822966,TB,5.00300949050949,1.9195387945387947
2026-06-20,822967,TB,4.740022477522478,1.6825258075258076
2026-06-21,822968,TB,4.772165334665334,1.8146686646686647
2026-06-22,822964,TB,4.772165334665334,1.8741924741924743
2026-06-23,822963,TB,4.772165334665334,1.9456210456210457
2026-06-24,822965,TB,5.415022477522478,1.7551448551448554
2026-06-25,822961,TB,5.575736763236764,1.9087162837162839
2026-06-26,822962,TB,5.743438626590801,1.9180330539026191
2026-06-27,822960,TB,4.136295769447943,0.47517591104547624
2026-06-28,822959,TB,4.228132504141821,0.4649718294128232
2026-06-30,824096,TB,2.942418218427535,0.4173527817937756
2026-07-01,824094,TB,2.9813792573885745,0.5374826519236457
2026-07-02,824093,TB,2.7403078288171456,0.1981969376379315
2026-07-03,824173,TB,2.95459354310286,0.5553397947807887
2026-07-04,824171,TB,2.509538598047915,0.21967545911645295
2026-07-05,824172,TB,3.5809671694764864,0.6482468876878815
2026-07-06,822958,TB,3.4202528837622004,0.37528770401441214
2026-07-07,822956,TB,3.741681455190772,0.780049608776317
2026-07-08,822957,TB,3.917006130515447,0.6804825092092174
2026-07-09,822954,TB,2.6312918448011615,0.4542920330187411
2026-07-10,822955,TB,3.0491489876583047,0.7328634615901696
2026-07-11,822953,TB,2.881447124304267,0.5677025355596783
2026-07-12,822951,TB,2.881447124304267,0.34984539270253556
2026-07-17,824737,TB,3.016501145912911,0.44828476845283566
2026-07-17,824766,TB,2.8022154316271966,0.3768561970242642
2026-07-18,824738,TB,3.230786860198625,0.3768561970242642
2026-07-19,824739,TB,3.487929717341482,0.6482847684528357
2026-07-20,822788,TB,3.2736440030557676,0.4101895303575976
2026-07-21,822787,TB,3.2736440030557676,0.4253410455091127
2026-07-22,822784,TB,2.2022154316271965,0.03248390265196987
2026-07-23,822785,TB,2.4165011459129104,0.38282403870639165
2026-07-24,822952,TB,2.3093582887700532,0.037585943468296405
2026-07-25,822948,TB,2.4554621848739493,0.32167685255920553
2026-07-26,822950,TB,2.4554621848739493,0.5716768525592055
2026-07-28,822949,TB,1.8768907563025208,0.2038197097020627
2026-07-29,822947,TB,2.2626050420168067,0.6382352941176472
2026-07-30,822946,TB,2.2626050420168067,0.708040488922842
2026-07-31,822945,TB,2.142857142857143,0.5602813852813854
2026-08-01,822944,TB,2.142857142857143,0.7269480519480521
2026-08-02,822943,TB,1.5,0.1555194805194806
2026-08-03,824324,TB,2.207142857142857,0.3840909090909092
2026-08-04,824321,TB,3.492857142857143,0.7888528138528139
2026-08-05,824322,TB,3.492857142857143,0.7444805194805195
2026-08-07,823103,TB,3.492857142857143,0.6516233766233768
2026-08-08,823102,TB,3.6,0.7706709956709957
2026-08-09,823104,TB,3.553416149068323,1.0972755505364202
2026-08-10,824969,TB,3.2319875776397518,0.9841803124411822
2026-08-12,824967,TB,3.8748447204968945,1.0556088838697535
2026-08-14,822942,TB,4.196273291925466,1.4127517410126107
2026-08-15,822941,TB,4.292701863354037,1.3573945981554678
2026-08-16,822940,TB,4.292701863354037,1.3233036890645589
2026-08-17,822939,TB,5.3723721930243675,1.6300802458411154
2026-08-18,822938,TB,5.712708327478148,1.6426852878579221
2026-08-19,822937,TB,6.1948511846210055,2.2632210021436365
2026-08-20,822934,TB,5.391279756049577,1.816792430715065
2026-08-21,824800,TB,4.426994041763863,1.4001257640483986
2026-08-22,824798,TB,4.426994041763863,1.4683075822302167
2026-08-23,824799,TB,4.748422613192433,1.6861647250873593
2026-08-24,824235,TB,4.641279756049577,1.6623552012778355
2026-08-25,824233,TB,4.473577892695539,1.2762268368886016
2026-03-20,831749,TEX,,
2026-03-21,831734,TEX,,
2026-03-23,831838,TEX,,
2026-03-24,831837,TEX,6.0,5.166666666666667
2026-03-26,823486,TEX,4.95,3.925
2026-03-28,823488,TEX,3.96,3.1399999999999997
2026-03-29,823487,TEX,3.3000000000000003,2.422222222222222
2026-03-30,824863,TEX,3.179220779220779,2.426839826839827
2026-03-31,824861,TEX,2.7818181818181817,1.8734848484848485
2026-04-01,824860,TEX,2.9342657342657343,1.614037814037814
2026-04-03,822919,TEX,3.090839160839161,1.9026340326340325
2026-04-04,822920,TEX,3.355308328035601,2.0023945751218477
2026-04-05,822917,TEX,3.0756993006993008,1.6688616938616938
2026-04-06,822918,TEX,3.012183969876278,1.598180025103102
2026-04-07,822916,TEX,2.7970279720279723,1.5554528804528804
2026-04-08,822915,TEX,2.1541708291708295,0.8887862137862138
2026-04-10,823968,TEX,1.7684565434565438,0.2959290709290709
2026-04-11,823967,TEX,2.387937062937063,0.7556693306693306
2026-04-12,823966,TEX,2.407717282717283,0.7084165834165834
2026-04-13,825024,TEX,2.622002997002997,0.7798451548451549
2026-04-14,825022,TEX,2.9434315684315684,1.256035631035631
2026-04-15,825021,TEX,2.7681068931068933,0.9521395271395272
2026-04-16,825023,TEX,3.5395354645354646,1.5664252414252415
2026-04-17,823152,TEX,3.8214035964035964,1.6636779886779887
2026-04-18,823151,TEX,3.499975024975025,1.3565351315351315
2026-04-19,823150,TEX,3.7142607392607396,1.047011322011322
2026-04-21,822914,TEX,3.7142607392607396,1.3803446553446554
2026-04-22,822913,TEX,3.5535464535464536,1.1362970362970362
2026-04-23,822912,TEX,4.196403596403597,1.2077256077256078
2026-04-24,822909,TEX,4.196403596403597,1.3029637029637031
2026-04-25,822910,TEX,4.624975024975025,1.6601065601065603
2026-04-26,822911,TEX,3.7483516483516484,1.0075091575091575
2026-04-27,822906,TEX,3.6,1.088095238095238
2026-04-28,822908,TEX,3.3857142857142857,1.1833333333333333
2026-04-29,822907,TEX,3.492857142857143,1.3142857142857143
2026-05-01,824287,TEX,3.492857142857143,1.3714285714285714
2026-05-02,824284,TEX,2.841964285714286,0.8598214285714284
2026-05-03,824285,TEX,2.263392857142857,0.7836309523809524
2026-05-05,823553,TEX,3.2276785714285716,0.5550595238095237
2026-05-06,823550,TEX,2.970535714285714,1.4645833333333333
2026-05-07,823551,TEX,2.970535714285714,1.3455357142857143
2026-05-08,822904,TEX,3.9348214285714285,1.6163690476190475
2026-05-09,822905,TEX,3.4125,1.5136904761904761
2026-05-10,822902,TEX,3.4125,1.4642399267399266
2026-05-11,822901,TEX,2.9839285714285713,1.1785256410256408
2026-05-12,822903,TEX,2.9839285714285713,1.2179993252361674
2026-05-13,822900,TEX,4.9125000000000005,1.8132374204742625
2026-05-15,824194,TEX,5.716071428571429,1.753713610950453
2026-05-16,824193,TEX,5.930357142857143,1.015618372855215
2026-05-17,824192,TEX,5.930357142857143,1.1227612299980723
2026-05-18,824357,TEX,5.809821428571429,1.0200826585695009
2026-05-19,824356,TEX,6.085331632653061,1.0115792572089564
2026-05-20,824355,TEX,5.121045918367346,1.1812221143518136
2026-05-22,824029,TEX,4.735331632653062,0.15265068578038507
2026-05-23,824030,TEX,5.121045918367348,0.5383649714946708
2026-05-24,824028,TEX,5.442474489795918,0.6722935429232422
2026-05-25,822899,TEX,5.321938775510204,0.44461497149467083
2026-05-26,822898,TEX,5.804081632653061,0.8154940923737917
2026-05-27,822897,TEX,6.446938775510204,1.6726369495166489
2026-05-28,822896,TEX,6.661224489795918,2.168877551020408
2026-05-29,822894,TEX,4.7326530612244895,1.454591836734694
2026-05-30,822893,TEX,4.1701530612244895,1.4010204081632653
2026-05-31,822895,TEX,4.813010204081633,1.7581632653061223
2026-06-01,823050,TEX,5.391581632653062,2.108163265306122
2026-06-02,823052,TEX,5.5522959183673475,2.2688775510204082
2026-06-03,823051,TEX,5.276785714285714,2.1464285714285714
2026-06-05,822892,TEX,5.469642857142857,2.0625
2026-06-06,822891,TEX,5.469642857142857,2.1160714285714284
2026-06-07,822890,TEX,5.083928571428571,1.6918956043956044
2026-06-09,824105,TEX,3.798214285714286,1.3823717948717948
2026-06-10,824103,TEX,4.073724489795918,1.9678309785452641
2026-06-11,824101,TEX,3.8487244897959187,1.5892595499738356
2026-06-12,824752,TEX,3.205867346938775,0.7211276818419675
2026-06-13,824749,TEX,3.848724489795918,1.0782705389848246
2026-06-14,824751,TEX,5.134438775510204,1.5068419675562532
2026-06-15,822887,TEX,5.214795918367346,1.2389848246991104
2026-06-16,822888,TEX,3.929081632653061,1.024699110413396
2026-06-18,822889,TEX,3.917737094837935,0.6641949087327239
2026-06-19,822886,TEX,4.142737094837935,0.7606234801612952
2026-06-20,822885,TEX,4.35702280912365,1.1653853849232
2026-06-21,822883,TEX,4.646308523409364,1.5796710992089145
2026-06-22,823851,TEX,4.646308523409364,1.6689568134946289
2026-06-23,823849,TEX,4.887379951980792,1.47527549481331
2026-06-24,823850,TEX,5.423094237695078,1.8681326376704526
2026-06-25,822797,TEX,5.790441176470588,1.8273163111398405
2026-06-26,822796,TEX,6.176155462184874,2.134459168282698
2026-06-27,822794,TEX,7.46186974789916,2.752591036414566
2026-06-28,822795,TEX,7.119012605042017,2.16687675070028
2026-06-29,824420,TEX,6.26186974789916,1.9764005602240897
2026-06-30,824418,TEX,6.181512605042017,2.2799719887955185
2026-07-01,824419,TEX,6.181512605042017,2.1371148459383753
2026-07-02,822884,TEX,6.471428571428571,2.4452380952380954
2026-07-04,822882,TEX,6.246428571428571,2.2595238095238095
2026-07-05,822879,TEX,6.032142857142857,1.8547619047619048
2026-07-07,822881,TEX,5.825510204081632,1.5231292517006803
2026-07-08,822880,TEX,5.986224489795918,1.4517006802721089
2026-07-09,822877,TEX,6.709438775510203,1.8802721088435372
2026-07-10,822878,TEX,6.602295918367346,1.4874149659863947
2026-07-11,822875,TEX,6.388010204081632,1.3921768707482993
2026-07-12,822876,TEX,6.130867346938776,1.1421768707482993
2026-07-17,824901,TEX,5.359438775510204,0.8493197278911565
2026-07-18,824899,TEX,6.291581632653061,1.1314625850340136
2026-07-19,824897,TEX,6.055867346938775,0.8790816326530614
2026-07-20,822874,TEX,6.457653061224489,0.7719387755102042
2026-07-21,822871,TEX,7.199411302982731,1.0686420722135008
2026-07-22,822873,TEX,6.342268445839873,0.782927786499215
2026-07-24,822872,TEX,6.457064364207221,0.8237441130298272
2026-07-25,822869,TEX,6.617778649921506,0.8237441130298274
2026-07-26,822870,TEX,6.342268445839875,0.7982339089481947
2026-07-27,822868,TEX,6.985125588697017,1.4053767660910519
2026-07-28,822949,TEX,6.296350078492935,1.1069073783359498
2026-07-29,822947,TEX,5.867778649921506,1.1242233956519672
2026-07-30,822946,TEX,5.439207221350078,1.0766043480329195
2026-07-31,824164,TEX,5.3290031397174245,1.3010941439512869
2026-08-01,824162,TEX,5.886145996860281,1.5106179534750963
2026-08-02,824163,TEX,4.439717425431711,0.99786285143428
2026-08-03,822867,TEX,5.2111459968602825,1.3514342800057086
2026-08-04,822865,TEX,4.996860282574568,1.8692914228628514
2026-08-05,822866,TEX,4.8979591836734695,2.0487786023500307
2026-08-07,822863,TEX,4.8979591836734695,1.894016697588126
2026-08-08,822864,TEX,4.622448979591836,1.827226345083488
2026-08-09,822862,TEX,4.461734693877551,2.0415120593692024
2026-08-10,823998,TEX,4.890306122448979,2.4462739641311066
2026-08-11,823997,TEX,4.086734693877551,1.981988249845393
2026-08-12,823994,TEX,3.811224489795918,1.7268862090290662
2026-08-13,823995,TEX,4.668367346938775,1.9714749536178109
2026-08-14,824968,TEX,5.204081632653062,1.6619511440940011
2026-08-15,824966,TEX,5.785714285714286,1.9612708719851575
2026-08-16,824965,TEX,4.714285714285714,1.4874613481756338
2026-08-18,822859,TEX,5.196428571428571,2.0537878787878787
2026-08-19,822860,TEX,4.232142857142857,1.607359307359307
2026-08-20,822861,TEX,4.446428571428571,1.3752164502164503
2026-08-21,822857,TEX,3.8035714285714284,1.0895021645021645
2026-08-22,822858,TEX,3.8035714285714284,1.053787878787879
2026-08-23,822856,TEX,3.978896103896104,1.0148268398268399
2026-08-24,824557,TEX,4.621753246753246,1.133874458874459
2026-08-25,824556,TEX,4.193181818181818,0.6719696969696969
2026-03-20,831604,TOR,,
2026-03-21,831553,TOR,,
2026-03-22,831592,TOR,,
2026-03-27,822839,TOR,5.5,1.638888888888889
2026-03-28,822838,TOR,4.875,1.9791666666666667
2026-03-29,822837,TOR,5.488235294117647,1.865686274509804
2026-03-30,822834,TOR,4.573529411764706,1.0092840166369579
2026-03-31,822836,TOR,6.234453781512605,1.315100585688821
2026-04-01,822835,TOR,5.455147058823529,0.9840463458110517
2026-04-03,824621,TOR,5.099019607843137,0.7358189740542681
2026-04-04,824622,TOR,4.589117647058823,0.49348707664884134
2026-04-05,824620,TOR,4.52257448433919,0.747325913836609
2026-04-06,822832,TOR,4.270693277310924,0.5600487543502249
2026-04-07,822831,TOR,5.128991596638656,1.1213636853342734
2026-04-08,822833,TOR,4.937959729346284,0.865941603914293
2026-04-10,822829,TOR,4.937959729346284,0.9730844610571501
2026-04-11,822830,TOR,4.080816872203426,0.4683225562952452
2026-04-12,822828,TOR,3.920102586489141,0.35955632252901154
2026-04-14,823802,TOR,3.705816872203427,-0.015443677470988484
2026-04-15,823803,TOR,3.5243042671614093,0.0408588435374149
2026-04-16,823801,TOR,3.8457328385899814,0.3817679344465058
2026-04-17,825101,TOR,2.964100185528757,0.2179924242424242
2026-04-18,825098,TOR,3.3314471243042667,0.3846590909090909
2026-04-19,825100,TOR,4.456447124304267,0.9025162337662337
2026-04-20,824046,TOR,4.885018552875695,1.2849567099567099
2026-04-21,824045,TOR,4.609508348794063,0.8895485466914038
2026-04-22,824044,TOR,4.663079777365492,0.996691403834261
2026-04-24,822827,TOR,4.418181818181818,0.4116573902288188
2026-04-25,822826,TOR,4.339285714285714,0.44769635126777985
2026-04-26,822824,TOR,4.454081632653061,0.25892084106369817
2026-04-27,822825,TOR,4.454081632653061,0.38089886304172016
2026-04-28,822823,TOR,4.646938775510203,0.6146650968079539
2026-04-29,822821,TOR,4.646938775510203,0.6000547071975644
2026-04-30,823714,TOR,4.261224489795919,0.3357689929118501
2026-05-01,823713,TOR,4.766326530612245,0.16740164597307453
2026-05-02,823715,TOR,4.666141001855287,-0.06914751914751917
2026-05-03,823711,TOR,4.298794063079777,-0.1405760905760906
2026-05-04,822984,TOR,3.4952226345083486,-0.6227189477189478
2026-05-05,822986,TOR,3.4173005565862704,-1.0015068265068265
2026-05-06,822985,TOR,4.060157699443414,-0.9836496836496836
2026-05-08,822822,TOR,3.8994434137291276,-0.8497211122211122
2026-05-09,822820,TOR,3.0423005565862704,-0.8973401598401599
2026-05-10,822819,TOR,3.074443413729128,-0.8437687312687313
2026-05-11,822818,TOR,3.4417903525046385,-0.2502313163027449
2026-05-12,822817,TOR,3.5901420008562868,-0.1678137338851625
2026-05-13,822815,TOR,3.737620992452925,-0.2056288599355827
2026-05-15,824280,TOR,3.9519067067386393,-0.030304184610907368
2026-05-16,824278,TOR,4.192978135310068,0.07683867253194977
2026-05-17,824279,TOR,3.440623347240994,0.11333788760259342
2026-05-18,823549,TOR,3.4795843862020335,0.3362816105463164
2026-05-19,823548,TOR,4.122441529059176,0.7827101819748877
2026-05-20,823547,TOR,3.640298671916319,0.8362816105463163
2026-05-21,823545,TOR,3.289649321266968,0.8103075845722904
2026-05-22,822816,TOR,2.646792178409825,0.8227299448207377
2026-05-23,822814,TOR,2.9223023824914582,0.5969646386982886
2026-05-24,822813,TOR,2.9223023824914582,0.7160122577459076
2026-05-25,822812,TOR,3.090434250623326,1.0819463236799736
2026-05-26,822811,TOR,3.2741077200110813,0.610857888305824
2026-05-27,822809,TOR,3.206113214516576,0.5868194267673624
2026-05-28,824834,TOR,2.8657770800627946,0.3567774099606397
2026-05-29,824835,TOR,2.6514913657770802,0.21392026710349693
2026-05-30,824833,TOR,2.8487316255173396,0.6717124748957046
2026-05-31,824832,TOR,3.7388415156272297,0.8892948924781223
2026-06-02,824918,TOR,3.910270087055801,0.8131044162876461
2026-06-03,824917,TOR,3.267412944198658,0.2952472734305033
2026-06-04,824919,TOR,3.910270087055802,0.6761996543828842
2026-06-05,822810,TOR,4.077971950409839,0.9029077289170456
2026-06-06,822808,TOR,5.042257664695553,0.9904853686685984
2026-06-07,822807,TOR,5.088176032042491,1.2787506747910473
2026-06-08,822806,TOR,5.088176032042491,1.1597030557434282
2026-06-09,822805,TOR,4.7914727353391955,0.7961499421903148
2026-06-10,822804,TOR,4.179227837380011,0.7077145680406548
2026-06-12,822803,TOR,4.325761450825389,0.812231374763344
2026-06-13,822802,TOR,4.325761450825389,0.7408028033347726
2026-06-14,822801,TOR,4.968618593682533,1.2050885176204869
2026-06-16,824750,TOR,5.253521191085129,1.122296309828279
2026-06-17,824746,TOR,4.449949762513701,1.090153452685422
2026-06-18,824748,TOR,4.064235476799416,1.1466751918158569
2026-06-19,824663,TOR,4.064235476799416,1.2181037632444283
2026-06-20,824665,TOR,3.8499497625137016,1.0633418584825234
2026-06-22,822800,TOR,4.043855042016807,1.2741337839483617
2026-06-23,822799,TOR,3.0795693277310927,1.4027052125197905
2026-06-24,822798,TOR,3.021127769289534,1.2647181995327776
2026-06-25,822797,TOR,3.2139849121466773,1.400432485247063
2026-06-26,822796,TOR,3.2139849121466773,1.7218610566756347
2026-06-27,822794,TOR,2.999699197860963,1.7796841859273353
2026-06-28,822795,TOR,3.2178633866133866,1.8310739726112397
2026-06-29,822792,TOR,3.393188061938062,1.839190855728123
2026-06-30,822793,TOR,2.7503309190809193,1.5789867740954697
2026-07-01,822791,TOR,2.2414023476523477,1.3944629645716602
2026-07-03,823120,TOR,2.3217594905094905,1.3141058217145172
2026-07-04,823118,TOR,2.3217594905094905,1.1790126540126538
2026-07-05,823117,TOR,2.9646166333666337,1.2504412254412252
2026-07-06,823205,TOR,2.8574737762237765,0.809965034965035
2026-07-07,823203,TOR,3.2190809190809193,1.292107892107892
2026-07-08,823202,TOR,3.3476523476523474,1.0635364635364637
2026-07-10,823278,TOR,3.0846653346653343,1.0050949050949052
2026-07-11,823276,TOR,3.0401598401598404,0.8089410589410589
2026-07-12,823274,TOR,3.4461748777538252,0.7512969486653697
2026-07-17,822789,TOR,4.089032020610968,0.7410928670327167
2026-07-18,822790,TOR,4.2868342184131665,0.633400559340409
2026-07-19,822786,TOR,4.1115095430884905,0.6312360571759068
2026-07-20,822788,TOR,4.1115095430884905,0.42715442452284563
2026-07-21,822787,TOR,4.325795257374205,0.5223925197609408
2026-07-22,822784,TOR,4.878841475861599,0.6563210911895122
2026-07-23,822785,TOR,4.878841475861599,0.6982465570280215
2026-07-24,824733,TOR,4.235984333004457,0.4125322713137359
2026-07-26,824730,TOR,4.396698618718743,0.6982465570280215
2026-07-27,822705,TOR,4.637770047290171,-0.04282487154340697
2026-07-28,822703,TOR,4.610702378117239,0.07747588033629227
2026-07-29,822702,TOR,4.996416663831525,0.44890445176486377
2026-07-31,822782,TOR,5.123575219561509,0.7032215632248323
2026-08-01,822781,TOR,4.7175601819675235,0.33229424492909293
2026-08-02,822783,TOR,4.07470303911038,0.44657995921480714
2026-08-03,824160,TOR,3.6461316105389523,0.4846751973100453
2026-08-04,824161,TOR,3.6461316105389523,0.6251513877862357
2026-08-05,824158,TOR,4.396131610538952,1.0418180544529023
2026-08-06,824664,TOR,3.967560181967524,0.6370561496909977
2026-08-07,823428,TOR,3.5591568206229858,0.7441990068338546
2026-08-08,823426,TOR,3.7075084689746345,1.0566691453909498
2026-08-09,823425,TOR,3.934399225277155,1.3087699857270843
2026-08-10,822780,TOR,3.565701746285559,1.4138120025338068
2026-08-11,822778,TOR,2.729987460571273,1.3495262882480927
2026-08-12,822779,TOR,2.6284837011727764,1.4970826792255365
2026-08-13,822776,TOR,2.8856265583156335,1.1494636316064888
2026-08-14,822777,TOR,3.5744020685197158,1.402014652014652
2026-08-15,822775,TOR,3.5744020685197158,1.5924908424908426
2026-08-16,822774,TOR,3.6547592113768586,1.415705128205128
2026-08-18,822938,TOR,3.6157981724158192,1.612674825174825
2026-08-19,822937,TOR,4.001512458130105,1.548389110889111
2026-08-20,822934,TOR,3.251512458130105,1.131722444222444
2026-08-21,823510,TOR,3.251512458130105,1.286484348984349
2026-08-22,823509,TOR,2.8657981724158192,0.7329129204129204
2026-08-23,823507,TOR,3.2684669322274362,0.8223948670377241
2026-08-25,822773,TOR,3.6844333187820584,1.284579740987304
2026-03-20,831450,WSH,,
2026-03-21,831448,WSH,,
2026-03-22,831503,WSH,,
2026-03-23,831546,WSH,4.5,1.0833333333333333
2026-03-26,824704,WSH,3.9375,1.0
2026-03-28,824701,WSH,3.4875,0.8375
2026-03-29,824700,WSH,4.90625,1.5868055555555554
2026-03-30,823484,WSH,4.526785714285714,1.7172619047619047
2026-03-31,823485,WSH,3.9609375,1.5338541666666665
2026-04-01,823483,WSH,3.9494047619047614,1.8396164021164023
2026-04-03,822758,WSH,4.7544642857142865,2.755654761904762
2026-04-04,822757,WSH,4.6728896103896105,2.8947510822510822
2026-04-05,822756,WSH,4.883482142857143,2.786855158730159
2026-04-06,822755,WSH,5.719368131868132,3.0340201465201466
2026-04-07,822754,WSH,6.114413265306122,3.4244472789115648
2026-04-08,822753,WSH,6.5965561224489795,3.9914115646258503
2026-04-10,823808,WSH,6.864413265306122,4.146173469387755
2026-04-11,823805,WSH,6.060841836734694,3.8068877551020406
2026-04-12,823804,WSH,6.075452226345083,3.948121521335807
2026-04-13,823400,WSH,6.437059369202226,4.2025858070500925
2026-04-14,823398,WSH,6.7370593692022265,4.110919140383426
2026-04-15,823399,WSH,6.817416512059369,4.048419140383426
2026-04-16,823396,WSH,6.817416512059369,4.00675247371676
2026-04-17,822752,WSH,6.955171614100185,3.7159361471861474
2026-04-18,822751,WSH,6.355171614100185,3.1159361471861473
2026-04-19,822750,WSH,6.320732838589982,2.845527983920841
2026-04-20,822749,WSH,5.806447124304268,2.5664071047999615
2026-04-21,822747,WSH,5.163589981447124,2.2271213905142475
2026-04-22,822748,WSH,4.57430426716141,1.6199785333713907
2026-04-23,822745,WSH,4.092161410018553,1.1958713905142475
2026-04-24,824611,WSH,4.467161410018553,1.166109485752343
2026-04-25,824613,WSH,4.873176447612538,1.5082147489102375
2026-04-26,824612,WSH,4.9945550689911595,1.3958271365226254
2026-04-28,823636,WSH,4.512412211848302,0.9613033269988157
2026-04-29,823633,WSH,3.355269354705445,0.7049846456801344
2026-04-30,823634,WSH,3.114197926134016,0.49367512187061063
2026-05-01,822744,WSH,3.242769354705445,0.5317703599658486
2026-05-02,822746,WSH,2.8295040485829963,0.4986070946597262
2026-05-03,822742,WSH,2.786646905725853,0.3128928089454405
2026-05-05,822743,WSH,2.7292489465421794,0.22615811506788952
2026-05-06,822740,WSH,3.3721060893993227,0.6909932799030544
2026-05-07,822741,WSH,2.8899632322564655,0.5237854876952622
2026-05-08,823871,WSH,2.8363918036850366,0.5237854876952622
2026-05-09,823869,WSH,2.8363918036850366,0.416642630552405
2026-05-10,823868,WSH,2.7828203751136082,0.7440235829333574
2026-05-12,824521,WSH,3.2033359497645213,0.47334689120403406
2026-05-13,824519,WSH,3.133523409363746,0.22706376256796426
2026-05-14,824517,WSH,3.133523409363746,0.40393451086728405
2026-05-15,822739,WSH,4.185471461311797,0.8579804649132381
2026-05-16,822737,WSH,4.506900032740369,0.8639328458656191
2026-05-17,822738,WSH,4.37832860416894,0.7960757030084762
2026-05-18,822734,WSH,4.797583262554033,0.9630011688469855
2026-05-19,822736,WSH,5.46722611969689,1.1058583117041283
2026-05-20,822735,WSH,5.44426693602342,1.246164434153108
2026-05-21,822733,WSH,5.122838364594849,1.0533072912959651
2026-05-22,824922,WSH,5.122838364594849,1.0240865120751859
2026-05-23,824920,WSH,5.161631468043126,0.9723623741441514
2026-05-24,824921,WSH,5.161631468043126,0.9187909455727229
2026-05-25,824437,WSH,4.62591718232884,0.4783147550965324
2026-05-26,824434,WSH,3.8912233047778195,0.39668210203530785
2026-05-27,824432,WSH,4.092903977046727,0.4653095530157
2026-05-29,822732,WSH,4.36841418112836,0.49592179791365915
2026-05-30,822731,WSH,3.637894700608879,0.276765953757815
2026-05-31,822729,WSH,3.4771804148945935,0.5446230966149578
2026-06-01,822730,WSH,3.4771804148945935,0.526765953757815
2026-06-02,822728,WSH,3.8614971850809288,1.0384119164907342
2026-06-03,822727,WSH,3.6204257565095004,1.4057588552662443
2026-06-05,825073,WSH,3.9047664158501596,1.4648247893321784
2026-06-06,825075,WSH,3.5833378444215884,1.3041105036178926
2026-06-07,825074,WSH,3.5833378444215884,1.4291105036178926
2026-06-08,823218,WSH,3.5981161695447414,1.5998822605965464
2026-06-09,823214,WSH,3.83918759811617,1.6355965463108322
2026-06-10,823215,WSH,3.753473312401884,1.8022632129774987
2026-06-12,822726,WSH,6.87592229199372,3.5624672946101517
2026-06-13,822725,WSH,6.88566255173398,3.891471623614481
2026-06-14,822722,WSH,6.610152347652348,3.9042267256552967
2026-06-15,822724,WSH,6.288723776223777,3.54708386851244
2026-06-16,822723,WSH,6.385152347652348,3.311369582798154
2026-06-17,822721,WSH,7.028009490509491,3.739941011369583
2026-06-19,822966,WSH,6.545866633366633,3.1506552970838686
2026-06-20,822967,WSH,6.4387237762237755,2.938070263070263
2026-06-21,822968,WSH,6.095172590567327,2.7220494417862837
2026-06-22,822720,WSH,6.577315447710184,3.204192298929141
2026-06-23,822718,WSH,6.577315447710184,2.929192298929141
2026-06-24,822719,WSH,7.48802973342447,3.0690732513100936
2026-06-25,822717,WSH,7.473849061155563,3.248695100049589
2026-06-26,824824,WSH,9.059563346869849,3.7963141476686366
2026-06-27,824825,WSH,6.02060230790881,2.0787816801361694
2026-06-28,824821,WSH,6.0108620481685495,1.773586874941364
2026-06-29,824741,WSH,6.332290619597122,1.9878725892270783
2026-06-30,824742,WSH,6.332290619597122,2.148586874941364
2026-07-01,824740,WSH,6.0751477624542645,2.205729732084221
2026-07-03,822714,WSH,5.625147762454263,1.7521583035127928
2026-07-04,822716,WSH,5.9465763338828355,1.6093011606556498
2026-07-05,822715,WSH,5.651933476739978,1.284896398750888
2026-07-06,822712,WSH,6.225429717341482,1.4704227145403617
2026-07-07,822713,WSH,6.600429717341482,1.2799465240641712
2026-07-08,822710,WSH,6.793286860198625,1.7942322383498852
2026-07-10,822709,WSH,5.668286860198625,1.4638750954927424
2026-07-11,822711,WSH,5.869967532467532,1.74258658008658
2026-07-12,822708,WSH,4.506331168831169,1.3897727272727274
2026-07-17,824981,WSH,4.973863636363637,1.4287337662337662
2026-07-18,824979,WSH,4.759577922077923,1.6430194805194807
2026-07-19,824978,WSH,6.6881493506493515,2.232305194805195
2026-07-20,824328,WSH,7.009577922077923,1.9823051948051948
2026-07-21,824329,WSH,7.009577922077923,2.0435296846011135
2026-07-22,824327,WSH,7.2227358168147635,2.3768003612928426
2026-07-24,822707,WSH,6.579878673957621,2.4958479803404616
2026-07-25,822704,WSH,6.422658177063211,2.457416303321828
2026-07-26,822706,WSH,5.747658177063211,2.339559160464685
2026-07-27,822705,WSH,5.404801034206068,2.3300353509408755
2026-07-28,822703,WSH,5.308372462777497,2.137178208083733
2026-07-29,822702,WSH,5.736943891348925,2.3752734461789706
2026-07-30,824894,WSH,6.050130704535738,1.9705115414170662
2026-07-31,824892,WSH,5.699481353886388,1.5376111085166333
2026-08-01,824890,WSH,5.056624211029245,1.4840396799452047
2026-08-02,824891,WSH,4.842338496743531,1.4483253942309189
2026-08-03,823431,WSH,2.5923384967435306,0.5197539656594904
2026-08-04,823432,WSH,3.8137670681721025,2.1126111085166333
2026-08-05,823429,WSH,3.8137670681721025,1.7656723330064292
2026-08-06,823430,WSH,3.5211974087293783,1.6674856899281454
2026-08-07,822699,WSH,3.7354831230150927,1.596057118499574
2026-08-08,822701,WSH,3.6516321913380736,1.637464985994398
2026-08-09,822700,WSH,3.8269568666627487,1.8517507002801121
2026-08-11,822697,WSH,3.312671152377035,1.5103973168214657
2026-08-12,822698,WSH,3.556578715402245,1.8494729470735665
2026-08-13,822696,WSH,4.028007286830816,2.3256634232640425
2026-08-14,823591,WSH,3.286249045072574,2.1828062804068997
2026-08-15,823588,WSH,3.8372694532358396,2.5433504980939747
2026-08-16,823590,WSH,4.415840881807268,2.832636212379689
2026-08-18,822859,WSH,4.415840881807268,2.5112076409511173
2026-08-19,822860,WSH,4.415840881807268,2.4672515969950735
2026-08-20,822861,WSH,2.8729837389501256,0.9577277874712637
2026-08-21,823830,WSH,3.08726945323584,1.1720135017569782
2026-08-22,823831,WSH,3.335431217941722,1.0869294681435326
2026-08-23,823827,WSH,3.1211455036560074,0.9678818490959137
2026-08-24,822695,WSH,3.699716932227436,1.0559770871911518
2026-08-25,822693,WSH,3.7386779711884754,0.9131199443340089
