game_pk,pitcher,outs,hits,earned_runs,walks,hit_batters,strikeouts_official,home_runs_allowed
825107,694851,6,0,0,1,0,3,0
825107,694297,18,6,5,1,0,3,0
825107,623149,3,0,0,0,0,3,0
825107,663554,18,4,1,2,0,9,1
825107,623454,3,2,2,0,0,2,0
825107,445276,1,1,1,0,0,1,1
825107,676684,2,1,3,2,0,0,0
825108,666661,1,0,0,0,0,0,0
825108,656464,3,0,0,0,0,1,0
825108,605452,2,5,6,1,0,1,0
825108,623149,3,0,0,0,0,1,0
825108,647336,15,4,0,1,0,10,0
825108,664199,3,0,0,0,0,1,0
825108,657044,0,1,0,2,0,0,0
825108,676428,6,2,1,0,0,0,1
825108,663947,3,0,0,2,0,1,0
825108,640448,1,0,0,0,0,0,0
825108,646241,3,3,3,2,0,1,0
825108,434378,11,6,5,2,0,1,1
824292,664285,21,4,1,2,0,1,0
824292,445276,3,1,0,0,0,0,0
824292,676684,3,0,0,0,0,3,0
824292,666142,18,1,0,4,0,1,0
824292,621381,3,1,0,1,0,1,0
824292,683232,3,2,2,1,0,0,0
824291,663947,2,2,0,0,0,0,0
824291,640448,4,1,0,0,0,0,0
824291,445276,3,1,0,0,0,1,0
824291,656427,18,2,1,3,0,7,0
824291,669212,3,2,1,1,0,1,1
824291,663738,1,0,0,0,0,1,0
824291,607625,20,5,1,0,0,7,0
824297,676428,3,0,0,0,0,1,0
824297,640448,3,0,0,1,0,0,0
824297,445276,3,0,0,0,0,1,0
824297,672456,18,2,0,1,0,7,0
824297,669199,6,1,0,0,0,3,0
824297,663978,18,7,2,1,0,4,1
824295,676428,3,0,0,1,0,0,0
824295,623454,3,1,1,0,1,1,1
824295,663947,3,1,0,0,1,0,0
824295,445276,1,0,0,1,0,1,0
824295,656427,12,3,5,4,3,6,0
824295,676684,3,1,0,0,0,1,0
824295,694335,7,3,1,1,0,1,1
824295,688297,3,2,2,2,0,2,1
824295,677865,4,0,1,1,0,1,0
824295,669160,10,7,7,2,1,4,2
823324,650633,15,1,0,4,1,6,0
823324,688158,3,1,0,1,0,0,0
823324,593974,1,2,0,0,0,0,0
823324,669093,2,1,4,3,0,2,0
823324,670970,6,1,0,0,0,1,0
823324,664285,18,7,1,1,0,5,0
823324,640448,3,0,0,1,0,2,0
823324,445276,3,0,0,0,0,3,0
823324,646241,3,1,0,0,0,2,0
831856,801842,3,1,0,0,0,0,0
831856,657514,3,2,2,0,1,0,0
831856,692589,1,1,1,0,0,0,1
831856,814106,3,1,1,0,0,1,1
831856,688642,3,3,2,0,0,0,1
831856,623474,1,2,3,1,0,0,1
831856,608372,13,6,2,3,0,4,1
831856,676428,1,0,0,0,0,0,0
831856,434378,14,8,5,1,1,4,2
831856,663554,12,6,2,0,0,3,0
824775,669711,3,1,0,0,0,0,0
824775,677161,3,1,0,0,0,0,0
824775,678394,12,5,4,3,0,4,1
824775,663558,9,1,0,1,0,3,0
824775,669373,18,4,1,2,0,10,0
824775,663947,6,0,0,0,0,2,0
824775,445276,3,1,0,0,0,0,0
824286,663554,18,3,1,3,0,7,0
824286,640448,3,0,0,0,0,1,0
824286,445276,3,1,0,2,0,1,0
824286,676684,3,2,1,0,0,0,0
824286,694477,12,6,4,1,0,2,1
824286,692230,6,3,1,0,0,2,1
824286,669084,6,0,0,2,0,2,0
824280,676428,2,1,1,2,0,1,0
824280,680744,1,1,0,0,0,0,0
824280,623454,12,1,0,0,0,1,0
824280,572143,6,1,0,0,0,1,0
824280,445276,3,0,0,0,0,2,0
824280,669724,3,1,1,0,0,1,0
824280,573009,3,1,0,0,0,0,0
824280,656546,2,2,1,1,0,2,0
824280,702056,18,4,2,3,0,6,0
824280,680755,3,0,0,1,0,1,0
824529,572955,3,0,0,0,0,0,0
824529,663574,3,3,3,0,0,1,2
824529,693312,3,2,0,3,0,0,0
824529,668933,3,0,0,1,0,0,0
824529,656271,3,0,0,0,1,1,0
824529,671096,12,6,5,2,0,4,2
824529,664285,13,4,2,5,0,4,1
824529,676428,1,1,0,0,0,1,0
824529,623454,3,0,0,0,0,2,0
824529,640448,5,2,1,0,0,4,1
824529,445276,2,2,2,0,0,1,1
824529,676684,2,2,2,1,0,1,1
824930,669276,5,0,0,0,0,4,0
824930,702275,16,5,2,4,0,4,1
824930,625643,6,0,0,0,0,2,0
824930,669373,21,5,2,0,0,7,1
824930,640448,3,0,0,2,0,1,0
824930,445276,0,1,2,1,0,0,1
823631,623211,7,0,0,0,0,2,0
823631,596133,3,1,0,1,0,1,0
823631,642207,3,0,0,1,0,1,0
823631,681035,14,7,2,2,1,5,0
823631,548384,3,0,0,1,0,1,0
823631,664285,20,5,2,2,1,7,0
823631,623454,1,1,0,0,0,1,0
823631,640448,4,1,0,0,0,1,0
823631,445276,3,0,0,0,0,3,0
824283,680744,15,4,0,0,0,7,0
824283,663947,3,2,0,0,0,1,0
824283,445276,3,0,0,1,0,1,0
824283,646241,4,3,1,1,0,2,0
824283,676568,2,3,4,1,0,0,1
824283,676477,3,2,2,1,0,2,0
824283,801139,21,1,0,1,1,8,0
824283,547973,3,0,0,0,0,1,0
824113,683232,2,2,2,0,0,1,1
824113,663738,2,2,1,1,0,1,0
824113,702070,12,4,3,3,0,4,0
824113,656638,5,0,0,1,0,0,0
824113,674444,3,1,0,1,0,2,0
824113,670167,3,0,0,1,0,1,0
824113,676428,4,0,0,1,0,1,0
824113,623454,6,5,3,0,0,4,0
824113,640448,5,1,0,2,0,0,0
824113,445276,3,0,0,0,0,2,0
824113,646241,7,0,0,0,0,1,0
824113,669724,2,2,0,0,0,0,0
824278,663554,18,2,0,0,0,4,0
824278,663947,3,2,0,0,0,0,0
824278,640448,3,1,1,1,0,0,1
824278,445276,3,0,0,0,0,1,0
824278,657756,3,0,0,0,0,1,0
824278,693686,11,2,0,2,0,5,0
824278,667297,3,0,0,0,0,1,0
824278,686973,6,2,0,0,0,2,0
824278,689254,4,1,0,0,0,3,0
824278,680755,3,1,1,0,0,2,1
824278,643511,3,1,0,0,0,1,0
824270,663554,12,2,0,1,0,6,0
824270,623454,9,0,0,0,0,3,0
824270,640448,3,0,0,0,0,0,0
824270,445276,2,0,0,1,0,0,0
824270,669724,1,0,0,1,0,0,0
824270,667755,15,7,3,4,0,4,1
824270,608718,9,3,0,0,0,2,0
824264,669373,17,7,3,1,0,8,2
824264,623454,4,1,0,0,0,3,0
824264,445276,3,0,0,0,0,1,0
824264,676684,3,0,0,1,0,0,0
824264,685126,4,2,2,0,0,2,1
824264,622554,3,1,0,0,0,0,0
824264,669684,3,1,0,0,0,1,0
824264,607200,14,4,2,1,0,4,0
824839,669211,3,2,1,2,0,1,0
824839,687064,20,5,0,2,0,4,0
824839,608650,4,0,0,0,0,1,0
824839,664285,18,2,1,2,0,5,1
824839,640448,2,2,1,1,0,0,0
824839,445276,3,1,3,2,0,0,1
824839,676684,3,0,0,0,0,1,0
824263,663947,6,2,0,0,0,2,0
824263,445276,3,1,0,1,0,0,0
824263,675512,18,1,1,3,1,5,1
824263,670950,3,1,1,0,0,1,1
824263,697812,7,5,2,2,0,1,0
824263,669684,3,1,0,0,0,1,0
824263,656794,9,0,0,0,0,4,0
824263,699823,2,0,0,3,0,0,0
824426,670059,3,1,0,0,1,2,0
824426,671922,4,1,0,1,0,2,0
824426,676282,15,6,1,0,0,4,0
824426,683769,3,0,0,1,0,0,0
824426,682120,2,1,0,0,0,2,0
824426,669373,14,5,2,1,1,4,1
824426,663947,3,1,0,0,0,0,0
824426,640448,4,2,0,0,0,0,0
824426,445276,3,0,0,0,0,2,0
824258,663947,3,1,0,0,0,0,0
824258,640448,3,0,0,0,0,1,0
824258,445276,3,2,1,0,0,0,0
824258,675512,18,2,1,0,0,6,1
824258,660853,3,2,1,0,0,0,1
824258,805123,6,1,0,0,0,3,0
824258,837227,18,2,0,1,0,10,0
824273,676428,4,0,0,1,0,0,0
824273,623454,14,2,0,2,0,7,0
824273,663947,3,2,1,0,0,1,0
824273,640448,3,2,0,0,0,1,0
824273,445276,3,0,0,1,0,1,0
824273,676684,3,2,1,0,0,1,0
824273,670059,2,0,0,0,0,2,0
824273,671922,3,1,0,0,0,1,0
824273,681870,1,0,0,2,0,1,0
824273,676440,24,4,1,1,0,5,0
824256,621097,2,0,0,0,0,0,0
824256,663947,5,1,0,0,0,0,1
824256,640448,4,2,1,1,0,3,1
824256,445276,4,2,3,1,0,1,1
824256,656427,15,2,0,3,0,9,0
824256,650556,2,1,0,1,0,0,0
824256,686613,18,5,2,2,0,4,1
824256,623352,3,0,0,3,0,2,0
824256,660853,3,2,1,1,0,1,1
824256,595345,1,0,0,0,0,0,0
824256,687911,3,1,0,0,0,0,0
824650,573204,3,1,0,0,0,2,0
824650,621053,3,2,1,0,0,1,0
824650,668970,3,0,0,0,0,1,0
824650,669020,3,0,0,0,0,3,0
824650,607067,15,6,4,1,0,5,2
824650,623454,3,1,0,0,0,2,0
824650,640448,3,0,0,0,1,1,0
824650,445276,3,0,0,1,0,1,0
824650,805427,2,0,0,0,0,0,0
824650,672456,16,3,1,0,0,8,1
822879,677958,13,5,3,1,0,4,1
822879,682608,3,1,0,1,0,0,0
822879,695239,0,3,2,1,0,0,0
822879,686560,5,0,0,1,0,3,0
822879,668390,6,1,0,0,0,3,0
822879,663554,20,5,2,2,0,4,1
822879,623454,3,1,1,0,0,0,1
822879,445276,3,0,0,0,0,0,0
822879,805427,1,0,0,0,0,1,0
822884,682608,2,1,0,1,0,1,0
822884,641302,2,1,0,1,0,1,0
822884,695239,2,0,0,0,0,1,0
822884,686560,3,1,0,0,0,1,0
822884,543135,15,6,3,1,0,9,2
822884,668390,3,2,1,0,0,1,0
822884,664285,15,9,5,2,0,1,1
822884,689225,5,1,1,0,0,1,1
822884,640448,3,3,1,0,0,1,1
822884,445276,1,0,0,1,0,0,0
822884,805427,0,4,3,1,0,0,0
824654,665871,3,2,0,1,0,2,0
824654,573204,1,0,0,0,0,0,0
824654,621053,3,1,1,0,0,1,1
824654,592791,13,5,4,2,0,6,2
824654,657097,3,0,0,1,0,1,0
824654,668970,2,2,0,0,0,1,0
824654,669020,5,1,0,0,0,0,0
824654,663423,0,1,1,0,0,0,0
824654,621097,4,1,0,0,0,1,0
824654,663947,3,2,0,0,0,0,0
824654,640448,4,2,2,0,0,2,1
824654,445276,3,1,0,2,0,2,0
824654,656427,12,4,3,2,0,4,2
824654,805427,4,1,0,1,0,1,0
824249,663554,17,5,3,2,0,5,0
824249,623454,4,0,0,0,0,2,0
824249,663947,3,1,0,0,0,1,0
824249,445276,3,1,0,0,0,1,0
824249,650911,21,10,2,1,0,7,1
824249,661395,3,0,0,0,0,0,0
824249,680742,3,0,0,1,1,0,0
824007,681217,3,1,0,0,0,0,0
824007,696270,15,2,1,3,0,5,1
824007,696147,3,0,0,0,0,0,0
824007,666171,3,1,1,0,0,0,1
824007,696519,3,0,0,0,0,2,0
824007,663554,10,5,1,1,0,5,0
824007,623454,4,1,1,3,0,1,0
824007,663947,4,1,0,0,1,2,0
824007,445276,3,0,0,1,0,2,0
824007,669724,3,2,1,0,0,0,0
824251,664285,21,3,1,0,2,9,0
824251,640448,3,1,0,0,0,1,0
824251,445276,3,1,0,1,0,1,0
824251,660761,4,0,0,0,0,2,0
824251,663687,3,2,1,1,0,2,1
824251,665622,5,1,0,0,0,1,0
824251,643410,3,1,0,0,1,2,0
824251,678022,9,2,3,2,0,2,2
824248,669373,22,4,1,2,0,12,0
824248,445276,3,0,0,0,0,1,0
824248,669724,2,0,0,0,0,0,0
824248,694360,3,3,2,0,1,0,0
824248,702070,21,2,0,3,0,8,0
823342,694973,13,4,3,4,0,5,0
823342,642397,5,1,0,0,0,2,0
823342,596133,3,0,0,0,0,1,0
823342,682254,3,2,0,0,0,2,0
823342,666808,3,0,0,1,0,1,0
823342,621097,2,1,1,0,0,0,1
823342,663947,2,1,0,0,0,2,0
823342,640448,3,0,0,2,0,1,0
823342,445276,2,2,2,0,0,1,2
823342,805427,1,0,0,0,0,1,0
823342,695549,16,4,1,3,1,3,0
824242,669373,20,4,3,1,0,6,0
824242,623454,4,1,2,1,0,2,0
824242,621097,5,0,1,1,0,0,0
824242,640448,0,2,2,1,0,0,0
824242,445276,3,0,0,1,0,1,0
824242,805427,3,2,0,0,0,2,0
824242,669724,1,0,0,0,0,0,0
824242,669432,18,8,4,0,0,6,0
824242,669330,6,0,0,1,0,0,0
824242,670329,2,1,1,0,1,0,1
824242,689296,3,1,0,1,0,1,0
824242,552640,1,0,0,0,0,0,0
824242,664991,3,0,0,1,0,1,0
824242,666974,3,0,0,0,0,1,0
824972,665622,3,2,0,0,0,1,0
824972,660761,4,0,1,1,0,0,0
824972,678022,16,9,6,1,0,9,3
824972,656240,4,4,1,0,0,1,0
824972,664285,21,9,2,2,0,6,0
824972,621097,2,1,0,0,0,1,0
824972,640448,1,3,3,1,0,0,1
824972,445276,3,2,1,0,0,2,0
823343,642397,3,2,0,0,0,3,0
823343,670990,3,2,3,3,0,0,0
823343,676755,6,2,1,2,0,1,0
823343,669387,9,8,4,1,0,3,1
823343,666808,3,0,0,1,1,0,0
823343,489446,3,0,0,0,0,1,0
823343,664285,17,5,4,4,0,5,0
823343,640448,2,1,0,1,0,1,0
823343,445276,3,0,0,0,0,2,0
823343,805427,5,0,0,0,0,3,0
824238,663947,5,1,0,0,0,0,0
824238,445276,3,0,0,0,0,0,0
824238,672456,19,3,0,1,0,0,0
824238,684974,4,1,0,0,0,2,0
824238,680916,1,2,1,1,0,0,0
824238,800048,17,3,2,2,1,6,1
824238,682120,2,0,0,0,0,0,0
824240,623454,12,4,1,2,0,4,1
824240,621097,6,2,0,1,0,0,0
824240,663947,1,0,0,0,0,0,0
824240,640448,3,1,1,1,0,0,1
824240,445276,3,1,1,2,0,0,0
824240,805427,2,1,0,1,0,1,0
824240,670036,2,1,0,0,0,1,0
824240,680916,3,0,0,1,0,1,0
824240,676440,19,5,5,2,1,4,0
823190,681916,3,0,0,0,0,3,0
823190,657277,24,4,1,1,0,2,0
823190,671345,2,0,0,1,0,2,0
823190,656529,1,2,1,0,0,0,0
823190,663947,3,0,0,0,0,3,0
823190,640448,2,0,0,0,0,1,0
823190,445276,3,0,0,0,0,3,0
823190,805427,4,2,0,1,0,2,0
823190,675512,18,4,0,1,0,5,0
831604,663485,2,0,0,0,0,0,0
831604,623437,2,1,0,0,0,2,0
831604,573124,4,0,0,1,0,0,0
831604,687849,3,0,0,0,0,1,0
831604,680573,15,9,2,1,0,3,0
831604,607455,1,0,0,0,0,0,0
831604,573009,3,1,0,0,0,1,0
831604,453286,15,2,0,2,0,3,0
831604,681751,4,2,1,0,0,1,0
831604,695445,5,1,0,0,0,0,0
822705,687223,4,0,0,0,0,0,0
822705,687606,3,0,0,1,0,0,0
822705,678868,7,3,2,0,0,0,1
822705,674841,13,4,1,3,0,3,0
822705,693686,4,1,0,0,0,1,0
822705,671936,2,1,1,0,0,1,1
822705,686973,3,1,0,1,0,2,0
822705,656546,3,1,0,0,0,3,0
822705,453286,8,4,1,3,0,4,0
822705,689254,4,0,0,0,0,1,0
822705,643511,3,0,0,0,0,1,0
825098,666661,4,1,0,0,0,2,0
825098,656464,3,1,0,0,0,2,0
825098,668678,17,9,2,0,0,3,0
825098,657044,3,1,0,0,0,0,0
825098,656546,3,3,4,1,0,2,1
825098,453286,18,5,2,1,0,1,0
825098,643511,3,0,0,0,0,0,0
822836,656546,3,1,0,0,0,1,0
822836,453286,18,4,1,1,0,4,1
822836,689254,2,1,0,0,0,1,0
822836,680755,4,1,0,0,0,0,0
822836,663372,9,1,0,1,0,4,0
822836,657514,3,1,0,0,0,1,0
822836,675848,4,4,2,1,0,0,0
822836,688642,6,7,3,1,0,3,0
822836,677955,2,1,0,1,0,2,0
822827,693686,6,2,1,0,0,2,0
822827,667297,3,0,0,0,0,3,0
822827,573009,5,2,0,0,0,1,0
822827,453286,7,6,7,3,0,0,3
822827,689254,3,0,0,0,0,2,0
822827,680755,3,0,0,1,0,0,0
822827,671922,3,2,0,0,0,0,0
822827,681870,3,0,0,0,0,1,0
822827,668909,18,7,6,2,0,4,2
822827,683769,3,0,0,0,0,0,0
822828,667297,3,0,0,0,0,1,0
822828,686973,3,0,0,0,0,3,0
822828,573009,5,2,0,0,1,1,0
822828,656546,3,0,0,0,0,2,0
822828,453286,7,5,8,2,1,3,2
822828,689254,3,0,0,0,0,2,0
822828,643511,3,1,0,0,0,0,0
822828,671737,15,5,1,4,0,7,0
822828,623437,3,1,0,0,0,0,0
822828,702193,9,6,1,0,0,2,0
822804,693686,5,0,0,0,0,2,0
822804,667297,3,1,0,0,0,0,0
822804,656546,3,0,0,1,0,1,0
822804,453286,10,5,5,3,0,4,2
822804,689254,2,1,1,0,0,1,1
822804,680755,1,2,1,1,0,1,0
822804,643511,3,1,0,0,0,0,0
822804,666200,17,4,1,4,0,8,0
822804,621237,3,1,0,0,0,2,0
822804,661395,3,2,0,0,0,1,0
822804,680742,1,0,0,0,0,0,0
822804,663767,1,1,3,3,0,0,0
822804,641745,2,0,0,0,0,0,0
822832,693686,3,2,1,0,0,1,1
822832,667297,4,6,4,0,0,3,1
822832,573009,2,1,3,2,0,1,1
822832,676596,9,6,4,2,1,1,1
822832,453286,6,2,2,1,0,2,1
822832,623168,3,0,0,0,0,0,0
822832,683618,3,0,0,0,0,2,0
822832,694361,6,2,0,0,0,2,0
822832,680736,15,2,1,4,0,2,0
822832,500743,3,1,1,1,1,0,0
822783,693686,6,1,0,1,0,1,0
822783,453286,18,4,1,1,0,5,0
822783,689254,1,0,0,0,0,0,0
822783,686973,2,3,1,1,0,0,0
822783,676617,3,1,0,0,0,1,0
822783,666277,3,2,1,0,0,1,0
822783,669461,18,1,0,1,0,7,0
822783,592773,3,1,0,0,0,1,0
822776,695445,3,4,4,1,0,0,1
822776,693686,3,2,0,0,0,0,0
822776,453286,15,3,1,2,0,4,0
822776,680755,3,0,0,0,0,1,0
822776,681751,3,1,2,2,1,1,0
822776,669711,3,0,0,1,0,1,0
822776,801139,24,2,0,2,0,4,0
823426,621237,2,1,2,2,0,1,0
823426,661395,3,1,0,0,0,1,0
823426,689147,1,0,0,0,0,0,0
823426,680742,3,0,0,0,0,1,0
823426,663767,6,2,1,1,0,1,1
823426,605400,15,6,2,2,0,8,1
823426,548384,3,0,0,1,0,1,0
823426,693686,2,3,2,0,0,0,0
823426,686973,6,0,0,1,0,1,0
823426,663362,3,0,0,1,0,0,0
823426,453286,16,5,2,0,0,4,2
823426,680755,3,1,0,1,0,1,0
823426,681751,3,0,0,0,0,1,0
824861,682274,3,2,3,1,0,0,1
824861,689296,6,2,1,0,0,2,1
824861,621107,11,4,1,2,0,7,1
824861,664991,4,3,2,0,0,2,0
824861,666974,3,2,1,0,0,0,0
824861,676395,3,0,0,0,0,1,0
824861,594798,14,6,3,0,0,7,1
824861,596001,3,1,0,0,0,1,0
824861,668390,4,0,0,1,0,1,0
824861,455119,3,2,2,0,1,1,0
822937,669330,3,0,0,1,0,0,0
822937,592155,2,1,1,0,0,0,0
822937,687330,4,1,0,0,0,1,0
822937,641329,3,0,0,0,0,1,0
822937,656876,15,7,5,2,0,5,1
822937,663893,2,1,0,0,0,1,0
822937,623149,1,0,0,0,0,1,0
822937,453286,12,5,7,3,0,1,1
822937,689254,3,0,0,0,0,1,0
822937,680755,3,1,0,0,0,1,0
822937,643511,3,1,0,0,0,0,0
823487,666200,18,6,6,1,0,7,2
823487,647315,3,1,2,1,1,1,0
823487,641745,3,0,0,0,0,1,0
823487,679775,3,1,0,1,0,1,0
823487,676395,3,0,0,1,0,1,0
823487,669022,16,2,2,3,1,7,0
823487,691945,5,1,1,4,0,2,0
823487,668390,2,0,0,0,0,0,0
823487,455119,1,0,0,0,0,0,0
823488,621237,3,1,0,0,0,2,0
823488,661395,3,2,1,0,0,2,0
823488,641835,6,1,0,1,0,2,0
823488,621383,3,1,0,0,0,0,0
823488,605400,15,5,3,2,0,7,2
823488,641302,3,1,0,0,1,1,0
823488,656641,12,0,0,1,0,3,0
823488,656222,3,0,0,0,0,1,0
823488,676395,2,1,0,1,0,1,0
823488,596001,6,0,0,0,0,2,0
823488,668390,3,1,0,1,0,2,0
823488,455119,1,2,0,0,0,1,0
831837,683004,12,2,0,0,0,6,0
831837,668390,3,1,1,1,0,0,0
831837,656222,3,0,0,0,0,1,0
831837,455119,3,1,0,1,0,2,0
831837,681168,2,0,0,1,0,1,0
831837,656641,1,0,0,2,0,1,0
831837,615698,3,0,0,0,0,2,0
831837,669212,2,0,0,0,0,0,0
831837,683232,3,0,0,0,0,1,0
831837,670167,3,2,0,1,0,1,0
831837,621381,3,2,1,0,0,2,0
831837,680970,1,0,0,0,0,0,0
831837,607625,12,4,2,3,0,4,1
822919,669022,18,6,3,0,0,9,2
822919,596001,3,0,0,0,0,1,0
822919,668390,3,2,0,0,0,1,0
822919,455119,3,2,2,0,0,0,1
822919,641941,3,0,0,0,0,1,0
822919,663574,3,0,0,0,0,0,0
822919,663903,15,6,2,1,0,5,0
822919,668933,3,2,1,0,0,2,0
822919,594580,3,0,0,1,0,1,0
825022,686993,2,1,0,0,0,1,0
825022,665660,1,0,0,0,0,0,0
825022,663687,2,0,0,2,0,0,0
825022,643410,3,0,0,0,0,2,0
825022,605488,19,3,1,2,0,5,0
825022,641302,4,1,0,0,0,2,0
825022,681168,0,0,0,1,0,0,0
825022,676395,5,0,0,1,0,3,0
825022,669022,14,3,2,6,0,5,0
825022,455119,1,0,0,0,0,1,0
822915,681168,6,0,0,0,0,2,0
822915,669022,15,1,0,2,0,9,0
822915,668390,3,1,0,0,0,1,0
822915,455119,3,0,0,0,0,1,0
822915,678606,3,0,0,1,0,0,0
822915,693433,15,5,1,2,0,2,0
822915,642100,3,0,0,0,0,2,0
822915,660825,3,1,0,0,0,0,0
823967,681911,1,0,0,0,0,1,0
823967,656945,3,0,0,0,0,0,0
823967,686218,18,4,3,1,0,6,2
823967,676263,3,0,0,0,0,3,0
823967,595014,2,0,0,1,0,1,0
823967,641302,7,2,0,1,0,2,0
823967,683004,11,5,5,4,0,4,2
823967,676395,3,0,0,1,0,0,0
823967,455119,3,2,1,0,0,2,0
824029,815083,3,1,1,0,0,1,1
824029,680570,17,7,4,2,0,5,1
824029,696147,3,1,0,0,1,0,0
824029,642048,1,1,0,0,0,0,0
824029,608718,3,1,1,1,0,0,0
824029,656222,3,1,1,0,0,0,1
824029,615698,9,3,0,1,1,0,0
824029,594798,9,6,6,3,0,3,2
824029,455119,3,3,2,0,0,0,1
822917,683004,15,4,1,1,0,9,0
822917,656641,3,0,0,1,0,1,0
822917,656222,1,0,0,0,0,0,0
822917,676395,1,1,1,2,0,0,0
822917,668390,3,1,0,0,0,1,0
822917,455119,4,3,0,0,0,1,0
822917,572955,2,0,0,1,0,1,0
822917,683175,3,1,0,1,0,1,0
822917,594580,1,0,0,0,0,1,0
822917,656271,3,0,0,0,0,3,0
822917,695505,18,5,1,1,0,9,1
822899,677958,15,4,4,2,1,5,1
822899,682608,6,5,3,0,1,2,1
822899,664059,3,0,0,0,1,0,0
822899,455119,3,1,0,1,0,0,0
822899,695001,6,0,0,0,0,1,0
822899,595345,3,0,0,1,0,1,0
822899,837227,18,0,0,4,0,2,0
822897,641302,1,1,1,1,0,0,1
822897,686560,5,1,0,2,0,2,0
822897,594798,18,4,2,1,0,6,1
822897,455119,3,2,0,0,0,0,0
822897,660853,5,0,0,0,0,3,0
822897,681347,21,5,2,1,0,6,1
822897,687911,1,1,1,1,0,1,1
822893,677958,18,3,0,3,0,2,0
822893,682608,3,1,0,0,0,2,0
822893,641302,1,3,3,0,0,1,0
822893,596001,2,3,1,0,0,2,0
822893,455119,3,1,2,1,0,0,1
822893,668674,0,5,3,0,0,0,1
822893,663738,2,2,1,1,0,0,0
822893,607625,18,6,1,0,1,6,1
822893,656638,2,1,0,0,0,1,0
822893,670167,2,0,0,0,0,0,0
822882,641302,3,0,0,0,0,2,0
822882,615698,15,3,2,1,1,2,1
822882,687239,6,2,0,0,0,1,0
822882,455119,3,1,0,0,0,1,0
822882,663947,1,0,0,0,0,0,0
822882,656427,17,3,0,0,1,5,0
822882,672456,9,0,0,1,0,0,0
822745,663992,3,1,0,0,0,1,0
822745,672335,1,1,3,2,0,1,0
822745,676917,15,7,2,0,1,10,0
822745,681402,2,3,1,0,0,1,0
822745,642759,6,2,1,0,0,2,1
822745,669276,3,0,0,0,0,2,0
822745,471911,3,0,0,0,0,1,0
822745,702275,21,5,2,2,0,7,2
823143,678606,4,1,0,0,0,1,0
823143,669302,18,6,4,2,0,4,4
823143,662253,3,1,0,0,0,2,0
823143,660825,2,1,0,0,0,1,0
823143,471911,4,1,0,0,0,1,0
823143,702275,15,4,3,6,1,2,1
823143,641755,3,1,2,1,0,2,1
823143,607481,2,2,0,1,0,1,0
822878,641302,3,1,0,0,0,1,0
822878,615698,18,5,1,1,0,1,1
822878,668390,4,0,0,0,0,0,0
822878,455119,2,2,2,0,0,0,1
822878,686613,18,4,3,5,0,4,1
822878,595345,3,0,0,0,0,2,0
822878,687911,3,4,4,1,0,1,2
824921,471911,3,0,0,0,1,0,0
824921,800311,1,0,0,0,0,1,0
824921,625643,6,1,1,2,0,2,0
824921,527048,17,5,1,2,0,2,0
824921,663992,1,0,0,1,0,0,0
824921,687377,2,0,0,0,0,1,0
824921,681402,2,2,1,0,0,0,0
824921,656492,18,3,0,1,1,6,0
824921,674841,4,1,0,1,0,1,0
822881,682608,3,1,0,0,0,2,0
822881,641302,3,1,0,0,0,2,0
822881,594798,15,5,2,2,0,7,0
822881,668390,3,0,0,0,0,0,0
822881,455119,3,2,1,0,0,0,0
822881,667755,18,2,2,2,1,4,0
822881,696147,2,6,5,0,0,0,1
822881,642048,3,2,1,0,0,2,1
822881,608718,1,1,0,0,0,1,0
822875,677958,17,8,7,2,1,6,3
822875,695239,3,0,0,1,0,0,0
822875,686560,4,0,0,1,0,2,0
822875,455119,3,2,2,0,0,1,0
822875,660853,3,1,0,0,0,1,0
822875,805123,6,3,2,1,0,4,1
822875,663567,18,3,1,1,1,7,1
824756,813349,21,4,0,3,0,7,0
824756,670245,6,1,0,1,0,1,0
824756,689266,2,1,0,0,0,0,0
824756,471911,12,5,2,0,0,2,1
824756,693821,10,9,5,1,0,1,0
824591,685126,2,3,2,1,0,1,1
824591,691799,6,2,0,0,0,1,0
824591,622554,3,0,0,1,0,0,0
824591,607200,15,6,1,0,1,4,1
824591,656457,1,1,0,1,0,0,0
824591,699823,3,0,0,0,0,0,0
824591,689266,5,0,0,2,0,1,0
824591,663158,3,0,0,0,0,0,0
824591,471911,5,4,1,1,0,0,0
824591,628452,5,1,1,0,0,2,1
824591,656550,11,4,3,2,1,2,1
824913,471911,12,4,2,0,1,2,0
824913,702275,15,5,5,3,0,4,3
824913,664141,3,0,0,0,0,0,0
824913,676254,3,1,0,0,0,2,0
824913,656529,3,1,0,0,0,1,0
824913,663941,2,0,0,0,0,1,0
824913,687931,15,6,2,2,0,2,0
824913,657424,1,4,3,0,0,1,1
823286,673513,7,3,1,1,0,3,1
823286,695243,6,0,0,0,0,3,0
823286,688158,3,0,0,1,0,0,0
823286,593974,3,0,0,0,0,2,0
823286,656288,2,4,4,1,1,2,0
823286,670970,3,0,0,0,0,1,0
823286,606996,6,2,1,1,0,3,0
823286,669276,4,0,0,0,0,0,0
823286,471911,5,2,1,0,0,0,1
823286,702275,15,5,4,4,0,7,0
823286,628452,3,2,0,0,0,1,0
823651,623211,2,0,0,0,0,1,0
823651,663992,3,2,0,0,0,1,0
823651,596133,3,1,0,0,0,0,0
823651,642207,3,1,0,1,0,2,0
823651,656849,16,6,0,2,0,3,0
823651,548384,3,0,0,0,0,2,0
823651,472610,3,2,0,1,0,0,0
823651,642397,4,0,0,1,0,3,0
823651,656605,18,3,0,0,0,3,0
823651,642701,3,0,0,1,0,0,0
823651,664875,2,0,0,2,0,2,0
823651,682995,3,3,2,1,1,0,1
824902,689266,3,0,0,0,0,1,0
824902,471911,6,5,5,2,0,1,1
824902,641755,2,0,0,0,0,0,0
824902,664849,3,1,0,0,0,2,0
824902,527048,13,6,4,2,0,1,1
824902,623211,1,4,5,1,0,1,1
824902,596133,3,0,0,0,0,2,0
824902,642207,2,3,1,0,0,2,0
824902,548384,3,0,0,0,0,1,0
824902,690997,18,5,2,1,1,5,0
823649,668964,9,1,1,0,0,1,1
823649,642547,15,6,4,0,0,7,2
823649,472610,3,3,2,0,0,2,0
823649,694973,2,4,5,2,1,1,0
823649,642397,3,0,0,0,0,2,0
823649,682254,4,1,2,3,0,2,0
823649,670990,7,1,0,1,0,3,0
823649,676755,2,3,2,2,0,1,0
823649,642701,3,0,0,1,0,1,0
823649,664875,3,2,2,0,0,0,2
823240,664141,4,3,3,2,0,2,1
823240,641816,15,8,5,2,0,4,2
823240,668873,1,0,0,0,0,1,0
823240,669062,2,2,2,1,0,1,0
823240,657424,5,2,0,1,0,2,0
823240,623211,3,1,0,0,0,1,0
823240,663992,3,2,1,1,0,1,0
823240,548384,2,0,0,0,0,1,0
823240,690997,16,1,1,2,0,4,0
823240,472610,3,1,0,0,0,1,0
823648,623211,1,2,0,0,0,0,0
823648,596133,3,0,0,0,0,1,0
823648,642207,3,2,0,0,0,2,0
823648,642547,14,3,3,3,1,5,0
823648,548384,3,1,0,0,0,2,0
823648,472610,6,1,0,0,0,0,0
823648,666661,3,0,0,0,0,0,0
823648,656464,3,0,0,0,0,1,0
823648,642528,3,2,1,0,0,1,0
823648,623149,1,1,0,0,0,0,0
823648,668678,15,5,1,4,0,5,0
823648,657044,3,0,0,0,0,0,0
823645,663992,5,0,0,0,0,1,0
823645,596133,2,2,2,0,0,0,0
823645,690997,19,3,2,2,0,8,0
823645,472610,1,3,3,1,0,0,0
823645,593958,18,5,1,2,0,3,1
823645,688497,6,0,0,0,0,3,0
823645,664199,3,1,0,0,0,0,0
823644,623211,8,2,0,0,0,3,0
823644,596133,3,3,4,1,0,1,1
823644,673540,7,8,7,2,0,3,2
823644,518886,3,1,0,0,0,2,0
823644,548384,3,0,0,1,0,1,0
823644,472610,3,1,0,0,0,1,0
823644,686993,3,2,1,1,0,1,1
823644,682052,15,7,5,3,0,5,2
823644,669270,3,1,0,0,0,0,0
823644,665622,3,0,0,0,0,1,0
823644,643410,3,0,0,0,0,3,0
823716,663485,2,3,2,0,0,1,1
823716,681892,4,1,1,1,0,0,0
823716,472610,3,2,2,0,1,0,0
823716,657746,18,6,2,1,0,6,0
823716,666374,3,0,0,0,0,2,0
823716,669302,15,6,1,1,1,4,1
823716,681867,3,0,0,0,0,1,0
823716,642100,3,0,0,0,0,0,0
823716,660825,3,1,0,0,0,0,0
822743,701552,6,4,4,0,1,0,1
822743,676917,12,5,3,3,1,2,0
822743,687377,3,1,1,2,0,1,0
822743,687606,6,0,0,1,0,1,0
822743,671737,18,4,2,2,0,8,0
822743,607455,3,0,0,0,0,1,0
822743,472610,3,0,0,1,0,0,0
822743,679358,3,2,1,0,0,1,0
822740,571945,16,3,2,0,0,3,1
822740,680730,8,0,0,0,0,2,0
822740,687849,3,0,0,0,0,0,0
822740,623437,2,4,6,2,0,1,1
822740,641927,15,6,5,2,0,3,1
822740,681892,3,0,1,1,0,2,0
822740,472610,2,2,2,0,0,0,2
822740,702193,2,2,1,0,0,1,0
823713,680573,14,9,4,1,1,2,2
823713,573124,3,1,0,0,0,0,0
823713,472610,3,0,0,0,0,0,0
823713,679358,7,1,1,1,0,1,0
823713,686973,3,1,0,1,0,2,0
823713,656546,3,3,1,0,0,1,0
823713,680755,2,0,0,0,0,1,0
823713,643511,3,0,0,0,0,2,0
823713,571578,16,6,2,1,1,4,1
823715,623437,2,1,1,0,0,1,1
823715,607455,3,2,3,1,0,0,1
823715,804619,3,0,0,0,0,0,0
823715,687570,15,3,2,2,1,4,2
823715,681892,4,0,0,1,0,0,0
823715,472610,0,3,4,1,0,0,0
823715,693686,3,0,0,0,0,0,0
823715,656302,21,7,3,1,0,7,1
823715,689254,3,0,0,0,0,0,0
824444,670059,3,0,0,0,0,2,0
824444,688883,6,1,0,1,0,3,0
824444,681870,3,0,0,0,0,2,0
824444,683769,3,0,0,0,0,1,0
824444,676440,18,1,1,2,1,9,1
824444,573124,3,0,0,0,0,1,0
824444,681892,1,0,0,2,0,0,0
824444,472610,3,0,0,0,0,0,0
824444,672782,1,0,0,0,0,0,0
824444,657746,18,2,1,3,1,5,0
824444,679358,5,0,0,3,0,0,0
824444,702193,2,0,0,1,0,1,0
824440,680916,6,2,0,0,0,1,0
824440,668909,18,10,5,1,0,6,0
824440,682120,3,1,0,1,0,1,0
824440,696070,10,5,1,3,0,5,0
824440,607455,4,0,0,0,0,2,0
824440,701519,4,4,2,2,0,2,0
824440,472610,3,2,1,1,0,0,0
824440,672782,3,0,0,0,0,0,0
824440,702193,3,0,0,0,0,0,0
823710,623437,5,1,0,1,0,2,0
823710,680573,9,7,6,4,0,1,1
823710,701519,7,2,1,0,0,3,0
823710,472610,6,1,0,0,0,1,0
823710,694795,3,0,0,1,0,2,0
823710,663969,4,0,0,0,0,1,0
823710,676974,17,7,4,2,0,9,2
823710,667463,3,1,1,0,0,1,1
823348,669199,6,0,0,0,0,4,0
823348,696149,18,3,0,1,0,5,0
823348,489446,3,0,0,0,0,0,0
823348,620443,6,2,1,0,0,0,1
823348,476594,9,9,8,5,1,4,0
823348,675540,9,1,0,4,0,4,0
823591,476594,13,3,0,3,1,5,0
823591,681320,2,0,0,0,0,0,0
823591,673540,3,1,0,0,1,1,0
823591,650960,3,0,0,0,0,1,0
823591,702752,6,1,0,1,0,2,0
823591,668820,4,2,0,0,0,3,0
823591,656234,3,3,2,2,0,1,1
823591,674841,17,2,2,1,0,4,1
823708,623437,2,0,0,1,0,0,0
823708,607455,2,1,0,1,0,2,0
823708,573124,2,1,0,0,0,0,0
823708,641927,15,6,3,2,0,1,2
823708,472610,3,2,1,1,0,1,0
823708,702193,3,0,0,0,0,1,0
823708,681982,5,2,1,0,0,2,1
823708,663765,3,1,1,0,0,1,0
823708,688107,12,3,2,2,3,3,0
823708,669084,4,0,0,1,0,2,0
823592,476594,15,3,1,0,0,4,1
823592,623211,3,0,0,1,0,2,0
823592,596133,3,0,0,0,0,1,0
823592,642207,3,2,1,0,0,0,0
823592,548384,3,0,0,0,0,0,0
823592,676604,3,1,0,0,0,0,0
823592,664126,3,0,0,2,0,1,0
823592,645261,18,4,0,2,0,5,0
823592,656848,3,0,0,1,0,2,0
823587,476594,13,2,1,3,1,6,0
823587,681810,3,0,0,0,0,2,0
823587,681320,3,0,0,0,0,2,0
823587,673540,3,2,1,1,0,0,0
823587,650960,3,0,0,0,0,2,0
823587,702752,2,1,0,1,0,0,0
823587,673513,2,1,0,0,0,0,0
823587,650633,20,4,2,2,0,4,1
823587,669093,2,2,1,1,0,0,0
822822,686973,3,0,0,0,0,0,0
822822,656546,3,1,0,0,0,1,0
822822,656302,21,5,0,0,0,10,0
822822,666201,3,0,0,0,0,1,0
822822,820862,4,0,0,0,0,2,0
822822,489446,3,1,0,0,0,1,0
822822,672282,11,2,2,6,0,3,0
822822,608718,3,0,0,0,0,2,0
824441,670036,3,1,0,1,1,1,0
824441,670059,3,1,1,1,0,3,0
824441,688883,3,2,1,0,0,1,0
824441,676282,18,5,0,1,0,4,0
824441,666201,15,2,0,5,0,2,0
824441,820862,2,1,3,3,0,0,0
824441,489446,2,2,2,1,0,1,0
824441,608718,5,2,2,1,0,1,0
824034,696270,6,3,3,1,0,2,0
824034,815083,6,0,0,1,0,3,0
824034,680570,11,7,7,4,0,4,0
824034,820862,1,1,0,0,0,0,0
824034,489446,3,0,0,0,0,2,0
824034,681911,3,0,0,0,0,2,0
824034,694646,3,1,0,0,0,1,0
824034,808963,21,4,1,0,0,8,0
824037,696270,3,1,0,1,0,1,0
824037,686799,18,7,6,2,0,4,3
824037,489446,3,0,0,0,0,2,0
824037,608718,3,0,0,0,0,0,0
824037,681911,3,1,0,0,0,3,0
824037,670090,3,0,0,1,0,1,0
824037,683618,3,0,0,0,0,2,0
824037,669165,3,0,0,1,0,0,0
824037,694361,6,1,0,0,1,2,0
824037,656212,3,0,0,1,0,0,0
824037,676263,3,0,0,1,0,2,0
824037,595014,3,0,0,0,0,1,0
824032,681217,3,1,0,1,0,2,0
824032,686799,18,3,3,4,1,7,0
824032,696147,5,1,0,0,0,1,0
824032,666171,1,0,1,0,2,0,0
824032,642048,1,0,0,0,0,0,0
824032,489446,2,1,1,1,1,1,1
824032,605130,3,0,0,0,1,1,0
824032,650644,15,5,5,2,0,2,3
824032,663687,3,0,0,2,0,1,0
824032,665622,6,1,0,0,0,2,0
824032,643410,3,0,0,0,0,1,0
824031,681217,1,0,0,0,0,0,0
824031,667755,20,6,2,1,0,7,0
824031,820862,3,1,0,2,0,1,0
824031,666171,3,0,0,2,1,0,0
824031,489446,3,0,0,1,0,1,0
824031,622663,21,3,2,0,0,10,1
824031,686993,3,0,0,0,0,1,0
824031,669270,3,1,0,1,0,0,0
824031,643410,3,1,0,0,0,1,0
824030,681217,1,0,0,0,0,1,0
824030,820862,3,1,0,2,0,1,0
824030,666171,3,1,1,0,0,1,1
824030,642048,2,1,0,0,0,1,0
824030,700712,15,5,1,3,0,6,0
824030,489446,3,0,0,0,0,1,0
824030,641302,2,1,0,1,0,0,0
824030,543135,21,5,3,2,1,6,1
824030,668390,1,2,2,0,0,0,0
824275,663947,4,1,1,0,0,3,1
824275,672456,17,8,4,1,1,7,1
824275,669724,2,2,0,0,0,0,0
824275,676684,4,4,5,1,0,1,1
824275,681217,3,0,0,0,0,1,0
824275,686799,12,6,5,2,1,4,0
824275,815083,5,2,1,3,0,3,1
824275,820862,4,0,0,0,0,3,0
824275,489446,3,0,0,1,0,1,0
824027,681217,4,1,0,0,0,1,0
824027,667755,14,3,2,7,2,7,1
824027,820862,2,4,5,2,0,2,1
824027,666171,3,0,0,1,0,1,0
824027,489446,3,2,1,0,0,0,0
824027,608718,1,0,0,0,0,0,0
824027,607536,17,7,5,1,0,4,1
824027,678020,4,1,0,0,0,1,0
824027,622608,5,2,0,1,0,0,0
824027,677955,1,0,2,2,0,0,0
824024,519141,3,1,0,0,0,0,0
824024,666171,3,2,1,0,0,0,0
824024,700712,18,3,3,3,0,7,1
824024,489446,3,1,0,0,0,2,0
824024,624522,8,5,3,0,0,3,0
824024,669298,3,0,0,0,0,0,0
824024,547179,10,10,8,2,0,5,1
824024,678020,3,1,0,1,0,0,0
823943,683618,3,0,0,0,1,3,0
823943,656945,2,1,0,0,0,1,0
823943,595014,1,0,0,0,0,0,0
823943,808963,21,2,0,2,0,10,0
823943,696147,3,0,0,0,1,2,0
823943,681217,3,0,0,1,0,1,0
823943,489446,0,1,1,0,0,0,1
823943,672282,18,2,0,2,0,6,0
824025,680570,16,6,2,2,0,6,0
824025,691951,3,1,0,0,0,1,0
824025,696147,3,0,0,1,0,1,0
824025,666171,3,0,0,2,0,3,0
824025,489446,3,1,1,1,0,1,0
824025,696519,2,0,0,0,0,1,0
824025,650556,3,1,0,0,0,1,0
824025,623352,3,0,0,0,0,3,0
824025,660853,3,2,1,0,0,1,1
824025,687911,3,1,0,0,0,0,0
824025,681293,18,4,3,4,1,7,0
824023,519141,3,0,0,0,0,0,0
824023,700712,15,3,0,5,1,7,0
824023,489446,3,0,0,0,0,2,0
824023,608718,6,2,1,1,0,3,0
824023,695001,6,2,0,1,0,0,0
824023,678906,12,7,5,3,2,5,0
824023,805123,6,1,0,2,0,2,0
824988,669372,16,6,3,3,0,5,0
824988,664129,9,3,1,1,0,1,1
824988,605130,2,3,2,0,0,1,0
824988,666171,5,0,0,1,0,3,0
824988,700712,15,4,0,0,1,6,0
824988,489446,3,0,0,0,0,2,0
824988,696519,4,1,0,1,0,2,0
824019,667755,15,3,0,2,0,5,0
824019,489446,3,0,0,0,0,1,0
824019,696519,6,0,0,2,0,2,0
824019,608718,3,2,0,0,0,0,0
824019,592155,4,1,0,1,0,2,0
824019,642121,2,5,4,1,0,2,1
824019,664076,1,2,2,0,0,1,0
824019,643377,15,5,0,0,0,5,0
824019,518886,2,2,1,0,0,1,0
824990,686993,4,4,4,1,0,1,2
824990,605130,3,0,0,0,0,2,0
824990,660761,6,2,1,0,0,3,1
824990,665660,6,1,0,0,0,2,0
824990,605488,11,4,6,4,0,4,2
824990,681217,3,1,2,1,0,1,1
824990,667755,15,6,3,4,0,6,1
824990,815083,6,3,3,2,0,3,1
824990,696147,3,2,2,0,0,0,1
824990,489446,1,0,0,1,1,0,0
824990,696519,0,0,0,1,0,0,0
825070,686753,6,2,1,0,0,3,0
825070,518876,16,11,6,1,0,4,2
825070,657044,2,1,0,0,0,1,0
825070,805299,3,0,0,0,0,2,0
825070,681217,3,1,0,0,0,2,0
825070,489446,3,0,0,1,0,1,0
825070,672282,21,4,0,0,0,3,0
824016,820862,4,2,0,0,0,3,0
824016,691951,14,5,5,1,0,3,2
824016,489446,3,1,0,0,0,3,0
824016,608718,6,3,1,0,0,3,0
824016,670329,3,1,1,0,0,1,1
824016,680694,24,6,0,1,0,9,0
824014,820862,4,0,0,0,0,1,0
824014,700712,13,6,7,2,0,5,0
824014,489446,3,0,0,0,0,2,0
824014,608718,7,4,1,0,0,2,0
824014,669372,18,8,3,1,0,5,1
824014,665660,3,0,0,0,0,1,0
824014,663687,2,0,0,1,0,2,0
824014,665622,4,1,0,2,0,3,0
824015,681217,1,0,0,0,0,1,0
824015,696147,3,1,0,2,0,1,0
824015,666171,3,0,0,0,0,2,0
824015,489446,3,0,0,0,0,1,0
824015,672282,17,4,2,3,0,8,1
824015,640454,2,1,1,0,1,1,0
824015,664129,2,2,1,0,0,0,0
824015,686993,3,1,0,0,0,2,0
824015,686930,2,1,0,0,0,0,0
824015,678022,15,4,2,1,1,5,0
822877,682608,2,2,2,1,0,1,0
822877,641302,1,1,0,0,0,1,0
822877,656641,5,1,0,1,0,3,0
822877,543135,18,6,3,2,0,10,0
822877,668390,1,0,0,0,0,0,0
822877,681217,3,0,0,0,0,0,0
822877,696147,3,0,0,0,0,1,0
822877,666171,3,0,0,0,0,1,0
822877,489446,1,2,1,0,0,0,0
822877,672282,12,7,5,1,0,6,3
822877,608718,3,2,1,0,1,2,0
824010,681217,2,3,2,1,0,1,0
824010,696270,12,6,2,1,0,6,2
824010,815083,3,0,0,0,0,1,0
824010,820862,6,0,0,1,0,1,0
824010,642048,1,1,0,0,0,1,0
824010,489446,3,0,0,0,0,1,0
824010,594027,6,0,0,1,0,1,0
824010,669711,4,0,0,0,0,2,0
824010,676477,3,0,0,0,0,2,0
824010,686580,3,2,1,0,0,1,0
824010,624133,8,6,3,0,0,5,0
824010,547973,3,1,1,0,0,2,1
824013,815083,6,2,0,0,0,1,0
824013,820862,3,1,0,0,0,2,0
824013,489446,3,1,0,0,0,2,0
824013,672282,15,7,5,3,0,5,1
824013,687562,23,5,2,0,0,6,1
824013,676477,1,0,0,0,0,0,0
824013,547973,3,2,0,0,0,1,0
823685,701519,3,0,0,0,0,1,0
823685,805673,18,9,4,2,0,3,1
823685,702193,6,1,0,0,0,2,0
823685,680570,16,6,3,1,1,0,0
823685,696147,3,0,0,1,0,2,0
823685,489446,3,1,0,0,0,0,0
823685,696519,5,2,0,1,0,2,0
824009,696147,3,1,0,0,0,3,0
824009,666171,3,0,0,0,0,2,0
824009,489446,2,1,2,1,1,0,0
824009,672282,18,4,0,0,0,7,0
824009,696519,1,0,0,0,0,0,0
824009,672456,10,1,0,0,1,5,0
824009,675512,17,4,1,4,0,9,0
824004,815083,3,0,0,0,0,0,0
824004,820862,2,0,0,0,0,0,0
824004,489446,3,0,0,1,0,2,0
824004,672282,16,2,1,2,0,6,1
824004,696519,3,1,0,0,0,2,0
824004,690928,18,6,0,0,1,5,0
824004,676617,3,0,0,2,0,3,0
824004,666277,3,0,0,0,0,1,0
824004,703725,3,1,0,0,0,1,0
823196,681916,3,0,0,1,0,3,0
823196,657277,18,6,4,2,0,4,0
823196,671345,3,2,2,0,0,1,1
823196,668873,3,1,0,0,0,1,0
823196,669062,3,0,0,2,0,1,0
823196,681217,1,2,0,1,0,0,0
823196,680570,12,6,5,2,0,3,2
823196,820862,3,0,0,0,0,2,0
823196,666171,3,0,0,1,0,1,0
823196,489446,3,0,1,1,0,0,0
823196,696519,3,0,0,0,0,1,0
823196,608718,3,1,0,0,0,1,0
824000,695049,12,2,1,0,0,3,1
824000,489446,3,1,1,1,0,1,0
824000,696519,6,2,1,0,0,4,0
824000,608718,6,0,0,3,0,1,0
824000,694477,6,1,0,0,0,5,0
824000,682842,3,0,0,0,0,2,0
824000,688107,15,4,1,2,0,6,0
824000,656730,3,0,0,0,0,0,0
823345,683003,9,6,8,3,2,3,1
823345,681895,3,2,1,2,0,0,0
823345,642397,3,2,1,0,0,1,0
823345,682254,3,0,0,0,0,3,0
823345,666808,3,1,0,1,0,3,0
823345,489446,3,2,1,1,0,0,1
823345,804668,3,2,0,0,0,0,0
823345,640455,21,3,1,0,1,11,1
823345,674073,6,1,0,0,0,2,0
823756,701656,18,4,2,1,0,8,2
823756,682842,3,1,0,0,1,3,0
823756,622608,3,0,0,1,0,0,0
823756,656730,3,0,0,0,0,0,0
823756,683003,12,8,3,1,0,4,2
823756,670990,3,0,0,0,0,1,0
823756,696062,6,3,1,1,0,3,0
823756,489446,3,0,0,0,0,0,0
823197,676775,3,2,1,2,0,1,0
823197,663941,6,1,1,1,1,0,0
823197,592662,18,6,0,2,0,5,0
823197,696270,10,8,8,1,1,4,1
823197,623168,3,0,0,0,0,0,0
823197,489446,3,1,0,1,1,0,0
823197,608718,8,2,1,0,0,4,1
824003,815083,3,3,1,0,0,2,0
824003,820862,2,1,0,1,0,2,0
824003,489446,2,1,0,0,0,2,0
824003,672282,15,4,2,1,0,9,2
824003,696519,4,0,0,1,0,2,0
824003,608718,1,0,0,0,0,0,0
824003,650556,3,0,0,0,0,1,0
824003,623352,3,0,0,0,0,0,0
824003,660853,3,0,0,0,0,2,0
824003,595345,3,0,0,0,1,2,0
824003,663567,15,7,2,1,1,6,0
823754,694477,3,1,0,1,0,1,0
823754,676879,3,1,0,0,0,3,0
823754,669084,3,1,0,0,0,0,0
823754,669160,18,3,2,3,1,5,1
823754,642397,3,3,1,0,0,3,0
823754,666808,3,0,0,1,0,0,0
823754,489446,3,0,0,0,0,2,0
823754,677952,15,3,3,1,0,5,2
824002,815083,3,2,3,3,0,1,0
824002,680570,15,5,2,2,0,6,2
824002,489446,3,2,1,0,0,3,0
824002,608718,6,2,0,0,0,1,0
824002,650556,4,0,0,0,0,1,0
824002,669713,17,7,3,2,1,4,0
824002,595345,2,2,1,0,0,0,0
824002,656986,4,0,0,0,0,0,0
823833,676604,3,1,0,0,0,1,0
823833,680767,3,1,0,1,0,1,0
823833,676534,3,0,0,0,0,1,0
823833,676083,18,4,1,1,0,2,0
823833,669199,9,3,3,1,0,1,2
823833,681895,2,0,1,2,1,0,0
823833,669387,7,5,4,3,0,1,0
823833,666808,3,0,0,2,0,1,0
823833,489446,3,1,0,0,0,2,0
823911,683618,5,0,0,0,0,2,0
823911,669165,1,2,2,0,0,1,1
823911,623465,3,1,0,1,0,1,0
823911,592779,2,0,0,0,0,1,0
823911,808967,19,5,2,1,2,9,0
823911,669199,3,0,0,3,0,1,0
823911,642397,2,1,0,1,0,1,0
823911,596133,3,0,0,0,0,3,0
823911,682254,3,0,0,0,0,2,0
823911,670990,3,0,0,1,0,1,0
823911,696149,12,4,4,2,1,6,1
823911,489446,3,1,0,0,0,0,0
823949,641778,18,4,1,1,0,4,1
823949,642546,6,0,0,1,0,3,0
823949,500743,3,8,5,0,0,0,2
823949,700327,3,1,0,0,0,2,0
823949,607536,12,9,8,0,1,4,3
823949,688642,6,6,7,1,1,1,2
823949,664954,3,1,0,0,0,0,0
823344,669199,9,2,0,1,0,4,0
823344,682254,3,0,0,0,0,2,0
823344,682995,9,2,3,1,0,4,1
823344,666808,3,1,0,1,0,1,0
823344,489446,3,0,0,0,0,2,0
823344,670103,12,2,1,1,0,1,0
823344,663776,12,9,7,3,0,6,0
823346,642397,3,0,0,1,0,1,0
823346,596133,3,0,0,0,0,1,0
823346,682254,1,0,0,0,0,1,0
823346,696149,15,4,2,2,0,5,0
823346,666808,3,2,1,1,0,1,0
823346,489446,2,3,1,0,0,1,0
823346,687562,12,5,4,1,0,6,1
823346,687941,9,2,0,0,0,0,0
823346,663558,3,2,3,0,1,2,1
823891,663969,6,1,0,0,1,2,0
823891,676974,15,5,3,2,0,5,0
823891,667463,3,0,0,0,0,2,0
823891,656848,3,0,0,0,0,2,0
823891,680767,3,3,2,0,1,1,1
823891,623474,2,0,0,0,0,2,0
823891,500779,13,4,2,4,0,2,0
823891,622608,8,1,0,1,0,3,0
823934,683618,3,0,0,0,0,1,0
823934,694646,4,2,2,0,0,0,1
823934,642546,5,4,4,2,0,2,1
823934,686218,10,8,6,3,0,4,2
823934,500743,3,0,0,0,0,0,0
823934,676263,2,1,0,1,0,2,0
823934,669211,6,0,0,1,0,1,0
823934,687064,15,5,1,2,0,5,0
823934,664991,6,0,0,0,0,0,0
823283,688158,3,2,1,0,0,2,0
823283,660710,3,2,1,0,0,0,0
823283,606996,6,2,1,1,0,2,0
823283,676760,5,3,5,3,0,1,1
823283,681190,10,8,4,1,0,1,2
823283,681911,2,0,0,0,0,1,0
823283,669165,1,2,1,2,0,0,0
823283,500743,3,0,0,0,0,0,0
823283,676263,3,2,0,0,0,1,0
823283,808967,18,5,2,2,0,4,1
824209,650556,4,0,0,1,0,2,0
824209,660853,3,0,0,0,0,2,0
824209,595345,2,1,0,0,0,1,0
824209,681293,18,3,1,4,2,10,0
824209,500779,11,3,3,4,0,1,1
824209,685299,12,2,0,1,0,4,0
824209,677955,1,0,0,1,0,0,0
824362,500779,17,5,2,2,0,2,0
824362,657514,1,0,0,0,0,0,0
824362,675848,3,0,0,2,0,2,0
824362,622608,6,1,0,1,0,2,0
824362,681810,4,0,0,2,0,1,0
824362,623211,3,1,1,2,0,1,0
824362,518886,3,3,4,1,0,2,1
824362,681035,14,3,1,2,0,6,0
824366,500779,18,5,1,0,1,3,1
824366,675848,3,2,2,2,0,1,1
824366,688642,4,1,2,2,0,1,0
824366,677955,2,1,2,1,0,1,0
824366,663158,3,1,0,0,0,1,0
824366,800311,3,0,0,0,1,0,0
824366,656550,15,7,5,3,0,4,1
824366,683627,6,0,0,1,0,0,0
824357,680767,0,1,3,2,0,0,0
824357,500779,17,7,3,1,0,4,1
824357,657514,3,1,0,1,0,0,0
824357,675848,3,1,0,0,0,1,0
824357,677955,4,0,0,0,0,3,0
824357,682608,8,2,2,1,0,3,0
824357,656222,4,1,0,0,0,0,0
824357,669022,3,3,2,2,0,2,0
824357,686560,3,1,1,1,0,0,0
824357,596001,3,0,0,0,0,0,0
824357,668390,3,0,0,0,0,1,0
823635,681810,6,0,0,0,0,1,0
823635,623211,6,2,1,1,0,1,0
823635,690997,15,5,1,2,0,7,0
823635,680767,3,0,0,0,0,2,0
823635,500779,16,2,1,2,0,5,1
823635,675848,5,0,0,0,0,2,0
823635,677955,3,2,0,1,0,1,0
823386,681895,4,0,0,0,0,2,0
823386,656605,17,7,6,1,0,3,1
823386,664875,3,2,0,1,0,0,0
823386,684049,3,2,1,0,0,0,1
823386,500779,12,5,2,3,0,2,0
823386,657514,3,0,0,0,0,0,0
823386,622608,9,1,1,0,0,2,1
823386,677955,3,0,0,0,0,1,0
825081,669194,24,6,1,3,0,3,0
825081,664199,3,0,0,0,0,1,0
825081,680604,11,4,1,0,1,3,0
825081,500779,4,6,6,0,0,0,0
825081,657514,3,0,0,0,0,2,0
825081,664954,3,0,0,0,0,0,0
825081,678020,3,3,2,0,0,1,0
824370,500779,15,8,4,1,0,1,2
824370,685299,12,7,6,3,0,6,3
824370,683618,3,2,1,0,0,2,1
824370,671109,3,1,1,1,0,0,0
824370,680736,21,8,1,0,0,3,0
831493,701542,15,1,0,0,0,6,0
831493,670280,2,0,0,0,0,0,0
831493,666808,3,1,0,1,1,1,0
831493,518585,1,0,0,0,0,1,0
831493,656234,3,0,0,0,0,2,0
831493,657612,3,2,2,0,0,1,1
831493,641835,3,3,2,0,0,0,0
831493,605400,12,6,3,3,0,4,1
831493,679775,3,2,1,0,0,0,0
831493,621383,3,0,0,0,0,1,0
831493,647315,3,1,0,0,0,1,0
823159,678606,1,1,0,0,0,0,0
823159,666374,3,1,0,0,0,1,0
823159,622491,18,3,0,2,0,7,0
823159,642100,3,1,0,0,0,2,0
823159,660825,2,0,0,0,0,0,0
823159,621112,4,3,1,1,0,0,0
823159,677960,13,4,1,2,0,7,0
823159,687396,2,2,0,0,0,2,0
823159,518585,2,0,0,0,0,2,0
823159,656234,3,0,0,0,0,0,0
823159,666808,1,0,0,0,0,0,0
823243,676254,1,1,0,1,0,1,0
823243,676130,2,2,1,0,0,2,1
823243,621366,2,0,0,1,0,0,0
823243,592662,16,5,2,0,0,4,1
823243,669062,3,0,0,0,0,0,0
823243,657424,3,0,0,1,0,0,0
823243,657612,3,0,0,0,0,2,0
823243,518585,2,0,0,1,0,0,0
823243,666808,3,0,0,0,0,3,0
823243,670280,3,0,0,1,0,0,0
823243,693645,16,1,0,0,0,8,0
823157,678606,3,0,0,0,0,2,0
823157,681867,6,1,1,0,0,1,1
823157,669923,18,5,4,3,0,6,1
823157,518585,2,0,0,0,0,1,0
823157,666808,2,2,2,1,0,1,0
823157,670280,4,3,1,0,0,1,0
823157,693645,19,2,0,0,0,7,0
823569,621112,5,3,0,0,0,2,0
823569,677960,11,6,3,3,0,4,0
823569,657612,3,0,0,0,0,0,0
823569,687396,2,0,0,1,0,0,0
823569,518585,2,0,0,0,0,1,0
823569,666808,1,3,2,0,0,1,0
823569,670280,3,3,1,1,0,2,0
823569,676534,3,0,0,1,0,2,0
823569,676974,14,3,2,3,0,6,1
823569,667463,2,0,0,0,0,1,0
823569,656848,3,1,2,3,0,0,0
823569,669622,1,2,2,0,1,1,0
823569,677053,1,0,1,3,0,1,0
823566,642232,5,1,0,0,0,3,0
823566,518585,2,0,1,1,0,2,0
823566,608331,20,5,3,3,0,4,0
823566,656234,0,1,3,1,1,0,0
823566,664126,3,3,3,1,0,1,1
823566,676534,3,0,0,1,0,1,0
823566,667463,1,0,0,0,0,0,0
823566,669622,3,1,2,3,0,2,0
823566,663978,14,3,0,4,0,4,0
823566,677053,3,0,0,0,0,1,0
823567,687396,3,0,0,2,0,3,0
823567,518585,4,0,0,2,0,1,0
823567,656234,2,1,0,0,0,1,0
823567,670280,3,0,0,0,0,1,0
823567,693645,15,5,3,0,0,7,0
823567,686993,6,2,0,0,0,1,0
823567,669270,1,0,0,0,0,0,0
823567,650644,15,2,1,4,0,6,1
823567,643410,2,5,4,0,0,0,1
822996,607259,14,5,1,3,0,4,1
822996,693855,5,0,0,0,0,3,0
822996,642121,3,1,0,0,0,0,0
822996,687330,1,0,0,0,0,1,0
822996,643377,1,0,0,1,0,1,0
822996,685801,3,0,0,2,0,0,0
822996,641329,3,2,2,1,0,0,0
822996,657612,1,0,0,0,0,0,0
822996,518585,2,1,0,0,0,1,0
822996,608331,24,6,3,0,0,6,0
822996,670280,1,2,1,1,0,1,0
823563,621112,3,0,0,0,0,0,0
823563,657612,5,3,1,0,0,0,0
823563,701542,11,3,0,1,1,6,0
823563,518585,1,0,0,2,0,0,0
823563,656234,3,4,3,0,0,1,1
823563,666808,4,2,2,0,0,1,1
823563,815083,4,2,0,0,0,1,0
823563,519141,3,1,0,0,0,2,0
823563,641312,7,4,4,1,0,1,2
823563,579328,10,4,4,4,0,3,2
823563,605447,0,3,3,2,0,0,1
823560,642232,7,3,4,1,1,0,1
823560,518585,2,2,1,1,0,2,0
823560,608331,16,3,5,3,0,3,1
823560,683409,2,1,1,2,0,2,1
823560,680704,4,1,2,1,0,1,1
823560,681217,3,1,0,0,0,1,0
823560,691951,5,2,1,1,0,2,1
823560,696147,9,1,0,0,0,2,0
823560,608718,6,3,1,2,0,2,1
824204,650556,3,0,0,0,0,1,0
824204,621121,15,6,5,4,0,3,2
824204,681151,3,0,0,0,0,0,0
824204,676467,6,7,5,2,0,0,2
824204,642232,6,1,0,1,0,2,0
824204,701542,18,7,2,1,0,6,0
824204,518585,3,3,2,0,0,3,2
823561,657612,3,0,0,0,0,0,0
823561,687396,3,1,0,0,0,0,0
823561,518585,3,1,0,0,1,0,0
823561,661563,15,5,4,2,0,5,3
823561,670280,3,0,0,0,0,2,0
823561,686799,20,4,3,4,0,6,1
823561,519141,4,0,0,0,0,0,0
823561,605447,1,2,2,1,0,0,0
824203,678906,1,2,1,0,0,0,1
824203,595345,3,0,0,0,0,0,0
824203,805123,4,1,1,2,0,0,0
824203,656986,1,1,2,4,0,0,0
824203,681347,15,5,2,3,0,8,2
824203,681151,3,3,2,1,0,0,0
824203,677960,16,6,2,0,0,4,1
824203,657612,3,1,1,0,0,1,1
824203,518585,2,0,0,1,0,2,0
824203,656234,3,0,0,0,0,1,0
824203,666808,3,0,0,1,0,1,0
822908,656222,3,1,1,0,0,1,1
822908,594798,18,3,1,0,0,5,0
822908,596001,3,0,0,0,0,0,0
822908,668390,3,1,1,0,0,1,1
822908,687396,3,1,0,1,0,1,0
822908,518585,3,1,0,1,0,2,0
822908,670280,3,2,1,0,1,0,0
822908,693645,18,3,0,2,0,8,0
822907,656641,6,1,0,0,0,1,0
822907,543135,21,4,0,1,1,7,0
822907,695684,12,4,2,4,1,3,0
822907,657612,2,0,0,0,0,0,0
822907,687396,4,0,0,0,0,1,0
822907,518585,3,1,0,0,0,2,0
822907,656234,3,2,1,0,0,0,0
823557,701542,19,3,1,1,0,9,1
823557,518585,2,0,0,0,0,0,0
823557,656234,3,0,0,1,0,1,0
823557,666808,3,0,0,0,0,2,0
823557,669330,4,3,1,0,0,1,0
823557,700249,12,7,5,2,0,4,2
823557,544150,8,1,1,4,0,3,0
823555,687396,5,1,0,0,0,1,0
823555,518585,3,1,0,0,0,0,0
823555,608331,16,6,3,3,0,6,0
823555,670280,3,1,0,0,0,2,0
823555,670329,3,0,0,0,0,1,0
823555,694346,14,4,3,2,0,2,2
823555,552640,1,7,7,0,0,0,1
823555,664991,2,3,1,0,0,0,0
823555,666974,2,0,0,0,0,0,0
823555,608650,2,1,0,1,0,0,0
823792,694477,9,2,0,1,0,5,0
823792,690986,12,4,2,4,0,6,1
823792,676879,6,1,0,1,0,3,0
823792,669084,3,0,0,1,0,1,0
823792,657612,1,0,0,0,0,0,0
823792,687396,4,1,1,1,0,1,1
823792,518585,1,1,1,1,0,0,0
823792,666808,2,2,1,0,0,0,0
823792,670280,3,0,0,0,0,1,0
823792,693645,18,2,0,0,0,6,0
824843,669432,12,6,6,3,0,3,2
824843,669330,3,1,0,2,0,1,0
824843,552640,3,0,0,0,0,0,0
824843,666974,3,1,0,0,0,0,0
824843,677020,6,1,0,1,0,3,0
824843,657612,2,0,0,0,0,0,0
824843,701542,17,4,2,1,0,6,0
824843,518585,4,0,0,0,0,1,0
824843,656234,1,2,0,0,0,0,0
824843,670280,3,0,0,0,0,1,0
823629,668964,6,0,0,1,0,1,0
823629,681810,5,1,0,1,0,2,0
823629,605280,13,7,4,2,0,8,0
823629,518886,3,2,1,0,0,0,1
823629,518585,4,1,0,0,0,1,0
823629,670280,3,2,1,1,0,0,0
823629,693645,20,2,1,2,0,9,1
823793,701656,15,4,2,1,0,5,1
823793,682842,3,0,0,1,0,1,0
823793,676879,3,1,0,0,0,3,0
823793,669084,3,1,1,2,0,0,0
823793,656730,3,0,0,1,0,1,0
823793,621112,2,1,0,1,0,1,0
823793,607074,13,2,3,5,1,4,0
823793,657612,3,1,0,0,0,0,0
823793,518585,4,1,0,0,0,3,0
823793,656234,2,0,0,0,0,2,0
823793,670280,2,1,1,0,0,2,1
823553,695684,14,6,3,4,1,2,0
823553,657612,1,2,0,0,0,0,0
823553,687396,4,0,0,0,0,3,0
823553,518585,3,1,0,1,1,1,0
823553,670280,5,1,1,0,0,2,0
823553,641302,3,1,1,1,0,0,1
823553,656222,2,1,0,1,0,0,0
823553,594798,19,7,6,1,0,7,2
823628,640455,12,4,2,2,1,3,0
823628,642207,3,0,0,1,0,1,0
823628,642547,15,2,3,6,0,4,1
823628,695684,13,5,1,1,1,1,0
823628,642232,3,2,2,1,0,0,0
823628,657612,1,0,0,0,1,0,0
823628,518585,3,0,0,1,0,0,0
823628,656234,2,1,0,0,0,1,0
823628,666808,3,0,0,0,0,0,0
823628,670280,3,3,3,1,0,1,1
823546,657612,0,3,3,1,0,0,0
823546,687396,1,2,0,0,0,0,0
823546,518585,2,0,0,0,0,2,0
823546,666808,3,0,0,0,0,0,0
823546,670280,3,1,0,0,0,3,0
823546,543037,18,2,0,3,0,2,0
823546,607259,18,9,1,1,0,1,1
823546,693855,5,2,1,0,0,2,0
823546,687330,1,0,0,0,0,0,0
823546,641329,3,0,0,1,0,1,0
823549,621112,5,1,0,0,0,1,0
823549,677960,16,7,5,0,0,7,2
823549,518585,3,0,0,1,0,3,0
823549,670280,3,1,1,2,0,2,0
823549,671936,3,0,0,0,0,0,0
823549,656546,3,1,0,0,0,1,0
823549,684320,1,3,4,1,0,0,2
823549,680755,5,1,0,0,0,1,0
823549,571578,12,6,3,3,0,3,1
823544,677960,21,4,0,3,0,4,0
823544,657612,3,1,0,1,0,2,0
823544,518585,3,2,0,1,0,0,0
823544,687330,3,2,2,1,0,0,1
823544,656876,21,5,0,1,0,6,0
824104,696131,6,1,2,1,0,2,1
824104,683232,2,2,3,2,0,1,0
824104,702070,15,4,2,1,0,4,0
824104,656638,1,1,0,0,0,0,0
824104,670167,3,0,0,0,0,0,0
824104,518585,4,0,0,0,0,0,0
824104,666808,3,0,0,0,0,0,0
824104,543037,20,4,0,0,0,10,0
825002,622663,3,3,0,0,0,1,1
825002,686993,3,0,0,0,0,0,0
825002,605130,3,1,1,1,0,0,1
825002,660761,3,3,1,0,0,1,0
825002,669270,5,3,2,0,0,0,1
825002,663687,4,0,0,0,0,1,0
825002,665622,3,1,0,1,0,2,0
825002,643410,3,1,0,0,0,1,0
825002,621112,6,2,1,1,0,1,0
825002,607074,18,4,1,2,0,3,1
825002,687396,1,2,0,1,0,0,0
825002,518585,2,0,0,0,0,0,0
823537,657612,3,0,0,0,0,0,0
823537,687396,2,1,0,0,0,0,0
823537,518585,2,1,0,0,0,0,0
823537,670280,3,0,0,0,0,1,0
823537,693645,17,4,1,1,0,5,0
823537,594027,2,0,0,0,0,1,0
823537,686747,1,1,1,0,0,1,1
823537,686580,2,3,4,1,0,2,1
823537,624133,19,6,1,0,0,6,0
823540,621112,5,1,0,0,0,1,0
823540,657612,2,2,1,0,0,1,0
823540,518585,4,0,0,0,0,3,0
823540,543037,16,6,4,1,0,2,3
823540,670059,3,0,0,0,0,2,0
823540,671922,3,1,1,0,0,1,0
823540,668909,16,4,3,1,0,6,2
823540,683769,3,0,0,0,0,0,0
823540,682120,2,0,0,0,0,1,0
825001,660761,3,0,0,0,0,1,0
825001,547184,2,6,6,2,0,2,0
825001,682052,6,5,7,2,0,3,0
825001,665622,6,0,0,0,0,4,0
825001,643410,3,0,0,1,0,0,0
825001,678022,7,0,0,0,0,0,0
825001,657612,3,3,4,1,1,0,2
825001,701542,18,6,0,3,0,5,0
825001,518585,3,2,1,0,0,0,0
825001,670280,3,1,0,1,0,1,0
823542,607074,18,2,1,3,0,7,0
823542,687396,3,0,0,1,0,1,0
823542,518585,3,0,0,0,0,0,0
823542,670280,3,0,0,0,0,0,0
823542,676051,3,1,1,1,0,1,0
823542,677944,18,4,1,1,0,4,0
823542,670036,3,0,0,0,0,2,0
824429,542888,3,0,0,0,0,0,0
824429,677944,15,6,2,2,0,7,1
824429,670036,2,1,0,0,0,0,0
824429,670059,3,0,0,1,0,0,0
824429,682120,4,1,1,1,0,1,1
824429,621112,5,3,0,0,0,1,0
824429,657612,1,0,0,0,0,0,0
824429,518585,5,0,0,1,0,4,0
824429,656234,1,1,0,1,0,0,0
824429,666808,3,1,0,0,0,0,0
824429,543037,12,5,2,2,1,4,0
824262,663554,17,8,4,1,0,6,1
824262,663947,3,1,0,1,0,2,0
824262,640448,4,0,0,0,0,4,0
824262,646241,3,0,0,0,0,1,0
824262,607074,16,6,3,2,0,5,0
824262,687396,5,2,0,0,0,1,0
824262,518585,2,0,0,1,0,1,0
824262,670280,4,0,0,0,0,0,0
822803,686973,3,0,0,0,0,2,0
822803,702056,15,4,5,6,0,3,1
822803,689254,3,1,0,0,0,1,0
822803,680755,3,2,0,1,0,1,0
822803,643511,3,0,0,0,0,1,0
822803,677960,13,5,6,1,1,2,2
822803,687396,2,1,0,1,0,1,0
822803,518585,3,1,1,1,0,2,0
822803,656234,3,2,1,0,0,1,0
822803,666808,3,1,0,1,0,2,0
822802,686973,3,2,2,0,0,1,1
822802,592332,21,1,1,2,0,7,1
822802,643511,3,2,0,0,0,1,0
822802,518585,3,0,0,3,0,1,0
822802,670280,3,0,0,0,0,3,0
822802,693645,21,6,1,4,0,7,1
823531,621112,4,0,0,0,0,0,0
823531,695684,12,4,3,2,0,4,1
823531,657612,3,1,0,0,0,0,0
823531,687396,3,0,0,0,0,0,0
823531,518585,2,0,0,0,0,0,0
823531,666808,3,2,0,1,0,2,0
823531,663574,6,0,0,0,0,1,0
823531,657571,3,1,0,0,0,1,0
823531,594580,3,1,0,1,0,1,0
823531,695505,15,5,1,3,0,7,1
823533,677960,19,3,1,1,0,8,1
823533,657612,1,0,2,0,2,1,0
823533,518585,2,1,1,0,0,1,0
823533,666808,5,2,1,0,0,1,1
823533,680732,22,5,1,1,0,8,1
823533,663542,5,1,0,0,0,2,0
824744,594027,2,0,0,0,0,0,0
824744,543243,22,1,0,1,0,9,0
824744,686580,3,1,0,0,0,1,0
824744,547973,3,1,1,1,0,2,0
824744,621112,6,1,0,0,0,1,0
824744,607074,15,1,0,4,0,6,0
824744,518585,1,3,2,0,0,0,0
824744,670280,6,1,0,0,0,1,0
823530,621112,5,0,0,1,0,1,0
823530,687396,4,0,0,0,0,1,0
823530,701542,16,5,2,0,0,7,1
823530,518585,5,0,0,0,0,1,0
823530,666808,3,1,2,3,0,0,0
823530,623454,6,5,2,0,0,1,1
823530,805427,2,0,0,0,0,1,0
823530,672456,6,0,0,1,0,3,0
823530,675512,19,2,0,1,0,7,0
824259,669373,18,4,4,0,0,9,3
824259,621097,5,0,0,0,1,2,0
824259,646241,4,2,0,0,0,2,0
824259,677960,18,6,1,2,0,6,0
824259,518585,4,1,0,0,0,4,0
824259,666808,2,0,0,1,0,0,0
824259,670280,3,1,0,0,0,1,0
823527,621112,3,0,0,0,0,2,0
823527,687396,3,0,0,0,0,2,0
823527,518585,3,1,0,2,0,0,0
823527,670280,3,0,0,0,0,3,0
823527,543037,15,5,2,0,0,7,1
823527,702474,12,4,3,2,0,2,2
823527,681892,6,0,0,0,0,2,0
823527,679358,6,2,2,1,0,0,0
822709,640454,1,2,2,0,0,0,1
822709,687223,9,3,1,0,0,4,1
822709,690925,1,0,0,0,0,1,0
822709,664875,2,2,1,2,0,1,1
822709,641793,12,5,1,0,0,5,1
822709,676680,2,1,0,1,0,0,0
822709,677960,16,6,1,0,0,6,0
822709,657612,1,2,2,0,0,0,2
822709,518585,2,0,0,0,0,2,0
822709,656234,2,0,0,0,0,0,0
822709,670280,6,0,0,0,1,0,0
823518,687396,3,0,0,0,0,3,0
823518,665645,2,0,0,0,0,2,0
823518,518585,1,2,1,2,0,0,0
823518,670280,3,1,0,1,0,1,0
823518,543037,21,4,3,0,0,11,2
823518,642397,3,0,0,0,0,1,0
823518,682254,4,0,0,1,0,2,0
823518,656605,15,3,0,2,1,6,0
823518,669387,8,3,3,2,0,3,1
822711,640454,5,0,0,1,0,1,0
822711,571945,12,4,0,1,0,0,0
822711,676571,5,1,0,1,0,3,0
822711,690925,0,3,2,0,0,0,2
822711,687377,1,1,2,1,0,0,1
822711,676680,4,0,0,0,0,2,0
822711,687396,1,2,0,1,0,1,0
822711,518585,3,0,0,0,0,0,0
822711,670280,3,1,0,0,0,1,0
822711,693645,20,4,2,4,0,6,2
823522,677960,14,7,5,2,0,5,1
823522,657612,2,2,0,0,0,0,0
823522,687396,3,0,0,0,0,2,0
823522,518585,4,0,0,0,0,3,0
823522,683409,4,0,0,1,0,0,0
823522,685126,3,0,0,0,0,1,0
823522,642701,3,1,0,0,0,0,0
823522,696062,9,1,0,0,0,5,0
823522,677952,9,9,7,1,0,2,2
822957,663556,19,4,0,0,0,5,0
822957,642121,5,1,0,0,0,3,0
822957,641329,3,1,0,0,0,3,0
822957,518585,2,1,0,0,0,1,0
822957,683409,3,0,0,0,0,0,0
822957,543037,19,7,3,1,0,6,0
823524,621112,3,0,0,1,0,0,0
823524,687396,3,0,0,0,0,1,0
823524,518585,3,1,0,0,0,1,0
823524,543037,18,4,2,1,0,8,1
823524,681911,3,1,0,2,0,0,0
823524,656945,3,0,0,0,0,1,0
823524,676263,4,0,0,0,0,2,0
823524,808963,17,5,0,1,0,5,0
823521,621112,7,1,0,1,0,1,0
823521,642232,8,2,0,0,0,1,0
823521,687396,6,0,0,0,0,3,0
823521,518585,1,1,1,2,0,1,1
823521,670280,5,0,0,1,0,2,0
823521,681911,3,0,0,0,0,3,0
823521,683618,2,0,0,2,0,1,0
823521,669165,6,0,0,2,0,1,0
823521,694361,3,3,1,0,0,1,0
823521,623465,3,2,1,1,0,1,1
823521,592779,6,0,0,0,0,2,0
823521,676263,1,3,0,0,0,0,0
824567,663436,18,5,4,2,0,6,1
824567,691799,7,0,0,0,0,1,0
824567,670950,3,1,0,0,0,1,0
824567,669684,3,1,0,0,0,2,0
824567,663542,2,1,0,0,0,0,0
824567,663855,3,1,0,1,0,1,0
824567,621112,5,2,2,1,0,2,2
824567,642232,1,1,0,0,0,0,0
824567,657612,3,0,0,0,0,1,0
824567,518585,3,1,1,0,0,1,0
824567,666808,3,0,0,2,0,0,0
824567,693645,19,2,1,1,1,8,0
824570,670950,6,0,0,0,0,4,0
824570,622554,3,1,0,0,0,0,0
824570,669684,2,1,1,1,0,0,0
824570,702273,10,2,3,2,0,5,0
824570,663542,3,2,1,0,0,1,0
824570,656794,3,4,4,0,0,0,1
824570,621112,3,0,0,0,0,1,0
824570,657612,1,2,1,0,0,0,0
824570,687396,4,2,0,0,0,1,0
824570,518585,4,0,0,1,0,0,0
824570,608331,9,5,3,2,0,4,0
824570,666808,2,1,0,1,0,1,0
824570,670280,1,0,0,0,0,1,0
824570,683409,3,1,0,0,0,1,0
824568,622554,3,0,0,1,0,1,0
824568,669684,3,1,0,0,1,0,0
824568,680732,18,3,0,2,0,10,0
824568,663542,3,0,0,0,0,0,0
824568,656794,6,2,0,1,0,1,0
824568,677960,21,3,0,3,0,4,0
824568,687396,3,0,0,1,0,2,0
824568,518585,4,1,0,2,0,2,0
824568,683409,4,2,0,0,0,3,0
823515,657612,2,1,1,0,0,0,1
823515,687396,2,2,0,0,0,2,0
823515,518585,3,1,1,0,0,2,1
823515,608331,19,3,0,2,0,7,0
823515,660787,1,0,0,0,0,0,0
823515,670280,3,0,0,0,0,0,0
823515,689266,1,0,0,0,0,0,0
823515,669276,3,0,0,2,0,2,0
823515,800311,3,1,0,0,0,1,0
823515,641816,18,3,0,2,0,9,0
823515,641755,2,0,0,2,0,1,0
823515,628452,2,3,2,1,1,2,0
823520,642232,3,1,1,0,0,0,0
823520,657612,4,2,2,0,0,1,1
823520,665645,5,1,0,1,0,2,0
823520,518585,3,0,0,0,0,2,0
823520,683409,3,5,6,1,0,0,3
823520,693645,9,4,4,5,0,6,1
823520,700241,13,4,2,1,0,5,1
823520,700669,6,0,0,0,0,2,0
823520,677865,5,2,1,0,0,0,1
823520,666277,2,1,1,0,0,1,1
823520,592773,1,3,3,0,0,1,2
824649,573204,3,1,0,0,0,0,0
824649,657097,3,1,0,0,0,1,0
824649,656849,19,5,1,0,0,8,1
824649,663423,2,1,0,2,0,0,0
824649,687396,1,2,1,0,0,0,0
824649,518585,2,1,2,1,0,0,1
824649,608331,16,2,1,1,0,7,0
824649,683409,2,0,0,2,0,0,0
824649,672442,3,2,1,1,0,0,0
823517,677960,18,4,0,1,0,6,0
823517,687396,3,1,0,1,0,1,0
823517,518585,2,1,0,0,0,0,0
823517,670280,4,0,0,1,0,3,0
823517,690928,19,4,2,3,0,4,2
823517,657571,5,1,0,0,0,1,0
823511,621112,5,0,0,1,0,0,0
823511,657612,3,0,0,1,0,1,0
823511,687396,3,0,0,0,0,3,0
823511,701542,12,6,5,4,0,3,3
823511,518585,1,1,0,1,0,0,0
823511,660787,3,2,0,0,0,1,0
823511,689546,3,2,2,0,0,2,1
823511,622554,1,0,0,0,0,0,0
823511,642100,2,3,3,2,1,1,0
823511,682243,18,8,5,1,0,5,1
823508,642232,4,0,0,1,0,2,0
823508,518585,3,0,0,0,0,1,0
823508,608331,15,5,1,2,0,4,1
823508,660787,5,0,0,0,0,3,0
823508,678606,3,0,0,0,0,0,0
823508,669302,18,4,0,1,0,7,0
823508,662253,3,0,0,0,0,2,0
823508,660825,3,0,0,2,0,1,0
824801,670329,3,1,0,0,0,1,0
824801,695380,3,0,0,1,0,2,0
824801,605135,17,8,3,1,0,6,1
824801,664991,1,0,0,0,0,0,0
824801,666974,1,1,0,0,0,0,0
824801,676742,2,0,2,1,2,1,0
824801,621112,3,1,0,1,0,1,0
824801,657612,4,0,0,0,0,1,0
824801,687396,3,0,0,0,0,1,0
824801,701542,12,3,2,2,1,5,1
824801,518585,2,2,1,0,0,2,1
824801,670280,3,0,0,0,0,1,0
824803,669358,19,4,3,2,0,10,1
824803,544150,6,0,0,0,0,2,0
824803,677020,2,1,0,1,1,2,0
824803,621112,3,0,0,1,0,2,0
824803,607074,12,2,1,2,0,4,1
824803,687396,2,1,0,1,0,1,0
824803,518585,1,0,0,0,0,0,0
824803,660787,6,1,0,0,0,0,0
824803,670280,3,0,0,0,0,2,0
823798,694477,15,1,2,5,0,5,0
823798,675660,3,0,0,0,0,1,0
823798,663765,9,2,0,0,0,2,0
823798,694851,1,8,7,1,0,0,0
823798,518876,15,6,5,5,0,1,1
823798,664199,3,1,0,0,0,0,0
823798,657044,2,0,0,0,0,1,0
823798,543510,3,0,0,0,0,0,0
824853,669432,14,9,4,1,0,6,1
824853,670329,4,0,0,0,0,2,0
824853,675919,2,1,0,0,1,0,0
824853,664991,4,0,0,0,0,3,0
824853,666974,3,0,0,0,0,2,0
824853,666661,2,2,1,2,0,0,0
824853,518876,16,5,2,4,0,3,1
824853,623149,3,0,0,0,0,1,0
824853,664199,5,0,0,0,0,1,0
824853,657044,1,0,0,0,0,0,0
824687,571948,3,1,0,0,0,0,0
824687,656686,3,1,2,1,0,2,1
824687,571510,18,4,2,1,0,5,1
824687,664208,3,1,0,1,1,1,0
824687,694297,7,4,2,3,0,1,0
824687,518876,13,8,6,3,0,5,1
824687,623149,2,0,0,0,0,2,0
824687,657044,2,0,0,0,0,0,0
825099,518876,13,10,8,3,0,5,3
825099,656464,3,0,0,0,0,1,0
825099,642528,4,1,0,1,0,2,0
825099,664199,4,1,0,0,0,0,0
825099,657044,0,1,3,1,1,0,1
825099,543510,3,1,0,1,0,0,0
825099,674370,6,3,3,4,0,2,1
825099,608371,3,0,0,2,0,1,0
825099,680732,18,5,2,1,0,3,1
831885,672629,3,0,0,0,0,2,0
831885,642528,3,1,1,0,0,2,1
831885,656464,3,1,0,0,0,1,0
831885,623149,3,0,0,1,0,0,0
831885,814783,3,1,0,1,0,1,0
831885,657044,3,2,1,1,0,0,0
831885,518876,6,4,5,2,0,1,2
831885,663462,3,1,0,0,0,0,0
831885,671922,2,0,0,1,0,1,0
831885,701533,1,0,0,0,0,0,0
831885,677944,12,1,0,2,0,2,0
831885,676282,12,1,0,0,0,6,0
825089,518876,21,3,1,3,0,6,0
825089,623149,3,0,0,0,0,2,0
825089,664199,3,0,0,0,0,0,0
825089,681810,4,1,0,0,0,1,0
825089,605280,17,5,2,2,0,6,0
825089,518886,3,0,0,2,0,1,0
825084,694297,3,0,0,0,0,0,0
825084,518876,18,8,3,0,0,4,1
825084,623149,3,0,0,0,0,1,0
825084,664199,1,0,0,0,0,0,0
825084,805299,2,0,0,1,0,0,0
825084,641816,15,8,6,0,0,6,1
825084,676775,3,0,0,0,0,3,0
825084,656529,4,0,0,1,0,0,0
825084,666711,2,1,0,0,0,1,0
823855,664126,3,0,0,0,0,2,0
823855,663969,15,2,0,2,0,5,0
823855,676534,3,0,0,0,0,2,0
823855,656848,3,0,0,0,1,1,0
823855,669622,3,1,0,1,0,3,0
823855,518876,18,4,2,2,0,1,0
823855,623149,3,1,0,0,0,1,0
823855,805299,3,0,0,1,0,2,0
824360,607536,11,8,7,4,0,3,0
824360,688642,13,4,2,0,0,1,0
824360,678020,3,1,0,1,0,1,0
824360,518876,27,4,1,0,0,3,1
825073,680728,5,4,1,0,1,0,0
825073,518876,15,6,7,3,1,4,3
825073,669704,3,1,1,3,0,1,0
825073,691769,4,5,5,1,0,2,2
825073,669371,6,2,0,0,1,1,0
825073,687606,6,2,0,0,0,2,0
825073,656492,15,2,1,0,0,4,1
823133,622491,15,2,1,2,0,3,0
823133,682243,15,1,0,1,0,6,0
823133,666661,6,1,0,1,0,5,0
823133,518876,16,8,2,2,1,2,2
823133,656464,2,0,0,0,0,2,0
823133,642528,1,1,0,1,0,0,0
823133,805299,3,1,0,0,0,0,0
823219,664141,9,1,0,1,0,1,0
823219,656529,2,1,0,1,0,1,0
823219,666711,1,2,2,1,0,0,0
823219,694738,15,7,2,1,0,7,1
823219,518876,21,4,2,2,0,4,0
823219,642528,3,1,0,0,0,0,0
823219,805299,3,0,0,0,1,1,0
823040,668941,3,0,0,0,0,0,0
823040,676617,3,0,0,0,0,0,0
823040,669467,18,6,1,0,1,2,0
823040,666277,1,0,0,0,0,0,0
823040,592773,2,2,1,0,0,0,1
823040,518876,18,7,3,3,0,2,0
823040,642528,1,0,0,0,0,0,0
823040,664199,5,0,0,1,1,2,0
822959,664076,3,1,1,0,0,2,1
822959,694680,3,1,0,0,0,1,0
822959,518886,3,0,0,0,0,1,0
822959,656876,18,3,0,1,2,5,0
822959,686753,3,1,0,0,0,1,0
822959,518876,18,8,5,2,0,3,3
822959,642528,3,1,0,0,0,1,0
823277,673513,3,1,1,2,0,0,1
823277,593974,3,0,0,0,0,1,0
823277,656288,14,7,2,0,0,5,0
823277,699134,4,0,0,0,0,2,0
823277,670970,3,0,0,0,0,2,0
823277,518876,21,3,1,3,0,6,1
823277,656464,3,0,0,0,0,1,0
823277,623149,3,0,0,0,0,2,0
823353,642397,3,1,0,0,0,2,0
823353,682254,3,0,0,1,0,1,0
823353,656605,16,6,2,1,0,4,0
823353,670990,5,1,0,0,0,1,0
823353,676760,3,0,0,0,0,0,0
823353,666661,4,0,0,0,0,2,0
823353,518876,17,4,0,1,1,6,0
823353,642528,3,2,1,0,0,1,0
823353,664199,4,3,0,0,0,0,0
825063,666661,3,1,0,0,0,1,0
825063,518876,15,8,2,2,0,6,1
825063,642528,3,1,0,0,0,1,0
825063,623149,3,1,1,0,0,2,1
825063,805299,3,1,0,0,0,0,0
825063,684974,8,0,0,0,0,1,0
825063,605540,11,2,3,1,0,6,1
825063,657649,5,2,1,1,0,2,0
824404,684974,3,0,0,0,1,1,0
824404,670036,2,1,0,1,0,1,0
824404,671922,4,0,0,2,0,1,0
824404,668909,17,1,0,1,0,10,0
824404,683769,1,0,0,1,0,0,0
824404,518876,15,8,5,4,0,5,1
824404,664199,5,0,0,0,0,1,0
824404,657044,4,0,0,0,0,2,0
825060,666661,3,1,1,1,0,1,0
825060,518876,15,4,1,2,0,3,1
825060,656464,3,1,0,0,0,0,0
825060,623149,1,1,0,1,0,0,0
825060,664199,3,1,0,1,0,0,0
825060,805299,2,0,0,0,0,1,0
825060,700241,19,6,1,1,0,5,1
825060,676617,3,1,0,1,0,1,0
825060,666277,2,0,0,0,0,1,0
825060,703725,3,1,2,1,0,1,1
825055,672629,6,3,1,1,0,1,0
825055,518876,15,5,2,1,0,3,1
825055,642528,3,0,0,0,0,1,0
825055,545121,3,2,2,1,1,0,0
825055,666126,1,0,0,0,0,0,0
825055,695611,14,8,6,4,0,5,3
825055,696522,7,4,1,1,0,2,0
825055,814305,2,5,8,3,0,1,2
825051,666661,1,0,0,0,0,1,0
825051,518876,17,2,1,4,0,4,0
825051,656464,3,0,0,0,0,2,0
825051,664199,1,3,1,0,0,0,0
825051,805299,5,2,1,0,0,0,1
825051,683618,3,1,0,0,0,2,0
825051,656945,3,1,0,2,0,1,0
825051,621242,1,1,2,1,0,1,1
825051,808963,18,4,2,1,0,5,1
824723,594027,5,2,0,0,0,1,0
824723,624133,16,4,4,2,1,3,1
824723,681544,3,1,0,0,0,1,0
824723,669062,3,0,0,1,0,1,0
824723,518876,12,7,6,4,0,2,1
824723,656464,3,3,2,0,0,0,1
824723,642528,3,1,0,0,0,0,0
824723,679885,3,0,0,1,1,0,0
824723,664199,3,2,1,1,0,1,0
824042,696147,5,0,0,0,0,3,0
824042,666171,6,0,0,1,0,1,0
824042,672282,19,9,3,0,0,8,0
824042,668964,8,3,0,1,0,0,0
824042,681810,2,2,0,1,0,0,0
824042,623211,4,0,0,0,0,1,0
824042,518886,3,1,0,1,0,1,0
824042,690997,12,6,3,1,0,6,0
823636,668964,6,0,0,1,0,2,0
823636,605280,18,3,0,1,0,6,0
823636,518886,3,0,0,0,0,3,0
823636,701552,6,0,0,2,0,1,0
823636,695418,7,1,0,0,0,1,0
823636,641793,11,5,4,3,0,1,2
825047,672629,6,1,0,1,0,4,0
825047,518876,15,6,6,3,0,2,2
825047,691769,3,1,0,0,0,0,0
825047,805299,3,0,0,0,0,1,0
825047,663372,15,7,2,3,0,2,0
825047,623474,3,0,0,2,0,0,0
825047,657514,3,3,1,0,0,0,1
825047,656786,2,1,0,2,0,0,0
825047,675848,1,0,1,2,0,1,0
825047,605447,3,0,0,1,0,0,0
824694,573204,3,0,0,0,0,2,0
824694,592791,18,5,1,3,0,4,1
824694,676962,6,2,0,1,0,1,0
824694,596133,2,0,0,0,0,0,0
824694,642547,17,3,3,2,1,3,1
824694,518886,3,1,0,1,0,0,0
824694,548384,2,1,1,0,0,0,1
823964,656945,3,1,0,0,0,0,0
823964,680736,24,2,0,0,0,2,0
823964,680702,6,2,0,1,0,5,0
823964,656849,15,5,4,4,1,7,1
823964,518886,3,1,0,0,0,0,0
824691,702303,3,1,0,0,0,2,0
824691,665871,17,3,1,0,0,3,1
824691,573204,3,1,0,0,0,1,0
824691,657097,4,0,0,0,0,2,0
824691,656686,3,1,0,0,0,1,0
824691,668964,6,1,0,1,0,2,0
824691,623211,1,0,0,2,0,1,0
824691,596133,4,0,0,0,0,0,0
824691,642207,3,2,1,0,0,3,0
824691,656849,11,3,0,0,1,1,0
824691,518886,2,0,0,0,0,1,0
824691,548384,2,1,0,0,0,0,0
823639,668964,7,2,0,0,0,3,0
823639,623211,2,1,1,0,0,0,1
823639,642207,2,3,1,0,0,2,0
823639,656849,10,4,1,1,0,2,1
823639,518886,2,2,3,1,0,1,0
823639,681035,4,0,1,5,1,1,0
823639,607455,1,1,1,1,0,0,0
823639,657746,15,7,4,2,0,5,2
823639,702193,8,2,2,0,0,4,0
822964,592155,3,0,0,0,0,0,0
822964,642121,3,0,0,0,0,2,0
822964,518886,3,0,0,0,0,0,0
822964,656876,18,4,2,2,0,5,0
822964,608379,21,6,1,1,0,5,0
822964,656638,3,0,0,0,0,1,0
822964,670167,3,0,0,1,0,2,0
822967,592155,3,3,1,0,0,0,1
822967,693855,15,7,3,0,1,4,1
822967,642121,6,0,0,0,0,4,0
822967,518886,3,0,0,0,0,0,0
822967,690925,3,1,1,2,0,2,0
822967,695418,9,2,0,0,1,5,0
822967,676917,8,6,2,3,0,1,0
822967,680730,7,1,0,1,0,2,0
823630,668964,3,1,1,0,0,1,1
823630,518886,3,0,0,0,0,1,0
823630,690997,21,6,3,3,1,7,1
823630,663947,1,2,2,0,0,0,1
823630,672456,14,4,4,2,0,2,2
823630,646241,2,1,1,1,0,0,0
823630,669724,3,1,1,0,0,0,1
823630,676568,4,2,1,1,0,0,1
824021,681217,2,1,0,0,0,1,0
824021,680570,7,3,2,2,1,1,0
824021,519141,6,2,1,0,0,0,1
824021,696147,3,4,5,2,0,1,2
824021,666171,3,0,0,0,0,1,0
824021,608718,6,1,0,0,0,0,0
824021,668984,5,2,1,0,1,1,0
824021,693855,10,2,2,3,1,3,1
824021,664076,2,0,0,0,0,2,0
824021,687330,6,1,0,0,0,3,0
824021,518886,1,0,0,2,1,0,0
824021,641329,3,0,0,0,1,2,0
824837,669358,21,7,1,2,0,9,0
824837,552640,3,0,0,0,0,1,0
824837,664991,3,2,0,0,0,0,0
824837,664076,6,0,0,0,0,3,0
824837,694680,9,3,0,2,0,1,1
824837,643377,6,4,1,0,0,3,0
824837,518886,3,1,0,0,0,2,0
824363,657514,3,0,0,0,0,0,0
824363,675848,6,0,0,0,0,5,0
824363,608372,16,3,4,2,0,1,1
824363,677955,2,1,0,0,0,2,0
824363,681810,6,1,0,0,0,3,0
824363,623211,3,0,0,0,1,0,0
824363,642207,3,0,0,0,0,1,0
824363,656849,12,3,2,0,0,6,0
824363,518886,3,1,0,0,0,1,0
822734,678391,2,4,3,0,0,0,0
822734,676571,3,1,1,1,0,1,0
822734,663623,12,6,2,1,0,6,1
822734,687377,3,0,0,0,0,0,0
822734,681402,6,1,0,1,0,0,0
822734,680730,9,2,1,0,0,2,1
822734,687606,1,5,6,1,0,0,0
822734,668964,4,2,1,1,0,1,0
822734,681810,6,0,0,1,0,1,0
822734,623211,6,1,0,2,0,1,0
822734,596133,3,1,0,0,1,2,0
822734,518886,3,2,0,0,0,0,0
822734,681035,12,4,3,3,1,5,0
822734,548384,2,1,1,2,0,0,0
822735,641793,15,5,2,0,0,3,1
822735,674841,12,2,2,1,0,5,1
822735,681810,3,4,2,0,0,0,0
822735,518886,8,2,2,0,0,2,1
822735,804267,13,4,4,2,0,3,1
822962,607259,17,6,1,0,0,3,1
822962,592155,1,0,0,0,0,0,0
822962,664076,3,1,0,0,0,0,0
822962,687330,3,1,0,0,0,0,0
822962,518886,3,0,0,1,0,1,0
822962,668678,20,4,5,2,1,0,2
822962,686228,4,2,1,0,0,0,0
824172,623352,3,0,0,1,0,2,0
824172,595345,4,0,0,0,0,1,0
824172,663567,17,3,0,1,0,6,0
824172,687911,3,1,0,0,0,0,0
824172,669438,17,5,2,1,0,9,2
824172,592155,4,0,0,0,0,3,0
824172,518886,3,1,0,0,0,0,0
824096,657756,2,0,1,2,1,0,0
824096,668674,3,0,0,0,0,0,0
824096,694360,4,1,0,0,0,1,0
824096,702070,11,9,6,3,0,0,2
824096,672021,4,1,2,6,0,0,0
824096,674444,3,0,0,0,0,1,0
824096,592155,3,0,0,1,0,1,0
824096,642121,3,1,1,0,0,1,1
824096,643377,18,5,3,0,0,5,2
824096,518886,3,0,0,0,0,0,0
822961,668984,4,0,0,0,0,0,0
822961,693855,20,0,0,1,0,7,0
822961,518886,3,1,2,1,0,2,1
822961,686475,3,6,5,0,0,0,1
822961,657756,3,2,1,0,0,1,0
822961,621381,3,0,0,0,0,1,0
822961,607625,15,7,7,2,0,3,3
824737,594027,3,1,0,0,0,1,0
824737,700842,7,3,3,2,0,3,1
824737,669711,2,2,0,0,0,0,0
824737,676477,3,1,0,0,0,1,0
824737,686580,3,0,0,0,0,1,0
824737,663558,6,0,0,0,0,0,0
824737,547973,3,0,0,0,0,2,0
824737,669438,15,8,5,1,0,4,3
824737,592155,3,0,0,0,0,0,0
824737,642121,3,0,0,1,0,1,0
824737,518886,3,0,0,1,0,1,0
822954,688297,3,2,1,1,0,0,0
822954,668984,6,2,3,3,1,2,1
822954,592155,5,1,1,0,0,2,1
822954,518886,3,2,1,0,0,1,0
822954,810938,3,0,0,0,0,0,0
822954,656876,7,7,6,0,0,2,1
822954,621112,6,2,1,0,0,3,1
822954,642232,3,2,0,0,0,0,0
822954,657612,3,1,0,0,0,0,0
822954,687396,5,3,1,0,0,3,0
822954,656234,2,2,2,1,0,0,0
822954,666808,2,0,0,1,1,0,0
822954,683409,6,0,0,0,0,3,0
824171,686613,12,6,6,4,0,3,2
824171,623352,3,0,0,1,0,1,0
824171,664299,6,2,1,1,0,4,1
824171,687911,3,1,0,0,0,2,0
824171,663878,3,0,0,2,0,0,0
824171,668984,0,1,2,1,0,0,1
824171,642121,3,2,3,1,0,0,0
824171,664076,2,1,0,0,0,1,0
824171,518886,4,1,0,0,0,1,0
824171,656876,15,6,5,1,1,2,2
822951,688297,9,0,0,0,0,3,0
822951,693855,10,6,5,3,1,3,1
822951,642121,2,1,1,0,0,1,1
822951,687330,1,0,0,1,0,0,0
822951,518886,5,2,1,1,0,2,0
822951,678606,4,1,0,0,1,2,0
822951,689546,6,1,0,0,0,0,0
822951,621074,3,0,0,1,0,1,0
822951,662253,3,0,0,1,0,2,0
822951,642100,3,0,0,1,0,0,0
822951,660825,3,2,2,0,0,1,1
822951,676106,5,0,0,1,0,2,0
824076,518886,3,0,0,0,0,1,0
824076,607625,18,9,5,0,0,3,0
824076,656638,3,0,0,0,0,2,0
824076,674444,3,2,2,0,0,0,1
824076,680723,3,3,4,2,0,0,0
824076,656240,1,1,0,0,0,1,0
824076,696522,0,2,3,1,0,0,0
824076,665660,3,0,0,0,0,0,0
824076,605488,17,5,2,3,1,1,1
824739,669711,3,1,0,0,0,1,0
824739,543243,18,5,1,4,0,5,1
824739,663558,3,1,0,0,0,0,0
824739,670245,3,1,0,1,0,2,0
824739,688297,6,1,0,1,0,0,0
824739,663556,15,5,5,3,1,3,1
824739,518886,3,0,0,0,0,2,0
822787,592332,10,9,4,2,0,1,0
822787,689254,2,1,0,0,0,0,0
822787,571578,7,7,4,0,0,3,1
822787,681751,6,3,3,1,0,3,1
822787,664702,2,1,0,0,0,0,0
822787,642121,6,0,0,0,0,0,0
822787,664076,3,0,0,0,0,1,0
822787,518886,3,0,0,0,0,0,0
822787,656876,15,7,2,1,0,5,0
823990,690829,3,0,0,0,0,2,0
823990,672282,24,2,0,0,0,11,0
823990,518886,4,1,0,0,0,0,0
823990,663878,3,1,1,1,0,1,0
823990,677976,17,4,0,2,0,6,0
822946,571927,6,0,0,1,0,3,0
822946,663556,9,0,1,2,1,3,0
822946,668984,2,0,0,0,0,1,0
822946,592155,2,1,1,0,0,1,0
822946,664076,3,0,0,1,0,2,0
822946,518886,2,1,0,1,0,1,0
822946,641329,3,0,0,2,0,2,0
822946,682608,6,1,1,0,0,2,1
822946,695239,4,0,0,0,0,1,0
822946,687239,2,2,1,0,0,1,1
822946,594835,9,5,1,2,0,1,0
822946,668390,3,1,0,0,0,0,0
822949,571927,4,1,1,0,0,0,1
822949,687330,3,0,0,0,0,2,0
822949,643377,17,5,1,3,0,10,0
822949,518886,3,1,1,1,1,1,0
822949,682608,2,1,0,0,0,1,0
822949,641302,3,1,0,0,0,1,0
822949,656641,3,0,0,0,0,0,0
822949,615698,16,2,1,1,0,7,0
822949,596001,3,1,0,0,0,0,0
823916,641778,19,4,1,2,1,6,0
823916,689017,8,2,0,0,0,2,0
823916,621016,5,2,0,1,0,2,0
823916,696131,9,3,1,2,0,1,1
823916,518886,3,0,0,1,0,0,0
823916,663738,7,3,3,0,0,3,2
822943,702047,5,3,3,0,0,2,1
822943,571927,3,0,0,0,0,0,0
822943,688297,1,1,1,0,0,1,1
822943,643377,15,4,1,0,0,8,1
822943,518886,3,1,2,2,0,1,0
822943,701474,3,2,1,0,0,1,1
822943,641743,19,7,0,1,0,3,0
822943,691799,5,2,0,0,0,1,0
824074,679922,1,1,2,3,0,0,0
824074,671162,5,1,0,0,0,2,0
824074,518886,3,0,0,0,0,0,0
824074,663878,3,0,0,0,0,0,0
824074,677976,12,6,0,4,0,4,0
824074,670167,3,0,0,0,0,0,0
824074,688497,6,3,1,2,0,1,0
824074,656240,6,1,0,0,0,2,0
824074,695611,12,8,5,3,0,3,1
824218,685005,3,1,1,2,0,1,1
824218,686613,14,4,0,4,0,9,0
824218,805123,7,2,1,0,0,3,1
824218,687911,3,2,1,0,1,1,0
824218,681217,1,0,0,0,0,0,0
824218,667755,18,2,0,4,0,7,0
824218,519141,3,0,0,0,0,0,0
824218,700712,2,1,0,1,0,1,0
824218,605447,3,0,0,1,0,1,0
824215,650556,1,0,1,2,0,0,0
824215,685005,1,0,0,0,0,1,0
824215,595345,3,0,0,1,0,0,0
824215,805123,6,0,0,0,0,2,0
824215,837227,8,3,4,4,0,4,0
824215,687911,2,1,0,0,0,2,0
824215,682610,6,3,2,1,0,4,1
824215,681217,3,1,0,0,0,1,0
824215,686799,12,4,5,5,0,3,0
824215,519141,3,2,3,2,1,0,0
824215,696147,6,0,0,2,0,2,0
824054,681217,3,0,0,0,0,2,0
824054,686799,17,4,0,2,0,7,0
824054,519141,1,0,0,0,0,0,0
824054,696147,2,1,0,0,0,0,0
824054,664192,1,0,0,1,1,0,0
824054,605447,3,0,0,0,0,1,0
824054,660825,4,1,0,0,0,2,0
824054,676106,20,6,1,0,0,5,1
824699,571948,1,0,0,0,0,0,0
824699,592791,14,2,0,4,0,3,0
824699,664208,2,2,2,2,0,1,0
824699,676962,10,1,0,1,0,5,0
824699,681217,3,1,0,1,0,1,0
824699,667755,18,2,0,2,0,4,0
824699,519141,4,1,0,0,0,2,0
824699,605447,2,0,0,1,0,1,0
824056,681217,1,0,0,0,0,1,0
824056,519141,3,1,0,1,0,0,0
824056,672282,20,3,0,4,0,4,0
824056,605447,3,0,0,0,0,2,0
824056,608718,3,3,2,1,0,0,0
824056,666374,3,0,0,0,0,2,0
824056,693433,21,1,0,1,1,6,0
824056,662253,3,0,0,0,0,3,0
824056,642100,3,0,0,0,0,1,0
824533,693312,6,1,0,3,0,0,0
824533,683175,3,0,0,0,0,1,0
824533,594580,5,0,0,3,0,1,0
824533,656271,4,1,1,1,0,0,0
824533,671096,9,8,7,2,0,1,1
824533,680704,1,1,2,0,1,0,0
824533,667755,21,2,0,3,0,10,0
824533,519141,3,1,1,0,0,1,1
824533,696147,2,2,3,3,0,1,0
831804,641312,8,5,2,0,0,4,1
831804,691946,7,1,5,4,0,4,1
831804,519141,3,0,0,0,0,0,0
831804,608718,7,2,1,2,0,4,0
831804,683177,1,2,2,1,0,1,0
831804,696519,1,1,3,2,0,1,0
831804,656945,1,3,3,1,0,0,1
831804,607192,15,3,1,1,0,11,1
831804,681911,2,0,0,2,0,0,0
831804,691947,3,1,0,0,0,0,0
831804,595014,3,1,0,1,0,3,0
831804,676508,2,0,0,1,0,0,0
831804,682087,1,0,0,0,0,0,0
824124,668674,3,0,0,1,0,2,0
824124,621381,3,0,0,0,0,0,0
824124,683232,1,0,0,2,0,0,0
824124,663738,1,0,0,0,0,1,0
824124,702070,19,8,3,3,0,6,0
824124,519141,3,2,1,1,0,1,0
824124,666171,3,0,0,0,0,2,0
824124,641312,3,1,0,1,0,2,0
824124,579328,15,5,5,2,0,5,0
824608,622554,3,0,0,0,0,1,0
824608,663542,3,1,0,0,0,2,0
824608,607200,21,5,2,0,0,6,2
824608,699823,3,0,0,0,0,0,0
824608,681217,2,0,0,2,0,0,0
824608,815083,11,3,1,2,0,3,0
824608,519141,1,1,1,2,0,0,0
824608,696147,2,0,0,0,0,0,0
824608,666171,6,1,1,0,1,4,0
824608,579328,6,2,0,1,0,1,0
824045,680704,3,0,0,0,0,1,0
824045,686799,17,5,1,2,1,1,0
824045,519141,3,3,3,1,0,1,0
824045,696147,4,0,0,0,0,1,0
824045,693686,4,1,0,0,0,1,0
824045,686973,2,0,0,0,0,0,0
824045,656546,1,2,1,0,2,1,0
824045,689254,2,0,0,0,0,1,0
824045,643511,3,0,0,0,0,0,0
824045,571578,15,2,1,2,0,3,0
824122,669212,2,1,0,0,0,0,0
824122,668674,3,0,0,1,0,2,0
824122,683232,3,0,0,0,0,1,0
824122,607625,19,14,7,1,0,3,1
824122,656638,3,1,1,3,0,2,0
824122,519141,1,1,1,0,0,0,1
824122,696147,3,3,2,2,0,0,1
824122,664192,2,1,2,1,0,1,1
824122,666171,5,0,0,1,0,1,0
824122,672282,15,5,3,1,0,5,1
824122,608718,3,2,2,1,0,0,0
824036,681217,6,1,0,0,0,4,0
824036,519141,1,0,0,0,1,1,0
824036,700712,18,2,1,3,0,5,0
824036,608718,2,1,1,2,0,0,0
824036,674370,7,0,0,0,2,0,0
824036,691799,3,1,0,1,0,1,0
824036,702273,11,7,7,4,0,3,1
824036,663855,3,0,0,1,0,1,0
824609,641743,12,7,4,2,2,2,0
824609,674370,9,2,1,0,0,2,1
824609,691799,4,3,0,0,0,2,0
824609,663542,1,0,0,0,0,0,0
824609,663855,1,2,0,0,0,0,0
824609,680704,0,2,3,0,1,0,0
824609,686799,18,5,2,1,0,5,0
824609,519141,3,2,2,0,0,2,2
824609,820862,3,0,0,0,0,2,0
824043,680704,3,2,2,1,0,0,1
824043,686799,19,5,2,3,1,6,1
824043,519141,3,0,0,0,0,1,0
824043,642048,2,0,1,0,1,2,0
824043,596133,4,1,0,0,0,3,0
824043,605280,20,4,1,3,0,6,0
824043,548384,3,1,0,0,0,2,0
824040,519141,3,2,0,0,0,1,0
824040,820862,3,1,0,0,0,2,0
824040,691951,12,4,2,2,0,0,0
824040,696147,5,1,1,0,0,3,1
824040,666171,4,0,0,2,1,3,0
824040,673929,3,0,0,0,0,2,0
824040,663542,3,1,0,0,0,0,0
824040,607200,14,6,4,2,0,2,3
824040,699823,4,0,0,0,0,1,0
824442,677944,12,5,0,1,0,7,0
824442,680916,2,1,1,1,0,0,1
824442,671922,4,0,0,0,0,2,0
824442,681870,3,0,0,2,0,3,0
824442,683769,4,1,0,0,0,0,0
824442,682120,2,1,1,0,0,1,0
824442,681217,3,0,0,2,0,0,0
824442,519141,3,1,0,1,0,0,0
824442,820862,3,0,0,0,0,0,0
824442,700712,15,3,2,1,0,4,1
823942,676263,3,1,1,0,0,1,1
823942,808967,24,2,1,0,0,4,0
823942,666171,6,0,0,2,0,3,0
823942,686799,1,6,7,1,0,1,1
823942,519141,3,1,0,0,0,0,0
823942,696519,6,0,0,1,0,3,0
823942,608718,8,2,1,0,0,2,1
824272,656427,17,6,3,1,0,9,0
824272,805427,1,0,0,0,0,1,0
824272,669724,3,1,0,0,0,1,0
824272,676568,6,4,4,2,0,1,0
824272,680570,15,2,1,2,0,5,1
824272,519141,3,0,0,0,0,1,0
824272,820862,3,0,0,1,0,1,0
824272,696147,3,1,0,2,0,1,0
824272,666171,3,0,0,2,0,1,0
824656,665871,14,2,0,2,0,2,0
824656,621053,2,1,1,0,0,0,1
824656,657097,6,1,0,1,0,1,0
824656,519141,3,1,1,0,0,1,0
824656,669020,2,2,2,0,0,1,0
824656,694335,5,3,0,0,1,2,0
824656,681676,4,0,0,0,0,2,0
824656,669461,15,4,3,2,3,3,0
823941,681911,2,1,2,2,0,2,0
823941,683618,5,0,0,0,0,3,0
823941,669165,4,2,1,0,0,3,0
823941,642546,5,7,6,1,0,1,2
823941,686218,4,3,2,2,0,2,0
823941,676263,4,0,0,0,0,2,0
823941,595014,3,2,2,1,0,1,0
823941,696147,1,0,0,0,0,1,0
823941,681217,3,1,0,1,0,2,0
823941,667755,18,8,4,2,0,2,2
823941,815083,3,0,0,0,0,3,0
823941,519141,2,2,0,0,0,1,0
824659,519141,3,0,0,0,0,0,0
824659,668970,3,0,0,0,1,0,0
824659,656849,11,9,10,3,0,3,1
824659,669060,10,8,7,1,2,4,2
824659,669467,17,5,0,1,0,2,0
824659,592773,3,0,0,0,0,1,0
824659,691008,7,2,1,0,0,3,0
822976,663556,15,4,1,0,0,3,0
822976,668984,5,2,1,0,0,1,1
822976,687330,4,2,0,0,0,1,0
822976,641329,3,1,0,0,0,1,0
822976,686799,7,5,3,4,0,1,1
822976,815083,12,1,0,3,0,4,0
822976,519141,2,1,0,2,0,1,0
822976,608718,3,0,0,0,0,0,0
822975,668984,3,2,1,0,0,0,1
822975,693855,3,0,1,2,0,1,0
822975,642121,1,3,2,0,0,1,1
822975,664076,3,0,0,0,0,0,0
822975,681806,5,2,5,2,2,1,1
822975,656876,12,4,5,2,0,4,1
822975,681217,3,1,0,0,0,1,0
822975,519141,3,0,0,2,0,1,0
822975,820862,2,0,0,2,0,1,0
822975,696147,4,0,0,1,0,1,0
822975,672282,15,5,3,3,0,7,1
824815,665152,15,6,4,1,0,4,4
824815,669330,3,0,0,0,0,1,0
824815,670329,4,1,2,1,0,1,0
824815,544150,3,0,0,0,0,0,0
824815,664991,2,1,3,2,0,0,1
824815,573204,3,3,2,0,0,2,2
824815,657097,3,0,0,0,0,0,0
824815,519141,4,3,2,0,0,0,1
824815,663423,1,1,0,0,0,0,0
824815,607067,16,7,3,2,0,2,1
824492,572955,3,0,0,1,0,0,0
824492,622088,3,0,0,0,0,1,0
824492,657571,2,2,1,0,0,0,0
824492,666157,15,5,2,3,0,4,1
824492,656271,1,1,0,0,0,0,0
824492,670062,3,1,2,1,0,2,1
824492,665871,15,7,2,0,0,4,2
824492,573204,3,1,0,0,0,2,0
824492,657097,3,0,0,1,0,1,0
824492,519141,3,2,1,1,0,0,1
824492,669020,2,1,0,1,0,1,0
824492,663423,1,0,0,0,0,0,0
824052,681217,2,2,1,1,0,1,1
824052,667755,24,3,1,0,0,10,1
824052,605447,1,0,0,0,0,0,0
824052,606303,3,0,0,0,0,1,0
824052,519242,12,5,6,2,2,7,2
824052,674370,6,0,0,0,1,1,0
824052,607481,3,0,0,0,0,1,0
824946,669276,3,0,0,0,0,0,0
824946,663158,3,2,0,0,0,1,0
824946,519242,18,3,0,3,1,6,0
824946,641755,3,0,0,0,0,1,0
824946,666142,12,6,4,4,0,5,3
824946,663559,9,5,2,0,0,4,0
824946,656638,3,0,0,0,0,1,0
824940,669276,3,1,0,0,0,1,0
824940,663158,3,1,0,0,0,1,0
824940,519242,18,1,1,0,0,3,1
824940,628452,3,1,0,0,0,1,0
824940,622663,10,4,4,5,0,7,0
824940,665660,2,2,1,0,0,0,0
824940,663687,6,0,0,0,0,2,0
824940,665622,6,1,0,0,0,1,0
824655,621053,3,0,0,0,0,1,0
824655,519141,1,1,1,2,0,0,0
824655,668970,2,0,0,0,0,2,0
824655,669020,3,1,0,0,0,1,0
824655,607067,18,5,3,1,0,6,1
824655,667297,4,1,0,1,0,1,0
824655,573124,1,0,0,0,0,0,0
824655,641927,16,5,2,2,0,7,0
824655,672782,3,0,0,1,0,1,0
824655,702193,3,0,0,0,0,0,0
824653,684007,21,6,0,1,0,4,0
824653,519141,3,0,0,1,0,0,0
824653,664208,3,2,1,1,0,0,0
824653,808970,3,2,0,1,0,2,0
824653,681892,3,0,0,1,0,1,0
824653,701519,9,1,0,1,0,2,0
824653,805673,9,9,8,3,0,4,1
831502,676979,16,6,6,2,1,3,1
831502,681252,3,2,0,0,0,0,0
831502,669711,3,1,0,0,0,1,0
831502,592454,3,0,0,0,0,1,0
831502,701719,2,1,0,0,0,0,0
831502,519242,18,2,1,1,0,4,0
831502,690229,3,1,0,1,0,2,0
831502,641755,3,1,0,0,0,1,0
831502,669276,3,0,0,0,0,1,0
824938,689266,9,1,0,0,0,2,0
824938,519242,18,8,1,1,0,6,1
824938,595978,1,0,0,0,0,0,0
824938,663465,9,8,5,1,1,1,0
824938,676440,14,11,8,1,0,4,1
823474,621237,3,1,0,0,0,1,0
823474,650911,18,8,0,1,0,8,0
823474,621383,3,1,0,2,0,2,0
823474,641745,3,0,0,1,0,1,0
823474,669276,3,0,0,0,0,1,0
823474,663158,3,0,0,0,0,2,0
823474,519242,21,5,1,1,0,7,1
824365,801403,16,8,6,3,0,3,1
824365,657514,2,3,2,0,0,1,1
824365,685299,9,1,1,0,0,4,1
824365,669276,3,0,0,0,0,1,0
824365,519242,21,3,1,3,0,11,0
824365,676702,3,1,0,0,0,1,0
823957,681911,1,0,0,0,0,0,0
823957,656945,3,0,0,0,0,1,0
823957,669165,3,2,0,0,0,1,0
823957,694361,3,1,0,1,0,1,0
823957,592779,3,0,0,1,0,1,0
823957,686218,14,6,1,1,0,7,0
823957,519242,21,5,2,0,1,7,1
823957,607481,3,0,0,0,0,0,0
824757,594027,1,1,0,0,0,0,0
824757,669711,3,1,2,1,0,0,1
824757,801139,14,5,2,2,0,7,0
824757,663558,6,1,1,0,0,2,1
824757,543056,0,1,3,2,0,0,0
824757,670245,3,2,2,0,0,1,1
824757,689266,3,0,0,0,0,2,0
824757,519242,15,6,2,3,1,8,0
824757,641755,3,1,0,0,0,1,0
824757,625643,6,1,0,0,0,0,0
823866,663969,9,2,0,1,0,2,0
823866,691594,3,1,0,0,0,1,0
823866,676083,15,8,8,0,0,3,2
823866,682989,6,0,0,1,0,0,0
823866,519242,21,4,1,0,0,8,0
824926,519242,18,5,0,2,0,8,0
824926,607481,4,0,0,0,0,1,0
824926,625643,5,1,1,1,0,1,1
824926,694037,3,1,0,0,0,2,0
824926,571948,6,1,0,0,0,1,0
824926,657097,3,1,0,0,0,1,0
824926,664208,3,1,0,0,0,2,0
824926,676962,12,1,0,1,1,7,0
824934,663158,3,0,0,0,0,1,0
824934,606303,3,0,0,0,0,1,0
824934,519242,18,1,0,2,1,9,0
824934,607481,3,1,0,0,0,1,1
824934,663767,3,1,0,0,0,1,0
824934,641835,3,1,0,0,0,0,0
824934,676510,4,1,0,0,0,1,0
824934,605400,14,7,6,3,0,6,2
824919,689266,3,0,0,0,0,1,0
824919,800311,4,1,0,0,0,1,0
824919,519242,17,10,3,2,1,6,0
824919,625643,3,5,4,1,0,1,0
824919,689149,11,2,1,2,0,2,0
824919,686973,4,0,0,0,0,1,0
824919,656546,3,0,0,0,0,1,0
824919,689254,4,1,0,1,0,1,0
824919,680755,2,1,1,0,0,1,1
824919,643511,3,0,0,0,0,0,0
824909,669276,3,1,0,0,0,1,0
824909,675916,3,0,0,0,0,1,0
824909,800311,4,2,1,0,0,1,0
824909,519242,17,5,0,1,0,7,0
824909,682842,2,0,0,0,0,0,0
824909,690986,19,4,2,0,0,7,1
824909,676879,1,2,2,0,0,1,1
824909,656730,3,0,0,0,0,1,0
824893,689266,3,0,0,0,0,1,0
824893,519242,18,5,3,1,1,11,0
824893,641755,2,2,2,0,0,1,1
824893,628452,3,2,0,0,0,2,0
824893,664849,1,0,0,0,0,0,0
824893,673513,4,1,0,0,0,1,0
824893,656288,8,5,4,0,0,4,3
824893,699134,3,0,0,0,0,2,0
824893,663362,6,3,1,0,0,0,1
824893,606996,3,0,0,0,0,1,0
824901,682989,6,3,1,0,0,1,0
824901,519242,21,2,0,0,0,6,0
824901,615698,12,11,6,1,0,3,2
824901,693713,5,3,2,2,0,1,0
824901,543309,3,3,3,1,0,0,1
824901,686560,3,2,4,2,1,1,0
824901,687239,1,0,0,0,0,0,0
824903,669276,3,0,0,0,0,3,0
824903,519242,15,7,3,2,1,3,2
824903,702275,9,3,0,1,1,4,0
824903,620443,1,2,1,0,0,0,1
824903,680702,2,1,3,2,0,0,1
824903,640455,15,5,3,1,2,4,2
824903,681810,6,4,4,1,1,1,1
823204,668873,3,2,1,0,0,1,0
823204,592662,24,4,0,1,0,2,0
823204,669276,2,0,0,0,0,2,0
823204,800311,1,2,1,1,0,0,0
823204,519242,18,8,1,1,0,10,0
823204,641755,3,0,0,0,0,0,0
824590,663436,18,6,0,0,1,6,0
824590,622554,3,0,0,0,0,0,0
824590,663542,3,0,0,1,0,0,0
824590,656794,3,1,0,1,0,1,0
824590,669276,1,0,0,0,0,1,0
824590,675916,3,1,0,0,0,1,0
824590,800311,3,1,0,0,0,0,0
824590,519242,17,6,2,1,1,6,0
823033,681517,9,1,0,0,0,2,0
823033,668941,3,0,0,0,0,1,0
823033,677865,5,0,0,0,1,1,0
823033,676617,3,0,0,0,0,2,0
823033,666277,4,2,1,0,0,1,0
823033,592773,3,0,0,1,0,0,0
823033,682989,6,0,0,0,0,3,0
823033,800311,3,2,1,1,0,1,0
823033,519242,9,2,0,1,0,5,0
823033,641755,3,0,0,1,0,1,0
823033,664849,3,1,1,0,0,1,1
823598,650960,3,2,0,0,0,2,0
823598,672335,3,0,0,0,0,1,0
823598,621345,3,0,0,0,1,2,0
823598,681035,18,5,1,1,0,7,0
823598,669276,3,0,0,0,0,0,0
823598,800311,3,0,0,1,0,3,0
823598,519242,18,2,0,0,0,9,0
823598,628452,3,0,0,0,0,0,0
823514,621112,1,0,0,0,0,0,0
823514,687396,2,2,1,0,0,0,1
823514,670280,3,1,1,1,0,1,0
823514,543037,21,6,2,0,0,9,0
823514,682989,3,1,1,1,1,2,1
823514,519242,18,5,3,2,0,8,0
823514,664849,3,2,1,1,0,3,1
823746,694819,18,4,0,2,0,6,0
823746,622608,6,3,1,2,0,1,0
823746,656730,3,1,0,0,0,1,0
823746,689266,3,1,0,1,0,1,0
823746,519242,18,8,2,0,0,6,0
823746,608718,3,0,0,1,0,2,0
824882,689266,3,2,0,0,1,0,0
824882,800311,3,1,0,0,0,1,0
824882,519242,18,5,1,0,0,9,0
824882,641755,3,2,1,1,0,1,1
824882,666661,3,1,0,0,0,2,0
824882,694297,21,2,0,0,0,7,0
824882,805299,3,0,0,0,0,2,0
824942,660761,11,5,4,3,0,6,0
824942,606303,3,1,1,0,0,2,1
824942,527048,13,2,0,0,0,3,0
824942,686993,3,0,0,1,0,2,0
824942,605130,3,0,0,0,0,0,0
824942,650644,15,4,2,1,0,3,1
824942,663687,3,0,0,2,0,0,0
824942,643410,3,2,0,0,0,1,0
825102,694297,14,6,3,2,0,2,1
825102,688497,3,0,0,0,0,0,0
825102,656464,3,1,0,0,0,1,0
825102,642528,3,3,1,0,0,1,0
825102,664199,4,0,0,0,0,1,0
825102,657044,3,1,0,1,0,1,0
825102,669276,3,2,1,0,0,0,0
825102,663158,3,0,0,0,0,3,0
825102,606303,0,1,0,0,0,0,0
825102,641755,3,1,0,1,0,0,0
825102,628452,3,0,0,0,0,1,0
825102,527048,15,5,4,1,0,1,0
824939,606303,1,2,1,0,0,1,0
824939,674370,8,2,3,2,0,1,0
824939,641755,1,1,1,1,0,0,0
824939,607481,2,0,0,2,0,0,0
824939,527048,15,2,1,3,0,2,1
824939,542888,3,1,0,1,0,2,0
824939,641401,1,0,0,0,0,0,0
824939,800048,20,4,0,2,0,5,0
824939,681870,3,0,0,0,0,2,0
823476,689147,3,2,1,0,0,0,1
823476,663767,3,1,1,0,0,0,1
823476,641835,6,1,0,0,0,0,0
823476,592836,12,7,7,3,1,4,2
823476,621383,3,1,0,1,0,1,0
823476,660761,9,2,0,1,0,1,0
823476,527048,18,4,0,2,2,4,0
822748,641793,18,7,6,2,0,1,4
822748,680730,6,1,0,1,0,0,0
822748,642759,3,0,0,0,0,0,0
822748,669276,3,0,0,0,0,0,0
822748,663158,3,1,0,0,0,0,0
822748,800311,9,7,4,1,0,7,1
822748,641755,3,0,0,2,0,1,0
822748,527048,9,3,2,0,0,4,2
824931,800311,6,0,0,1,0,1,0
824931,641755,3,2,0,0,0,2,0
824931,607481,3,2,2,0,0,0,1
824931,527048,15,2,0,4,0,5,0
824931,676428,8,0,0,0,0,1,0
824931,663554,7,3,2,1,0,3,0
824931,663947,3,4,2,0,0,1,1
824931,572143,6,2,1,1,0,4,0
823141,678606,3,0,0,0,0,1,0
823141,693433,18,1,0,2,0,9,0
823141,681867,3,0,0,0,0,1,0
823141,660825,3,3,1,0,0,1,0
823141,800311,6,2,1,1,0,4,0
823141,641755,1,2,0,0,0,0,0
823141,527048,17,5,2,1,0,5,1
824924,693821,24,7,3,0,0,3,1
824924,527048,3,0,0,0,0,2,0
824924,801139,24,4,2,1,0,3,1
824924,547973,3,0,0,2,0,0,0
823865,669199,4,2,1,0,1,2,0
823865,666129,9,3,2,3,0,2,0
823865,676534,2,2,3,3,0,2,0
823865,656848,4,0,0,2,0,1,0
823865,669622,4,1,1,0,0,1,0
823865,677053,4,2,1,0,0,3,1
823865,669276,4,2,0,0,0,2,0
823865,663158,3,0,0,1,0,0,0
823865,800311,2,0,0,1,0,0,0
823865,628452,3,1,0,0,0,1,0
823865,527048,15,5,4,2,0,10,1
824928,669276,3,0,0,0,0,2,0
824928,663158,3,1,0,1,0,2,0
824928,702275,13,2,1,3,0,4,0
824928,641755,2,1,0,0,0,0,0
824928,628452,3,0,0,1,0,0,0
824928,527048,3,0,0,0,0,2,0
824928,684007,21,5,2,0,0,6,1
824928,664208,3,3,2,0,0,1,1
824513,680689,2,1,1,0,0,1,1
824513,622088,3,1,0,1,0,0,0
824513,663574,3,0,0,0,0,1,0
824513,663903,15,4,3,4,0,2,2
824513,594580,1,0,0,0,0,1,0
824513,656271,3,1,1,0,0,1,1
824513,669276,3,1,0,0,0,1,0
824513,663158,3,0,0,0,0,0,0
824513,641755,3,0,0,0,0,1,0
824513,628452,3,0,0,0,0,1,0
824513,527048,15,4,2,3,0,2,1
824914,669276,3,0,0,0,0,1,0
824914,663158,3,0,0,0,0,0,0
824914,800311,3,0,0,0,0,0,0
824914,628452,3,1,0,1,0,1,0
824914,527048,15,3,3,2,0,5,0
824914,681895,4,2,0,1,0,3,0
824914,656605,14,7,6,3,1,4,1
824914,642701,3,0,0,0,0,1,0
824914,684049,3,0,0,1,0,2,0
824910,669276,2,1,0,0,0,1,0
824910,663158,4,2,0,1,0,0,0
824910,628452,3,2,1,1,0,1,0
824910,527048,18,6,1,2,0,5,0
824910,682842,3,1,1,0,0,2,1
824910,684974,3,1,0,0,0,1,0
824910,694819,18,5,2,1,0,7,0
823616,640455,18,4,2,0,0,6,1
823616,681810,6,3,1,0,0,3,1
823616,650960,3,0,0,0,0,1,0
823616,669276,2,1,0,0,0,1,0
823616,663158,3,0,0,0,0,1,0
823616,800311,3,0,0,0,0,3,0
823616,628452,3,1,0,1,0,1,0
823616,527048,16,4,1,1,0,4,0
823284,688158,4,0,0,0,0,1,0
823284,593974,3,1,0,0,0,0,0
823284,592094,3,0,0,0,0,0,0
823284,676664,17,5,2,2,0,5,1
823284,689266,1,1,2,1,0,0,0
823284,675916,3,1,0,0,0,1,0
823284,800311,3,0,0,1,0,0,0
823284,641656,3,0,0,0,0,2,0
823284,641755,2,1,0,0,0,1,0
823284,527048,12,4,3,4,0,4,1
824885,669276,1,0,0,0,0,0,0
824885,682989,6,0,0,1,0,3,0
824885,641755,3,1,0,0,0,0,0
824885,664849,2,3,2,1,1,1,0
824885,608718,6,4,1,1,0,1,0
824885,527048,9,0,0,1,0,3,0
824885,676604,3,0,0,1,0,2,0
824885,680767,6,2,2,1,0,1,0
824885,667463,3,4,3,1,0,0,1
824885,691594,1,1,0,0,0,0,0
824885,806188,2,2,1,0,0,0,1
824885,676083,9,5,2,1,0,1,1
823597,623211,2,0,0,0,0,1,0
823597,650960,6,0,0,0,0,3,0
823597,804267,19,6,3,1,0,5,1
823597,622761,1,1,0,0,0,1,0
823597,671162,8,10,11,5,0,2,3
823597,527048,15,8,3,1,0,4,1
824890,682989,3,1,0,0,0,0,0
824890,664849,3,2,3,1,1,0,0
824890,527048,21,1,0,2,0,6,0
824890,683000,2,0,0,3,0,1,0
824890,571945,18,9,4,1,0,3,3
824890,678868,4,1,0,0,0,2,0
824896,689266,3,0,0,0,0,2,0
824896,669276,3,0,0,0,0,1,0
824896,682989,1,3,4,1,0,0,0
824896,800311,6,3,1,1,0,2,1
824896,628452,2,1,1,0,0,2,1
824896,527048,12,1,0,4,0,3,0
824896,650633,18,5,1,4,0,7,0
824896,593974,1,3,4,1,0,0,0
824896,670970,3,2,0,0,0,2,0
824896,681190,2,4,2,0,0,1,0
824907,689266,3,0,0,0,0,2,0
824907,675916,3,0,1,1,0,1,0
824907,641656,3,1,0,1,0,1,0
824907,628452,3,0,0,0,0,1,0
824907,527048,15,5,4,3,0,1,2
824907,681676,2,0,0,2,0,1,0
824907,668941,2,4,1,0,0,1,0
824907,676617,3,1,0,0,0,0,0
824907,666277,5,0,1,1,0,1,0
824907,669461,15,1,1,4,1,9,0
824886,669276,3,0,0,0,0,1,0
824886,800311,3,0,0,0,0,1,0
824886,628452,3,0,0,0,0,1,0
824886,527048,18,4,0,3,0,2,0
824886,642376,2,0,1,3,0,0,0
824886,694646,4,2,2,1,0,1,1
824886,690997,18,1,1,2,0,3,1
823163,678606,2,2,0,0,0,0,0
823163,668984,3,1,0,1,1,2,0
823163,669302,16,5,3,0,0,7,1
823163,681867,3,1,1,1,0,1,1
823163,642100,3,3,2,0,0,1,0
823163,542888,2,1,1,0,0,2,1
823163,641401,3,1,0,0,0,1,0
823163,671922,3,0,0,0,0,1,0
823163,681870,4,0,0,0,0,3,0
823163,676440,15,4,3,2,0,7,3
823668,656546,3,1,0,1,0,1,0
823668,573124,2,0,0,0,0,0,0
823668,641927,13,6,2,1,0,4,0
823668,701519,6,0,0,0,0,3,0
823668,672782,3,0,0,1,0,0,0
823668,682989,3,0,0,0,0,1,0
823668,641755,2,0,0,1,1,1,0
823668,678061,4,1,0,0,1,0,0
823668,527048,15,9,4,2,0,3,0
823161,668984,3,1,0,0,0,1,0
823161,677961,3,0,0,0,0,1,0
823161,693433,18,4,2,1,0,9,0
823161,662253,3,2,2,0,0,1,1
823161,642100,1,0,0,0,0,0,0
823161,660825,2,1,1,2,0,1,0
823161,542888,4,0,0,1,0,1,0
823161,641401,3,1,1,0,0,2,1
823161,670036,5,0,0,0,0,1,0
823161,671922,3,2,1,1,0,2,0
823161,676282,11,4,2,3,0,5,0
823161,681870,2,0,0,2,0,1,0
823161,682120,2,2,0,0,0,0,0
823970,656945,1,1,1,0,0,1,1
823970,694361,5,1,1,2,0,1,0
823970,595014,3,0,0,0,0,1,0
823970,808967,18,4,2,1,1,2,1
823970,542888,2,2,0,0,0,1,0
823970,671922,3,1,1,0,0,0,1
823970,681870,1,0,0,0,0,1,0
823970,668909,21,2,0,3,0,10,0
823972,656945,3,1,0,0,0,2,0
823972,680736,12,4,3,1,0,2,0
823972,808963,12,4,1,2,0,4,0
823972,542888,2,2,0,0,0,0,0
823972,671922,3,2,2,0,0,0,0
823972,800048,18,5,0,0,0,5,0
823972,681870,4,0,0,0,0,1,0
831873,813266,3,1,1,1,0,1,1
831873,669062,3,1,0,0,0,1,0
831873,664192,3,1,0,0,0,1,0
831873,592662,15,3,1,2,0,6,1
831873,686790,2,4,5,0,1,2,1
831873,811229,1,0,0,0,0,0,0
831873,542888,2,0,0,0,0,0,0
831873,671922,5,2,2,0,0,0,0
831873,676440,14,10,8,0,0,3,2
831873,695661,1,1,0,0,0,0,0
831873,682120,2,1,0,0,0,1,0
831553,825932,1,0,0,1,0,0,0
831553,664353,6,3,2,0,0,2,0
831553,694973,12,1,0,3,0,5,0
831553,676755,3,0,0,0,0,1,0
831553,682254,2,1,0,1,0,0,0
831553,642701,3,2,1,0,0,0,0
831553,682785,2,1,2,2,0,2,0
831553,660896,3,2,2,0,0,1,1
831553,534910,3,0,0,1,0,0,0
831553,676596,1,0,0,0,0,1,0
831553,592332,15,6,3,3,0,2,1
824458,542888,3,0,0,0,0,1,0
824458,641401,3,0,0,0,0,0,0
824458,670036,2,0,0,0,0,0,0
824458,671922,3,1,0,0,0,3,0
824458,676282,16,4,1,2,0,6,0
824458,690990,3,0,0,1,0,0,0
824458,571948,5,2,0,0,0,0,0
824458,640451,2,2,3,1,0,0,2
824458,657097,4,1,0,1,0,1,0
824458,607067,10,4,1,1,0,4,0
824460,542888,4,1,1,1,0,2,1
824460,670036,3,2,2,0,0,1,1
824460,671922,3,1,1,2,0,2,0
824460,800048,15,2,1,3,0,6,1
824460,681870,2,1,0,0,0,1,0
824460,681799,2,1,0,0,0,0,0
824460,684007,15,3,1,1,0,4,0
824460,657097,1,3,3,1,0,0,1
824460,676962,6,2,2,2,0,0,0
824457,542888,3,0,0,2,0,2,0
824457,671922,3,0,0,0,0,2,0
824457,681870,3,0,0,0,0,2,0
824457,668909,17,1,1,5,0,8,1
824457,682120,1,0,0,1,0,0,0
824457,683232,3,0,0,1,0,2,0
824457,663738,4,0,0,0,0,1,0
824457,702070,17,6,1,1,0,5,0
824457,670167,1,2,1,1,0,0,0
824452,542888,3,0,0,0,0,1,0
824452,670036,1,0,0,0,0,0,0
824452,688883,6,0,0,0,0,2,0
824452,676282,14,5,3,3,1,6,1
824452,681870,3,0,0,1,0,3,0
824452,669432,15,6,5,2,0,5,2
824452,669330,6,0,0,0,0,5,0
824452,671382,3,2,2,2,0,2,0
824454,542888,0,0,3,2,1,0,0
824454,641401,4,2,1,0,0,2,1
824454,681870,2,1,2,1,0,1,0
824454,683769,3,0,0,0,0,3,0
824454,676440,18,4,0,3,0,5,0
824454,670329,3,0,0,0,0,0,0
824454,605135,15,4,0,4,0,2,0
824454,689296,2,1,1,0,0,1,1
824454,664854,3,0,0,1,0,1,0
824454,664991,2,1,0,1,0,2,0
824454,666974,2,1,0,1,0,1,0
823072,700241,15,4,2,1,0,2,2
823072,694335,3,0,0,0,0,2,0
823072,668941,4,1,0,1,0,0,0
823072,676617,3,0,0,0,0,1,0
823072,666277,3,0,0,1,0,1,0
823072,592773,2,4,3,0,0,0,0
823072,542888,3,1,0,0,0,1,0
823072,671922,3,1,0,0,0,1,0
823072,676282,18,5,2,2,0,4,2
823072,681870,3,1,2,1,0,2,1
823072,682120,1,0,0,0,0,0,0
824274,663554,20,4,2,0,0,4,0
824274,572143,2,2,1,1,0,1,1
824274,646241,5,0,0,0,0,2,0
824274,542888,2,0,0,1,0,2,0
824274,676051,2,0,0,0,0,1,0
824274,670036,1,1,0,0,0,1,0
824274,676282,17,3,0,3,0,6,0
824274,683769,3,1,0,0,0,2,0
824274,682120,2,1,1,0,0,1,1
824448,542888,3,0,0,0,0,0,0
824448,641401,1,1,0,0,0,0,0
824448,671922,3,2,1,1,0,1,0
824448,688883,3,0,0,1,0,0,0
824448,800048,15,6,3,1,1,4,0
824448,682120,2,1,0,0,1,0,0
824448,678906,8,0,0,1,0,2,0
824448,680802,10,5,2,4,0,4,1
824448,660853,1,2,3,1,0,0,0
824448,687911,2,2,3,2,0,0,0
824448,676467,3,2,0,0,0,1,0
823458,554430,18,2,0,1,0,6,0
823458,661395,3,1,0,0,0,1,0
823458,689147,3,0,0,0,0,2,0
823458,641745,3,0,0,0,0,1,0
823458,542888,3,1,0,0,0,1,0
823458,677944,15,6,3,1,0,5,0
823458,670036,3,0,0,2,0,2,0
823458,688883,3,0,0,3,0,1,0
822892,677958,15,6,2,1,0,5,1
822892,682608,5,0,0,0,0,2,0
822892,656641,6,1,0,1,0,3,0
822892,656222,1,0,0,0,0,1,0
822892,542888,3,0,0,0,0,0,0
822892,670036,4,0,0,0,0,2,0
822892,800048,17,5,3,1,0,4,2
823541,642232,3,0,0,1,0,2,0
823541,657612,3,3,1,0,0,1,0
823541,687396,5,0,0,1,0,4,0
823541,666808,3,4,3,0,0,2,0
823541,693645,13,5,4,0,1,3,1
823541,542888,3,0,0,0,0,1,0
823541,670036,3,0,0,0,0,1,0
823541,670059,3,1,0,0,0,2,0
823541,676282,12,6,4,3,0,4,1
823541,683769,3,1,0,0,0,2,0
823541,682120,3,0,0,0,0,1,0
824434,542888,3,1,0,0,0,1,0
824434,702021,9,5,2,0,0,3,0
824434,676051,6,1,0,1,0,0,0
824434,670059,3,1,0,0,0,1,0
824434,676282,6,3,4,4,0,1,1
824434,676917,18,5,1,2,0,7,0
824434,680730,9,3,2,1,1,5,0
824431,542888,3,2,1,0,0,1,0
824431,702021,3,2,2,2,1,2,1
824431,676051,4,1,0,0,1,1,0
824431,670036,2,1,1,1,0,2,0
824431,800048,15,5,1,2,0,4,0
824431,594027,2,1,0,0,0,1,0
824431,543243,18,4,1,3,0,7,0
824431,686580,4,1,0,1,0,2,0
824431,543056,3,0,0,0,0,1,0
824433,542888,2,0,0,0,0,1,0
824433,677944,13,7,3,0,0,3,0
824433,670059,4,0,0,0,0,1,0
824433,671922,3,1,0,0,0,3,0
824433,683769,3,2,0,0,0,0,0
824433,682120,2,1,0,0,0,0,0
824433,678394,21,4,0,0,0,5,0
824433,701719,3,6,4,0,0,2,0
824427,542888,3,1,1,2,0,0,0
824427,670059,3,0,0,1,0,1,0
824427,671922,5,1,0,0,0,3,0
824427,668909,15,4,3,3,0,5,2
824427,683769,1,3,1,0,0,0,0
824427,682120,3,0,0,0,0,1,0
824427,621112,2,2,1,0,0,1,1
824427,642232,2,0,0,1,0,0,0
824427,657612,3,0,0,0,0,0,0
824427,687396,2,0,1,1,0,1,0
824427,701542,13,4,3,2,1,5,0
824427,656234,2,0,0,1,0,2,0
824427,666808,1,2,0,0,0,0,0
824427,670280,5,0,0,1,0,3,0
823774,694477,10,1,0,1,0,7,0
823774,681982,3,0,0,0,0,0,0
823774,676879,3,0,0,0,0,0,0
823774,687075,11,2,4,2,0,6,1
823774,542888,3,0,0,0,0,2,0
823774,702021,3,4,2,0,0,1,0
823774,682982,3,0,0,0,0,2,0
823774,668909,15,7,7,2,0,4,2
824179,595345,6,0,0,0,0,3,0
824179,837227,18,6,3,0,0,11,1
824179,681347,3,1,0,0,0,1,0
824179,542888,2,1,0,0,0,1,0
824179,670036,2,3,1,0,0,0,1
824179,682982,3,3,2,0,0,2,1
824179,681870,1,1,2,1,0,1,0
824179,676440,16,4,3,2,0,7,1
824418,542888,3,1,1,0,0,1,1
824418,682982,3,0,0,0,0,2,0
824418,676440,21,5,2,0,0,2,1
824418,682608,3,1,0,0,0,1,0
824418,656641,3,0,0,0,0,2,0
824418,594798,21,4,2,0,0,9,1
824421,542888,0,3,3,0,1,0,1
824421,677944,18,3,0,2,0,4,0
824421,670059,2,0,0,1,0,1,0
824421,671922,3,1,0,0,1,1,0
824421,681870,1,0,0,0,0,1,0
824421,683769,3,1,0,0,0,1,0
824421,678606,3,0,0,0,0,1,0
824421,669302,21,7,4,0,0,7,0
824416,542888,4,0,0,0,0,0,0
824416,677944,15,9,5,1,0,3,1
824416,682982,5,1,0,1,0,2,0
824416,682120,3,0,0,0,0,1,0
824416,663436,10,6,2,5,0,0,0
824416,685126,3,1,1,0,0,1,1
824416,691799,4,1,2,2,0,2,1
824416,669684,5,0,0,0,0,0,0
824416,656794,3,1,1,2,0,1,0
824422,542888,2,2,1,0,0,2,0
824422,670036,4,2,0,1,0,0,0
824422,671922,3,2,0,0,0,1,0
824422,668909,15,6,2,3,0,6,0
824422,682120,3,1,0,0,1,0,0
824422,621074,1,2,4,2,0,0,0
824422,681006,2,2,1,1,0,0,0
824422,642100,3,2,0,0,0,0,0
824422,660825,1,1,0,0,0,1,0
824422,676106,17,5,1,3,0,6,0
824415,542888,3,1,0,0,0,1,0
824415,670036,3,2,1,1,0,0,0
824415,800048,15,5,1,3,0,3,0
824415,683769,3,0,0,0,0,2,0
824415,682120,3,1,1,0,0,1,1
824415,685126,6,0,0,0,0,2,0
824415,691799,3,0,0,1,0,1,0
824415,680732,18,7,1,0,0,11,1
824585,641743,18,3,0,2,1,8,0
824585,691799,2,3,3,2,0,2,0
824585,622554,1,2,2,1,0,1,0
824585,669684,2,0,0,0,0,1,0
824585,663542,4,0,0,1,0,3,0
824585,542888,3,2,1,0,0,1,0
824585,671922,5,2,2,1,0,3,0
824585,668909,15,5,2,1,0,8,0
824585,682120,3,1,1,0,0,1,1
824583,685126,5,0,0,0,0,3,0
824583,691799,3,2,0,0,0,1,0
824583,697812,6,1,1,3,0,4,0
824583,669684,4,0,0,0,0,2,0
824583,607200,12,5,1,3,0,2,0
824583,542888,4,0,0,2,0,0,0
824583,670059,1,0,0,0,0,0,0
824583,671922,2,3,2,1,0,1,2
824583,681870,2,2,1,0,0,1,0
824583,683769,2,2,0,0,0,0,0
824583,676440,18,3,0,1,1,3,0
824583,682120,1,0,0,0,0,0,0
824413,542888,2,1,0,2,0,0,0
824413,670059,0,2,1,1,0,0,0
824413,680916,3,0,0,1,0,1,0
824413,671922,3,0,0,0,0,0,0
824413,681870,3,0,0,1,0,0,0
824413,683769,3,0,0,0,0,1,0
824413,676440,12,6,6,1,0,1,3
824413,682120,1,0,0,0,0,1,0
824413,670950,4,1,0,0,0,2,0
824413,669684,2,3,3,1,0,1,1
824413,607200,16,8,2,1,0,4,1
824413,656794,5,0,0,1,0,2,0
823684,687570,15,4,3,2,0,6,2
823684,573124,2,2,0,0,0,2,0
823684,681892,3,2,0,0,0,3,0
823684,701519,3,0,0,1,0,1,0
823684,672782,3,0,0,1,0,0,0
823684,679358,1,0,2,2,0,1,0
823684,542888,2,0,2,2,0,0,0
823684,677944,11,6,3,1,0,4,0
823684,670036,2,3,1,1,0,1,0
823684,670059,4,0,0,0,0,0,0
823684,671922,3,0,0,1,0,2,0
823684,681870,0,0,0,3,0,0,0
823684,683769,2,2,0,0,0,0,0
823684,682120,2,0,0,0,0,0,0
824412,542888,3,0,0,0,0,3,0
824412,702021,3,0,0,0,0,1,0
824412,670059,3,0,0,1,0,1,0
824412,671106,10,6,2,3,0,3,0
824412,680916,3,0,0,1,0,0,0
824412,671922,3,0,0,0,0,2,0
824412,681870,2,0,0,0,0,0,0
824412,694753,15,2,0,2,0,4,0
824412,685126,2,3,3,0,0,2,0
824412,642397,2,1,0,1,0,2,0
824412,682254,3,0,0,1,0,1,0
824412,670990,2,2,0,0,0,1,0
824412,642701,1,3,2,0,0,0,1
823842,676604,2,2,0,0,0,0,0
823842,669199,4,2,0,0,0,3,0
823842,664126,3,1,1,0,0,0,1
823842,663969,3,2,2,1,0,1,0
823842,676534,6,2,0,1,0,1,0
823842,806188,6,0,0,1,1,1,0
823842,656848,3,2,1,0,0,0,1
823842,542888,3,0,0,0,0,0,0
823842,680916,3,0,0,0,0,1,0
823842,671922,3,2,1,0,0,2,1
823842,676282,15,6,1,2,0,9,0
823842,683769,3,0,0,0,1,2,0
822952,688297,9,4,2,0,0,2,1
822952,663556,15,2,1,2,0,3,0
822952,642121,3,1,0,0,0,2,0
822952,542888,2,1,3,2,0,0,0
822952,670036,5,2,1,0,0,2,0
822952,680916,2,1,0,1,0,3,0
822952,676282,11,8,5,1,0,4,1
822952,683769,1,1,1,0,0,0,1
822952,682120,3,2,1,0,0,1,0
824410,542888,3,1,0,1,0,1,0
824410,670036,3,2,1,0,0,3,0
824410,670059,3,1,1,1,0,0,0
824410,676440,18,6,2,1,0,5,0
824410,667297,3,2,1,2,0,2,0
824410,808970,3,4,3,0,0,2,1
824410,681892,3,2,1,0,0,0,0
824410,657746,12,10,8,0,0,3,6
824410,656577,3,1,0,0,0,0,0
823844,806188,3,0,0,0,0,2,0
823844,687531,6,3,2,0,1,3,0
823844,691587,18,8,2,2,0,6,0
823844,542888,1,1,0,0,0,0,0
823844,670059,3,0,0,0,0,0,0
823844,680916,3,1,0,0,0,1,0
823844,676440,20,5,1,4,0,3,0
824409,542888,2,2,0,0,0,1,0
824409,670059,1,0,0,1,0,0,0
824409,671922,3,0,0,0,0,1,0
824409,800048,17,4,1,0,0,6,1
824409,683769,4,0,0,0,0,1,0
824409,696070,7,1,2,2,0,2,0
824409,702474,9,6,2,1,1,0,0
824409,573124,4,2,1,1,0,0,0
824409,681252,4,0,0,0,0,1,0
824802,680694,17,8,3,2,0,5,2
824802,544150,6,3,1,0,0,2,0
824802,664991,4,0,0,0,0,2,0
824802,642232,9,0,0,0,0,4,0
824802,543037,18,4,1,1,0,8,1
824648,650644,4,1,0,0,0,0,0
824648,669020,5,1,0,0,0,2,0
824648,607067,18,3,2,1,0,7,1
824648,621112,2,0,0,2,0,1,0
824648,687396,4,0,0,0,0,3,0
824648,670280,4,0,0,1,0,1,0
824648,543037,17,4,1,3,0,5,0
823535,642232,9,1,0,0,0,3,0
823535,543037,18,3,2,2,0,6,1
823535,663436,10,8,9,3,0,4,3
823535,682668,3,2,1,1,0,0,1
823535,697812,9,4,0,1,0,4,0
823535,669684,2,2,1,1,0,2,0
822777,669456,18,4,1,1,0,5,1
822777,686973,3,0,0,0,0,0,0
822777,689254,2,0,0,0,0,0,0
822777,643511,4,1,0,0,0,0,0
822777,621112,3,2,0,0,0,1,0
822777,690440,3,1,1,0,0,2,1
822777,543037,18,5,1,2,0,5,0
824569,641743,16,5,3,1,1,7,0
824569,805326,9,1,0,2,0,1,0
824569,663855,2,0,0,1,0,2,0
824569,687396,3,1,0,0,0,0,0
824569,670280,3,2,2,0,0,3,1
824569,683409,3,0,0,0,0,0,0
824569,543037,18,4,0,2,0,7,0
824261,664285,18,4,1,2,0,8,0
824261,623454,4,1,2,0,1,2,1
824261,805427,1,2,0,0,0,0,0
824261,676684,4,0,0,0,0,2,0
824261,621112,5,0,0,0,0,2,0
824261,642232,6,0,0,2,0,0,0
824261,543037,13,9,5,1,0,5,1
824745,687562,19,3,1,2,0,3,1
824745,676477,3,0,0,0,0,0,0
824745,686580,2,0,0,0,0,2,0
824745,547973,3,0,0,1,0,1,0
824745,621112,3,0,0,0,0,0,0
824745,687396,3,0,0,1,0,3,0
824745,666808,2,0,0,0,0,1,0
824745,543037,16,7,4,1,0,5,2
831779,687168,1,1,0,0,0,0,0
831779,665795,13,7,5,2,0,3,3
831779,677312,9,1,0,0,0,1,0
831779,805291,4,1,3,2,0,2,0
831779,690440,3,2,1,0,0,1,0
831779,694660,1,0,0,0,0,1,0
831779,677960,15,4,1,1,0,4,1
831779,543037,5,1,1,0,0,3,1
831779,672442,3,1,0,1,0,1,0
824540,572955,2,1,0,0,0,0,0
824540,641941,4,1,1,0,0,2,1
824540,663574,3,0,0,2,0,3,0
824540,663903,12,5,3,2,1,5,1
824540,683175,6,0,0,0,0,3,0
824540,668933,3,1,1,1,0,2,0
824540,594580,3,0,0,0,1,0,0
824540,669711,3,2,1,1,0,2,1
824540,676477,3,0,0,0,0,1,0
824540,543243,12,6,3,1,0,5,1
824540,686580,1,1,0,1,0,1,0
824540,543056,2,1,0,1,0,1,0
824540,547973,3,0,0,0,0,1,0
824540,670245,7,0,0,3,0,1,0
824211,650556,3,1,1,0,0,3,1
824211,678906,3,1,1,0,0,1,1
824211,805123,3,0,0,0,0,1,0
824211,681347,15,5,2,3,1,6,0
824211,687911,3,0,0,0,0,2,0
824211,676979,15,6,4,0,2,7,1
824211,669711,3,0,0,0,0,1,0
824211,676477,3,1,0,2,0,1,0
824211,543056,3,1,1,0,0,0,1
824783,678394,10,5,3,4,0,5,0
824783,676477,3,1,1,2,0,2,0
824783,663558,9,1,1,1,0,4,0
824783,543056,2,2,0,1,0,0,0
824783,670245,3,2,1,0,0,0,0
824783,681982,3,0,0,0,0,0,0
824783,676879,4,1,0,1,0,0,0
824783,605540,17,8,5,2,1,4,0
824783,672582,3,2,1,0,0,0,1
824782,813349,12,3,2,4,0,4,0
824782,677161,3,0,0,0,0,1,0
824782,686580,3,1,0,0,0,1,0
824782,543056,2,0,0,0,0,1,0
824782,547973,3,2,1,0,0,1,0
824782,670245,4,1,0,1,0,1,0
824782,695243,3,0,0,0,0,3,0
824782,669093,3,0,0,0,0,0,0
824782,670970,3,2,1,0,0,2,0
824782,681190,18,6,1,1,0,3,0
823074,694335,3,6,5,1,0,1,0
823074,681517,12,3,2,3,1,2,0
823074,700669,7,1,0,1,1,2,0
823074,677865,3,0,0,0,0,1,0
823074,694363,2,0,0,0,0,0,0
823074,669711,2,0,0,1,0,0,0
823074,676477,3,1,1,0,0,2,1
823074,624133,18,3,0,2,0,6,0
823074,543056,1,0,0,0,0,0,0
823074,670245,3,1,0,0,1,0,0
824781,669711,3,2,2,0,0,3,1
824781,677161,3,1,1,0,0,0,0
824781,624133,12,6,4,2,0,2,0
824781,700413,8,3,1,1,0,2,1
824781,543056,1,0,0,0,0,0,0
824781,695243,3,0,0,0,0,3,0
824781,593974,1,2,1,0,0,0,0
824781,621111,8,3,4,3,0,4,0
824781,699134,5,3,1,0,0,2,0
824781,669093,3,0,0,0,0,1,0
824781,606996,7,1,0,1,0,0,0
823075,669467,15,9,6,1,2,2,1
823075,666277,3,0,0,0,0,1,0
823075,694363,9,2,2,2,0,1,0
823075,677161,6,1,1,0,0,2,1
823075,678394,20,6,2,2,0,2,1
823075,543056,1,0,0,0,0,0,0
832036,690967,3,2,1,0,0,2,0
832036,806333,2,1,0,0,0,0,0
832036,686580,3,0,0,1,0,0,0
832036,543056,3,2,0,0,0,2,0
832036,676477,3,0,0,0,0,1,0
832036,670912,10,6,6,2,1,3,1
832036,547973,3,2,2,0,0,2,1
832036,687879,3,0,0,0,1,0,0
832036,607455,3,0,0,2,0,1,0
832036,663485,3,1,0,0,0,1,0
832036,623437,3,2,1,0,1,1,1
832036,641927,13,10,4,3,0,3,1
832036,679358,2,2,1,0,0,1,0
823722,623437,3,0,0,1,0,0,0
823722,680573,15,10,6,3,0,3,1
823722,607455,3,2,2,0,1,1,0
823722,681892,3,0,0,0,0,2,0
823722,679358,3,1,0,0,0,1,0
823722,813349,18,2,1,2,1,5,1
823722,676477,3,1,0,1,0,2,0
823722,543056,3,0,0,0,0,0,0
823722,670245,3,3,4,1,0,0,1
824776,669711,3,0,0,0,0,3,0
824776,677161,5,1,0,0,0,1,0
824776,676477,3,0,0,0,0,0,0
824776,543243,8,3,1,1,0,2,0
824776,663558,0,1,1,2,0,0,0
824776,543056,2,0,1,1,1,0,0
824776,547973,2,1,0,0,0,1,0
824776,670245,4,4,3,0,0,0,0
824776,676428,8,2,1,0,0,2,0
824776,623454,4,3,2,0,0,1,0
824776,663947,2,4,3,2,0,1,0
824776,656427,10,3,0,6,0,3,0
824770,669711,1,2,0,1,0,1,0
824770,701719,4,2,0,0,0,1,0
824770,801139,18,3,1,1,0,11,1
824770,543056,2,3,3,0,0,2,0
824770,670245,2,0,0,0,0,2,0
824770,670280,3,0,0,0,0,0,0
824770,693645,24,4,1,1,0,5,1
824758,594027,6,2,2,0,0,4,1
824758,669711,3,1,0,0,0,1,0
824758,624133,15,6,5,3,1,4,1
824758,543056,3,0,0,0,0,1,0
824758,675911,15,3,3,3,0,5,2
824758,669276,4,1,1,0,0,1,1
824758,663158,3,0,0,0,0,1,0
824758,800311,2,1,0,1,0,0,0
824758,628452,3,4,2,0,0,1,0
824772,687562,15,5,1,2,0,3,1
824772,677161,4,2,0,0,0,2,0
824772,676477,3,2,0,0,0,0,0
824772,543056,2,1,0,0,0,0,0
824772,547973,3,1,0,0,0,1,0
824772,656986,3,0,0,0,0,1,0
824772,681347,18,8,3,1,1,3,1
824772,687911,3,2,0,0,0,0,0
823538,621112,6,0,0,0,0,2,0
823538,677960,18,7,5,1,0,4,2
823538,666808,3,0,0,0,0,2,0
823538,543243,19,8,3,2,0,3,2
823538,686580,3,0,0,0,0,0,0
823538,543056,2,0,0,0,0,1,0
823538,547973,3,0,0,2,0,1,0
824851,669211,3,6,6,0,0,2,1
824851,669432,5,4,3,2,0,2,0
824851,669330,4,1,0,0,0,1,0
824851,642215,3,4,4,0,0,0,2
824851,544150,12,2,0,3,0,2,0
824851,669711,3,2,0,0,0,1,0
824851,676979,18,3,0,2,0,7,0
824851,701719,3,0,0,0,0,0,0
824851,543056,3,1,0,0,0,1,0
824759,594027,2,2,2,0,0,2,0
824759,669711,3,1,0,1,0,1,0
824759,676477,1,2,1,0,0,1,0
824759,543243,12,6,3,2,1,4,0
824759,663558,3,0,0,0,0,2,0
824759,543056,3,0,0,1,0,1,0
824759,670245,3,1,0,1,0,1,0
824759,607455,3,0,0,0,0,0,0
824759,573124,1,2,0,0,0,0,0
824759,641927,15,7,4,0,0,3,2
824759,701519,1,0,0,0,0,0,0
824759,672782,4,2,1,1,1,2,0
824759,679358,3,0,0,0,0,2,0
822972,668984,4,0,0,0,0,1,0
822972,592155,3,1,0,0,0,1,0
822972,693855,12,1,1,1,0,5,1
822972,664076,3,0,0,0,0,1,0
822972,687330,2,1,0,0,1,1,0
822972,641329,3,1,0,0,0,1,0
822972,594027,4,1,0,0,0,2,0
822972,813349,14,5,2,4,1,6,1
822972,687941,2,0,0,0,0,1,0
822972,669711,1,1,0,1,0,1,0
822972,543056,3,0,1,2,0,0,0
824752,594027,3,0,0,0,0,0,0
824752,543243,18,5,1,0,0,7,0
824752,592454,3,0,0,0,0,1,0
824752,543056,3,1,0,0,0,0,0
824752,683004,15,7,4,2,0,3,1
824752,681168,3,3,3,1,0,0,1
824752,615698,6,1,1,0,2,1,1
823123,669302,19,3,1,2,0,8,1
823123,662253,3,1,0,0,0,2,0
823123,642100,2,1,0,0,0,2,0
823123,660825,3,0,0,0,0,1,0
823123,801139,18,6,3,2,0,2,1
823123,543056,3,0,0,1,0,0,0
823123,670245,3,0,0,0,0,2,0
824746,687562,16,3,2,0,1,5,0
824746,594027,5,1,0,0,0,3,0
824746,669711,3,2,1,0,0,1,0
824746,543056,3,2,0,0,0,1,0
824746,693686,4,1,0,1,0,1,0
824746,686973,3,0,0,0,0,3,0
824746,680573,9,3,0,3,0,1,0
824746,656546,3,1,0,0,0,0,0
824746,689254,1,1,0,1,0,1,0
824746,680755,4,0,0,2,0,0,0
824746,643511,3,1,0,0,0,0,0
824749,594027,1,2,1,0,1,1,1
824749,676477,3,0,0,0,0,1,0
824749,686580,3,1,0,0,0,1,0
824749,624133,15,6,2,2,0,7,0
824749,543056,2,0,0,0,0,0,0
824749,547973,3,1,0,0,0,2,0
824749,682608,3,2,2,0,0,0,1
824749,695239,1,1,0,1,0,1,0
824749,594798,18,6,2,0,0,5,0
824749,668390,2,2,2,0,0,2,0
824747,813349,18,5,2,1,0,9,1
824747,669711,2,1,1,1,0,0,0
824747,676477,3,0,0,0,0,1,0
824747,543056,1,0,0,0,0,0,0
824747,547973,3,2,0,1,0,0,0
824747,621112,3,1,0,0,0,1,0
824747,642232,2,0,0,0,1,0,0
824747,657612,3,0,0,0,0,0,0
824747,660787,1,1,0,1,0,0,0
824747,693645,15,5,0,2,1,9,1
823126,678606,2,2,0,0,0,0,0
823126,689546,3,0,0,2,0,1,0
823126,621074,3,0,0,0,1,2,0
823126,695380,3,0,0,0,0,2,0
823126,676106,16,4,5,2,0,6,1
823126,594027,3,0,0,0,0,2,0
823126,813349,18,2,1,2,3,7,0
823126,676477,3,0,0,0,0,1,0
823126,543056,3,0,0,0,0,0,0
824341,623474,3,0,0,0,0,2,0
824341,607536,18,11,6,1,0,4,2
824341,622608,6,0,0,0,0,2,0
824341,594027,2,2,0,0,1,1,0
824341,686580,3,4,2,0,0,1,0
824341,624133,18,7,1,1,0,9,0
824341,543056,1,1,0,0,0,0,0
823486,650911,18,3,0,0,0,10,0
823486,661395,2,1,0,0,0,1,0
823486,680742,3,1,0,0,0,0,0
823486,647315,3,0,0,1,0,0,0
823486,679775,1,3,3,0,0,0,1
823486,641302,3,0,0,0,0,0,0
823486,656222,4,1,0,0,0,2,0
823486,543135,14,8,5,0,0,7,2
823486,691945,3,1,0,1,1,1,0
824741,594027,3,1,0,0,0,2,0
824741,676477,3,1,0,0,0,2,0
824741,624133,18,5,3,1,0,8,1
824741,543056,3,0,0,1,0,0,0
824741,571945,21,9,6,0,0,3,2
824741,687849,3,0,0,1,0,1,0
824860,669432,18,6,2,1,0,3,0
824860,544150,9,2,1,1,0,2,1
824860,641302,3,2,1,2,0,0,0
824860,656641,3,0,0,0,0,0,0
824860,543135,12,8,6,3,0,5,1
824860,691945,6,2,1,1,0,2,1
823603,668964,6,2,2,0,0,0,1
823603,623211,2,0,0,0,0,1,0
823603,621345,3,1,0,0,0,2,0
823603,642547,13,3,2,5,0,6,1
823603,548384,3,0,0,0,0,0,0
823603,700842,11,1,0,2,0,3,0
823603,669711,3,1,0,0,0,2,0
823603,686580,2,1,0,1,0,2,0
823603,663558,5,0,0,1,0,1,0
823603,543056,6,0,0,3,0,0,0
822916,656641,6,0,0,0,0,2,0
822916,596001,3,2,0,0,0,0,0
822916,543135,18,6,2,2,0,7,1
822916,669923,24,6,3,0,0,4,1
824742,813349,12,3,0,2,0,5,0
824742,669711,5,1,2,1,0,1,0
824742,686580,2,2,1,0,0,2,0
824742,592454,3,4,4,1,0,0,1
824742,543056,2,2,1,1,0,0,0
824742,670245,3,0,0,0,0,0,0
824742,676917,21,1,0,0,0,13,0
824742,687377,3,2,0,0,0,0,0
824742,687849,3,1,0,0,0,0,0
824579,685126,5,2,4,2,0,0,0
824579,670950,1,1,0,1,0,1,0
824579,622554,3,1,0,1,0,2,0
824579,702273,15,7,4,3,1,3,2
824579,663855,3,0,0,0,0,2,0
824579,686580,2,0,0,0,0,2,0
824579,801139,18,2,0,1,0,6,0
824579,676477,3,0,0,0,0,0,0
824579,543056,1,2,1,1,0,0,0
824579,670245,3,0,0,0,0,2,0
831749,622250,3,3,3,1,0,0,1
831749,691945,3,0,0,0,0,2,0
831749,665878,3,0,0,2,0,0,0
831749,681168,6,2,2,0,0,2,2
831749,543135,12,4,0,1,0,0,0
831749,702352,6,1,0,0,0,1,0
831749,605242,4,1,2,1,1,3,0
831749,663941,3,2,0,0,0,0,0
831749,657424,3,0,0,0,0,2,0
831749,688730,2,1,0,0,0,1,0
831749,815779,0,1,2,1,0,0,1
831749,668873,6,0,0,1,0,4,0
825024,622663,18,6,4,3,0,7,2
825024,665622,4,0,0,1,0,1,0
825024,678022,5,5,4,1,0,4,0
825024,681168,6,2,1,0,0,1,1
825024,543135,21,3,0,2,1,7,0
824192,675989,9,4,3,0,0,2,1
824192,663567,18,3,5,2,1,6,1
824192,686560,6,0,0,0,0,2,0
824192,543135,21,5,0,2,1,8,0
822909,615698,9,3,2,0,0,2,1
822909,543135,18,6,6,1,0,3,4
822909,622663,20,6,1,1,0,5,0
822909,686993,2,0,0,0,0,0,0
822909,663687,2,2,0,0,0,2,0
822909,665622,3,0,0,0,0,0,0
823151,678606,1,1,0,0,0,0,0
823151,677961,2,3,2,2,0,1,0
823151,666374,1,0,0,0,0,0,0
823151,669923,17,7,1,2,0,5,1
823151,662253,1,0,0,0,0,1,0
823151,642100,2,0,0,2,0,1,0
823151,660825,3,0,0,2,0,0,0
823151,615698,9,3,3,2,0,5,0
823151,543135,15,8,2,1,0,3,1
822896,615698,6,2,0,0,0,1,0
822896,543135,21,4,5,2,0,6,2
822896,650556,3,0,0,0,0,2,0
822896,660853,2,0,0,1,0,1,0
822896,595345,2,0,0,0,1,0,0
822896,663878,2,1,0,1,0,2,0
822896,681293,18,3,1,1,2,3,1
824105,663568,15,8,1,1,0,3,0
824105,663738,3,1,1,0,0,0,0
824105,656638,3,0,0,1,0,2,0
824105,674444,4,0,0,0,0,2,0
824105,670167,2,0,0,0,0,1,0
824105,656222,2,3,1,0,0,0,1
824105,695239,3,1,0,0,0,0,0
824105,543135,17,4,4,3,0,3,1
824105,668390,2,0,0,0,0,0,0
823550,642232,5,0,0,1,0,2,0
823550,701542,12,7,6,3,0,7,2
823550,660787,10,1,0,1,0,5,0
823550,656641,3,0,0,1,0,1,0
823550,543135,24,3,1,0,1,8,1
823052,700669,2,0,0,0,0,1,0
823052,668941,2,1,1,0,1,1,0
823052,676617,3,3,3,1,0,2,0
823052,666277,3,0,0,0,0,2,0
823052,669160,17,5,3,2,0,9,0
823052,656222,5,1,0,0,0,2,0
823052,615698,1,0,0,0,0,0,0
823052,596001,3,1,0,0,0,1,0
823052,543135,18,11,4,1,1,7,1
824751,813349,14,11,6,2,0,3,2
824751,669711,4,1,0,0,0,1,0
824751,592454,3,0,0,1,0,1,0
824751,670245,6,1,0,0,1,1,0
824751,656641,4,0,0,0,0,2,0
824751,596001,2,3,1,0,0,1,0
824751,543135,21,6,3,1,0,6,2
822863,641302,2,1,0,0,0,1,0
822863,656641,6,2,0,1,0,3,0
822863,695239,3,0,0,0,0,0,0
822863,543135,16,4,1,2,0,2,0
822863,669358,24,3,2,1,0,9,1
824164,686613,17,6,2,2,0,5,1
824164,660853,2,1,0,0,0,0,0
824164,805123,3,0,0,0,0,1,0
824164,656986,2,0,0,0,0,1,0
824164,687911,3,1,0,0,0,0,0
824164,681168,6,4,4,4,0,2,1
824164,670032,3,4,1,0,0,1,0
824164,543135,15,10,6,1,1,5,2
822796,693686,8,1,0,0,0,3,0
822796,671936,3,0,0,2,0,1,0
822796,686973,3,1,0,0,0,1,0
822796,571578,13,7,5,1,1,5,1
822796,656641,3,0,0,1,0,0,0
822796,695239,1,1,2,1,0,0,0
822796,596001,2,3,2,0,0,2,1
822796,543135,21,5,0,1,0,9,0
822869,695239,3,1,0,0,0,1,0
822869,687239,3,1,0,0,0,0,0
822869,543135,21,3,1,1,0,8,0
822869,689546,4,2,1,1,0,0,0
822869,677961,5,1,1,1,0,2,0
822869,693433,15,9,5,2,0,5,0
824897,689266,2,2,0,0,0,2,0
824897,669276,3,1,1,1,0,2,0
824897,800311,4,0,0,0,0,0,0
824897,628452,3,1,1,0,0,1,1
824897,656550,15,7,3,2,0,2,0
824897,682608,2,2,1,0,0,1,0
824897,641302,1,1,2,0,0,0,0
824897,695239,3,1,0,0,0,3,0
824897,687239,3,2,1,0,0,1,1
824897,543135,12,6,4,2,0,2,3
824897,668390,3,2,0,0,0,2,0
822883,682608,3,0,0,0,0,2,0
822883,695239,3,0,0,1,0,0,0
822883,596001,3,2,0,0,0,1,0
822883,543135,18,7,3,1,0,9,0
822883,673513,3,0,0,1,0,1,0
822883,593974,3,1,0,0,0,0,0
822883,606996,3,0,0,0,1,2,0
822883,676760,3,1,0,1,0,0,0
822883,608337,12,7,4,2,0,2,1
831552,686747,3,2,1,0,1,0,0
831552,656605,11,3,1,1,0,5,0
831552,692243,3,2,3,1,0,0,0
831552,664875,3,0,0,0,0,1,0
831552,682981,3,2,1,0,0,2,0
831552,642397,3,1,0,0,0,3,0
831552,814280,1,0,0,0,0,0,0
831552,677161,3,0,0,2,0,0,0
831552,670245,6,1,1,0,0,1,1
831552,543243,18,4,2,0,1,9,1
824786,669711,3,0,0,0,0,1,0
824786,543243,18,4,2,0,0,3,0
824786,686580,3,0,0,0,0,1,0
824786,547973,3,0,0,1,0,1,0
824786,650633,17,7,4,1,0,5,1
824786,593974,4,2,1,0,0,2,1
824786,676760,3,0,0,0,0,1,0
824779,669711,2,1,0,0,0,2,0
824779,543243,19,3,0,2,0,2,0
824779,701719,3,0,0,1,0,3,0
824779,670245,3,0,0,0,0,0,0
824779,681982,4,0,0,2,0,1,0
824779,675660,8,3,3,4,0,2,0
824779,676879,3,0,0,0,0,2,0
824779,663765,9,4,2,2,0,1,0
824114,607625,18,5,2,2,0,5,1
824114,656638,3,3,1,0,0,1,0
824114,674444,3,0,0,1,0,0,0
824114,670167,3,1,0,0,0,2,0
824114,676477,3,1,0,0,0,1,0
824114,543243,18,5,1,1,1,9,0
824114,686580,3,0,0,0,0,2,0
824114,547973,3,0,0,0,0,1,0
824763,676477,3,0,0,0,0,1,0
824763,543243,18,2,1,1,0,6,1
824763,686580,3,1,0,0,0,0,0
824763,547973,3,0,0,2,0,3,0
824763,689147,1,2,1,0,0,0,1
824763,641835,3,1,0,0,0,0,0
824763,621383,2,1,1,0,0,1,0
824763,641745,3,0,0,0,0,3,0
824763,691725,15,4,1,0,1,4,1
823723,663485,3,1,0,0,0,1,0
823723,573124,3,1,0,1,0,1,0
823723,690953,21,4,0,0,1,10,0
823723,543243,12,9,5,1,1,1,2
823723,681252,9,1,1,1,0,4,1
823723,547973,3,0,0,0,1,3,0
824282,676428,2,0,0,0,0,1,0
824282,623454,4,1,0,3,0,3,0
824282,640448,3,0,0,2,0,0,0
824282,572143,3,0,0,1,0,1,0
824282,656427,15,3,2,1,1,10,0
824282,669711,3,0,0,0,0,0,0
824282,677161,3,0,0,2,0,2,0
824282,543243,15,4,0,2,0,2,0
824282,701719,6,0,0,1,0,3,0
824748,543243,21,6,3,1,0,4,2
824748,686580,3,2,0,0,0,1,0
824748,547973,3,2,1,0,0,1,0
824748,667297,2,1,0,0,0,0,0
824748,702056,22,4,3,0,0,6,2
824748,689254,3,0,0,0,0,0,0
824340,807743,15,5,3,5,0,3,1
824340,675848,3,1,0,0,0,0,0
824340,688642,9,5,2,1,0,1,0
824340,676477,3,1,1,0,0,1,1
824340,543243,21,6,1,3,0,11,1
824340,686580,3,1,0,0,0,0,0
824012,681217,3,0,0,0,0,2,0
824012,691951,12,1,3,4,0,2,1
824012,666171,4,0,0,1,1,2,0
824012,696519,2,3,4,1,1,0,1
824012,608718,6,3,1,0,0,0,0
824012,687941,3,0,0,0,0,0,0
824012,669711,3,0,0,1,0,0,0
824012,543243,18,4,1,2,0,7,1
824012,663558,3,0,0,0,0,2,0
824721,687941,3,0,0,0,0,1,0
824721,543243,18,7,4,2,0,6,2
824721,669062,3,0,0,0,0,2,0
824721,547973,3,0,0,1,0,3,0
824721,657277,8,6,5,3,2,2,1
824721,805345,4,2,1,1,0,0,0
824721,671345,6,2,0,0,0,1,0
824721,665665,6,1,0,1,0,0,0
823347,683003,15,4,1,2,0,7,1
823347,642397,3,1,0,0,0,0,0
823347,596133,3,4,3,0,0,2,0
823347,696062,6,0,0,2,0,2,0
823347,543243,21,6,0,1,0,7,0
823347,669062,3,0,0,0,0,1,0
823347,547973,3,0,0,0,0,2,0
824728,594027,3,0,0,0,0,1,0
824728,676477,3,1,0,0,0,2,0
824728,543243,18,3,0,2,1,8,0
824728,663558,3,0,0,1,0,3,0
824728,623211,3,0,0,1,0,1,0
824728,669684,3,1,1,1,0,2,0
824728,680732,13,5,2,2,0,4,1
824728,656794,5,1,0,0,0,1,0
824734,687941,12,5,1,1,0,6,0
824734,543243,15,10,5,0,0,3,1
824734,656302,27,1,0,3,0,12,0
823604,673540,3,0,0,0,0,1,0
823604,675540,1,0,0,0,0,0,0
823604,672335,2,2,2,3,0,1,1
823604,621345,3,4,2,0,0,1,1
823604,690997,18,5,0,2,1,7,0
823604,594027,3,2,0,0,0,0,0
823604,669711,3,1,1,0,0,0,1
823604,676477,3,2,0,0,0,0,0
823604,543243,18,5,1,1,0,3,0
824974,686930,15,4,3,1,1,6,0
824974,656240,6,2,0,0,0,1,0
824974,665660,3,0,0,1,0,1,0
824974,665622,3,2,2,0,0,1,2
824974,669711,3,1,0,0,0,1,0
824974,543243,21,7,4,2,0,5,0
824974,547973,3,1,0,0,0,2,0
822780,686973,3,1,0,0,0,1,0
822780,680573,9,4,1,1,0,2,0
822780,592791,12,1,0,3,0,3,0
822780,643511,3,0,0,1,0,1,0
822780,543243,18,6,2,1,1,4,1
822780,663558,6,1,0,0,0,1,0
825105,694851,3,1,0,1,0,2,0
825105,656464,1,3,3,1,0,0,0
825105,605452,6,2,2,3,0,1,1
825105,669194,14,3,2,3,0,3,2
825105,543510,3,7,5,0,0,0,1
825105,674370,9,2,1,1,1,1,0
825105,641755,3,0,0,0,0,1,0
825105,625643,15,4,1,1,0,3,1
824858,675919,3,2,3,1,0,0,1
824858,669358,15,9,3,2,0,4,1
824858,544150,6,1,0,0,0,1,0
824858,666974,3,0,0,0,0,1,0
824858,664141,2,0,0,2,0,1,0
824858,676775,3,0,0,0,0,0,0
824858,694918,3,3,2,0,0,1,1
824858,694738,18,5,1,2,0,4,0
824858,657424,1,0,0,0,0,0,0
824856,665152,15,6,2,0,0,9,3
824856,670329,3,0,0,0,0,0,0
824856,544150,6,4,3,1,0,0,1
824856,664854,3,0,0,0,0,2,0
824856,694851,4,1,1,0,0,1,1
824856,688497,2,3,4,1,0,1,1
824856,642528,2,1,2,1,1,0,1
824856,669194,16,3,1,2,0,7,0
824451,671922,3,0,0,0,0,3,0
824451,668909,21,3,1,1,0,11,1
824451,683769,3,1,1,0,0,2,1
824451,665152,18,2,3,2,0,7,1
824451,544150,6,1,1,0,0,1,1
822888,677958,10,7,6,2,0,4,2
822888,641302,6,3,0,1,0,1,0
822888,605452,6,1,0,0,0,1,0
822888,615698,2,3,3,1,0,0,0
822888,543309,3,3,2,0,0,0,0
822888,689520,3,0,0,1,0,1,0
822888,701519,3,0,0,0,0,3,0
822888,805673,21,8,2,0,0,4,0
823795,681982,2,0,0,0,0,2,0
823795,675660,12,5,1,0,0,4,0
823795,702153,3,0,0,1,0,2,0
823795,663765,3,0,0,0,0,2,0
823795,605540,4,1,0,1,0,2,0
823795,656730,3,0,0,0,0,1,0
823795,694297,3,1,1,0,0,2,1
823795,642528,2,1,1,1,0,1,0
823795,647336,9,10,8,2,0,2,1
823795,543510,3,1,0,2,0,0,0
823795,691769,7,1,2,1,0,1,0
824840,669432,14,4,4,2,0,2,1
824840,544150,12,3,0,0,0,1,0
824840,552640,1,0,0,1,0,0,0
824840,623454,6,1,0,2,0,4,0
824840,663947,4,0,0,0,0,2,0
824840,675512,17,2,1,3,0,3,0
822880,695239,3,2,2,0,0,1,1
822880,543309,3,2,2,0,1,0,0
822880,669022,15,9,7,1,0,7,2
822880,686560,3,2,2,1,0,0,0
822880,687239,3,0,0,0,0,1,0
822880,815083,3,0,0,0,0,2,0
822880,820862,3,1,1,0,0,2,1
822880,666171,3,1,0,0,0,2,0
822880,700712,12,1,0,5,0,3,0
822880,696519,6,0,0,0,0,5,0
824833,669211,3,1,0,1,0,1,0
824833,687064,20,7,2,1,1,7,0
824833,544150,3,1,0,1,0,0,0
824833,689296,1,2,2,0,0,1,0
824833,686973,3,0,0,0,0,1,0
824833,656546,1,3,5,2,1,1,0
824833,657756,0,1,0,1,0,0,0
824833,702056,15,2,1,7,0,4,0
824833,684320,3,1,0,1,0,1,0
824833,643511,3,0,0,0,0,0,0
824755,801139,18,7,0,2,0,5,0
824755,670245,9,2,1,2,0,2,0
824755,544150,6,7,5,1,0,2,0
824755,605135,9,6,3,2,0,1,1
824755,689296,6,2,0,0,1,2,0
824755,664991,3,0,0,0,0,2,0
824821,669330,3,2,1,0,0,1,1
824821,680694,12,1,3,5,0,2,0
824821,544150,9,3,1,0,0,2,1
824821,664991,3,1,0,0,0,1,0
824821,663992,1,0,0,0,0,0,0
824821,676571,6,0,0,1,0,0,0
824821,641793,15,3,2,2,0,3,1
824821,680730,5,2,2,1,0,2,1
822808,693686,13,2,2,1,0,5,1
822808,686973,3,0,0,0,0,0,0
822808,656546,2,1,1,0,0,1,1
822808,689254,3,2,1,0,0,3,1
822808,680755,3,1,0,1,0,2,0
822808,643511,3,0,0,0,0,1,0
822808,669211,6,2,1,0,0,0,0
822808,680694,12,9,5,3,0,3,1
822808,544150,6,1,0,0,0,3,0
824017,681217,2,1,0,0,0,1,0
824017,696270,18,1,0,1,0,8,0
824017,696147,3,0,0,0,0,1,0
824017,666171,3,0,0,0,0,3,0
824017,696519,1,1,1,1,0,0,0
824017,669358,15,8,5,1,0,5,1
824017,544150,9,0,0,1,0,3,0
824819,670329,3,0,0,0,0,1,0
824819,544150,9,1,0,0,0,4,0
824819,677020,4,2,1,0,0,1,0
824819,694346,8,7,8,6,0,5,2
824819,552640,3,1,0,0,0,2,0
824819,805326,12,4,0,0,0,3,0
824819,607200,15,5,3,3,0,3,0
824828,669211,2,1,0,1,0,0,0
824828,544150,12,6,3,0,0,1,3
824828,694346,13,3,6,5,1,7,2
824828,673513,3,1,0,0,0,2,0
824828,592094,3,1,0,0,0,0,0
824828,699134,3,1,1,1,0,0,0
824828,670970,1,0,0,0,0,0,0
824828,676760,2,1,0,0,1,0,0
824828,681190,15,6,2,2,0,5,1
824829,544150,6,3,1,1,0,3,0
824829,689296,7,1,2,1,0,2,1
824829,694346,14,5,3,1,0,0,0
824829,666374,2,0,0,1,1,1,0
824829,681867,4,1,1,1,0,0,0
824829,662253,3,0,0,1,0,2,0
824829,660825,3,2,1,1,0,0,0
824829,676106,15,3,1,2,1,3,0
824810,669330,3,0,0,1,0,0,0
824810,669358,13,6,1,2,0,2,0
824810,544150,6,0,0,2,0,2,0
824810,677020,5,1,0,0,0,0,0
824810,689296,3,0,0,2,0,2,0
824810,552640,3,1,0,2,0,0,0
824810,689266,4,0,0,0,0,0,0
824810,669276,3,1,1,0,0,1,1
824810,641755,4,0,0,2,0,1,0
824810,625643,17,5,0,1,0,6,0
824810,628452,3,0,0,1,0,1,0
824810,664849,2,0,0,2,0,0,0
824804,687064,13,6,3,2,0,4,1
824804,544150,6,1,0,1,0,0,0
824804,682274,3,1,1,1,0,2,0
824804,677020,5,1,0,1,0,1,0
824804,696270,14,3,1,5,1,1,1
824804,815083,3,0,0,1,0,2,0
824804,642048,2,0,0,1,0,1,0
824804,684665,4,0,0,1,0,3,0
824804,696519,4,1,0,0,0,2,0
822940,571927,2,4,5,1,0,0,1
822940,664076,1,2,1,0,0,0,0
822940,642547,14,1,2,3,1,2,0
822940,671212,10,2,2,3,0,5,0
822940,669432,18,7,2,1,0,6,1
822940,695380,3,0,0,0,0,2,0
822940,544150,3,1,0,0,0,1,0
822940,664991,3,1,0,0,0,1,0
824243,680744,6,0,0,0,0,2,0
824243,675512,21,3,0,2,0,5,0
824243,644433,3,3,2,1,0,0,1
824243,665152,12,8,8,3,0,4,2
824243,544150,4,5,2,0,0,2,0
824243,677020,5,3,1,0,0,1,0
823672,656546,3,0,0,2,0,1,0
823672,621345,3,0,0,0,0,2,0
823672,672782,3,1,1,1,0,0,1
823672,805673,15,6,4,2,0,4,1
823672,702193,3,0,0,0,0,2,0
823672,695380,3,0,0,1,0,1,0
823672,669358,9,9,5,1,0,2,0
823672,544150,3,0,0,0,0,0,0
823672,682274,5,1,0,0,0,3,0
823672,676742,4,4,2,0,0,1,0
822862,677958,9,7,6,2,0,5,2
822862,656756,12,6,3,1,0,2,2
822862,668390,6,2,1,3,0,3,0
822862,700249,9,4,3,2,0,2,1
822862,695380,3,2,0,0,0,0,0
822862,544150,6,1,2,1,0,1,0
822862,682274,6,1,0,1,1,3,0
822862,552640,3,0,0,0,0,0,0
824807,680694,9,2,2,2,0,3,1
824807,544150,3,3,3,2,0,0,0
824807,677020,3,2,1,0,0,1,1
824807,689296,3,2,2,2,0,0,0
824807,554430,6,1,0,0,0,3,0
824807,689147,0,0,0,0,0,0,0
824807,641835,6,2,0,0,0,3,0
824807,679775,3,1,0,1,0,1,0
825068,545121,5,0,0,2,0,0,0
825068,668678,12,12,9,2,0,2,0
825068,691769,8,1,0,2,0,1,0
825068,700270,2,7,7,1,0,0,1
825068,671737,15,3,2,2,0,4,1
825068,607455,3,1,0,0,0,1,0
825068,664875,2,2,5,4,0,2,0
825068,672782,3,0,0,0,0,1,0
825068,679358,4,2,1,1,0,0,0
824725,687941,4,0,0,0,0,1,0
824725,669711,3,1,0,0,0,1,0
824725,678394,14,3,1,1,1,3,0
824725,681544,3,0,0,0,0,2,0
824725,663558,3,0,0,0,0,1,0
824725,545121,3,1,0,0,0,0,0
824725,642701,1,0,0,0,0,0,0
824725,683352,9,4,3,3,0,0,0
824725,641793,11,11,6,0,0,0,2
823892,664126,3,0,0,0,0,1,0
823892,676534,3,1,0,0,0,1,0
823892,691587,21,5,3,1,0,8,2
823892,657514,2,1,0,0,0,0,0
823892,688642,4,0,0,1,0,2,0
823892,547179,13,7,3,0,2,4,1
823892,677955,5,2,1,0,0,1,0
824377,547179,9,12,9,2,0,2,2
824377,678368,18,1,1,1,0,7,1
824377,641835,3,0,0,0,0,2,0
824377,647315,3,0,0,1,0,3,0
824377,605400,19,5,1,1,0,9,0
824377,679775,2,0,0,0,0,1,0
824374,688642,10,1,0,0,0,2,0
824374,547179,17,7,1,2,0,4,0
824374,650556,3,1,1,2,0,2,0
824374,678906,4,0,0,0,0,1,0
824374,685005,5,0,1,3,2,1,0
824374,660853,6,2,1,1,0,2,1
824374,805123,3,4,5,3,0,0,0
824374,664299,3,3,1,0,0,1,0
824371,680767,3,3,2,1,0,1,0
824371,623474,3,2,0,0,0,1,0
824371,547179,15,7,3,1,0,3,0
824371,622608,6,3,1,0,0,2,0
824371,681911,1,0,0,0,0,0,0
824371,669165,3,0,0,0,0,1,0
824371,694361,3,1,0,0,0,1,0
824371,621242,0,3,3,1,0,0,0
824371,676263,3,0,0,0,0,1,0
824371,595014,0,4,3,0,0,0,1
824371,808963,14,7,3,2,1,2,1
824210,678906,4,0,1,2,0,2,0
824210,660853,1,0,0,0,0,1,0
824210,595345,3,0,0,1,0,1,0
824210,805123,4,1,1,1,0,1,1
824210,687911,4,3,0,0,0,2,0
824210,676467,11,8,4,0,1,5,2
824210,675848,3,2,0,0,0,1,0
824210,688642,3,0,0,0,0,2,0
824210,547179,8,7,2,1,0,3,1
824210,622608,10,2,0,0,0,3,0
823316,593974,4,1,0,1,0,2,0
823316,592094,1,0,0,0,0,0,0
823316,608566,15,4,4,2,0,5,3
823316,699134,2,2,0,1,0,1,0
823316,676760,5,2,1,0,0,2,0
823316,663372,12,7,6,3,0,4,2
823316,623474,3,1,0,0,0,0,0
823316,657514,2,1,0,1,0,1,0
823316,688642,4,1,2,3,0,0,0
823316,547179,3,0,0,0,1,0,0
831945,669298,3,1,0,0,0,1,0
831945,688642,3,2,1,0,0,0,0
831945,605154,3,0,0,0,0,1,0
831945,677955,3,1,0,0,0,1,0
831945,547179,15,4,4,3,0,3,2
831945,686857,4,0,0,1,0,2,0
831945,605488,9,0,0,0,0,4,0
831945,669372,5,4,3,0,1,3,1
831945,643410,3,2,1,0,0,1,1
831945,669434,1,0,0,0,0,1,0
831945,605130,2,2,2,3,0,1,0
823638,640455,10,3,2,1,1,7,0
823638,642547,17,7,2,3,0,8,0
823638,547179,21,7,1,0,0,3,0
823638,622608,5,0,0,0,0,1,0
823638,677955,1,4,2,0,0,0,0
824361,688642,12,4,3,1,1,1,1
824361,547179,15,11,7,3,0,2,1
824361,640455,1,3,1,0,1,1,0
824361,668964,2,5,4,0,0,0,2
824361,596133,3,1,0,0,0,2,0
824361,642207,2,0,0,0,0,2,0
824361,642547,15,4,0,2,0,1,0
824361,548384,4,0,0,1,0,2,0
823385,694973,24,2,0,0,1,10,0
823385,642397,3,2,1,0,0,0,0
823385,680767,2,3,1,1,0,0,0
823385,623474,3,1,0,1,0,1,0
823385,547179,15,5,2,2,0,5,0
823385,678020,3,0,0,0,0,1,0
823385,677955,1,0,0,0,0,0,0
824524,641941,3,3,2,0,0,0,0
824524,663574,3,1,0,0,0,1,0
824524,683175,3,0,0,1,1,3,0
824524,671096,18,5,2,2,0,5,1
824524,680767,3,2,2,1,0,1,0
824524,547179,16,4,4,3,0,5,2
824524,622608,5,1,0,1,0,1,0
825080,694297,5,2,1,0,0,0,1
825080,656464,3,0,0,1,0,0,0
825080,623149,3,0,0,0,0,1,0
825080,668678,16,6,3,2,0,6,0
825080,624522,8,3,0,2,0,2,0
825080,547179,15,8,5,1,0,5,1
825080,678020,1,0,0,0,0,1,0
824353,624522,3,1,1,0,0,1,0
824353,700327,1,1,0,1,0,0,0
824353,675848,3,3,2,0,1,0,0
824353,547179,11,5,3,2,0,2,0
824353,678020,5,1,0,0,0,2,0
824353,677955,4,1,0,0,0,2,0
824353,657277,13,3,1,3,1,5,0
824353,676775,4,2,2,0,0,0,1
824353,668873,2,5,5,0,0,1,2
824353,666711,2,1,0,0,0,1,0
824353,669062,3,1,0,0,0,1,0
824353,657424,2,1,0,0,0,0,0
824358,680604,7,2,1,1,0,3,1
824358,680767,3,0,0,0,0,1,0
824358,547179,14,9,6,3,0,5,2
824358,678020,3,1,0,0,0,2,0
824358,666661,3,0,0,0,0,0,0
824358,694297,1,2,2,1,1,0,0
824358,623149,3,0,0,1,0,0,0
824358,647336,17,6,2,2,0,8,0
824358,664199,2,0,0,0,0,0,0
824358,657044,1,0,0,0,0,0,0
824348,657514,3,0,0,1,0,0,0
824348,675848,3,0,0,0,0,2,0
824348,547179,15,2,1,2,0,7,0
824348,622608,3,2,1,0,0,1,1
824348,676105,3,1,0,1,0,1,0
824348,694037,0,2,1,1,0,0,0
824348,573204,4,0,0,0,0,2,0
824348,684007,15,2,0,2,0,7,0
824348,657097,3,3,2,0,0,1,1
824348,664208,2,2,0,0,0,1,0
824343,605154,6,1,0,0,0,1,0
824343,675848,5,5,4,0,0,0,1
824343,547179,16,7,4,1,0,5,1
824343,683003,9,1,1,2,0,3,0
824343,681895,6,2,0,0,0,3,0
824343,642397,3,2,1,1,0,1,0
824343,670990,6,0,0,1,1,3,0
824343,642701,3,3,3,0,0,0,1
824666,694037,3,0,0,1,0,3,0
824666,573204,3,1,2,1,0,2,1
824666,684007,17,5,1,1,0,3,0
824666,657097,3,1,1,0,0,1,0
824666,664208,1,0,0,1,1,0,0
824666,680767,2,1,1,2,0,0,0
824666,657514,1,2,0,1,0,0,0
824666,675848,1,0,1,2,0,1,0
824666,547179,15,5,1,1,1,5,1
824666,678020,0,1,0,1,0,0,0
824666,622608,3,1,1,1,0,0,0
824666,677955,2,0,0,1,0,2,0
824329,680767,3,1,0,0,0,0,0
824329,623474,3,2,1,1,0,1,0
824329,657514,4,0,0,0,0,1,0
824329,675848,3,0,0,0,0,1,0
824329,547179,11,7,6,1,0,5,2
824329,605447,3,0,0,0,0,2,0
824329,640454,3,1,0,1,0,1,0
824329,571945,11,6,3,0,0,1,1
824329,687223,5,4,4,1,1,2,0
824329,690925,3,1,1,0,0,0,1
824329,687377,2,0,0,0,0,2,0
823689,694397,6,2,2,2,0,1,1
823689,702474,16,8,3,0,0,2,2
823689,573124,2,0,0,1,0,1,0
823689,681892,3,2,3,1,0,0,1
823689,680767,4,0,0,0,0,1,0
823689,623474,2,0,0,0,0,0,0
823689,657514,3,0,0,0,0,1,0
823689,688642,1,3,3,1,0,1,0
823689,547179,17,7,2,0,1,1,0
824335,680767,4,1,0,0,0,0,0
824335,688642,6,1,0,0,0,2,0
824335,547179,13,3,2,6,0,1,0
824335,657514,4,1,0,0,0,0,0
824335,676534,1,3,4,1,0,1,0
824335,667463,6,1,2,1,0,1,1
824335,691594,3,2,2,1,1,0,0
824335,806188,5,4,3,0,1,0,0
824335,687473,9,4,3,2,1,2,1
823275,650633,18,6,4,1,0,6,2
823275,695243,3,0,0,0,0,3,0
823275,699134,3,2,2,1,0,1,0
823275,670970,3,2,0,1,0,1,0
823275,680767,3,2,0,0,0,1,0
823275,623474,1,1,1,2,0,0,0
823275,657514,3,1,0,0,0,1,0
823275,675848,4,1,1,2,0,1,0
823275,547179,12,8,3,1,0,2,0
823275,622608,2,3,1,1,0,0,0
823199,686790,21,3,1,1,1,4,1
823199,676775,2,0,0,1,0,0,0
823199,669062,4,1,0,0,0,2,0
823199,623474,3,0,0,1,0,1,0
823199,657514,3,1,0,0,0,1,0
823199,547179,15,5,1,3,0,1,0
823199,622608,3,2,2,1,0,1,0
823929,694361,1,1,0,1,0,0,0
823929,680736,21,6,1,2,1,9,0
823929,623465,3,1,0,0,0,2,0
823929,676263,2,0,0,0,0,0,0
823929,675848,6,1,0,0,0,1,0
823929,547179,18,6,2,3,0,5,1
823929,605447,3,1,0,1,0,1,0
824943,663158,3,1,0,0,0,0,0
824943,607481,3,1,0,0,0,2,0
824943,628452,3,0,0,0,0,0,0
824943,693821,18,5,0,1,0,5,0
824943,686993,3,0,0,0,0,2,0
824943,547184,3,2,1,0,0,1,0
824943,682052,12,6,3,5,0,0,0
824943,665660,3,1,0,0,0,1,0
824943,643410,3,1,0,0,0,0,0
825026,669372,6,3,2,1,0,1,0
825026,547184,3,1,1,3,0,2,0
825026,605488,18,2,1,1,0,7,0
825026,680802,9,3,0,0,0,2,0
825026,664299,11,6,6,5,0,2,0
825026,682610,4,4,5,2,0,2,2
822838,693686,3,0,0,1,0,1,0
822838,667297,4,0,0,0,0,1,0
822838,686973,3,1,0,1,0,1,0
822838,663893,2,2,3,1,0,2,1
822838,656302,16,3,1,2,0,12,0
822838,689254,0,2,2,0,0,0,0
822838,680755,2,0,0,0,0,0,0
822838,643511,3,0,0,0,0,2,0
822838,605130,3,1,0,1,0,1,0
822838,547184,4,2,1,0,0,1,1
822838,665660,3,1,2,2,0,2,0
822838,663687,2,2,0,1,0,0,0
822838,665622,1,1,0,1,0,1,0
822838,643410,2,2,1,0,1,0,0
822838,605488,16,5,2,3,0,2,0
824324,685299,18,8,4,0,0,3,2
824324,547179,9,7,7,3,0,0,1
824324,668984,2,4,4,0,1,0,0
824324,693855,18,7,2,0,0,9,1
824324,675627,6,4,2,0,0,0,1
824324,687330,1,0,0,0,0,0,0
823020,700241,17,8,3,2,0,4,1
823020,677865,4,0,0,0,0,1,0
823020,676617,3,0,0,0,0,0,0
823020,666277,3,2,1,1,0,0,1
823020,656786,1,2,1,0,0,0,0
823020,685299,10,4,2,0,0,2,0
823020,547179,13,8,2,3,0,1,1
823184,681916,3,0,0,0,0,1,0
823184,657277,18,4,1,0,0,7,0
823184,693313,6,1,0,0,0,3,0
823184,656786,1,3,1,0,0,0,0
823184,685299,12,3,0,0,0,4,0
823184,547179,11,4,6,3,1,1,1
825027,547184,3,1,0,1,0,0,0
825027,665660,6,3,2,2,0,0,0
825027,663687,3,4,3,2,0,1,0
825027,665622,6,2,1,2,0,4,1
825027,806960,9,8,5,6,1,0,1
825027,678906,7,2,0,0,0,3,0
825027,595345,3,0,0,0,0,1,0
825027,837227,17,3,0,3,0,9,0
831931,623433,3,1,1,0,0,2,1
831931,547184,6,2,0,1,0,2,0
831931,643410,3,1,0,0,0,2,0
831931,622663,15,2,1,2,0,7,1
831931,592791,12,5,3,2,0,6,2
831931,822636,3,2,1,0,0,1,1
831931,665871,7,4,1,1,0,3,0
831931,684949,2,0,0,0,0,1,0
824541,572955,1,2,1,0,0,0,0
824541,683175,2,2,2,1,0,1,0
824541,668933,2,0,0,1,0,1,0
824541,594580,3,0,0,0,0,1,0
824541,656271,1,1,0,0,0,0,0
824541,671096,18,7,0,1,0,4,0
824541,676477,3,1,0,0,0,2,0
824541,676979,18,3,0,2,0,8,0
824541,686580,3,0,0,1,0,2,0
824541,547973,3,0,0,0,0,0,0
824780,677161,2,0,0,0,0,0,0
824780,676477,3,0,0,0,0,1,0
824780,676979,19,5,2,2,1,7,0
824780,547973,3,0,0,1,0,0,0
824780,663765,1,0,0,0,0,0,0
824780,694819,16,2,3,4,1,10,0
824780,669084,7,1,0,1,0,1,0
824925,675911,16,3,1,3,0,4,0
824925,669276,2,1,0,0,0,1,0
824925,663158,4,0,0,0,0,1,0
824925,800311,3,0,0,0,1,1,0
824925,641755,2,2,1,0,0,0,1
824925,628452,3,1,0,1,0,2,0
824925,813349,15,5,2,0,1,6,2
824925,669711,4,0,0,0,0,0,0
824925,701719,0,1,0,0,0,0,0
824925,663558,5,1,0,0,0,3,0
824925,547973,3,0,0,0,0,2,0
824768,813349,21,4,0,1,1,8,0
824768,676477,3,0,0,0,0,2,0
824768,547973,3,0,0,0,0,2,0
824768,669438,10,3,0,0,0,3,0
824768,669947,14,2,2,4,1,4,2
824769,669711,4,3,1,0,0,1,0
824769,677161,3,1,1,2,0,0,0
824769,676477,4,1,0,0,0,2,0
824769,624133,12,3,0,1,0,3,0
824769,701719,2,1,0,1,0,0,0
824769,663558,2,0,0,1,0,1,0
824769,547973,3,1,0,0,0,2,0
824769,650556,6,1,0,1,1,1,0
824769,660853,3,1,0,0,0,1,0
824769,595345,3,1,0,0,0,1,0
824769,805123,11,2,1,2,1,5,1
824769,675989,7,4,0,1,0,3,0
824852,670329,3,0,0,0,0,1,0
824852,680694,15,4,3,4,0,3,1
824852,689296,3,0,0,1,0,1,0
824852,552640,3,0,0,0,0,1,0
824852,664991,0,3,2,0,0,0,0
824852,666974,3,0,0,0,0,0,0
824852,813349,20,4,2,1,0,4,2
824852,677161,1,0,0,0,0,0,0
824852,676477,3,2,1,0,0,1,0
824852,547973,3,0,0,0,0,2,0
824778,676477,3,0,0,0,0,1,0
824778,624133,24,2,0,1,0,4,0
824778,547973,3,2,0,1,0,1,0
824778,676428,1,0,0,0,0,0,0
824778,663554,20,3,0,1,1,7,0
824778,640448,3,0,0,1,0,0,0
824778,676684,4,1,0,1,0,2,0
824111,663738,3,2,0,1,0,0,0
824111,608379,18,6,1,2,0,8,0
824111,656638,4,1,0,0,0,1,0
824111,674444,2,2,2,0,0,1,1
824111,813349,19,6,3,1,0,5,2
824111,669711,4,1,0,0,0,1,0
824111,663558,1,0,0,0,0,1,0
824111,547973,3,1,0,0,0,1,0
824430,702021,6,2,0,0,0,3,0
824430,676051,1,2,1,0,0,0,0
824430,670059,1,1,2,1,0,0,0
824430,676440,18,6,3,1,0,5,1
824430,682120,1,1,3,2,0,1,0
824430,594027,2,1,0,0,0,1,0
824430,669711,3,1,0,0,0,1,0
824430,624133,15,8,4,2,1,10,0
824430,663558,4,0,0,0,0,1,0
824430,547973,3,1,0,0,0,2,0
824735,687562,17,9,3,0,0,4,1
824735,676477,3,0,0,0,0,0,0
824735,686580,4,1,0,0,0,1,0
824735,547973,3,1,0,1,0,0,0
824735,665152,18,8,6,1,0,5,1
824735,689296,6,1,0,0,0,1,0
824344,663372,18,4,2,4,0,2,0
824344,680767,6,0,0,2,0,0,0
824344,657514,3,1,0,0,0,0,0
824344,687562,18,4,0,0,0,9,0
824344,594027,3,0,0,0,0,0,0
824344,676477,3,4,0,0,0,0,0
824344,547973,0,4,3,0,0,0,0
824733,594027,4,0,0,0,0,1,0
824733,663776,14,5,0,2,0,3,0
824733,669711,3,2,3,0,1,1,1
824733,676477,3,2,1,0,0,1,0
824733,547973,3,0,0,1,0,2,0
824733,669310,1,4,2,0,0,0,0
824733,671936,2,0,0,1,0,1,0
824733,656546,3,1,0,1,0,0,0
824733,702056,12,5,3,1,0,9,2
824733,689254,3,0,0,0,0,2,0
824733,680755,3,2,1,1,1,1,0
824738,663776,15,9,4,1,0,5,1
824738,676477,3,0,0,0,0,0,0
824738,547973,3,0,0,2,0,0,0
824738,670245,6,1,1,0,0,2,1
824738,668984,3,1,1,0,1,0,0
824738,592155,3,0,0,0,0,1,0
824738,693855,9,2,3,2,0,4,2
824738,642121,2,1,0,0,0,1,0
824738,664076,1,1,1,1,0,0,1
824738,687330,6,1,0,0,1,2,0
824577,641743,16,4,2,2,1,4,1
824577,691799,3,0,0,1,0,0,0
824577,663855,5,0,0,0,0,2,0
824577,699823,3,0,0,1,0,0,0
824577,594027,5,2,0,0,0,1,0
824577,663776,13,5,1,1,0,5,0
824577,676477,3,0,0,0,0,2,0
824577,686580,3,0,0,0,0,1,0
824577,547973,3,0,0,0,0,0,0
823602,596133,3,0,0,0,0,1,0
823602,642207,3,2,1,2,0,0,0
823602,548384,3,0,0,0,0,0,0
823602,804267,21,2,0,2,0,5,0
823602,678394,13,2,1,0,0,5,1
823602,676477,3,0,0,0,0,1,0
823602,801139,11,3,1,1,0,7,0
823602,547973,3,1,0,0,0,1,0
824736,594027,4,2,1,0,0,3,0
824736,676477,3,0,0,0,0,1,0
824736,801139,17,8,4,1,1,9,1
824736,547973,3,1,0,1,0,2,0
824736,669330,4,1,1,0,0,3,1
824736,669358,18,6,1,0,0,6,0
824736,666974,2,2,1,0,0,0,0
824977,660761,1,2,2,1,0,0,1
824977,696522,3,0,0,0,1,0,0
824977,665660,3,2,0,0,0,1,0
824977,663687,3,0,0,0,0,1,0
824977,678022,17,1,2,3,1,4,0
824977,676477,3,0,0,0,0,1,0
824977,686580,2,0,0,0,0,0,0
824977,801139,16,5,2,1,0,7,2
824977,663558,3,0,0,0,0,2,0
824977,547973,3,1,0,0,0,3,0
823080,694335,6,1,0,2,1,3,0
823080,681517,15,8,4,2,0,1,0
823080,666277,6,1,0,1,0,0,0
823080,668964,4,0,0,0,0,3,0
823080,642207,3,0,0,0,0,1,0
823080,605280,17,4,2,3,0,5,1
823080,548384,3,1,0,0,0,0,0
824973,660761,3,1,1,0,0,0,1
824973,682052,16,7,1,2,0,8,1
824973,669620,4,2,0,0,0,2,0
824973,696522,4,2,0,1,0,0,0
824973,665660,3,0,0,1,1,2,0
824973,594027,3,0,0,0,0,1,0
824973,663776,15,5,2,2,1,7,2
824973,669711,3,0,0,0,0,2,0
824973,676477,3,1,0,0,0,1,0
824973,686580,3,1,0,0,0,1,0
824973,547973,3,1,0,0,0,2,0
823920,681911,3,0,0,0,0,1,0
823920,808967,24,4,3,1,0,3,2
823920,594027,3,1,0,0,0,0,0
823920,686580,3,0,0,0,0,1,0
823920,801139,18,9,2,2,0,7,1
823920,547973,3,0,0,0,0,1,0
824722,594027,3,0,0,0,0,0,0
824722,669711,3,2,2,1,0,1,1
824722,801139,15,6,3,2,0,6,0
824722,663558,3,1,1,3,0,0,0
824722,669062,3,1,0,1,0,2,0
824722,547973,3,0,0,1,0,1,0
824722,666661,3,1,0,1,0,1,0
824722,694297,17,7,5,0,0,8,3
824722,656464,2,0,0,0,0,0,0
824722,642528,6,1,0,0,0,0,0
824722,805299,2,0,0,1,1,1,0
824724,594027,3,0,0,0,0,1,0
824724,678394,12,3,1,0,0,4,0
824724,676477,3,2,1,0,0,3,0
824724,663558,3,0,0,0,0,1,0
824724,669062,3,2,0,0,0,2,0
824724,547973,3,2,1,1,0,0,0
824724,669372,18,5,1,2,2,2,0
824724,669620,3,0,0,0,0,0,0
824724,665660,3,0,0,0,0,1,0
824724,663687,3,1,0,1,0,1,0
824729,594027,3,0,0,0,0,1,0
824729,669711,3,2,1,1,0,3,0
824729,678394,6,3,0,1,0,1,0
824729,676477,3,0,0,0,0,1,0
824729,686580,3,3,1,0,0,2,0
824729,624133,9,3,3,2,1,3,1
824729,663558,3,0,0,2,0,0,0
824729,669062,6,1,0,1,1,3,0
824729,547973,3,1,1,0,0,0,1
824729,623211,4,2,1,0,0,1,0
824729,691799,6,1,0,1,1,2,0
824729,670950,5,3,1,4,0,0,0
824729,669684,4,0,0,0,0,0,0
824729,622491,12,6,5,1,0,5,1
824729,663542,3,1,0,0,0,2,0
824729,607200,1,1,0,1,0,0,0
824729,663855,2,2,1,0,0,1,0
831456,802363,6,1,0,0,0,2,0
831456,702903,3,1,0,0,0,0,0
831456,663542,3,1,3,2,0,1,1
831456,668964,6,1,1,1,0,2,1
831456,805684,3,0,0,0,0,1,0
831456,596133,3,1,0,0,0,1,0
831456,548384,3,2,0,0,0,1,0
831456,676153,1,1,0,0,0,0,0
831456,669461,15,1,0,1,0,5,0
831456,703725,3,0,0,1,0,1,0
831456,642575,2,0,3,3,1,0,0
831456,656240,3,0,0,1,0,0,0
831456,677865,3,1,0,1,1,1,0
823078,688297,1,0,0,2,0,0,0
823078,700669,2,0,0,0,0,0,0
823078,668941,4,0,0,0,0,1,0
823078,677865,3,0,0,1,0,0,0
823078,676617,3,1,0,0,0,2,0
823078,669461,18,3,1,1,0,2,1
823078,592773,2,1,0,0,0,1,0
823078,668964,5,1,0,1,0,1,0
823078,623211,2,1,0,0,0,1,0
823078,596133,3,0,0,0,0,1,0
823078,642207,3,0,0,1,0,1,0
823078,642547,16,3,1,2,0,7,0
823078,548384,3,0,0,0,0,2,0
823965,681911,3,0,0,0,0,3,0
823965,595014,1,0,0,0,0,1,0
823965,808967,23,4,1,1,0,7,1
823965,548384,3,1,1,2,0,1,0
823965,690997,21,2,1,2,0,8,0
823641,596133,4,1,0,1,0,3,0
823641,605280,21,5,2,1,0,3,1
823641,548384,2,1,0,1,0,1,0
823641,623437,1,1,0,1,0,0,0
823641,696070,6,2,0,3,0,0,0
823641,687570,12,4,2,0,0,6,0
823641,573124,2,1,1,1,0,0,0
823641,679358,3,0,0,0,0,2,0
824041,680704,6,1,0,1,0,0,0
824041,681217,1,1,0,0,0,0,0
824041,820862,3,1,1,0,0,1,1
824041,700712,15,2,1,3,0,4,0
824041,608718,2,2,2,0,0,1,0
824041,623211,3,0,0,0,0,1,0
824041,596133,3,0,0,0,0,2,0
824041,642207,3,0,0,0,0,2,0
824041,681035,15,3,2,0,1,8,1
824041,548384,3,0,0,0,0,1,0
823637,596133,3,1,0,0,0,0,0
823637,642207,3,0,0,0,0,2,0
823637,673540,8,3,3,3,1,1,1
823637,605218,10,0,0,3,0,5,0
823637,548384,3,0,0,0,0,1,0
823637,801403,21,5,0,2,0,7,0
823637,688642,3,1,0,0,0,0,0
823637,678020,3,0,0,1,0,0,0
823634,596133,3,2,2,0,0,1,1
823634,642207,3,1,0,0,0,0,0
823634,642547,18,4,1,3,0,6,0
823634,548384,3,0,0,0,0,2,0
823634,571945,12,3,3,1,0,3,1
823634,663992,2,1,0,0,0,0,0
823634,681402,4,1,0,0,0,1,0
823634,680730,9,2,1,1,0,0,0
825088,666661,4,0,0,0,0,2,0
825088,656464,1,3,1,0,0,1,0
825088,642528,2,0,0,0,0,0,0
825088,669194,20,2,1,1,0,7,1
825088,805299,3,0,0,0,0,0,0
825088,668964,3,0,0,0,0,2,0
825088,596133,3,1,0,2,0,1,0
825088,642207,3,0,0,0,0,1,0
825088,548384,3,1,0,0,0,0,0
825088,690997,18,3,1,1,1,6,1
823632,681810,6,1,0,2,0,3,0
823632,642547,18,7,2,1,0,7,1
823632,548384,3,2,0,0,0,1,0
823632,663947,4,0,0,0,0,3,0
823632,572143,1,1,1,2,0,1,0
823632,656427,11,6,3,3,0,2,0
823632,668670,1,0,0,0,0,0,0
823632,646241,4,2,2,0,0,1,0
823632,676568,3,4,1,1,0,1,0
823627,623211,4,0,0,0,0,2,0
823627,596133,6,1,0,0,0,2,0
823627,642207,3,0,0,0,0,1,0
823627,656849,12,6,2,3,1,8,0
823627,548384,2,2,0,0,1,1,0
823627,621112,3,1,0,1,0,1,0
823627,607074,11,3,2,3,0,6,0
823627,657612,1,2,1,0,0,0,0
823627,687396,5,1,1,1,0,3,0
823627,656234,2,1,1,0,0,1,0
823627,666808,2,0,0,0,0,0,0
822733,690925,3,0,0,1,0,2,0
822733,676917,21,4,2,1,2,9,0
822733,687377,3,2,0,0,0,1,0
822733,623211,3,0,0,0,0,0,0
822733,596133,3,0,0,1,0,1,0
822733,642207,3,1,0,0,0,1,0
822733,656849,15,4,1,3,0,3,0
822733,548384,3,0,0,0,0,2,0
823861,664126,3,1,0,1,0,1,0
823861,663969,11,2,0,2,0,4,0
823861,676534,4,2,0,0,0,1,0
823861,667463,2,0,0,1,1,0,0
823861,656848,4,0,0,0,0,2,0
823861,669622,3,0,0,1,0,0,0
823861,623211,2,1,0,0,0,0,0
823861,596133,3,0,0,0,0,1,0
823861,642207,1,2,4,2,0,0,1
823861,681035,17,4,0,2,1,5,0
823861,548384,2,2,0,1,0,0,0
823626,668964,2,2,1,0,0,0,0
823626,623211,3,1,0,1,0,2,0
823626,596133,4,1,0,0,0,1,0
823626,804636,11,3,0,4,0,1,0
823626,642207,3,0,0,3,0,3,0
823626,548384,4,1,0,1,1,1,0
823626,657571,4,0,0,0,0,1,0
823626,687209,2,2,1,1,0,0,0
823626,671096,18,6,3,1,0,4,2
823623,668964,3,2,2,0,0,0,1
823623,681810,3,0,0,0,0,1,0
823623,623211,3,1,1,1,0,0,0
823623,596133,3,2,0,0,0,0,0
823623,621345,3,0,0,0,0,2,0
823623,642547,14,8,4,1,0,5,0
823623,548384,1,0,0,0,0,1,0
823623,806188,1,1,1,1,0,1,0
823623,656848,3,0,0,0,0,1,0
823623,664126,1,1,1,0,0,0,1
823623,669622,3,0,0,0,0,1,0
823623,676534,2,0,0,0,0,0,0
823623,676974,18,6,5,3,0,6,1
823291,673513,5,2,2,0,0,1,2
823291,593974,3,2,0,1,0,0,0
823291,676760,7,1,1,1,1,3,0
823291,681190,12,8,4,2,0,3,1
823291,640455,12,4,2,1,0,3,1
823291,623211,3,0,0,2,0,0,0
823291,596133,3,1,0,0,0,0,0
823291,642207,3,1,1,1,0,2,0
823291,621345,3,1,0,0,0,0,0
823291,548384,3,0,0,0,0,2,0
823131,678606,3,0,0,0,0,1,0
823131,666374,3,0,0,0,1,1,0
823131,662253,3,0,0,0,0,1,0
823131,642100,3,0,0,0,0,2,0
823131,676106,18,2,2,0,0,7,2
823131,640455,15,1,1,1,0,4,1
823131,681810,3,0,0,0,1,0,0
823131,596133,4,0,0,0,0,1,0
823131,642207,3,0,0,0,0,2,0
823131,621345,1,1,0,0,0,1,0
823131,548384,2,2,1,0,0,1,1
823130,678606,3,1,0,0,0,1,0
823130,695380,6,1,1,0,0,1,0
823130,681867,3,1,0,0,0,1,0
823130,669923,12,9,4,1,0,5,0
823130,660825,3,2,1,0,0,2,0
823130,680702,3,0,0,0,0,0,0
823130,596133,3,0,0,0,0,2,0
823130,642547,18,6,1,2,0,6,1
823130,548384,3,0,0,1,0,1,0
823619,596133,3,0,0,0,0,0,0
823619,642207,3,0,0,0,0,2,0
823619,621345,4,0,0,0,0,0,0
823619,681035,14,7,4,1,0,6,3
823619,548384,3,0,0,1,0,1,0
823619,700669,2,0,0,0,0,1,0
823619,668941,4,1,1,0,0,1,1
823619,690928,13,7,3,0,0,5,2
823619,677865,1,2,1,0,0,1,0
823619,666277,4,0,0,0,0,1,0
823617,623211,5,0,0,0,0,4,0
823617,642207,4,2,0,0,0,2,0
823617,672335,4,1,1,0,0,0,1
823617,548384,2,3,2,0,0,1,0
823617,690997,12,3,2,4,0,6,0
823617,675911,9,6,7,1,1,3,3
823617,702275,15,2,0,2,0,5,0
823449,621237,3,1,0,0,0,2,0
823449,554430,17,4,2,3,0,7,1
823449,661395,3,1,0,0,0,3,0
823449,689147,3,0,0,0,0,1,0
823449,680742,1,0,0,0,0,1,0
823449,681810,6,2,1,1,0,2,1
823449,621345,3,0,0,0,0,0,0
823449,656849,12,6,4,2,0,5,1
823449,548384,3,1,0,0,1,0,0
824900,702566,3,1,1,0,1,1,0
824900,669276,3,0,0,2,0,0,0
824900,800311,3,4,1,0,0,1,0
824900,641755,3,0,0,1,0,1,0
824900,625643,15,3,1,2,0,5,1
824900,628452,3,3,3,0,0,1,1
824900,596133,3,1,0,2,0,1,0
824900,642207,2,3,2,1,0,0,1
824900,672335,4,1,0,0,0,3,0
824900,670871,3,0,0,1,0,1,0
824900,621345,3,2,0,0,0,1,0
824900,642547,14,6,1,1,1,6,1
824900,548384,1,0,0,0,0,1,0
824503,666157,14,11,7,2,0,2,0
824503,663978,13,4,2,1,0,2,0
824503,681810,3,1,0,1,0,0,0
824503,548384,3,1,0,0,0,0,0
824503,690997,21,3,0,1,1,9,0
822793,667297,5,1,0,1,0,2,0
822793,671936,1,0,0,0,0,1,0
822793,592332,18,5,1,2,0,7,1
822793,689254,3,1,1,0,0,1,1
822793,596133,3,0,0,0,0,0,0
822793,642207,3,1,0,0,0,0,0
822793,548384,3,0,0,0,0,2,0
822793,690997,18,5,0,2,0,7,0
823605,668964,6,3,1,1,0,1,0
823605,675540,3,1,1,1,0,1,0
823605,681035,15,3,0,1,0,5,0
823605,548384,3,1,0,0,0,0,0
823605,621016,1,2,0,1,0,1,0
823605,621381,1,0,0,0,0,1,0
823605,656638,2,3,5,1,1,0,0
823605,677976,17,3,0,3,0,2,0
823605,674444,3,1,1,0,0,2,1
823611,640455,9,6,3,2,0,4,0
823611,623211,6,0,0,0,0,4,0
823611,596133,3,0,0,1,0,1,0
823611,642207,3,3,0,0,0,1,0
823611,621345,3,1,0,0,0,1,0
823611,548384,3,2,2,1,0,0,0
823611,571948,3,1,0,1,0,1,0
823611,684007,16,4,4,1,0,4,3
823611,657097,3,0,0,2,0,1,0
823611,668970,2,2,1,0,0,1,1
823611,663423,3,1,0,0,0,1,0
823612,681810,4,0,0,1,0,2,0
823612,596133,3,0,0,0,0,3,0
823612,642207,3,0,0,0,0,1,0
823612,642547,17,5,0,1,0,5,0
823612,548384,3,1,0,0,0,1,0
823612,571948,0,3,1,0,0,0,1
823612,681799,3,0,1,1,0,0,0
823612,573204,3,0,0,0,0,2,0
823612,657097,3,0,0,1,0,0,0
823612,663423,3,0,0,0,0,0,0
823612,571510,14,4,0,4,0,4,0
823612,664208,4,2,1,0,1,2,1
823440,686751,6,1,1,1,0,2,0
823440,680742,3,0,0,1,0,0,0
823440,605400,18,6,3,4,0,6,3
823440,623211,3,0,0,0,0,0,0
823440,596133,3,1,1,0,0,0,1
823440,642207,3,0,0,0,0,1,0
823440,681035,17,3,0,0,0,7,0
823440,548384,1,0,0,1,0,1,0
823760,694477,1,2,1,0,0,1,0
823760,687075,14,4,2,4,0,4,1
823760,669060,12,7,1,0,0,2,1
823760,596133,3,0,0,0,0,0,0
823760,642207,3,1,0,0,0,0,0
823760,548384,3,0,0,0,0,1,0
823760,804267,18,3,0,1,0,2,0
823017,681517,15,6,1,0,0,6,0
823017,700669,5,0,0,0,0,0,0
823017,677865,4,0,0,1,0,0,0
823017,703725,3,0,0,1,0,2,0
823017,621237,1,1,2,3,0,0,0
823017,554430,15,6,4,1,1,5,0
823017,663767,5,1,0,0,1,2,0
823017,548384,3,0,0,0,0,2,0
823599,596133,3,2,0,0,1,0,0
823599,642207,3,1,0,0,0,3,0
823599,672335,6,0,0,0,0,3,0
823599,642547,12,6,2,2,0,3,0
823599,548384,3,0,0,0,0,1,0
823599,694361,3,2,4,2,0,1,1
823599,623465,2,1,1,0,0,1,1
823599,656212,3,0,0,1,0,2,0
823599,686218,15,3,1,2,1,5,0
823599,676263,1,0,2,2,0,0,0
823595,548384,5,1,0,0,0,1,0
823595,642207,3,0,0,1,0,2,0
823595,690997,19,6,2,2,0,6,2
823595,669199,3,0,0,0,0,0,0
823595,667463,1,0,0,0,0,1,0
823595,656848,2,3,2,0,0,1,0
823595,691587,18,3,1,2,0,6,0
823425,666200,21,4,2,1,0,12,0
823425,661395,3,1,0,1,0,1,0
823425,689147,3,4,3,0,0,0,0
823425,641835,3,0,0,1,0,2,0
823425,668873,3,1,0,0,0,0,0
823425,548384,3,0,0,0,0,0,0
823425,669456,17,6,5,3,0,4,2
823425,693686,1,0,0,0,0,1,0
823425,663893,3,0,0,2,0,3,0
823425,689254,3,0,0,0,0,1,0
823425,680755,6,0,0,3,0,0,0
823425,643511,3,1,0,2,0,0,0
823425,681751,1,3,1,1,0,0,0
823429,621237,3,0,0,2,1,1,0
823429,661395,3,2,0,0,0,1,0
823429,689147,3,0,0,0,0,0,0
823429,680742,3,0,0,1,0,2,0
823429,663767,2,1,1,1,0,0,0
823429,641835,3,0,0,1,0,0,0
823429,668873,1,1,4,2,0,1,0
823429,548384,3,3,2,0,0,2,1
823429,691725,12,3,1,1,1,4,0
823429,702021,2,0,0,1,0,0,0
823429,690925,3,0,0,1,0,1,0
823429,695418,3,0,0,0,0,0,0
823429,663623,16,3,2,2,0,3,1
823429,687377,4,0,0,1,0,0,0
823429,676680,4,0,0,0,1,0,0
823429,672442,1,2,1,1,0,1,0
823601,640455,18,6,1,2,0,3,0
823601,672335,3,1,0,0,0,2,0
823601,621345,3,2,2,0,0,0,1
823601,548384,3,2,1,1,0,0,0
823601,656945,3,0,0,0,0,1,0
823601,623465,3,1,1,0,0,1,1
823601,808963,21,3,1,2,0,9,1
823669,667297,3,1,0,0,0,1,0
823669,671737,12,7,5,4,0,3,2
823669,573124,4,0,0,0,0,2,0
823669,701519,8,4,2,0,0,1,1
823669,661395,3,1,0,0,0,0,0
823669,689147,3,0,0,0,0,1,0
823669,680742,3,1,0,0,0,0,0
823669,605400,15,5,1,3,0,9,1
823669,548384,3,1,0,0,0,2,0
823427,650911,18,8,1,3,0,6,0
823427,661395,3,2,1,0,0,0,0
823427,689147,1,0,0,0,0,1,0
823427,680742,3,3,2,1,0,2,0
823427,548384,2,1,1,0,0,0,1
823427,680767,3,0,0,2,1,0,0
823427,667463,3,1,2,3,0,0,0
823427,806188,3,2,1,0,0,0,0
823427,676083,15,8,2,2,0,2,0
823420,666200,17,6,4,1,0,9,2
823420,661395,3,1,0,0,0,2,0
823420,689147,4,1,0,0,1,1,0
823420,641835,2,2,0,0,0,1,0
823420,686934,3,1,0,0,0,0,0
823420,548384,1,1,0,0,0,0,0
823420,700669,2,1,0,1,0,0,0
823420,690928,12,5,3,3,0,3,0
823420,657571,4,2,2,1,0,1,0
823420,677865,6,1,0,0,0,0,0
823420,703725,3,2,1,0,0,2,0
823423,621237,3,1,0,0,0,0,0
823423,554430,15,2,2,4,0,7,1
823423,689147,3,1,0,0,0,1,0
823423,686934,3,1,0,1,0,0,0
823423,548384,3,0,0,0,0,1,0
823423,694795,5,1,0,0,0,1,0
823423,676604,4,0,0,1,0,1,0
823423,663969,6,2,1,2,0,3,0
823423,676534,2,1,0,0,0,2,0
823423,806188,4,2,1,1,0,1,0
823423,656848,3,4,4,0,1,0,0
824854,687064,17,7,3,1,0,5,1
824854,671382,6,3,0,1,0,1,0
824854,552640,3,0,0,0,0,0,0
824854,666974,1,0,0,0,0,0,0
824854,678394,10,13,8,1,0,2,5
824854,663558,8,3,1,1,0,1,1
824854,670245,6,4,1,0,0,2,0
823870,694795,3,2,1,1,0,0,0
823870,676534,3,1,0,0,0,1,0
823870,676974,15,6,2,2,0,5,0
823870,656848,3,0,0,0,0,1,0
823870,677053,3,0,0,0,0,1,0
823870,669211,3,2,0,0,0,1,0
823870,700249,9,3,3,2,1,1,1
823870,552640,2,1,0,0,0,1,0
823870,666974,6,0,0,0,0,0,0
823870,608650,6,0,0,1,0,1,0
823873,694795,3,0,0,0,0,2,0
823873,645261,13,8,7,3,0,5,0
823873,656848,3,0,0,0,0,2,0
823873,687531,3,0,0,0,0,1,0
823873,669622,2,0,0,0,0,0,0
823873,677053,3,2,2,2,0,0,0
823873,669211,3,0,0,0,0,1,0
823873,670329,4,0,0,1,0,2,0
823873,605135,12,6,4,3,2,3,0
823873,689296,4,2,2,0,0,1,2
823873,552640,2,1,0,1,0,1,0
823873,664991,2,0,0,0,0,2,0
824849,670329,1,0,0,0,0,1,0
824849,669358,17,6,1,1,0,6,1
824849,689296,3,3,2,0,0,2,0
824849,664854,3,0,0,0,0,0,0
824849,552640,3,2,0,1,0,3,0
824849,678906,9,5,2,0,0,2,0
824849,680802,11,2,3,2,0,3,1
824849,595345,1,2,0,0,0,0,0
824849,656986,3,0,0,0,0,3,0
824847,642152,7,2,0,0,0,3,0
824847,669358,14,5,5,3,0,5,1
824847,552640,3,2,1,1,0,1,0
824847,608650,3,2,0,0,0,1,0
824847,605130,3,0,0,1,0,2,0
824847,669270,3,0,0,0,0,0,0
824847,650644,15,6,0,3,0,6,0
824847,663687,3,0,0,0,0,2,0
824847,643410,3,3,2,0,0,1,0
822737,676571,2,1,0,1,0,0,0
822737,676917,19,8,3,0,0,8,2
822737,687377,3,1,0,0,0,2,0
822737,687606,3,0,0,1,0,2,0
822737,669211,1,3,6,2,0,0,0
822737,605135,15,6,4,1,1,4,1
822737,677020,3,2,2,1,0,1,1
822737,552640,2,1,1,0,0,0,1
822737,608650,3,1,0,0,0,0,0
822980,663556,15,6,4,2,0,6,1
822980,686678,9,6,2,1,0,4,1
822980,685801,3,0,0,0,0,1,0
822980,669432,11,8,7,2,0,3,0
822980,642215,3,2,0,0,0,0,0
822980,671382,4,5,4,2,0,0,1
822980,552640,3,0,0,0,0,1,0
822980,608650,3,3,4,3,0,0,0
824836,669211,4,1,0,0,0,0,0
824836,689296,3,0,0,0,0,0,0
824836,694346,17,6,1,4,0,1,0
824836,552640,3,0,0,0,0,3,0
824836,666974,0,3,1,1,0,0,0
824836,571927,9,7,6,2,0,2,1
824836,669169,12,8,5,0,0,2,2
824836,685801,3,1,0,0,0,1,0
824754,813349,16,6,4,1,0,6,2
824754,669711,5,0,0,0,0,3,0
824754,701719,6,3,0,1,0,2,0
824754,670329,3,0,0,0,0,2,0
824754,669358,21,4,2,2,0,6,0
824754,552640,3,1,0,0,0,1,0
824830,669211,4,0,0,0,0,0,0
824830,669432,17,6,3,1,0,3,1
824830,669330,3,1,0,0,0,1,0
824830,670329,3,1,1,0,0,0,1
824830,552640,3,3,1,0,0,1,0
824830,678606,3,3,2,1,0,1,1
824830,689546,3,1,0,0,1,1,0
824830,695380,3,1,0,0,0,1,0
824830,669302,18,3,1,2,0,5,0
824830,642100,3,0,0,0,1,0,0
824753,678394,15,7,8,3,1,4,0
824753,592454,6,2,0,2,0,1,0
824753,663558,6,1,0,1,0,3,0
824753,669211,3,1,0,0,0,1,0
824753,669432,17,5,1,1,0,3,0
824753,669330,3,0,0,0,0,1,0
824753,552640,3,1,1,0,0,1,1
824753,666974,1,0,0,0,0,0,0
824827,669330,9,0,0,1,0,4,0
824827,670329,2,2,0,0,0,0,0
824827,680694,12,7,5,3,0,5,3
824827,552640,3,0,0,0,0,0,0
824827,664991,1,0,0,0,0,0,0
824827,689546,4,0,0,0,0,1,0
824827,695380,5,0,0,2,0,2,0
824827,693433,15,7,7,1,1,4,2
824826,669211,3,1,0,0,0,0,0
824826,669358,15,6,2,2,1,1,0
824826,689296,3,0,0,1,0,2,0
824826,552640,3,0,0,0,0,0,0
824826,666974,3,0,0,0,0,3,0
824826,688158,4,1,0,0,1,2,0
824826,593974,5,1,0,2,0,3,0
824826,656288,15,6,7,5,0,6,2
824818,665152,18,4,1,1,0,4,1
824818,669330,6,0,0,0,0,2,0
824818,552640,3,0,0,0,0,0,0
824818,685126,3,1,1,0,0,1,1
824818,670950,4,1,1,2,0,2,0
824818,702273,13,2,3,4,0,7,1
824818,663542,1,2,1,0,0,0,0
824818,663855,3,1,0,1,0,2,0
824018,681217,3,2,1,0,0,1,0
824018,667755,9,6,5,2,0,4,2
824018,815083,6,1,0,1,1,1,0
824018,820862,4,0,0,0,0,1,0
824018,696147,3,0,0,0,0,1,0
824018,696519,5,0,0,0,0,2,0
824018,669211,2,2,0,0,0,1,0
824018,669330,4,1,0,1,0,4,0
824018,670329,3,2,3,1,0,1,0
824018,694346,12,3,2,2,0,5,1
824018,664854,3,0,0,0,0,2,0
824018,552640,1,1,0,1,0,1,0
824018,664991,2,0,0,0,0,1,0
824018,666974,2,0,0,2,0,2,0
823128,669302,21,2,1,1,1,10,0
823128,662253,3,1,0,0,0,1,0
823128,660825,3,0,0,0,0,1,0
823128,669211,3,1,0,1,0,0,0
823128,687064,18,4,3,4,0,2,0
823128,552640,2,0,0,0,0,0,0
823128,664991,1,1,0,1,0,0,0
823936,669165,3,0,0,0,0,1,0
823936,694361,2,2,1,1,0,0,0
823936,676263,2,1,1,0,0,1,0
823936,595014,3,0,0,0,0,2,0
823936,808963,17,4,3,1,0,6,2
823936,694346,15,7,3,4,0,8,0
823936,669330,5,2,0,0,0,3,0
823936,664854,2,2,2,2,0,0,1
823936,552640,3,1,0,0,0,1,0
823936,666974,1,0,0,0,0,1,0
824499,668881,10,7,8,4,0,7,1
824499,695076,9,2,0,3,0,0,0
824499,594580,2,1,0,0,0,1,0
824499,670062,6,0,0,0,0,1,0
824499,669330,3,1,0,1,0,0,0
824499,687064,15,8,4,3,0,5,0
824499,552640,3,0,0,0,0,1,0
824499,664991,3,0,1,1,0,0,0
824499,666974,3,2,0,1,0,0,0
823937,681911,3,0,0,1,0,2,0
823937,683618,3,0,0,1,0,2,0
823937,642546,3,1,0,0,0,1,0
823937,808967,18,6,3,2,0,6,0
823937,669432,21,1,0,2,0,6,0
823937,670329,2,1,0,0,0,2,0
823937,552640,1,1,1,1,0,0,1
823937,664991,1,0,0,0,0,0,0
823937,666974,2,1,0,0,0,1,0
824825,669211,6,1,0,1,0,2,0
824825,670329,3,2,0,0,0,1,0
824825,687064,15,7,2,2,0,8,1
824825,664854,3,2,0,0,0,1,0
824825,552640,3,1,0,0,0,2,0
824825,676571,2,1,1,0,0,1,0
824825,690925,3,0,0,0,0,2,0
824825,664875,3,1,0,1,0,0,0
824825,687377,1,2,1,0,0,0,0
824825,656492,21,3,0,2,0,9,0
824816,669432,18,5,1,2,0,4,1
824816,669330,3,2,1,0,0,1,0
824816,552640,3,1,0,0,0,0,0
824816,666974,3,1,0,0,0,0,0
824816,573204,2,0,0,0,0,1,0
824816,621053,1,0,2,0,2,1,0
824816,668970,4,0,0,2,0,1,0
824816,656849,15,2,1,4,0,2,1
824816,669020,2,1,0,1,0,0,0
824817,670329,3,0,0,0,0,1,0
824817,687064,21,8,3,1,0,5,2
824817,552640,3,1,0,0,0,1,0
824817,679883,15,7,3,3,0,3,1
824817,621381,3,2,2,0,0,2,1
824817,663738,3,0,0,0,0,1,0
824817,674444,3,0,0,0,0,1,0
824814,670329,3,1,0,0,0,0,0
824814,669358,14,8,2,0,0,9,0
824814,689296,3,0,0,0,0,1,0
824814,552640,3,0,0,0,0,0,0
824814,664991,2,0,0,0,0,1,0
824814,666974,2,1,0,0,0,0,0
824814,668674,3,1,1,0,1,2,1
824814,621381,1,4,5,1,0,1,0
824814,694360,3,2,0,0,0,0,0
824814,607625,12,4,2,2,1,6,1
824814,674444,3,0,0,0,1,0,0
824814,670167,2,1,0,1,0,1,0
824170,660853,3,0,0,1,0,0,0
824170,595345,3,0,0,0,0,2,0
824170,663567,18,3,1,3,1,10,0
824170,687911,3,2,2,0,0,1,1
824170,665152,12,4,2,3,0,5,0
824170,669330,3,1,0,1,0,1,0
824170,689296,6,0,0,2,1,0,0
824170,552640,3,0,0,1,0,1,0
824170,664991,1,1,0,2,0,0,0
824170,676742,2,0,0,0,0,1,0
824732,700842,2,3,4,2,0,1,0
824732,687941,3,0,0,0,0,1,0
824732,678394,16,4,0,1,2,5,0
824732,663558,3,1,1,1,0,1,0
824732,670245,3,1,0,0,0,0,0
824732,669330,3,0,0,0,1,0,0
824732,680694,18,4,1,1,1,4,0
824732,552640,3,1,0,0,0,1,0
824732,666974,3,0,0,0,0,0,0
824245,623454,5,1,0,0,0,0,0
824245,621097,6,0,0,2,0,2,0
824245,663947,1,1,1,1,0,0,1
824245,672456,13,9,4,1,1,1,1
824245,669724,2,1,1,0,0,0,1
824245,670329,3,0,0,0,0,2,0
824245,680694,14,10,5,1,0,4,0
824245,552640,3,1,0,0,0,1,0
824245,664991,4,0,0,0,0,2,0
824245,666974,3,0,0,0,0,1,0
824812,669432,21,6,2,0,0,6,0
824812,669330,3,1,0,0,0,2,0
824812,670329,3,1,1,0,0,2,1
824812,552640,2,2,0,0,0,2,1
824812,664991,1,1,0,0,0,0,0
824812,669276,3,2,2,0,0,2,1
824812,641755,1,0,0,0,0,0,0
824812,622694,9,1,0,3,0,2,0
824812,664849,2,0,0,2,0,2,0
824812,656550,15,6,3,2,0,5,0
824169,650556,3,0,0,0,0,0,0
824169,623352,3,0,0,0,0,3,0
824169,660853,3,2,1,1,0,2,0
824169,595345,3,1,0,0,0,1,0
824169,805123,6,1,0,1,0,3,0
824169,681293,15,1,1,4,1,6,0
824169,669432,19,7,1,1,0,8,0
824169,669330,3,0,0,0,0,1,0
824169,670329,2,0,0,1,0,0,0
824169,552640,3,2,0,0,0,0,0
824169,666974,3,0,0,0,0,0,0
824169,676742,3,0,0,0,0,1,0
824800,669432,21,6,3,1,0,6,1
824800,670329,3,0,0,0,0,2,0
824800,552640,3,1,0,0,0,2,0
824800,664076,3,1,0,0,0,0,0
824800,642547,21,7,5,1,1,6,2
822942,669330,3,1,0,0,0,0,0
822942,571927,3,0,0,0,0,1,0
822942,688297,6,4,2,0,0,1,1
822942,592155,3,0,0,0,0,2,0
822942,664076,1,2,2,1,0,0,0
822942,687330,2,1,0,0,0,0,0
822942,669947,9,4,2,2,0,2,1
822942,670329,3,0,0,1,0,0,0
822942,605135,16,5,2,3,0,3,0
822942,677020,2,0,0,0,0,1,0
822942,552640,3,1,0,0,0,1,0
822942,666974,2,3,3,1,0,1,0
822942,676742,1,0,0,1,0,0,0
822941,668984,6,0,0,0,0,4,0
822941,592155,3,1,0,0,0,0,0
822941,693855,18,6,3,1,0,9,2
822941,641329,3,2,0,1,0,2,0
822941,670329,3,0,0,0,0,0,0
822941,695380,2,1,0,0,0,0,0
822941,680694,18,7,2,4,0,3,0
822941,677020,1,0,0,0,0,0,0
822941,552640,3,3,1,0,0,0,0
822941,676742,3,0,0,1,0,2,0
824933,669276,3,1,1,0,0,2,0
824933,660761,3,3,2,1,0,3,0
824933,641755,3,1,1,1,0,1,0
824933,693821,21,6,3,1,0,2,0
824933,621237,4,1,0,0,0,0,0
824933,554430,15,3,2,3,0,6,0
824933,689147,4,0,0,1,0,1,0
824933,621383,0,3,2,0,0,0,0
824933,641745,4,0,0,0,0,1,0
824933,679775,3,2,0,0,0,0,0
823673,667297,3,1,0,0,0,2,0
823673,573124,3,0,0,1,0,2,0
823673,641927,18,8,5,1,0,4,3
823673,681892,3,2,0,1,0,1,0
823673,687064,18,6,1,3,1,4,0
823673,677020,3,0,0,0,0,1,0
823673,552640,3,0,0,0,0,1,0
823673,666974,3,1,0,1,0,1,0
824808,670329,2,0,0,0,0,0,0
824808,669358,19,6,1,1,0,4,0
824808,682274,4,1,0,0,0,3,0
824808,552640,1,3,2,1,0,0,0
824808,664991,1,0,2,2,0,0,0
824808,621237,3,0,0,0,0,0,0
824808,650911,18,2,0,5,0,11,0
824808,661395,3,0,0,0,0,0,0
824808,680742,3,1,0,0,0,3,0
824805,670329,3,1,0,1,0,1,0
824805,700249,18,7,0,1,0,7,0
824805,552640,3,1,0,0,0,1,0
824805,666974,3,1,0,0,0,2,0
824805,815083,3,1,1,1,0,1,1
824805,680570,21,3,2,1,1,6,0
824806,669432,18,3,2,0,0,9,1
824806,670329,1,0,0,0,0,0,0
824806,695380,2,1,0,0,0,0,0
824806,552640,3,0,0,0,0,0,0
824806,666974,3,0,0,0,0,2,0
824806,690829,3,0,0,1,0,1,0
824806,820862,3,1,2,0,1,3,1
824806,641312,6,1,0,0,0,3,0
824806,672282,12,4,3,1,0,5,2
823877,669199,7,0,0,0,0,3,0
823877,806188,5,5,4,1,1,1,1
823877,691587,15,4,2,2,0,6,0
823877,621237,1,2,0,0,0,1,0
823877,554430,18,3,1,2,0,8,0
823877,689147,3,0,0,0,1,1,0
823877,680742,2,2,3,1,0,0,0
823877,641745,3,1,1,1,0,2,0
823381,694973,15,6,5,1,1,7,1
823381,670990,3,0,0,0,0,3,0
823381,676755,3,1,0,0,1,0,0
823381,642701,3,1,1,0,0,2,1
823381,664875,3,0,0,0,0,1,0
823381,554430,21,4,0,1,0,8,0
823381,680742,3,1,0,0,0,1,0
823381,621383,3,0,0,0,0,0,0
823457,621237,3,1,2,1,0,1,1
823457,554430,21,2,2,3,0,8,1
823457,689147,3,1,0,1,0,1,0
823457,673513,3,0,0,1,0,2,0
823457,593974,5,0,0,0,0,1,0
823457,670970,1,3,3,1,0,0,0
823457,676760,3,1,0,0,0,2,0
823457,608337,12,6,2,1,0,5,1
823470,621237,2,1,0,1,0,2,0
823470,554430,19,5,3,1,0,4,1
823470,689147,1,0,0,0,0,0,0
823470,641835,2,0,0,0,0,1,0
823470,641745,3,1,0,2,0,1,0
823470,686993,2,0,0,0,0,0,0
823470,663687,2,2,0,0,0,0,0
823470,678022,4,2,2,1,0,2,0
823470,605488,16,8,2,0,0,4,1
824764,677161,3,0,0,0,0,1,0
824764,678394,19,4,1,1,0,5,0
824764,701719,2,0,0,1,0,1,0
824764,663558,3,1,1,0,0,2,1
824764,621237,2,0,0,0,0,1,0
824764,554430,22,6,1,0,1,4,0
824764,661395,3,1,0,1,0,2,0
823946,681911,1,0,0,0,0,1,0
823946,683618,2,2,1,0,0,0,0
823946,656945,3,0,0,0,0,1,0
823946,680736,21,1,1,0,0,9,1
823946,554430,18,5,4,1,0,4,4
823946,641835,6,1,0,0,0,1,0
823452,554430,18,2,0,3,0,9,0
823452,680742,3,1,0,0,0,2,0
823452,663767,3,1,0,0,0,1,0
823452,641835,3,1,0,0,0,1,0
823452,806188,3,2,2,1,0,1,0
823452,687473,14,8,5,3,0,1,2
823452,687531,7,0,0,0,1,2,0
822805,686973,3,1,1,1,0,1,0
822805,656546,3,1,0,0,0,2,0
822805,656302,18,3,1,1,0,11,0
822805,689254,3,0,0,0,0,1,0
822805,621237,2,0,0,0,0,1,0
822805,554430,18,6,1,0,1,5,1
822805,661395,0,3,2,0,0,0,0
822805,689147,4,0,0,0,0,2,0
823610,623211,3,2,1,1,0,1,0
823610,672335,6,2,0,0,0,1,0
823610,804267,18,5,1,1,0,7,0
823610,554430,21,4,1,1,0,5,0
823610,661395,3,1,0,0,0,1,0
823610,689147,3,0,0,0,0,1,0
823446,554430,14,9,4,1,0,10,1
823446,661395,3,1,0,0,0,1,0
823446,686751,3,1,2,2,0,1,0
823446,689147,5,0,0,0,0,0,0
823446,679775,2,1,0,0,2,1,0
823446,694973,12,6,7,2,1,5,2
823446,670990,4,2,0,1,0,4,0
823446,642701,3,2,2,0,0,2,1
823446,676742,5,1,0,2,0,2,0
823437,621237,3,0,0,0,0,1,0
823437,554430,21,5,2,0,0,9,1
823437,680742,3,0,0,0,0,1,0
823437,656945,5,2,0,0,0,2,0
823437,680736,19,5,1,1,0,7,0
823437,623465,3,0,0,0,0,2,0
824250,669373,15,4,2,1,1,5,0
824250,689225,1,0,0,0,0,1,0
824250,805427,2,1,0,1,0,1,0
824250,672456,9,4,3,1,0,5,0
824250,621237,3,0,0,0,0,2,0
824250,554430,18,2,0,2,0,10,0
824250,689147,3,0,0,0,0,1,0
824250,680742,3,0,0,0,0,1,0
823839,676604,2,2,0,0,0,1,0
823839,663969,15,3,2,2,1,5,1
823839,676534,3,0,0,1,0,2,0
823839,667463,6,3,1,0,0,1,0
823839,806188,1,2,3,1,0,0,0
823839,621237,3,0,0,0,0,1,0
823839,554430,9,6,5,1,0,6,2
823839,661395,1,5,3,0,1,0,0
823839,689147,3,1,0,0,0,0,0
823839,680742,3,0,0,0,0,1,0
823839,679775,6,2,0,1,0,1,0
823428,554430,16,7,4,5,0,6,1
823428,663767,3,1,0,0,0,1,0
823428,641835,5,0,0,0,0,0,0
823428,668873,3,1,1,0,0,0,1
823428,667755,14,4,1,3,0,3,0
823428,663893,2,0,0,2,0,0,0
823428,663362,3,0,0,0,0,1,0
823428,689254,1,0,0,0,0,1,0
823428,643511,3,1,1,3,0,0,0
823428,681751,4,0,0,2,0,1,0
824495,572955,3,0,0,1,0,0,0
824495,657571,1,2,1,0,0,0,0
824495,594580,3,1,0,0,0,1,0
824495,670062,2,0,0,1,0,0,0
824495,671096,18,5,3,0,0,8,1
824495,554430,21,4,1,0,0,14,1
824495,661395,3,1,0,0,0,3,0
824495,689147,2,0,0,3,0,0,0
824495,680742,1,0,0,0,0,1,0
831902,571510,14,9,8,2,0,5,3
831902,664208,3,1,0,0,0,1,0
831902,640451,3,1,0,0,0,2,0
831902,595881,1,0,0,0,0,1,0
831902,571948,3,2,0,0,0,1,0
831902,573204,3,1,0,0,0,0,0
831902,622088,2,0,0,0,0,0,0
831902,693312,2,0,1,4,0,0,0
831902,656271,3,3,3,0,0,1,1
831902,687209,3,2,1,1,0,1,0
831902,670062,1,0,0,0,0,1,0
831902,682227,16,6,1,1,0,2,1
824704,571948,3,1,0,0,1,0,0
824704,657097,3,1,0,0,0,2,1
824704,571510,11,6,6,1,0,7,1
824704,676962,10,3,2,1,0,3,1
824704,676571,3,1,0,1,0,0,0
824704,690925,3,0,0,2,0,1,0
824704,695418,7,4,1,0,0,1,0
824704,672335,3,0,0,0,0,2,0
824704,676917,11,3,2,3,0,5,0
824698,694037,3,1,0,0,0,1,0
824698,573204,3,0,0,0,0,2,0
824698,640451,4,1,0,0,0,3,0
824698,571510,17,2,1,2,0,10,0
824698,666171,2,1,0,1,0,1,0
824698,579328,16,6,5,4,0,5,0
824698,608718,6,3,0,0,0,4,0
824661,665871,8,5,4,2,0,1,2
824661,621053,3,0,0,0,0,1,0
824661,669020,1,0,0,0,0,0,0
824661,571510,15,8,3,0,1,2,2
824661,593974,5,2,0,0,0,0,0
824661,676760,5,3,2,3,0,1,2
824661,676664,14,8,6,3,0,4,3
824688,571948,3,1,0,0,0,2,0
824688,656686,3,0,0,0,0,0,0
824688,571510,14,5,2,0,0,5,0
824688,676962,7,3,0,0,0,5,0
824688,592836,12,8,4,1,0,1,2
824688,660604,9,3,1,0,0,5,0
824688,679775,3,2,1,0,0,1,0
823311,695243,3,3,2,0,0,1,0
823311,592094,4,0,0,0,0,1,0
823311,670970,5,0,0,1,0,2,0
823311,681190,15,5,5,3,0,4,2
823311,657097,3,1,1,0,0,1,1
823311,571510,12,8,5,2,0,4,0
823311,664208,3,3,2,0,0,2,0
823311,676962,6,2,0,1,0,1,0
824820,675919,3,0,0,0,0,0,0
824820,669358,18,6,3,3,0,3,0
824820,689296,6,4,2,0,0,2,0
824820,621053,3,0,0,0,0,1,0
824820,657097,1,1,0,0,0,1,0
824820,669020,2,2,2,1,0,2,0
824820,663423,3,0,0,0,0,1,0
824820,571510,18,3,0,2,1,7,0
824491,572955,2,1,1,0,0,0,1
824491,695534,6,2,1,0,0,2,0
824491,695076,6,0,0,2,0,1,0
824491,594580,1,2,2,0,0,1,0
824491,671096,12,4,4,3,0,3,0
824491,573204,1,2,0,0,0,0,0
824491,657097,2,0,0,0,0,0,0
824491,668970,5,1,0,0,0,3,0
824491,571510,19,6,4,1,2,3,1
824657,573204,3,1,1,0,0,2,1
824657,657097,3,3,0,0,0,1,0
824657,663423,3,1,0,0,0,0,0
824657,571510,18,3,1,1,0,4,1
824657,671737,15,7,5,3,0,6,1
824657,696070,3,1,0,0,0,1,0
824657,702474,6,3,1,1,0,4,0
823352,683003,18,2,1,1,0,5,1
823352,642397,3,0,0,0,0,0,0
823352,682254,3,0,0,0,0,3,0
823352,670990,3,2,1,2,0,2,0
823352,696062,3,2,0,0,0,1,0
823352,573204,3,0,0,0,0,1,0
823352,657097,3,1,0,0,0,1,0
823352,668970,3,0,0,0,0,0,0
823352,571510,21,7,1,3,0,4,0
823022,677865,3,0,0,0,0,0,0
823022,676617,3,0,0,1,1,1,0
823022,666277,3,0,0,1,0,2,0
823022,592773,3,0,0,2,0,2,0
823022,703725,3,2,1,0,0,0,1
823022,669160,15,1,0,2,0,3,0
823022,573204,3,1,0,0,0,2,0
823022,657097,3,0,0,0,0,3,0
823022,663423,1,2,2,1,0,0,0
823022,571510,21,4,0,2,1,5,0
824647,663423,4,0,0,0,0,1,0
824647,663765,3,1,0,0,0,0,0
824647,571510,20,9,4,1,0,3,2
824647,683618,3,1,3,3,0,2,0
824647,656945,2,1,0,1,0,2,0
824647,680736,13,7,7,3,0,4,4
824647,642546,6,1,0,0,0,2,0
824644,573204,3,0,0,0,1,0,0
824644,663423,2,0,0,0,0,1,0
824644,571510,16,5,7,3,2,2,4
824644,607067,6,2,1,0,0,1,1
824644,700241,18,5,0,2,0,6,1
824644,677865,3,1,0,0,0,0,0
824644,676617,3,0,0,0,0,0,0
824644,592773,3,2,1,0,0,0,0
822829,667297,2,1,0,0,0,1,0
822829,686973,4,0,0,1,0,1,0
822829,573009,3,0,0,0,0,3,0
822829,680755,6,0,0,0,1,4,0
822829,571578,12,6,4,1,2,3,2
822829,623437,3,2,1,0,0,0,0
822829,680573,12,6,5,1,0,2,1
822829,607455,5,3,3,1,0,1,1
822829,573124,4,3,1,0,0,1,0
823101,622554,3,0,0,0,0,1,0
823101,662253,3,1,1,0,0,2,1
823101,642100,4,1,0,0,0,1,0
823101,660825,3,2,1,2,0,1,1
823101,676106,17,8,3,0,1,6,2
823101,694037,3,0,0,0,0,2,0
823101,657097,3,1,0,0,0,1,0
823101,666171,2,1,0,1,0,0,0
823101,571510,18,6,4,2,0,3,1
823101,607067,3,0,0,1,0,1,0
823801,676879,1,1,0,0,0,0,0
823801,687075,20,4,1,1,0,6,0
823801,672582,3,1,0,0,0,0,0
823801,656730,3,0,0,0,0,2,0
823801,667297,2,1,1,2,0,0,0
823801,686973,2,1,0,0,0,1,0
823801,573009,3,1,0,0,0,1,0
823801,571578,17,4,1,1,0,6,0
824078,668942,3,1,0,0,0,0,0
824078,668674,3,2,0,0,0,2,0
824078,668834,6,5,6,2,0,3,2
824078,677976,15,10,4,1,0,4,0
824078,665871,3,0,0,0,0,0,0
824078,666171,3,1,0,0,0,2,0
824078,571510,21,5,2,3,0,3,1
822824,686973,3,1,0,0,0,2,0
822824,656546,3,0,0,1,0,1,0
822824,680755,4,1,0,2,0,2,0
822824,643511,3,0,0,0,0,1,0
822824,571578,14,6,2,2,0,4,0
822824,677944,17,6,4,1,0,5,1
822824,670059,4,0,0,0,0,2,0
822824,682120,3,0,0,0,0,1,0
822985,663556,17,2,0,1,0,4,0
822985,693855,3,0,0,0,0,1,0
822985,664076,1,0,0,0,0,1,0
822985,687330,3,2,0,0,0,0,0
822985,641329,3,0,0,0,0,1,0
822985,686973,3,1,0,2,0,0,0
822985,689254,1,0,0,0,0,0,0
822985,680755,4,0,0,1,0,2,0
822985,571578,16,5,2,2,1,1,0
822814,671936,1,0,0,0,1,0,0
822814,656546,3,0,0,0,0,3,0
822814,684320,2,0,0,2,0,0,0
822814,680755,3,0,0,1,0,2,0
822814,571578,18,5,1,0,0,7,0
822814,694973,15,9,4,1,0,2,1
822814,681895,4,0,0,0,0,1,0
822814,670990,5,2,1,0,0,1,1
822817,667297,5,0,1,2,0,3,0
822817,686973,3,1,0,1,0,1,0
822817,656546,3,2,1,0,0,2,1
822817,680755,3,1,1,1,0,0,0
822817,643511,3,0,0,1,0,1,0
822817,571578,13,9,3,1,0,1,0
822817,663556,15,1,0,1,0,7,0
822817,668984,5,3,2,0,0,2,0
822817,693855,4,0,0,0,0,2,0
822817,642121,0,2,3,1,0,0,0
822817,664076,3,0,0,1,0,0,0
822817,687330,3,1,0,0,0,1,0
824834,687721,3,0,0,1,0,1,0
824834,605135,18,4,1,1,1,2,1
824834,689296,3,1,1,3,0,2,0
824834,664991,3,1,0,0,0,0,0
824834,686973,4,1,0,0,0,0,0
824834,656546,3,1,0,0,0,2,0
824834,680755,3,0,0,0,0,1,0
824834,643511,2,2,0,0,0,1,0
824834,571578,15,4,1,1,0,4,1
824917,669276,3,0,0,1,0,1,0
824917,663158,3,2,0,0,0,1,0
824917,641755,3,1,1,0,0,2,1
824917,656550,18,5,2,2,1,4,1
824917,671936,2,2,2,0,0,0,1
824917,696522,3,0,0,0,0,0,0
824917,684320,4,1,1,1,0,0,0
824917,571578,15,6,4,2,0,1,1
822806,667297,3,2,0,0,0,1,0
822806,671936,3,0,0,1,0,1,0
822806,680573,12,1,0,0,0,3,0
822806,571578,9,4,5,4,1,3,1
822806,650911,21,4,2,1,0,10,1
822806,661395,3,1,0,0,0,0,0
822806,641745,3,1,0,1,0,1,0
822801,693686,8,1,1,1,0,2,0
822801,667297,1,1,2,1,0,0,1
822801,656546,3,0,0,0,0,2,0
822801,689254,2,1,0,1,0,0,0
822801,680755,2,2,3,1,0,1,1
822801,571578,11,7,2,0,0,3,0
822801,657612,3,0,0,0,0,1,0
822801,687396,3,0,0,0,0,1,0
822801,701542,12,8,2,3,0,1,0
822801,656234,3,1,1,0,0,1,1
822801,666808,3,0,0,0,0,2,0
822801,670280,3,2,0,0,0,0,0
824665,681799,4,0,0,0,0,0,0
824665,573204,1,1,2,1,0,0,0
824665,657097,2,3,3,0,0,2,1
824665,669020,2,0,0,0,0,0,0
824665,663423,2,2,3,0,1,1,1
824665,607067,16,3,0,0,0,3,0
824665,686973,6,0,0,0,0,2,0
824665,656546,3,0,0,1,1,1,0
824665,689254,0,2,1,1,0,0,0
824665,571578,11,6,3,3,0,4,1
824665,681751,7,1,2,2,0,0,1
822791,693686,9,1,0,1,0,5,0
822791,680755,3,0,0,1,0,1,0
822791,571578,15,4,3,0,0,5,2
822791,680702,4,0,0,1,0,0,0
822791,672335,4,5,4,1,0,2,1
822791,621345,4,0,0,0,0,1,0
822791,642547,12,7,5,3,0,4,1
823079,690155,3,3,3,1,0,1,0
823079,688297,3,3,2,1,0,0,0
823079,677865,6,1,0,1,0,2,0
823079,666277,3,0,0,0,0,0,0
823079,669160,12,10,6,1,0,3,0
823079,571927,15,6,4,1,0,2,1
823079,669438,3,3,3,0,0,1,2
823079,664076,3,1,0,2,0,1,0
823079,687330,3,1,0,0,0,1,0
823079,641329,3,0,0,0,0,0,0
823203,686790,7,11,8,1,0,0,1
823203,676254,3,2,1,0,0,0,0
823203,605288,17,0,0,1,0,5,0
823203,693686,12,7,2,0,0,1,0
823203,686973,3,0,0,0,0,1,0
823203,656546,2,0,0,0,0,1,0
823203,689254,3,0,0,0,0,1,0
823203,571578,7,2,1,0,0,2,0
822789,693686,12,6,6,0,0,4,1
822789,669310,6,1,0,0,1,1,0
822789,671936,3,2,2,2,0,2,0
822789,680755,2,1,1,0,0,0,0
822789,571578,4,2,2,1,0,1,0
822789,641743,12,2,2,3,2,5,1
822789,805326,9,1,0,1,0,3,0
822789,670950,5,4,2,0,0,1,2
822789,622554,1,0,0,0,0,0,0
823730,689520,3,0,0,0,0,1,0
823730,607455,3,0,0,0,1,1,0
823730,573124,3,3,2,0,0,0,0
823730,687849,6,1,1,2,0,0,0
823730,690953,12,6,4,3,2,3,0
823730,571927,18,2,1,2,0,8,0
823730,669438,3,0,0,0,0,1,0
823730,642121,6,1,0,2,0,3,0
822997,571927,15,2,2,2,1,7,0
822997,693855,3,0,0,0,0,1,0
822997,643377,3,0,0,0,0,2,0
822997,685801,3,1,1,0,0,1,1
822997,641329,3,2,0,0,0,1,0
822997,642232,6,1,0,2,0,0,0
822997,687396,1,2,1,0,0,1,0
822997,661563,12,3,3,3,1,2,1
822997,656234,3,2,0,0,0,2,0
822997,666808,2,1,0,0,0,0,0
831547,621237,3,1,1,1,0,0,1
831547,641745,3,1,2,2,0,0,0
831547,666200,15,7,2,2,0,6,1
831547,661395,3,0,0,1,0,1,0
831547,680742,3,2,2,1,0,1,0
831547,571927,15,4,0,1,0,4,0
831547,695063,4,0,0,1,0,2,0
831547,685801,2,0,0,1,0,2,0
831547,672782,3,0,0,0,0,2,0
831547,641329,3,1,0,0,0,1,0
824614,641743,8,4,1,1,1,1,0
824614,691799,4,1,1,1,0,3,0
824614,622554,1,2,3,1,1,1,1
824614,673929,4,0,0,1,0,0,0
824614,608371,2,0,0,2,0,1,0
824614,656794,5,1,0,0,0,3,0
824614,663855,3,1,0,1,0,1,0
824614,571927,16,6,2,1,0,4,1
824614,687330,6,1,1,1,0,2,1
824614,643377,2,1,0,1,0,1,0
824614,641329,3,0,0,1,0,0,0
822995,571927,9,4,4,4,0,4,3
822995,693855,3,0,0,1,0,1,0
822995,643377,4,1,2,1,0,3,1
822995,685801,2,2,3,2,0,1,0
822995,810938,3,1,1,0,0,0,1
822995,672782,6,2,2,2,1,2,0
822995,572955,3,1,0,0,0,2,0
822995,693312,3,1,4,5,0,2,0
822995,594580,4,2,0,0,0,0,0
822995,695505,17,4,2,2,0,8,1
824446,670036,1,0,0,0,0,0,0
824446,670059,6,0,0,0,0,1,0
824446,800048,17,3,1,2,0,9,0
824446,681870,2,1,0,1,0,1,0
824446,683769,1,3,2,0,0,0,1
824446,571927,21,4,2,1,0,2,1
824446,693855,3,0,0,1,0,2,0
824446,641329,3,2,0,0,0,2,0
822987,571927,18,4,1,2,0,1,0
822987,693855,3,0,0,0,0,0,0
822987,685801,6,2,0,0,0,3,0
822987,641329,3,0,0,0,0,1,0
822987,641816,16,4,0,1,0,5,0
822987,676254,3,1,1,1,0,0,0
822987,676775,3,1,0,0,0,0,0
822987,668873,3,2,0,1,0,0,0
822987,657424,2,0,0,1,0,1,0
822977,571927,12,3,1,2,0,5,0
822977,693855,3,0,0,0,0,0,0
822977,669947,12,6,2,1,0,4,2
822977,669330,3,0,0,0,0,0,0
822977,670329,1,1,0,0,0,0,0
822977,669358,18,2,1,3,0,6,1
822977,689296,2,3,4,1,0,0,0
822971,571927,5,6,5,0,0,2,2
822971,668984,4,1,0,0,0,2,0
822971,592155,6,1,0,0,0,1,0
822971,693855,6,2,3,3,0,1,1
822971,810938,3,0,0,1,0,0,0
822971,641329,3,0,0,0,0,0,0
822971,656427,15,5,0,2,0,6,0
822971,646241,12,0,0,0,0,4,0
823857,645261,21,5,1,1,1,7,0
823857,656848,3,0,0,0,0,2,0
823857,669622,3,1,0,0,0,1,0
823857,571927,3,0,1,2,0,0,0
823857,642121,3,1,0,1,0,2,0
823857,664076,3,1,2,1,0,2,0
823857,643377,15,3,0,2,0,4,0
822970,571927,1,2,2,0,0,0,1
822970,668984,1,0,0,0,0,0,0
822970,642121,1,1,2,1,0,1,1
822970,664076,3,1,1,1,0,1,1
822970,656876,21,2,0,1,1,13,0
822970,687562,15,7,4,1,0,4,0
822970,669711,1,0,0,0,0,1,0
822970,686580,2,3,2,0,0,0,1
822970,670245,6,3,1,0,0,0,0
823938,681911,1,0,0,0,0,0,0
823938,641778,18,6,3,3,1,4,1
823938,656945,3,0,0,0,0,1,0
823938,669165,3,1,0,0,0,2,0
823938,694361,2,1,0,0,0,0,0
823938,571927,6,2,1,0,0,1,1
823938,607259,16,5,3,1,0,6,1
823938,592155,2,0,0,1,0,2,0
822966,571927,5,1,0,0,0,1,0
822966,664076,3,0,0,0,0,0,0
822966,687330,1,1,0,0,0,0,0
822966,643377,15,4,2,0,0,5,2
822966,641329,3,0,0,0,0,1,0
822966,571945,18,9,5,1,0,2,2
822966,676571,6,1,0,0,0,1,0
823102,621074,3,2,0,1,0,1,0
823102,622554,2,1,0,0,0,1,0
823102,669923,15,4,1,2,0,2,1
823102,662253,3,0,0,0,0,2,0
823102,681006,4,0,0,0,0,1,0
823102,669330,6,1,0,0,0,1,0
823102,571927,6,0,0,0,0,2,0
823102,668984,4,1,0,0,0,1,0
823102,592155,2,2,1,1,0,0,1
823102,664076,2,2,1,0,0,1,1
823102,687330,4,1,0,0,0,0,0
823102,641329,3,1,0,0,0,0,0
822963,571927,6,6,5,0,0,2,0
822963,663556,18,6,2,1,0,4,3
822963,810938,3,2,1,0,0,0,0
822963,679883,15,3,1,4,1,6,0
822963,657756,3,4,3,1,0,2,0
822963,621381,3,0,0,1,0,1,0
822963,694360,3,1,1,0,0,0,1
822963,674444,3,1,0,0,0,0,0
824967,680723,3,0,0,0,0,1,0
824967,686751,3,0,0,1,0,0,0
824967,656240,3,1,0,0,0,0,0
824967,696522,3,2,1,1,0,1,0
824967,678022,15,12,6,1,0,2,1
824967,571927,3,0,0,0,0,1,0
824967,668984,3,1,0,0,0,1,0
824967,675627,6,2,2,0,0,2,2
824967,656876,15,4,2,1,1,3,0
823104,678606,4,3,2,1,0,1,0
823104,689546,3,0,0,0,0,0,0
823104,621074,1,0,0,0,0,0,0
823104,660825,5,2,0,0,0,0,0
823104,676106,14,9,2,1,1,3,0
823104,571927,3,0,0,0,1,0,0
823104,668984,3,0,0,0,0,0,0
823104,592155,3,1,0,0,0,2,0
823104,693855,18,5,1,2,0,7,0
824321,623474,3,0,0,0,0,2,0
824321,657514,2,1,0,0,0,0,0
824321,656786,3,1,0,1,0,0,0
824321,675848,3,2,0,0,0,0,0
824321,687312,16,4,5,2,0,7,1
824321,605447,3,2,2,2,0,2,0
824321,693308,3,2,1,0,0,0,0
824321,571927,4,1,0,0,0,1,0
824321,668984,6,0,0,0,0,1,0
824321,592155,4,0,0,0,0,1,0
824321,664076,2,0,0,0,0,0,0
824321,687330,3,1,0,1,0,0,0
824321,642547,11,9,7,1,0,3,2
824321,641329,3,0,0,0,0,2,0
822938,571927,4,3,2,0,0,0,1
822938,607259,11,9,6,2,0,5,1
822938,669947,12,5,2,1,0,2,1
822938,693686,3,0,0,0,0,0,0
822938,667755,17,9,3,0,1,2,0
822938,663362,6,4,2,0,0,1,0
822938,689254,1,0,0,0,0,0,0
824701,690990,19,4,2,1,0,4,1
824701,573204,3,0,0,1,0,1,0
824701,657097,3,0,0,2,0,0,0
824701,664208,2,0,0,0,0,1,0
824701,701552,2,1,2,1,0,0,0
824701,571945,15,6,4,3,0,4,1
824701,686610,4,3,2,2,0,2,1
824701,669371,3,0,0,0,0,1,0
822758,701552,6,2,1,2,0,0,0
822758,571945,13,11,11,1,0,4,4
822758,686610,6,1,1,1,1,3,1
822758,681402,2,2,0,1,0,1,0
822758,676508,3,0,0,0,0,1,0
822758,683618,3,3,2,1,0,1,0
822758,686218,17,7,4,3,0,2,1
822758,676263,1,0,0,0,0,1,0
822758,595014,3,1,0,1,0,0,0
822753,571945,9,5,2,3,0,3,0
822753,676571,1,1,0,1,0,0,0
822753,669371,5,0,2,1,1,3,0
822753,695418,9,1,1,0,0,2,1
822753,672335,3,1,1,2,0,1,0
822753,700241,18,4,1,0,0,1,0
822753,694335,5,0,0,1,0,1,0
822753,677865,1,0,0,0,0,0,0
822753,676617,3,0,0,0,0,0,0
822750,571945,12,4,0,1,0,4,0
822750,676571,2,1,0,0,0,0,0
822750,674841,13,4,0,0,0,5,0
822750,664141,3,0,0,0,0,0,0
822750,676775,3,0,0,0,0,1,0
822750,592662,18,7,3,1,0,7,1
823398,682254,3,1,0,0,0,2,0
823398,656605,12,6,5,4,1,3,1
823398,670990,6,0,0,0,0,2,0
823398,676755,6,2,0,0,0,1,0
823398,571945,10,3,3,2,0,0,1
823398,676571,3,2,1,0,0,1,1
823398,690925,2,0,0,0,0,0,0
823398,672335,3,0,0,1,0,0,0
823398,681402,3,1,0,1,0,1,0
823398,680730,6,2,0,0,0,5,0
824611,622554,3,1,0,0,0,2,0
824611,673929,3,1,1,0,0,1,1
824611,663542,3,1,0,1,0,1,0
824611,607200,17,3,1,4,0,1,0
824611,656794,1,0,0,0,0,1,0
824611,683000,6,2,2,4,0,1,0
824611,571945,11,4,2,0,0,1,1
824611,663992,2,1,0,1,0,0,0
824611,676571,5,1,0,0,1,1,0
824521,572955,3,1,1,1,0,0,0
824521,682825,6,2,1,1,0,5,1
824521,663574,1,1,1,0,0,1,1
824521,663903,11,6,3,1,0,2,3
824521,683175,5,1,1,1,0,2,0
824521,594580,1,2,3,1,0,0,1
824521,571945,10,3,1,2,0,2,0
824521,695418,8,2,0,0,0,3,0
824521,687606,6,2,0,1,0,3,0
824521,687849,3,3,2,0,0,2,0
822738,571945,17,6,4,1,0,4,2
822738,663992,4,2,2,0,0,1,1
822738,695418,3,1,0,0,1,2,0
822738,687606,3,2,1,0,0,2,0
822738,669330,6,3,1,0,0,2,0
822738,670329,3,1,0,0,0,2,0
822738,687064,11,5,2,3,0,3,1
822738,689296,4,0,0,0,0,3,0
822738,666974,3,0,0,1,0,1,0
824432,671922,3,2,1,0,0,2,0
824432,668909,21,3,1,2,1,4,0
824432,682120,3,0,0,0,0,2,0
824432,571945,11,6,2,0,0,1,0
824432,663992,1,3,1,1,0,0,0
824432,676571,3,0,0,1,0,1,0
824432,690925,3,1,0,1,0,0,0
824432,687377,3,1,0,0,0,0,0
824432,681402,3,0,0,0,0,0,0
824922,669276,3,1,1,1,0,0,0
824922,663158,3,2,1,0,0,0,1
824922,800311,3,2,0,0,0,1,0
824922,641755,3,0,0,0,0,2,0
824922,628452,3,0,0,0,0,1,0
824922,693821,18,5,1,1,0,4,1
824922,571945,15,3,0,0,0,3,0
824922,663992,3,1,0,0,0,0,0
824922,690925,3,0,0,0,0,2,0
824922,687377,3,2,1,2,0,0,0
824922,681402,3,1,0,0,0,1,0
824922,680730,3,3,2,1,0,1,0
824922,687606,2,1,0,0,0,1,0
822728,571945,18,6,6,2,0,4,3
822728,663992,6,0,0,3,0,2,0
822728,680730,3,2,1,0,0,0,1
822728,669199,8,0,0,1,0,3,0
822728,676534,3,1,0,0,0,2,0
822728,667463,5,0,0,0,0,0,0
822728,687473,6,5,3,0,0,3,0
822728,656848,3,1,0,0,0,2,0
822728,669622,2,0,0,0,0,1,0
823218,681916,1,0,0,0,0,0,0
823218,657277,24,5,1,0,0,7,0
823218,676775,2,3,3,0,1,1,0
823218,571945,14,3,0,0,0,2,0
823218,663992,3,2,0,0,0,1,0
823218,690925,4,2,2,0,1,0,0
823218,681402,3,1,0,1,0,2,0
823218,680730,3,5,1,0,0,2,0
822722,571945,21,3,0,0,0,3,0
822722,676571,3,2,1,0,0,0,0
822722,690925,3,0,0,0,0,2,0
822722,678606,3,1,0,0,0,1,0
822722,689546,3,1,0,1,0,2,0
822722,621074,3,1,1,0,0,2,1
822722,695380,3,1,1,0,0,1,0
822722,662253,0,1,2,1,0,0,0
822722,676106,12,9,6,0,0,2,1
822712,571945,18,9,7,2,0,3,2
822712,690925,4,0,0,0,0,1,0
822712,669371,5,3,4,1,0,2,1
822712,660853,3,0,0,1,0,2,0
822712,805123,5,3,2,0,0,3,1
822712,681347,13,9,7,2,0,3,2
822712,663878,3,1,0,0,0,1,0
822719,571945,10,5,0,0,0,1,0
822719,687223,10,2,1,1,0,3,0
822719,663992,1,1,1,0,0,0,1
822719,676571,4,0,0,0,0,1,0
822719,687377,2,0,1,1,0,1,0
822719,621237,3,1,0,1,0,1,0
822719,661395,3,0,0,0,0,3,0
822719,686751,3,0,0,0,0,0,0
822719,680742,1,1,1,0,1,1,1
822719,605400,15,3,2,2,1,5,2
822719,679775,2,1,1,0,0,0,0
822706,683000,6,1,1,2,0,0,0
822706,640454,0,0,2,3,0,0,0
822706,571945,12,4,3,1,1,1,2
822706,668820,3,1,0,0,0,1,0
822706,690925,3,1,0,1,0,0,0
822706,676680,3,2,1,0,0,0,0
822706,656464,4,3,1,0,0,0,1
822706,642528,3,2,2,0,0,1,1
822706,684442,12,5,4,2,0,1,2
822706,657044,2,1,0,1,0,0,0
822706,805299,3,4,2,0,0,2,0
823430,621237,3,0,0,0,0,1,0
823430,650911,15,6,2,2,1,6,1
823430,661395,3,0,0,0,0,1,0
823430,689147,3,2,1,1,0,3,0
823430,680742,3,0,0,0,0,1,0
823430,571945,15,12,6,1,0,1,0
823430,592866,3,0,0,1,0,2,0
823430,668820,6,4,1,0,0,0,0
822697,571945,9,1,1,0,1,2,1
822697,668820,3,2,1,2,0,0,0
822697,663623,10,4,5,2,1,4,1
822697,687377,3,1,1,1,0,0,1
822697,676680,2,1,0,0,0,1,0
822697,684007,14,6,4,0,1,5,3
822697,657097,4,1,0,0,0,2,0
822697,666171,2,3,2,1,0,0,0
822697,669020,4,1,0,0,0,1,0
822697,663423,3,0,0,0,0,2,0
824700,694037,3,2,0,0,0,1,0
824700,571948,3,2,2,0,0,0,1
824700,640451,3,1,0,0,0,0,0
824700,684007,15,6,4,2,0,7,1
824700,664208,3,0,0,1,1,1,0
824700,676571,2,0,0,1,0,1,0
824700,690925,3,0,0,0,0,0,0
824700,672335,3,1,1,0,0,1,1
824700,663623,15,3,2,1,0,7,2
824700,681402,4,0,0,0,0,1,0
824459,641401,3,1,1,1,0,0,0
824459,677944,18,1,0,1,1,6,0
824459,688883,3,0,0,0,1,2,0
824459,682120,3,0,0,0,0,2,0
824459,694037,3,0,0,0,0,1,0
824459,571948,3,0,0,0,1,0,0
824459,665795,17,1,0,5,0,4,0
824459,573204,4,0,0,1,0,0,0
822999,669438,11,7,3,1,0,2,0
822999,642121,7,3,1,1,0,2,0
822999,672782,9,6,4,1,0,1,2
822999,571948,4,2,0,0,0,0,0
822999,665871,17,1,0,2,0,3,0
822999,573204,1,0,0,0,0,0,0
822999,657097,3,0,0,1,0,1,0
822999,664208,2,3,2,0,1,1,0
823000,669947,14,4,0,1,0,4,0
823000,671212,13,4,5,3,0,3,1
823000,571948,3,0,0,0,0,1,0
823000,640451,3,1,0,0,0,1,0
823000,607067,15,2,1,2,1,2,0
823000,676962,6,2,1,0,0,3,0
824693,571948,3,1,0,0,0,0,0
824693,702303,3,1,0,0,0,1,0
824693,665795,18,8,3,2,0,4,0
824693,657097,3,4,1,0,0,1,0
824693,640455,12,6,5,1,0,2,1
824693,623211,2,2,0,0,0,1,0
824693,673540,10,6,6,3,0,3,2
824697,694037,3,0,0,1,0,0,0
824697,571948,3,0,0,0,0,0,0
824697,665795,15,8,3,3,0,4,0
824697,573204,3,0,0,1,0,3,0
824697,657097,3,1,0,0,0,2,0
824697,676962,6,2,0,1,0,3,0
824697,642397,1,0,0,0,0,0,0
824697,682254,3,1,0,0,0,2,0
824697,670990,6,0,0,3,0,2,0
824697,676755,3,2,0,0,0,1,0
824697,642701,3,1,1,2,0,0,0
824697,664875,2,1,1,1,0,0,0
824697,677952,15,4,1,1,0,9,0
824692,571948,4,0,0,2,0,0,0
824692,656686,3,0,0,1,0,0,0
824692,607067,20,6,1,2,0,5,0
824692,686751,3,1,0,1,0,2,0
824692,663767,6,1,0,0,0,2,0
824692,605400,13,6,5,4,0,5,1
824692,679775,2,0,0,0,0,1,0
824689,571948,2,0,1,2,0,0,0
824689,702303,3,0,0,1,0,1,0
824689,665795,21,6,3,0,0,5,2
824689,665871,3,0,0,0,0,0,0
824689,573204,0,1,1,1,0,0,1
824689,657097,1,1,0,1,0,1,0
824689,621237,3,1,0,1,0,1,0
824689,650911,16,12,6,2,0,4,2
824689,689147,3,1,0,1,0,1,0
824689,663767,2,1,0,0,1,0,0
824689,621383,1,2,0,1,0,1,0
824689,641745,3,1,1,0,0,0,1
823959,683618,3,0,0,2,0,1,0
823959,669165,3,0,0,0,0,0,0
823959,680736,18,4,0,4,1,6,0
823959,676263,3,0,0,0,1,1,0
823959,571948,3,1,1,0,0,0,1
823959,684007,16,6,4,3,0,6,0
823959,605441,5,0,0,0,0,2,0
823310,688158,2,1,1,1,0,1,0
823310,593974,3,2,3,0,1,0,1
823310,621111,14,3,2,3,1,4,0
823310,606996,2,1,2,1,0,1,0
823310,676760,6,1,0,1,0,1,0
823310,571948,4,0,0,0,0,1,0
823310,665795,17,6,3,1,1,7,1
823310,669020,6,0,0,0,0,2,0
823312,695243,3,0,0,1,0,1,0
823312,592094,3,1,1,1,0,1,1
823312,699134,4,1,0,1,0,0,0
823312,670970,2,1,1,1,0,0,0
823312,663362,15,6,3,1,1,1,1
823312,571948,1,0,0,0,0,1,0
823312,592791,21,3,3,1,0,6,2
823312,656686,0,0,1,3,0,0,0
823312,676962,5,0,0,0,0,1,0
824684,571948,2,0,0,1,0,0,0
824684,665795,18,9,3,2,0,8,2
824684,669020,3,0,0,0,0,3,0
824684,664208,1,0,0,0,0,0,0
824684,676962,3,1,1,1,0,1,0
824684,641941,2,2,2,0,0,1,1
824684,695534,17,4,3,2,0,1,1
824684,668933,5,0,0,3,0,2,0
824684,656271,2,0,0,1,0,1,0
822902,656641,6,0,0,0,0,1,0
822902,594798,21,3,0,0,0,10,0
822902,694037,2,2,2,0,0,1,1
822902,571948,2,1,0,0,0,0,0
822902,592791,16,4,1,2,1,4,0
822902,664208,4,0,0,0,0,2,0
824683,571948,3,1,1,1,0,1,0
824683,657097,5,0,0,0,0,1,0
824683,656686,0,3,3,0,0,0,1
824683,663423,3,0,0,0,0,0,0
824683,607067,16,6,1,3,0,5,1
824683,664208,3,0,0,0,0,1,0
824683,572955,1,0,0,0,0,0,0
824683,622088,3,0,0,0,0,2,0
824683,663903,18,6,4,1,1,6,1
824683,668933,3,2,2,0,0,1,1
824683,594580,2,2,0,0,0,0,0
824683,656271,2,0,0,3,0,1,0
824599,691799,6,0,0,0,0,1,0
824599,622554,3,1,2,1,0,1,1
824599,663542,3,0,0,1,1,0,0
824599,607200,9,6,4,4,0,2,1
824599,656794,6,2,0,0,1,1,0
824599,699823,3,0,0,3,0,1,0
824599,694037,3,1,0,1,0,0,0
824599,571948,4,1,0,0,0,2,0
824599,657097,4,1,0,0,0,3,0
824599,669020,1,1,1,0,0,0,1
824599,607067,14,6,4,1,1,4,0
824599,664208,2,2,3,1,0,0,1
824678,694037,2,2,0,1,0,2,0
824678,571948,4,0,0,0,0,1,0
824678,665795,9,4,1,2,0,2,0
824678,669020,5,0,0,0,0,1,0
824678,663423,5,0,0,0,0,2,0
824678,664208,2,2,1,1,0,1,0
824678,690986,21,2,0,1,0,11,0
824678,669084,6,0,0,1,0,2,0
824679,571948,1,1,0,0,0,0,0
824679,681799,6,0,0,1,0,2,0
824679,592791,14,8,4,1,0,5,1
824679,657097,3,0,0,0,0,2,0
824679,664208,3,0,0,2,0,1,0
824679,650556,2,0,0,1,1,0,0
824679,660853,5,0,0,0,0,1,0
824679,595345,1,2,2,0,0,0,1
824679,687911,4,0,0,0,0,0,0
824679,681293,15,2,0,4,2,5,0
823379,642701,3,1,0,1,0,1,0
823379,684049,5,0,0,0,0,3,0
823379,677952,19,7,1,1,2,5,0
823379,694037,3,1,1,0,0,1,1
823379,696136,13,9,8,1,1,5,1
823379,571948,3,3,2,0,0,1,0
823379,669020,5,2,0,1,0,1,0
823378,694973,16,4,1,3,0,10,0
823378,682254,5,0,0,0,0,2,0
823378,670990,3,1,1,1,0,1,0
823378,684049,3,3,2,2,0,1,1
823378,571948,2,1,0,0,0,1,0
823378,573204,3,0,0,2,0,2,0
823378,663423,6,1,0,0,0,0,0
823378,607067,16,4,2,3,1,5,1
823055,700669,3,0,0,0,0,0,0
823055,668941,3,0,0,0,0,2,0
823055,677865,3,1,0,0,1,1,0
823055,676617,3,1,1,0,0,0,0
823055,669467,9,8,4,1,0,3,1
823055,666277,3,0,0,0,0,1,0
823055,592773,3,1,0,0,0,1,0
823055,571948,1,0,0,0,0,0,0
823055,681799,5,1,0,0,0,2,0
823055,684007,16,5,5,1,2,2,3
823055,664208,2,3,1,0,0,1,0
824675,694037,3,0,0,0,0,1,0
824675,571948,5,0,0,0,0,1,0
824675,592791,19,6,2,1,0,6,1
824675,686993,3,0,0,0,0,0,0
824675,605130,2,1,0,1,0,1,0
824675,695611,21,3,1,1,1,5,0
824675,663687,1,0,0,0,0,0,0
824347,657514,3,0,0,0,0,1,0
824347,608372,15,6,3,2,0,3,1
824347,678020,3,0,0,1,0,0,0
824347,622608,3,1,0,1,0,1,0
824347,677955,3,1,0,0,0,1,0
824347,571948,3,1,0,1,0,1,0
824347,681799,3,1,0,1,0,0,0
824347,669020,4,1,0,1,0,1,0
824347,607067,14,9,7,3,1,2,2
824673,571948,1,5,6,0,1,0,1
824673,665795,11,8,8,1,0,6,3
824673,681799,5,3,1,0,0,2,1
824673,573204,3,0,0,0,0,0,0
824673,608348,3,2,2,0,0,0,2
824673,664208,4,1,1,1,0,1,0
824673,681916,3,0,0,0,0,2,0
824673,693313,9,6,3,1,0,1,1
824673,592662,15,2,0,5,0,4,0
824671,694037,3,0,0,0,0,1,0
824671,571948,2,0,0,0,0,1,0
824671,681799,2,1,0,0,0,0,0
824671,573204,2,3,2,0,0,0,1
824671,657097,3,1,0,0,0,1,0
824671,669020,1,0,0,0,0,0,0
824671,607067,16,4,2,2,0,3,0
824671,664208,1,1,0,0,0,0,0
824671,686993,3,0,0,0,0,1,0
824671,660761,4,1,0,0,0,1,0
824671,669270,4,0,0,0,0,1,0
824671,663687,3,0,0,0,0,2,0
824671,665622,3,1,0,1,0,1,0
824671,643410,2,0,0,0,0,0,0
824671,605488,11,7,4,1,0,3,2
824346,663372,13,4,6,3,0,3,1
824346,680604,8,5,2,0,0,2,1
824346,671111,6,1,1,0,1,3,1
824346,571948,1,2,0,0,0,0,0
824346,665795,16,5,2,2,0,5,2
824346,621053,4,3,1,0,0,3,1
824346,669020,3,1,0,0,0,2,0
824346,664208,3,1,0,0,0,1,0
823211,664141,6,1,0,0,0,1,0
823211,676254,3,0,0,0,0,1,0
823211,656529,3,0,0,0,0,0,0
823211,669062,1,1,1,0,0,0,1
823211,694738,14,4,4,2,0,5,0
823211,571948,3,0,0,0,0,0,0
823211,665871,18,3,0,1,0,5,0
823211,663423,6,1,1,0,0,2,1
823212,657277,24,7,0,0,0,7,0
823212,668873,3,0,0,0,0,2,0
823212,571948,3,1,0,0,0,0,0
823212,681799,2,2,1,2,0,0,0
823212,657097,1,0,0,0,0,0,0
823212,669020,4,0,0,0,0,0,0
823212,607067,14,6,4,3,1,2,1
824288,676428,2,0,0,0,0,0,0
824288,669373,18,7,4,0,0,5,0
824288,663947,3,2,0,1,0,0,0
824288,572143,4,1,0,1,0,1,0
824288,682842,1,1,1,0,0,1,1
824288,681982,1,0,0,0,0,1,0
824288,676879,1,1,0,1,0,0,0
824288,687075,16,4,3,2,0,4,1
824288,672582,3,1,1,0,0,2,1
824288,656730,3,0,0,0,0,0,0
824668,571948,4,1,0,0,0,0,0
824668,681799,1,2,3,1,0,0,1
824668,665871,17,5,2,0,0,1,2
824668,573204,2,0,0,1,0,1,0
824668,657097,3,1,1,0,0,1,1
824668,623474,3,2,0,0,0,2,0
824668,807743,12,9,8,2,0,2,2
824668,688642,9,1,0,2,0,2,0
823614,668964,6,4,2,2,0,1,0
823614,673540,11,3,7,5,1,6,2
823614,672335,7,0,0,0,0,1,0
823614,621345,3,1,0,0,0,1,0
823614,571948,3,0,0,1,0,0,0
823614,665795,15,3,2,4,0,4,0
823614,669020,3,0,0,0,0,2,0
823614,664208,3,1,1,1,0,2,1
823614,681151,3,2,3,1,0,2,1
824663,571948,3,0,0,0,0,2,0
824663,681799,3,0,0,0,0,1,0
824663,668970,3,1,0,0,0,0,0
824663,676962,18,4,2,0,0,4,1
824663,693686,2,1,0,1,0,0,0
824663,667297,4,0,0,0,0,0,0
824663,663893,3,2,4,3,0,1,0
824663,592332,6,7,7,4,0,3,1
824663,680755,3,1,0,1,0,0,0
824663,643511,2,3,0,1,0,0,0
824663,664702,4,4,0,1,0,0,0
831550,670950,3,0,0,0,0,1,0
831550,621383,3,2,2,0,0,1,1
831550,650911,15,2,1,0,0,4,0
831550,689147,3,2,1,0,0,1,0
831550,680742,3,0,0,1,0,3,0
831550,689450,1,0,0,0,0,1,0
831550,676684,3,0,0,0,0,2,0
831550,676568,3,0,0,0,0,1,0
831550,669373,12,6,3,0,0,5,0
831550,572143,2,0,0,0,0,0,0
831550,646241,6,1,0,0,0,3,0
824527,641941,3,1,0,0,0,0,0
824527,663903,16,8,2,0,0,3,2
824527,683175,2,0,0,0,0,1,0
824527,668933,3,1,0,1,0,1,0
824527,594580,3,0,0,1,0,1,0
824527,623454,8,1,1,1,0,5,1
824527,663947,3,2,2,1,0,0,0
824527,572143,6,1,0,1,0,3,0
824527,656427,6,5,6,2,1,4,3
824527,657756,1,1,0,2,0,0,0
824287,676428,3,0,0,0,1,2,0
824287,646241,4,0,0,1,0,1,0
824287,669724,3,1,0,0,0,1,0
824287,572143,6,3,1,0,0,3,0
824287,656427,11,5,4,3,0,4,1
824287,641302,3,1,0,0,0,0,0
824287,656641,3,0,0,0,0,1,0
824287,656222,5,1,0,0,0,1,0
824287,669022,11,4,3,3,0,3,0
824287,596001,3,0,0,0,0,0,0
824287,668390,2,1,1,1,0,1,0
824285,676428,10,2,0,1,0,2,0
824285,663947,2,1,0,0,0,1,0
824285,640448,3,1,0,0,0,1,0
824285,572143,3,1,0,0,0,0,0
824285,669724,5,1,0,0,0,1,0
824285,676568,4,1,1,1,0,2,0
824285,641302,1,3,2,0,0,0,0
824285,683004,20,5,5,1,0,10,1
824285,686560,3,0,0,0,0,2,0
824281,664285,9,9,7,1,2,3,3
824281,572143,6,1,0,0,0,4,0
824281,646241,3,0,0,0,0,2,0
824281,669724,9,2,0,1,0,2,0
824281,687941,3,0,0,0,0,2,0
824281,678394,21,4,1,1,0,7,0
824281,663558,3,3,2,2,0,3,1
824115,621381,3,2,1,0,0,1,0
824115,608379,21,2,0,2,1,6,0
824115,674444,3,0,0,0,0,2,0
824115,680744,18,2,3,2,0,5,1
824115,663947,5,1,0,0,0,0,0
824115,572143,1,3,2,0,0,0,1
824276,663947,6,1,1,0,0,2,0
824276,572143,3,1,0,0,0,0,0
824276,672456,15,2,3,4,0,1,1
824276,676684,3,0,0,0,0,1,0
824276,670059,3,1,0,0,0,1,0
824276,671922,3,2,0,0,0,3,0
824276,800048,15,4,2,3,0,6,1
824276,681870,3,0,0,1,0,2,0
824276,683769,2,0,0,1,0,0,0
824276,682120,1,0,0,1,1,1,0
824279,572143,4,1,0,0,0,1,0
824279,656427,18,5,4,0,0,4,1
824279,646241,5,1,0,1,0,0,0
824279,573009,2,1,0,1,0,0,0
824279,592332,18,4,0,0,0,5,0
824279,684320,4,1,1,0,0,1,0
824279,643511,3,0,0,1,0,1,0
824538,572955,2,1,0,0,0,0,0
824538,641941,3,1,0,1,0,0,0
824538,663574,3,1,0,2,0,2,0
824538,695076,15,3,2,2,0,5,1
824538,656271,4,1,0,1,0,0,0
824538,813349,16,5,1,2,0,6,0
824538,669711,2,1,2,1,0,1,1
824538,663558,6,1,0,1,0,2,0
831916,695740,1,1,0,0,0,0,0
831916,671096,14,4,3,1,0,5,1
831916,572955,4,0,0,0,0,0,0
831916,594580,3,3,2,0,0,0,0
831916,663574,2,0,0,0,0,2,0
831916,683175,3,1,0,0,0,1,0
831916,699151,8,3,1,2,0,0,0
831916,656794,6,4,5,1,0,2,1
831916,802087,2,2,4,1,1,1,1
831916,805892,1,1,1,0,0,1,1
831916,622554,3,1,0,2,0,3,0
831916,669449,6,0,0,1,0,1,0
824537,572955,3,2,2,0,0,1,1
824537,682227,14,6,6,2,0,3,3
824537,594580,3,0,0,0,0,1,0
824537,656271,7,0,0,1,0,2,0
824537,642397,3,1,0,1,1,1,0
824537,670990,2,0,0,0,0,2,0
824537,696149,13,0,0,6,0,6,0
824537,642701,3,1,0,0,0,0,0
824537,682995,6,4,2,1,0,3,2
823887,645261,25,3,2,2,0,6,0
823887,676534,1,2,3,2,0,1,0
823887,667463,2,0,0,1,0,0,0
823887,669622,2,0,0,1,0,1,0
823887,572955,2,0,0,0,0,1,0
823887,641941,3,0,0,2,0,2,0
823887,683742,6,0,0,2,0,2,0
823887,668933,3,1,0,0,0,0,0
823887,671096,16,6,2,2,0,2,0
824535,572955,4,1,0,0,0,3,0
824535,641941,3,0,0,1,0,0,0
824535,682227,12,3,3,6,1,3,0
824535,663574,3,0,0,0,0,1,0
824535,683175,2,0,0,2,0,0,0
824535,668933,3,1,0,0,0,0,0
824535,681217,1,0,1,4,0,1,0
824535,666171,6,2,1,0,0,1,0
824535,691946,6,4,4,5,0,2,1
824535,608718,11,2,0,0,0,2,0
823885,669199,3,0,0,0,0,2,0
823885,687473,3,0,0,0,0,1,0
823885,656848,3,2,0,0,0,2,0
823885,677053,3,1,0,0,0,0,0
823885,691587,15,6,2,2,1,6,1
823885,572955,3,1,0,0,0,1,0
823885,663903,8,10,5,0,0,3,1
823885,683175,6,1,1,2,0,0,1
823885,594580,7,0,0,0,2,2,0
824532,572955,3,1,0,0,0,1,0
824532,695076,20,5,3,1,0,4,0
824532,668933,3,1,0,1,0,0,0
824532,656271,1,2,0,0,0,1,0
824532,664141,6,2,0,1,0,2,0
824532,641816,12,8,8,5,0,6,4
824532,621366,3,0,0,0,0,1,0
824532,694918,3,0,0,0,0,1,0
823721,671737,18,5,2,2,0,5,0
823721,623437,2,1,1,0,0,1,0
823721,663485,3,2,1,0,0,0,0
823721,681892,1,1,0,0,1,0,0
823721,679358,3,2,1,0,0,1,0
823721,572955,3,1,0,0,0,2,0
823721,663574,3,0,0,0,0,2,0
823721,693312,3,0,0,0,0,3,0
823721,594580,1,1,0,1,0,1,0
823721,656271,3,1,0,1,0,1,0
823721,671096,14,6,3,3,0,3,0
822994,642121,3,0,0,0,0,0,0
822994,694680,7,2,1,0,0,2,0
822994,669947,17,8,5,0,1,6,1
822994,572955,3,0,0,1,0,0,0
822994,695076,18,5,1,2,0,3,0
822994,683175,3,1,0,2,0,0,0
822994,656271,3,0,0,0,0,2,0
824528,572955,2,2,2,0,0,1,1
824528,683742,6,2,2,2,0,2,1
824528,695076,15,6,2,1,0,7,0
824528,594580,1,1,1,0,0,1,1
824528,656271,3,1,0,2,0,1,0
824528,676428,3,0,0,0,0,0,0
824528,640448,3,1,0,0,0,1,0
824528,672456,15,5,3,2,0,5,2
824528,669724,3,1,0,0,0,0,0
824528,676684,3,0,0,0,0,1,0
823389,681895,3,0,0,0,0,2,0
823389,656605,21,3,1,1,0,6,0
823389,664875,3,0,0,0,0,0,0
823389,572955,3,2,1,2,0,0,0
823389,682825,3,0,0,1,0,1,0
823389,663903,10,7,4,2,0,1,2
823389,624431,3,0,0,1,0,1,0
823389,594580,2,0,0,0,0,1,0
823389,687209,3,3,4,2,0,1,2
824522,572955,5,0,0,1,0,2,0
824522,622088,3,1,1,0,0,0,0
824522,663574,0,4,4,0,0,0,2
824522,624431,3,3,1,0,0,0,0
824522,666157,16,5,4,1,1,2,2
824522,805123,3,1,0,0,0,1,0
824522,701121,3,1,0,0,0,2,0
824522,681347,21,3,0,1,0,6,0
824523,572955,3,0,0,0,0,0,0
824523,668933,3,0,0,0,0,2,0
824523,656271,3,0,0,0,0,1,0
824523,695505,18,4,1,3,0,2,1
824523,650556,1,0,0,0,0,0,0
824523,660853,3,0,0,0,0,2,0
824523,595345,3,0,0,0,0,0,0
824523,681293,17,5,1,3,0,5,0
824439,670036,1,0,0,0,1,0,0
824439,688883,3,3,3,0,0,2,1
824439,676440,20,7,3,2,0,2,0
824439,682120,3,1,1,1,0,0,0
824439,572955,3,1,0,0,0,2,0
824439,622088,3,1,1,0,0,0,0
824439,663574,3,1,0,0,0,1,0
824439,668933,0,1,4,3,0,0,0
824439,656271,3,0,0,2,0,1,0
824439,671096,15,4,1,3,0,2,1
824435,670059,5,1,0,0,0,1,0
824435,671922,3,0,0,1,0,2,0
824435,676282,15,4,4,4,0,4,1
824435,681870,1,0,0,0,0,1,0
824435,683769,3,0,0,0,0,0,0
824435,572955,1,1,1,1,0,0,1
824435,682825,1,1,2,2,0,1,0
824435,683175,3,1,0,2,0,2,0
824435,594580,4,1,1,1,0,2,0
824435,663978,15,6,2,1,1,3,0
824516,572955,6,0,0,0,0,1,0
824516,663574,3,2,2,2,0,1,1
824516,695534,15,6,4,1,1,1,1
824516,668933,5,1,0,0,0,3,0
824516,656271,4,0,0,2,0,0,0
824516,681517,15,7,5,2,0,8,2
824516,681676,6,0,0,0,0,4,0
824516,700669,2,0,0,1,0,1,0
824516,668941,3,1,0,1,0,1,0
824516,677865,1,2,1,0,0,0,0
824516,676617,4,0,0,1,0,2,0
823464,666200,18,5,2,2,0,5,0
823464,680742,2,0,0,1,0,0,0
823464,663767,6,0,0,1,0,3,0
823464,621383,1,2,2,1,0,0,0
823464,572955,3,0,0,1,0,2,0
823464,663574,3,0,0,0,0,2,0
823464,594580,3,0,0,0,0,1,0
823464,695505,18,3,1,0,0,9,1
823624,640455,9,3,1,2,0,6,0
823624,621345,3,1,0,0,0,2,0
823624,656849,15,11,6,3,0,4,0
823624,572955,2,1,0,0,0,0,0
823624,663574,3,0,0,0,0,0,0
823624,594580,5,0,0,0,0,2,0
823624,656271,1,0,0,0,0,0,0
823624,695505,16,4,2,2,0,8,1
824501,572955,2,0,0,0,0,2,0
824501,657571,2,1,0,0,0,0,0
824501,695534,6,1,0,1,0,3,0
824501,666157,12,2,0,1,0,6,0
824501,670062,5,0,1,2,0,3,0
824501,682842,3,1,0,0,0,1,0
824501,676879,3,0,0,0,0,2,0
824501,687075,18,1,0,0,1,10,0
824501,656730,3,0,0,0,0,0,0
823363,694973,15,6,4,2,0,7,0
823363,682254,2,2,2,0,0,2,1
823363,676755,3,0,0,0,0,1,0
823363,642701,4,0,0,0,0,2,0
823363,684049,3,0,0,0,0,1,0
823363,572955,2,1,0,0,0,1,0
823363,622088,3,1,0,0,1,0,0
823363,657571,3,1,0,0,0,1,0
823363,656271,3,0,0,1,0,2,0
823363,671096,16,6,3,1,0,6,3
823362,656605,18,5,3,1,1,4,0
823362,669387,6,3,0,1,0,1,0
823362,642701,3,0,0,2,0,1,0
823362,572955,2,2,4,2,0,2,2
823362,663903,13,9,5,0,1,6,2
823362,685112,1,0,0,3,0,0,0
823362,656271,4,0,0,0,0,1,0
823362,670062,4,0,0,3,0,2,0
823767,682842,3,0,0,0,0,0,0
823767,675660,17,6,2,1,0,7,1
823767,676879,4,1,0,0,0,2,0
823767,656730,3,1,0,0,0,1,0
823767,572955,3,1,0,0,0,0,0
823767,641941,1,0,0,0,1,1,0
823767,622088,3,0,0,1,0,0,0
823767,656271,2,2,2,1,0,0,0
823767,671096,15,5,2,5,0,3,0
824331,657514,3,1,0,0,0,3,0
824331,675848,2,1,0,1,0,0,0
824331,608372,19,6,3,0,0,3,2
824331,688642,3,1,0,0,0,0,0
824331,572955,3,0,0,0,0,1,0
824331,657571,3,1,2,1,0,2,1
824331,695076,7,11,8,0,0,2,0
824331,594580,3,0,0,2,0,1,0
824331,670062,8,2,0,0,0,2,0
823028,694335,1,2,2,0,0,0,0
823028,681517,18,6,2,1,0,9,2
823028,677865,2,1,0,1,0,1,0
823028,666277,3,1,0,0,0,2,0
823028,592773,3,0,0,0,0,0,0
823028,703725,3,0,0,1,0,1,0
823028,572955,3,0,0,1,0,0,0
823028,622088,2,1,0,0,0,1,0
823028,656271,4,0,0,0,0,2,0
823028,670062,3,2,0,0,0,1,0
823028,671096,18,3,2,4,0,4,1
823112,689546,3,0,0,0,1,0,0
823112,621074,3,0,0,0,0,3,0
823112,677961,3,0,0,1,0,0,0
823112,669923,18,3,0,1,0,6,0
823112,572955,1,4,4,0,0,0,0
823112,657571,2,3,2,1,0,1,1
823112,695534,3,2,1,0,1,0,0
823112,671096,18,4,0,2,0,6,0
824490,572955,3,0,0,0,0,1,0
824490,695534,3,1,0,0,0,0,0
824490,594580,3,2,1,1,0,0,0
824490,656271,3,1,0,0,0,0,0
824490,695505,15,5,1,2,0,4,1
824490,677944,11,7,4,1,0,2,1
824490,670059,3,0,0,0,0,1,0
824490,680916,6,0,0,0,0,5,0
824490,671922,3,0,0,1,0,1,0
824490,683769,3,2,0,0,0,1,0
824490,682120,1,2,1,0,0,0,0
824487,572955,3,1,0,0,0,1,0
824487,663903,13,7,4,4,0,3,0
824487,657571,2,0,0,0,0,0,0
824487,695534,4,4,2,1,0,1,1
824487,670062,5,1,0,1,0,1,0
824487,670036,3,0,0,0,0,2,0
824487,670059,3,0,0,0,0,0,0
824487,680916,1,2,1,0,1,1,0
824487,671922,3,0,0,2,0,2,0
824487,676282,12,4,0,1,0,8,0
824487,681870,2,0,0,0,0,2,0
824487,683769,3,0,0,1,0,1,0
824486,668881,18,7,4,2,0,4,1
824486,572955,2,3,1,0,0,1,0
824486,641941,3,0,0,0,1,1,0
824486,657571,1,2,2,0,0,0,0
824486,594580,2,0,0,1,0,2,0
824486,670062,1,0,0,0,0,0,0
824486,694973,12,7,5,4,0,7,2
824486,682254,2,0,0,1,0,1,0
824486,696062,1,3,2,0,0,1,0
824486,699008,9,2,0,2,0,3,0
824481,572955,3,0,0,0,0,1,0
824481,594580,1,0,0,0,0,0,0
824481,656271,3,2,2,0,0,1,1
824481,671096,20,7,3,2,0,4,0
824481,686751,6,3,1,0,0,4,1
824481,686930,13,5,5,3,1,7,3
824481,669620,3,0,0,0,0,0,0
824481,665660,2,0,0,2,0,2,0
824561,663436,6,2,3,1,2,3,2
824561,670950,8,1,0,0,0,2,0
824561,701780,1,0,1,3,1,0,0
824561,607200,9,5,4,2,0,1,1
824561,663855,3,0,0,0,0,0,0
824561,572955,1,0,0,0,0,1,0
824561,682825,3,0,0,0,0,2,0
824561,622088,3,0,0,0,0,3,0
824561,594580,2,3,2,1,0,1,0
824561,656271,2,1,0,0,0,1,0
824561,670062,3,1,1,1,0,1,0
824561,671096,13,7,5,3,0,3,0
824563,691799,6,1,0,1,0,2,0
824563,680732,21,3,1,0,0,8,1
824563,663542,0,3,3,0,0,0,0
824563,656794,3,0,0,0,0,0,0
824563,572955,3,0,0,0,0,1,0
824563,682825,6,0,0,0,0,2,0
824563,641941,3,0,0,0,0,1,0
824563,622088,3,1,0,0,0,0,0
824563,666157,12,5,4,0,1,5,3
824563,656271,3,0,0,0,0,2,0
824480,572955,1,0,0,0,0,0,0
824480,682825,3,2,0,0,0,2,0
824480,622088,1,1,3,0,2,0,0
824480,663903,18,8,3,2,1,4,2
824480,594580,1,2,1,1,0,0,0
824480,676760,3,1,1,1,0,2,0
824480,676604,3,2,0,0,0,1,0
824480,664126,3,0,0,0,0,3,0
824480,676534,4,0,0,0,0,2,0
824480,687473,14,6,2,0,0,6,2
824480,656848,3,0,0,0,0,1,0
824514,572955,3,1,0,0,0,1,0
824514,682825,6,1,0,1,0,3,0
824514,594580,3,0,0,0,0,1,0
824514,592288,15,5,2,3,1,4,0
824514,700669,3,0,0,0,0,1,0
824514,676617,3,0,0,0,0,3,0
824514,666277,3,0,0,0,0,1,0
824514,687273,12,2,1,3,0,7,1
824514,592773,3,1,0,0,0,1,0
824514,703725,3,0,0,0,0,2,0
825045,593958,17,4,0,2,0,4,0
825045,679885,3,0,0,1,0,1,0
825045,642701,4,0,0,0,1,2,0
825045,664199,3,0,0,0,0,1,0
825045,572955,3,2,1,2,0,1,0
825045,666157,10,10,6,2,0,2,1
825045,594580,3,3,2,0,0,1,0
825045,670062,8,0,0,1,0,0,0
824620,663436,18,4,0,2,0,6,0
824620,669684,3,0,0,1,0,1,0
824620,673929,4,0,0,0,0,1,0
824620,663542,2,2,0,0,0,1,0
824620,693686,6,2,0,0,0,2,0
824620,573009,4,0,0,0,0,3,0
824620,608723,8,3,1,1,0,1,0
824620,641778,6,3,2,3,0,0,0
825101,642528,3,3,1,0,0,1,0
825101,623149,3,0,0,0,0,1,0
825101,647336,21,5,2,0,0,5,1
825101,693686,3,2,0,1,0,1,0
825101,573009,3,2,1,0,0,1,0
825101,641778,15,5,3,1,0,4,1
825101,680755,3,1,0,0,0,0,0
824044,681217,2,2,1,0,0,0,0
824044,667755,15,7,0,0,0,4,0
824044,666171,4,1,2,1,0,1,0
824044,605447,3,2,0,0,0,2,0
824044,608718,3,0,0,0,0,2,0
824044,667297,4,1,2,1,0,2,0
824044,573009,4,1,0,1,0,2,0
824044,641778,15,7,3,2,0,3,2
824044,680755,1,2,2,1,0,1,0
822825,695445,4,1,1,0,0,1,1
822825,667297,3,0,0,1,0,0,0
822825,573009,3,1,0,0,0,2,0
822825,656302,17,7,4,3,1,5,0
822825,669711,3,1,0,0,0,0,0
822825,624133,24,1,0,1,0,10,0
822821,693686,6,0,0,1,0,3,0
822821,667297,2,1,0,0,0,0,0
822821,573009,1,2,0,0,0,1,0
822821,641778,13,5,1,1,0,1,1
822821,680755,5,1,0,0,0,1,0
822821,669711,2,2,2,0,0,1,1
822821,678394,11,6,4,2,0,2,0
822821,676477,3,1,1,0,0,0,1
822821,663558,8,1,1,1,1,0,0
823714,623437,3,0,0,1,0,0,0
823714,607455,2,1,0,0,0,0,0
823714,641927,18,4,1,2,0,2,1
823714,702193,4,1,0,0,0,0,0
823714,667297,4,0,0,0,0,3,0
823714,573009,2,0,0,0,0,0,0
823714,592332,17,4,4,2,0,2,2
823714,689254,1,3,3,2,0,1,0
823711,623437,3,4,2,0,0,0,1
823711,573124,7,4,1,0,1,3,0
823711,681892,1,0,0,0,0,0,0
823711,657746,1,0,0,1,0,1,0
823711,679358,4,1,0,1,0,2,0
823711,702193,11,2,0,1,0,3,0
823711,667297,4,0,0,0,0,2,0
823711,573009,3,1,0,0,0,0,0
823711,656546,3,1,0,0,0,0,0
823711,702056,12,5,1,3,0,6,0
823711,680755,2,2,3,1,0,1,0
822984,668984,2,3,0,0,0,0,0
822984,607259,15,5,1,1,0,4,0
822984,693855,4,2,0,1,0,2,0
822984,642121,3,0,0,0,0,1,0
822984,687330,2,0,0,0,0,1,0
822984,641329,1,0,0,0,0,0,0
822984,693686,4,3,2,0,0,1,0
822984,667297,3,1,0,0,0,1,0
822984,573009,3,1,0,0,0,0,0
822984,641778,13,5,3,1,0,2,1
822984,689254,1,1,0,0,0,1,0
822820,667297,3,3,0,0,0,1,0
822820,573009,3,0,0,0,0,0,0
822820,702056,12,4,0,2,1,6,0
822820,689254,3,0,0,0,0,2,0
822820,680755,3,0,0,0,0,0,0
822820,643511,3,3,1,0,0,0,0
822820,624428,3,5,4,1,0,0,1
822820,686799,12,9,6,2,1,0,0
822820,815083,9,6,3,0,0,2,2
822818,573009,4,0,0,0,0,0,0
822818,592332,14,10,6,0,0,5,1
822818,689254,3,1,0,0,0,0,0
822818,684320,3,0,0,1,0,2,0
822818,680755,3,1,1,0,1,0,0
822818,693855,1,2,2,1,0,1,1
822818,685801,5,0,0,0,0,1,0
822818,641329,3,0,0,0,0,2,0
822818,656876,18,4,3,1,0,6,1
824865,669432,21,3,0,4,1,5,0
824865,669330,3,1,1,0,0,1,0
824865,664854,3,1,0,0,0,3,0
824865,623437,3,2,1,0,0,0,0
824865,573124,3,1,0,0,0,1,0
824865,681892,2,1,1,1,0,0,0
824865,657746,16,1,0,2,0,7,0
824135,663460,18,2,1,3,0,4,1
824135,683232,3,1,0,0,0,1,0
824135,663738,3,0,0,0,0,1,0
824135,670167,3,1,0,0,0,0,0
824135,623437,2,0,0,0,0,1,0
824135,680573,15,5,2,1,0,2,1
824135,573124,3,0,0,0,0,1,0
824135,681892,4,2,1,1,0,3,1
832037,690953,12,3,1,1,0,4,0
832037,689520,3,1,0,0,0,1,0
832037,573124,2,2,4,2,0,0,0
832037,687849,3,1,0,0,0,0,0
832037,694536,3,1,0,0,0,0,0
832037,830242,1,1,0,0,0,0,0
832037,656186,3,0,0,0,0,2,0
832037,814366,2,1,1,0,0,0,1
832037,624133,13,9,8,1,0,4,2
832037,822416,3,0,0,0,0,0,0
832037,684128,3,1,0,0,0,1,0
832037,663558,0,3,4,2,0,0,2
832037,592454,3,2,2,0,0,1,1
823727,671737,19,6,1,0,2,10,0
823727,623437,2,0,0,1,0,0,0
823727,663485,1,0,0,2,0,0,0
823727,573124,3,1,0,0,0,2,0
823727,679358,2,2,1,0,0,2,0
823727,669373,14,8,4,2,0,7,0
823727,663947,4,0,0,0,0,1,0
823727,657756,6,2,0,1,0,2,0
823718,573124,2,0,0,0,0,0,0
823718,641927,19,3,0,4,0,10,0
823718,670183,5,1,0,1,0,2,0
823718,702193,4,3,3,2,0,2,0
823718,641941,3,2,1,0,0,0,0
823718,663903,18,5,3,4,0,2,0
823718,693312,3,2,0,0,0,1,0
823718,683175,3,0,0,1,0,1,0
823718,668933,3,0,0,1,0,1,0
824133,666142,18,4,0,1,0,8,0
824133,621381,3,0,0,0,1,2,0
824133,674444,3,3,3,0,0,1,3
824133,670167,3,1,1,2,0,1,0
824133,671737,18,5,0,1,0,3,0
824133,623437,3,0,0,1,0,1,0
824133,663485,2,2,1,0,0,0,0
824133,573124,1,0,0,0,0,1,0
824133,681892,3,0,0,0,0,1,0
823729,623437,1,2,2,1,0,0,1
823729,680573,20,5,1,2,0,4,1
823729,663485,6,1,0,0,0,1,0
823729,573124,2,0,0,2,0,0,0
823729,681892,1,0,0,0,0,0,0
823729,607259,18,1,1,1,0,4,1
823729,687330,3,0,0,0,0,1,0
823729,643377,6,2,0,1,0,0,0
823729,641329,3,0,0,0,0,2,0
822989,663556,15,3,0,2,0,7,0
822989,687330,6,1,0,0,0,1,0
822989,694680,3,1,1,0,1,1,0
822989,685801,3,0,0,0,0,2,0
822989,573124,0,2,3,1,0,0,0
822989,641927,18,3,2,2,1,3,1
822989,670183,3,2,1,0,0,2,0
822989,679358,3,1,0,0,0,1,0
823719,687570,15,1,2,3,0,5,0
823719,573124,3,0,0,1,0,0,0
823719,702193,9,4,2,1,0,2,1
823719,695380,5,2,3,3,0,3,0
823719,677961,4,3,1,2,0,1,0
823719,622491,15,7,7,2,1,3,2
823717,671737,21,4,2,2,0,7,1
823717,607455,3,0,0,1,0,2,0
823717,573124,2,1,0,0,0,0,0
823717,679358,1,2,3,2,0,1,0
823717,678606,2,0,0,0,0,1,0
823717,666374,0,0,0,0,0,0,0
823717,681867,1,0,0,0,0,0,0
823717,669923,17,8,2,2,0,5,0
823717,662253,3,0,0,0,0,2,0
823717,642100,2,3,1,1,0,2,0
823717,660825,2,1,0,0,0,0,0
822741,663992,2,0,0,2,1,1,0
822741,676571,3,1,0,1,0,2,0
822741,663623,15,8,4,1,1,2,1
822741,687377,3,1,1,0,0,1,0
822741,681402,4,1,0,0,0,2,0
822741,680573,13,4,5,2,1,2,0
822741,607455,2,0,0,1,1,0,0
822741,804619,4,2,2,1,0,1,1
822741,573124,5,2,0,0,0,2,0
824760,678394,15,8,0,1,0,5,0
824760,701719,3,0,0,0,0,0,0
824760,663558,3,3,2,0,0,1,0
824760,670245,6,1,0,0,0,3,0
824760,671737,15,3,1,2,0,7,0
824760,696070,9,1,0,1,0,3,0
824760,573124,1,0,0,0,0,1,0
824760,702193,2,1,1,3,0,0,0
824597,680732,21,3,2,2,0,8,0
824597,663542,3,1,0,0,0,2,0
824597,656794,6,1,0,0,0,2,0
824597,699823,3,2,2,1,0,1,0
824597,607455,2,1,0,0,0,1,0
824597,573124,3,1,0,0,0,1,0
824597,672782,3,1,0,0,0,1,0
824597,657746,23,5,2,0,2,9,1
824597,702193,2,0,0,0,0,0,0
823707,607455,3,0,0,0,0,0,0
823707,573124,3,2,0,0,0,0,0
823707,672782,1,0,0,0,0,1,0
823707,657746,18,4,1,1,0,7,0
823707,702193,2,3,1,0,0,0,0
823707,689441,15,3,1,0,1,3,0
823707,682842,3,1,0,1,0,1,0
823707,676879,6,4,1,0,0,1,0
823707,656730,3,0,0,0,0,1,0
823705,623437,2,3,3,1,1,0,0
823705,696070,12,2,0,1,1,3,0
823705,680573,3,1,0,1,0,1,0
823705,573124,2,0,0,0,0,1,0
823705,672782,1,0,0,2,0,0,0
823705,679358,4,0,0,0,0,1,0
823705,702193,3,1,0,1,0,0,0
823705,805123,6,0,0,1,0,1,0
823705,837227,14,5,3,0,0,5,2
823705,681151,4,4,3,2,0,0,0
824595,663436,18,2,1,2,0,5,0
824595,691799,3,1,0,0,0,1,0
824595,673929,3,1,1,0,0,0,0
824595,699823,3,1,0,0,0,2,0
824595,680573,8,5,5,3,0,4,0
824595,607455,3,0,0,1,0,0,0
824595,573124,3,0,0,0,0,0,0
824595,701519,3,0,0,0,0,1,0
824595,672782,3,1,0,0,0,2,0
824595,702193,4,2,0,0,0,3,0
823377,683003,13,7,5,2,0,6,2
823377,681895,2,0,0,0,0,1,0
823377,642397,3,0,0,0,0,1,0
823377,696062,9,1,0,0,0,4,0
823377,689520,3,0,0,0,0,1,0
823377,671737,12,5,4,2,0,6,1
823377,607455,2,0,0,2,0,1,0
823377,573124,1,2,2,0,0,1,1
823377,672782,2,0,0,1,0,1,0
823377,679358,5,1,0,0,0,3,0
823701,689520,3,3,3,1,0,2,1
823701,671737,14,7,4,5,0,5,0
823701,664875,3,0,0,1,2,1,0
823701,573124,3,1,0,0,0,0,0
823701,679358,4,1,0,1,0,2,0
823701,691799,6,1,0,0,0,3,0
823701,669684,6,2,0,0,1,3,0
823701,607200,15,2,0,1,0,2,0
823698,607455,1,1,0,0,0,0,0
823698,702474,11,2,3,1,0,1,1
823698,664875,2,1,0,2,0,2,0
823698,573124,2,2,2,0,0,0,0
823698,672782,2,0,0,1,0,2,0
823698,679358,3,1,0,1,0,0,0
823698,702193,6,5,2,1,0,2,0
823698,621381,3,0,0,0,0,0,0
823698,663738,3,1,0,0,0,1,0
823698,607625,15,6,5,1,0,4,3
823698,656638,3,1,0,1,0,0,0
823698,670167,3,1,1,0,0,2,1
823697,573124,4,0,0,0,0,1,0
823697,672782,2,0,0,1,0,0,0
823697,657746,18,6,1,2,0,5,1
823697,679358,3,2,2,0,0,0,0
823697,679883,15,2,1,3,0,3,0
823697,668674,3,0,0,1,0,1,0
823697,621381,3,1,1,0,0,0,1
823697,663738,3,0,0,0,0,0,0
823697,656638,3,1,0,0,1,3,0
824267,623454,2,0,0,1,0,2,0
824267,663947,1,1,0,0,1,1,0
824267,640448,5,0,0,1,0,3,0
824267,646241,3,0,0,1,0,0,0
824267,669724,1,1,0,0,1,0,0
824267,675512,15,8,4,0,1,5,4
824267,689520,3,0,0,0,0,1,0
824267,671737,13,7,5,3,0,3,3
824267,664875,3,1,1,2,0,2,0
824267,573124,2,1,2,1,0,1,1
824267,679358,3,1,2,0,1,1,0
824266,664285,15,6,4,2,2,2,2
824266,689225,5,3,0,1,0,0,0
824266,680744,2,1,2,1,0,1,0
824266,805427,2,1,0,1,0,0,0
824266,669724,3,1,0,0,0,0,0
824266,607455,5,0,0,1,0,1,0
824266,702474,9,1,1,2,1,4,0
824266,573124,3,0,0,0,0,2,0
824266,701519,4,1,0,1,0,3,0
824266,672782,3,2,1,1,0,1,0
824266,702193,3,2,1,1,0,3,0
823695,607455,2,1,0,0,0,0,0
823695,573124,2,0,2,2,0,2,0
823695,672782,1,3,1,0,0,0,0
823695,657746,18,6,3,0,0,8,1
823695,679358,1,2,2,1,0,1,0
823695,702193,3,0,0,0,0,0,0
823695,681517,15,8,4,1,0,5,1
823695,700669,2,0,2,2,0,0,0
823695,666277,3,0,0,0,0,0,0
823695,592773,4,3,3,0,0,1,3
822887,682608,3,0,0,0,0,1,0
822887,605452,3,0,0,0,0,0,0
822887,669022,21,4,4,2,0,10,2
822887,702474,14,4,2,0,1,2,1
822887,573124,1,0,0,0,0,1,0
822887,672782,4,0,0,0,0,1,0
822887,679358,5,1,0,0,0,1,0
822887,702193,3,0,0,0,0,2,0
822889,682608,3,0,0,0,0,2,0
822889,683004,12,7,6,2,0,4,2
822889,615698,6,4,2,0,0,1,1
822889,695239,3,2,1,1,0,0,0
822889,668390,3,0,0,0,0,1,0
822889,689520,3,3,1,0,0,0,1
822889,664875,3,2,2,0,0,2,2
822889,573124,1,1,0,1,0,0,0
822889,657746,15,3,0,2,0,7,0
822889,679358,3,2,0,0,0,1,0
822889,702193,2,0,0,0,0,0,0
823692,573124,4,1,0,0,0,1,0
823692,805673,18,6,2,2,0,5,2
823692,679358,2,1,0,0,0,1,0
823692,702193,3,1,0,1,0,1,0
823692,641778,18,0,0,3,0,2,0
823692,656945,3,0,0,0,0,0,0
823692,669165,3,1,0,0,0,1,0
823692,694361,3,2,1,1,0,2,1
823690,696070,6,1,1,3,0,4,0
823690,608723,12,11,5,1,0,2,0
823690,573124,3,5,5,2,0,0,1
823690,701519,6,0,0,1,0,4,0
823690,683618,3,0,0,0,0,1,0
823690,680736,21,5,2,2,0,3,1
823690,592779,3,2,1,0,0,1,1
824174,650556,6,1,1,0,0,3,1
824174,805123,8,2,0,0,0,3,0
824174,837227,4,4,5,5,0,2,2
824174,699044,6,0,0,0,0,3,0
824174,663878,3,1,2,1,1,1,0
824174,689520,2,2,0,1,0,0,0
824174,671737,15,4,1,3,0,11,0
824174,573124,3,0,0,0,0,1,0
824174,672782,3,1,0,0,0,1,0
824174,702193,4,1,0,0,1,0,0
823526,642232,5,1,1,1,0,2,1
823526,657612,3,1,1,1,0,1,1
823526,694341,11,5,5,2,0,3,3
823526,687396,3,0,0,0,0,2,0
823526,656234,2,1,0,1,1,0,0
823526,666808,3,3,0,0,0,2,1
823526,694397,6,1,0,1,0,2,0
823526,573124,2,0,0,0,1,0,0
823526,701519,3,3,0,1,0,1,0
823526,805673,14,3,4,4,0,5,2
823526,702193,2,0,0,0,0,1,0
823687,671737,21,3,1,0,0,10,1
823687,573124,2,0,0,1,0,1,0
823687,672782,1,0,0,0,0,1,0
823687,702193,3,0,0,0,0,1,0
823687,670036,3,1,0,0,0,0,0
823687,680916,3,1,0,0,0,0,0
823687,676282,15,6,0,3,0,7,0
823687,681870,3,2,1,0,0,1,0
823679,667297,3,1,0,0,0,0,0
823679,696070,12,1,0,1,0,5,0
823679,573124,6,1,0,1,0,2,0
823679,672782,3,0,0,0,0,1,0
823679,702193,3,0,0,1,0,2,0
823679,686930,10,4,2,1,0,2,0
823679,660761,1,0,0,0,0,1,0
823679,669620,7,2,0,1,0,3,0
823679,696522,3,0,0,0,0,0,0
823679,665622,3,0,0,0,0,2,0
823674,573124,3,1,0,1,0,1,0
823674,641927,18,4,2,2,0,3,1
823674,672782,3,2,0,0,0,1,0
823674,702193,3,1,0,0,0,0,0
823674,668674,2,1,3,1,1,1,0
823674,621381,0,1,1,0,0,0,1
823674,702070,24,1,0,2,0,7,0
823109,669302,21,5,3,1,0,6,2
823109,662253,4,1,0,0,0,2,0
823109,642100,2,1,0,1,0,1,0
823109,667297,2,0,0,1,0,1,0
823109,621345,1,0,0,0,0,0,0
823109,687570,16,4,3,4,0,5,1
823109,573124,3,1,0,1,0,0,0
823109,681892,1,0,0,0,0,1,0
823109,701519,1,1,0,1,0,1,0
823109,702193,2,1,1,1,0,0,0
824084,663738,3,1,0,0,0,1,0
824084,663878,3,1,0,0,0,0,0
824084,677976,15,3,1,3,0,1,0
824084,674444,3,2,1,0,0,0,1
824084,670167,3,0,0,1,0,2,0
824084,573124,1,2,1,1,0,0,0
824084,681892,5,0,0,0,0,2,0
824084,701519,2,1,2,1,0,0,0
824084,657746,16,7,4,2,0,3,0
823675,665152,21,1,1,1,0,7,0
823675,573124,3,3,2,0,1,1,0
823675,701519,3,3,2,0,0,1,0
823675,669432,12,4,2,2,2,4,1
823675,670329,0,3,4,1,0,0,0
823675,677020,1,0,0,1,0,1,0
823675,664991,5,6,3,0,0,3,1
823675,676742,6,1,0,0,0,1,0
823670,665152,16,5,4,2,0,6,1
823670,621345,3,0,0,0,0,1,0
823670,573124,3,0,0,0,0,0,0
823670,681892,2,0,0,0,0,0,0
823670,702193,3,4,3,1,0,0,0
823670,661395,3,1,0,1,0,3,0
823670,689147,3,0,0,0,0,0,0
823670,680742,3,0,0,1,0,2,0
823670,641835,3,0,0,0,0,2,0
823670,691725,15,6,5,3,1,2,2
823262,695243,3,0,0,0,0,3,0
823262,699134,3,0,0,0,0,1,0
823262,681190,21,2,2,0,1,3,0
823262,687570,18,8,6,2,0,7,1
823262,573124,3,0,0,0,0,2,0
823262,701519,3,1,0,2,0,0,0
824695,702303,3,0,0,0,0,1,0
824695,681799,4,0,0,0,1,1,0
824695,573204,2,3,2,0,0,0,1
824695,684007,18,0,0,1,0,9,0
824695,642397,3,0,0,2,0,0,0
824695,682254,2,0,0,1,0,2,0
824695,676755,3,0,0,1,0,0,0
824695,669387,16,6,0,3,0,2,0
824695,642701,3,0,0,0,0,2,0
823478,663767,6,2,0,1,0,3,0
823478,641835,1,1,3,2,1,0,0
823478,621383,3,3,3,1,0,1,1
823478,605400,15,8,3,2,0,5,0
823478,641745,2,1,0,0,0,2,0
823478,702303,3,0,0,0,0,1,0
823478,573204,2,1,0,1,0,2,0
823478,657097,1,2,1,0,0,0,0
823478,669020,3,1,0,0,0,0,0
823478,607067,18,4,3,0,0,5,1
824690,702303,3,1,2,1,0,2,1
824690,573204,2,0,0,0,0,0,0
824690,684007,21,3,1,1,0,1,1
824690,657097,1,2,0,0,0,0,0
824690,666200,14,5,1,4,1,3,0
824690,621237,1,2,1,1,1,1,0
824690,689147,1,0,0,2,0,0,0
824690,641835,3,2,3,1,0,1,2
824690,621383,3,3,2,2,0,1,0
824690,641745,2,0,0,0,0,0,0
824677,573204,3,1,0,0,0,0,0
824677,657097,3,2,0,0,0,0,0
824677,663423,3,1,2,1,0,0,1
824677,664208,3,0,0,0,0,1,0
824677,676962,15,7,3,2,0,6,0
824677,694477,1,0,0,0,0,0,0
824677,682842,3,0,0,0,0,1,0
824677,676879,2,3,1,1,0,2,0
824677,694819,18,3,0,1,0,8,0
824677,656730,3,0,0,0,0,2,0
824406,670059,6,0,0,1,0,0,0
824406,671922,5,2,0,0,0,1,0
824406,681870,3,2,1,1,0,1,0
824406,668909,21,2,0,0,0,11,0
824406,683769,1,0,1,2,0,1,0
824406,667297,3,0,0,0,0,1,0
824406,671737,21,2,1,3,0,5,1
824406,573124,3,0,0,1,0,1,0
824406,681252,3,0,0,1,0,1,0
824406,672782,3,0,0,2,0,2,0
824406,702193,3,1,0,0,0,0,0
824676,681799,3,1,0,0,0,1,0
824676,573204,3,1,1,1,0,1,0
824676,684007,18,7,7,1,1,6,3
824676,664208,3,0,0,0,0,0,0
824676,650556,3,1,0,1,0,0,0
824676,805123,6,1,2,1,0,0,1
824676,663567,15,5,3,4,1,5,0
824676,663878,3,0,0,1,0,0,0
824669,694037,3,2,1,0,0,1,0
824669,573204,2,1,1,0,0,2,1
824669,657097,6,1,0,1,0,1,0
824669,669020,3,0,0,1,0,2,0
824669,676962,16,1,0,1,1,5,0
824669,676775,5,1,1,0,0,1,1
824669,668873,3,1,0,1,0,1,0
824669,656529,0,1,0,0,0,0,0
824669,669062,2,2,0,0,1,1,0
824669,694738,17,3,1,3,0,5,1
823376,681895,2,1,0,1,0,1,0
823376,670990,1,3,4,0,1,0,1
823376,696149,15,8,4,2,0,5,0
823376,642701,4,0,0,2,1,1,0
823376,664875,5,2,1,2,0,3,1
823376,681799,3,0,0,1,0,0,0
823376,573204,3,1,0,0,0,1,0
823376,592791,15,5,4,2,0,4,2
823376,657097,3,0,0,0,0,3,0
823376,664208,3,1,0,1,0,1,0
823213,686790,11,6,4,3,1,4,1
823213,681916,3,1,0,0,0,2,0
823213,676254,3,0,0,0,1,0,0
823213,668873,3,1,0,0,0,2,0
823213,656529,3,1,0,0,1,2,0
823213,665665,4,2,2,1,0,2,2
823213,681799,3,0,0,0,1,2,0
823213,573204,5,0,0,0,0,1,0
823213,664208,4,0,0,1,0,1,0
823213,676962,15,7,1,3,0,3,0
823613,681810,3,0,0,0,0,2,0
823613,702752,6,2,4,2,1,3,1
823613,690997,18,7,6,2,2,9,2
823613,665871,15,5,3,2,0,5,2
823613,573204,3,1,0,0,0,2,0
823613,621053,6,0,0,0,0,2,0
823613,669020,3,1,0,1,0,0,0
823769,682842,5,0,0,0,0,1,0
823769,669270,3,1,2,2,1,1,0
823769,676879,2,1,1,2,0,1,0
823769,605540,17,1,0,2,0,6,0
823769,656730,3,1,0,0,0,3,0
823769,696136,3,0,0,1,0,0,0
823769,681799,0,2,1,1,0,0,0
823769,573204,3,0,0,1,0,2,0
823769,621053,2,1,0,0,0,1,0
823769,657097,3,1,0,1,0,3,0
823769,669020,6,2,1,0,0,2,1
823769,669060,13,4,0,0,0,4,0
824662,573204,1,1,0,1,0,0,0
824662,684007,19,9,2,0,0,4,0
824662,668970,4,0,0,1,0,2,0
824662,663423,3,1,0,0,0,1,0
824662,695243,2,2,0,0,0,0,0
824662,592094,3,2,1,0,0,1,0
824662,656288,13,5,2,2,1,3,0
824662,699134,2,1,0,0,0,2,0
824662,670970,4,0,0,1,0,2,0
824662,606996,2,0,0,1,0,1,0
824658,573204,4,0,0,0,0,1,0
824658,621053,3,1,0,0,1,2,0
824658,684007,14,4,2,3,0,8,1
824658,669020,2,1,0,1,0,1,0
824658,663423,4,2,1,0,0,1,0
824658,681517,15,3,0,2,1,6,0
824658,668941,3,1,0,1,0,2,0
824658,676617,3,0,0,1,0,1,0
824658,666277,3,0,0,0,0,2,0
824658,592773,3,1,0,0,0,1,0
824646,573204,1,4,4,0,0,0,1
824646,621053,6,1,0,0,0,3,0
824646,684007,15,8,1,0,0,6,1
824646,657097,3,0,0,0,0,0,0
824646,666171,2,1,1,0,1,2,1
824646,683618,3,1,0,0,1,3,0
824646,641778,12,11,6,0,0,1,2
824646,669165,4,2,1,0,0,2,0
824646,642546,2,0,0,0,0,0,0
824646,623465,2,1,0,0,0,0,0
824646,676263,1,0,0,0,0,0,0
823023,676617,3,0,0,0,0,1,0
823023,669467,19,7,2,2,0,3,0
823023,666277,2,1,0,2,0,1,0
823023,592773,3,1,0,0,0,0,0
823023,703725,3,2,1,0,0,0,0
823023,665871,13,6,1,2,0,6,0
823023,573204,3,1,1,0,0,1,1
823023,657097,4,1,0,0,0,0,0
823023,668970,3,1,0,0,0,0,0
823023,650644,2,0,0,0,0,1,0
823023,669020,5,1,0,1,0,1,0
824664,573204,3,0,0,0,0,0,0
824664,650644,9,4,1,0,0,3,0
824664,656849,15,7,1,3,0,3,0
824664,669020,3,0,0,0,0,0,0
824664,663423,3,0,0,1,0,1,0
824664,695445,3,0,0,1,0,1,0
824664,686973,3,2,2,0,0,0,1
824664,663893,1,1,0,1,0,0,0
824664,656302,21,2,0,1,0,10,0
824664,680755,3,0,0,0,0,1,0
824081,621016,4,2,0,0,0,1,0
824081,696131,15,3,2,3,0,2,1
824081,668674,3,1,0,0,1,0,0
824081,663738,5,3,3,2,0,2,0
824081,573204,1,3,2,0,0,1,0
824081,592332,21,4,2,1,0,4,1
824081,657097,3,0,0,0,0,2,0
824081,663423,2,0,0,1,0,0,0
824642,665795,11,6,7,3,0,2,1
824642,573204,2,1,2,1,0,2,0
824642,608348,3,1,0,0,0,0,0
824642,650644,6,2,0,0,1,4,0
824642,669020,4,2,2,1,0,0,1
824642,663423,1,1,0,0,0,1,0
824642,700669,3,2,1,1,0,0,0
824642,690928,15,2,2,4,0,7,1
824642,657571,3,1,1,0,0,1,1
824642,703725,6,1,0,0,0,3,0
824639,665871,9,2,0,0,0,2,0
824639,573204,2,1,0,0,0,0,0
824639,592332,13,7,3,2,0,5,1
824639,657097,3,0,0,1,0,0,0
824639,623211,1,0,1,2,0,0,0
824639,691799,3,1,0,0,0,2,0
824639,670950,5,2,1,1,0,1,0
824639,663542,3,2,2,0,0,1,2
824639,607200,14,3,0,2,0,5,0
824640,573204,2,0,0,0,0,1,0
824640,650644,4,0,0,3,0,2,0
824640,669020,2,2,2,1,0,0,0
824640,663423,3,1,0,0,0,1,0
824640,605280,16,6,1,2,0,1,0
824640,691799,3,0,0,1,0,2,0
824640,664353,18,2,0,0,0,8,0
824640,656794,6,0,0,2,0,0,0
824216,680802,3,2,1,1,0,2,1
824216,595345,5,0,0,0,0,3,0
824216,681347,17,9,5,2,0,6,2
824216,682610,2,0,0,3,0,0,0
824216,681217,2,0,0,0,0,0,0
824216,696147,3,0,0,2,0,3,0
824216,666171,6,0,0,0,0,2,0
824216,579328,13,8,2,1,0,3,1
824216,605447,3,0,0,0,0,2,0
824049,680704,5,2,2,2,0,2,0
824049,666171,3,3,2,2,0,0,0
824049,641312,1,0,0,0,0,0,0
824049,579328,18,4,0,1,1,8,0
824049,695243,3,1,0,1,0,2,0
824049,592094,3,3,1,0,0,1,0
824049,608566,17,2,0,2,0,5,0
824049,670970,4,0,0,1,0,2,0
824051,815083,3,1,0,1,0,0,0
824051,641312,9,5,3,1,0,4,1
824051,579328,15,6,4,1,0,8,0
824051,669276,2,0,0,0,0,0,0
824051,663158,3,0,0,1,0,2,0
824051,641755,2,1,0,0,0,2,0
824051,607481,1,0,0,1,1,0,0
824051,625643,14,3,0,2,1,7,1
824051,628452,5,2,0,0,0,3,0
831864,685377,1,3,3,1,0,1,1
831864,592094,3,0,0,0,0,1,0
831864,699134,3,0,0,0,0,2,0
831864,601713,12,8,4,1,0,3,2
831864,701195,3,1,1,0,0,0,0
831864,669093,3,1,0,1,0,1,0
831864,800317,2,1,0,0,0,0,0
831864,657514,3,1,0,1,0,1,0
831864,656786,3,2,2,0,0,1,1
831864,675848,3,0,0,0,0,1,0
831864,668943,3,0,0,0,0,1,0
831864,622608,6,0,0,0,0,1,0
831864,678368,9,1,1,1,1,2,0
831735,688158,3,0,0,1,1,1,0
831735,592094,3,0,0,0,0,1,0
831735,608566,14,4,1,2,0,8,1
831735,699134,3,2,1,1,0,1,0
831735,701195,1,0,0,0,0,0,0
831735,606996,3,2,1,0,1,1,0
831735,808750,1,0,4,2,2,0,0
831735,622491,15,4,1,1,1,5,0
831735,666374,3,0,0,1,0,0,0
831735,813609,2,3,4,1,0,1,2
831735,672841,3,0,0,0,0,1,0
823318,695243,3,0,0,0,0,3,0
823318,621111,18,3,0,0,0,4,0
823318,592094,1,0,0,0,0,0,0
823318,670970,2,4,2,0,0,0,0
823318,606996,3,1,0,1,0,0,0
823318,675848,1,2,3,1,0,0,1
823318,608372,18,4,2,0,0,3,2
823318,622608,5,0,0,2,0,3,0
823318,677955,1,0,0,0,0,0,0
823315,650633,18,4,1,2,2,5,0
823315,695243,3,0,0,0,0,1,0
823315,592094,3,0,0,1,0,0,0
823315,670970,3,0,0,0,0,1,0
823315,668984,3,3,1,0,0,1,0
823315,693433,21,8,3,1,0,3,0
823313,695243,3,0,0,0,0,3,0
823313,621111,15,5,2,1,0,7,0
823313,592094,3,1,0,0,1,0,0
823313,699134,1,1,0,1,0,0,0
823313,670970,5,0,0,0,0,2,0
823313,677961,5,2,1,0,1,3,0
823313,622491,16,7,1,3,0,3,0
823313,681867,3,1,0,0,0,0,0
824369,623474,3,0,0,0,0,3,0
824369,801403,18,3,1,1,2,9,0
824369,657514,3,2,0,0,0,2,0
824369,675848,3,1,0,0,0,1,0
824369,592094,3,0,0,0,0,1,0
824369,670970,3,0,0,0,0,2,0
824369,681190,21,3,0,0,1,5,0
825093,694851,3,2,1,1,0,1,1
825093,694297,9,2,4,3,0,5,1
825093,642528,3,0,0,0,0,1,0
825093,664199,3,1,0,1,1,0,0
825093,668678,9,1,0,0,0,3,0
825093,695243,3,0,0,0,0,0,0
825093,592094,3,0,0,0,0,0,0
825093,608566,18,6,4,1,1,2,1
825093,670970,3,1,0,1,0,2,0
823307,695243,3,1,0,0,0,3,0
823307,592094,3,1,0,0,0,1,0
823307,656288,15,3,1,3,0,7,1
823307,670970,6,2,2,0,0,4,1
823307,641743,15,7,2,1,0,5,2
823307,673929,3,0,0,0,0,1,0
823307,663542,3,2,0,0,0,2,0
823307,699823,3,0,1,1,0,0,0
823227,664141,3,2,1,2,0,1,0
823227,657277,12,7,6,0,1,4,1
823227,666619,6,2,2,0,0,0,0
823227,621366,3,2,1,0,0,0,0
823227,666711,3,1,0,0,0,0,0
823227,621111,16,7,4,0,0,5,1
823227,592094,3,0,0,0,0,0,0
823227,669093,5,1,1,0,0,2,1
823227,676760,3,0,0,0,0,1,0
823306,650633,18,1,1,2,0,6,1
823306,593974,3,1,0,2,0,0,0
823306,592094,3,1,0,1,0,0,0
823306,699134,3,2,1,0,0,2,0
823306,668941,3,0,0,0,0,1,0
823306,676617,3,0,0,0,0,1,0
823306,666277,3,1,0,0,0,1,0
823306,669461,18,3,1,3,0,6,0
823304,695243,4,0,0,2,0,4,0
823304,592094,3,0,0,0,0,0,0
823304,669093,3,0,0,0,0,1,0
823304,670970,2,1,1,0,1,1,0
823304,681190,15,6,1,0,0,6,0
823304,694335,3,1,1,0,0,1,1
823304,677865,3,1,0,0,0,2,0
823304,669160,18,3,2,2,0,7,1
823791,682842,3,2,3,1,0,1,1
823791,676879,3,0,0,0,0,2,0
823791,694819,21,4,0,0,0,10,0
823791,650633,17,6,1,2,0,5,0
823791,695243,3,1,0,0,0,2,0
823791,592094,3,1,0,0,0,0,0
823791,669093,4,1,0,0,0,0,0
823140,678606,3,0,0,0,0,1,0
823140,695380,3,2,0,0,0,0,0
823140,681867,3,2,1,0,0,0,0
823140,676106,18,5,1,1,0,6,0
823140,695243,4,2,0,1,0,4,0
823140,592094,2,1,0,1,0,1,0
823140,670970,3,0,0,1,0,1,0
823140,681190,18,4,0,0,1,3,0
823139,689546,3,0,0,2,0,1,0
823139,682445,4,2,0,0,0,0,0
823139,669302,20,5,7,2,0,5,3
823139,593974,3,0,0,0,0,1,0
823139,621111,15,5,2,2,0,6,1
823139,592094,3,0,0,0,0,1,0
823139,669093,3,1,0,1,0,0,0
823139,670970,3,0,0,0,0,1,0
823139,689690,0,2,2,1,0,0,0
823301,650633,21,4,0,2,0,9,0
823301,695243,3,0,0,2,0,1,0
823301,592094,3,1,0,1,0,0,0
823301,669165,3,1,0,0,0,0,0
823301,808967,21,3,1,2,0,8,1
823298,621111,15,5,3,4,0,4,0
823298,592094,3,1,0,0,0,0,0
823298,699134,2,2,0,1,0,0,0
823298,669093,3,0,0,0,0,1,0
823298,670970,4,0,0,0,0,3,0
823298,660761,1,0,0,0,0,0,0
823298,678022,4,4,3,0,1,2,0
823298,605488,19,3,4,3,0,3,3
823300,695243,3,0,0,0,0,2,0
823300,592094,3,1,0,0,0,3,0
823300,669093,3,0,0,1,0,0,0
823300,670970,3,0,0,0,0,0,0
823300,608337,15,4,0,5,0,2,0
823300,669372,7,0,2,6,1,4,0
823300,605130,3,0,0,1,0,0,0
823300,660761,8,1,0,1,0,4,0
823300,669270,6,1,0,0,0,2,0
823295,621111,16,3,2,0,1,2,0
823295,592094,3,0,0,0,0,0,0
823295,669093,3,1,0,0,0,1,0
823295,670970,2,1,0,0,0,0,0
823295,676760,3,1,1,0,0,0,1
823295,621237,3,1,0,0,0,2,0
823295,650911,21,6,0,0,0,9,0
823295,680742,3,0,0,0,0,0,0
822732,669371,6,1,0,1,1,2,0
822732,687377,3,0,0,0,0,0,0
822732,680730,6,2,1,0,0,1,2
822732,687606,3,2,1,1,0,1,0
822732,674841,9,5,3,2,0,1,0
822732,673513,6,1,1,0,1,1,0
822732,695243,4,0,0,2,0,2,0
822732,592094,1,2,0,0,0,0,0
822732,669093,4,1,0,0,0,2,0
822732,670970,4,0,0,0,0,2,0
822732,608337,8,5,4,4,0,1,2
822729,690925,3,1,0,0,0,1,0
822729,687377,6,0,0,1,0,2,0
822729,641793,18,5,2,2,0,5,0
822729,673513,3,0,0,0,0,1,0
822729,592094,3,1,0,0,0,1,0
822729,656288,15,6,3,2,0,3,2
822729,669093,1,1,1,1,0,0,0
822729,670970,2,1,0,0,0,0,0
823460,621237,3,0,0,0,0,0,0
823460,661395,3,0,0,0,0,3,0
823460,689147,3,1,0,1,0,1,0
823460,605400,15,4,2,0,0,8,1
823460,641745,3,2,0,0,0,0,0
823460,673513,2,1,0,1,0,1,0
823460,592094,1,1,0,0,0,0,0
823460,699134,3,1,0,1,0,0,0
823460,669093,3,1,1,1,0,1,0
823460,681190,15,5,2,1,0,3,1
823456,650911,21,4,1,1,0,8,0
823456,661395,3,0,0,0,0,2,0
823456,641745,3,2,1,1,1,1,0
823456,593974,4,1,0,0,0,0,0
823456,621111,18,4,1,2,0,6,0
823456,592094,2,3,2,0,0,2,2
823292,695243,3,0,0,1,0,1,0
823292,592094,3,2,0,0,0,0,0
823292,656288,15,3,1,2,0,6,0
823292,699134,3,1,1,0,0,1,1
823292,670970,3,0,0,0,0,2,0
823292,681810,6,2,2,0,0,1,1
823292,690997,18,3,1,3,0,5,0
823289,695243,3,0,0,0,0,3,0
823289,621111,14,8,1,2,0,4,0
823289,592094,3,0,0,1,0,3,0
823289,699134,2,1,1,1,0,0,0
823289,670970,5,0,0,0,0,1,0
823289,622088,3,1,0,0,0,0,0
823289,685112,3,4,3,0,0,0,0
823289,671096,18,4,3,2,0,6,1
823290,673513,3,1,1,0,0,1,1
823290,695243,3,0,0,0,0,2,0
823290,688158,5,2,0,1,0,4,0
823290,592094,3,0,0,2,0,1,0
823290,699134,3,2,0,0,0,2,0
823290,670970,4,1,0,0,0,3,0
823290,608337,12,2,1,5,0,3,0
823290,622088,3,1,0,0,0,2,0
823290,663574,3,2,0,0,0,1,0
823290,657571,1,1,0,1,0,0,0
823290,594580,2,1,0,0,0,2,0
823290,687209,3,0,0,0,0,0,0
823290,656271,5,1,0,1,0,1,0
823290,695505,16,6,2,2,0,7,0
824823,669432,18,5,2,2,0,4,0
824823,670329,3,1,2,1,0,1,1
824823,689296,3,1,0,1,0,0,0
824823,666974,3,1,0,0,0,2,0
824823,695243,4,0,0,0,0,3,0
824823,621111,15,6,1,0,0,5,1
824823,592094,1,2,1,0,0,0,0
824823,699134,3,1,0,1,0,2,0
824823,670970,4,1,0,0,0,0,0
823044,694335,4,1,0,0,0,1,0
823044,688297,4,4,3,2,1,1,1
823044,681517,18,7,3,1,0,7,0
823044,677865,1,2,0,0,0,0,0
823044,592094,3,0,0,0,1,0,0
823044,656288,13,4,1,3,0,2,0
823044,699134,3,1,0,0,0,1,0
823044,670970,3,1,0,0,0,0,0
823044,606996,5,0,0,0,0,1,0
822886,656641,4,1,0,0,0,0,0
822886,594798,18,6,6,3,0,9,2
822886,596001,5,3,1,0,0,1,1
822886,673513,5,1,0,1,0,3,0
822886,688158,1,3,1,0,0,0,0
822886,593974,5,0,0,1,0,0,0
822886,592094,3,1,1,0,0,1,1
822886,681190,10,8,6,3,0,1,0
822885,682608,3,0,0,0,1,2,0
822885,641302,1,1,0,1,0,0,0
822885,656641,3,0,0,0,0,1,0
822885,605452,3,2,2,1,0,0,1
822885,669022,18,5,1,2,0,6,0
822885,668390,2,1,1,0,0,0,0
822885,695243,3,1,0,0,0,2,0
822885,621111,16,5,1,1,0,7,0
822885,592094,3,2,2,0,0,2,1
822885,670970,6,1,0,0,1,5,0
822885,606996,2,0,0,0,0,1,0
823285,673513,2,1,0,1,0,0,0
823285,593974,3,1,0,0,0,0,0
823285,621111,16,3,1,3,0,5,1
823285,592094,3,0,0,0,0,1,0
823285,670970,3,2,0,0,0,0,0
823285,683618,3,0,0,0,0,1,0
823285,642546,3,4,4,2,0,1,0
823285,592779,3,0,0,1,0,0,0
823285,676263,3,0,0,1,0,0,0
823285,808963,12,3,3,5,1,2,1
823281,673513,5,1,0,0,0,2,0
823281,650633,13,3,4,4,2,5,0
823281,593974,6,0,0,0,0,2,0
823281,592094,3,1,0,0,0,0,0
823281,681911,2,1,1,0,0,1,0
823281,683618,3,0,0,1,0,0,0
823281,656945,4,1,0,0,1,2,0
823281,694361,3,2,0,0,1,2,0
823281,686218,15,2,1,2,1,5,1
831602,664076,3,0,0,0,0,1,0
831602,663556,15,3,0,2,1,4,0
831602,592155,3,0,0,1,0,1,0
831602,669438,3,1,0,0,0,0,0
831602,692285,3,1,0,0,0,0,0
831602,700842,3,1,0,0,0,0,0
831602,687762,12,3,1,1,0,3,0
831602,664918,4,0,0,0,0,2,0
831602,663558,3,0,0,0,0,1,0
831602,687941,2,3,1,0,0,2,0
831592,693686,3,0,0,0,0,0,0
831592,656302,15,3,0,2,0,6,0
831592,680755,3,0,0,0,0,1,0
831592,689254,3,0,0,0,0,2,0
831592,686973,3,1,1,0,0,1,1
831592,607259,11,12,11,2,0,0,3
831592,685801,2,1,0,1,0,1,0
831592,693855,3,2,1,1,1,2,0
831592,664076,3,1,0,1,0,1,0
831592,592155,3,1,0,0,0,1,0
831592,695771,1,1,0,0,0,0,0
831592,804254,1,1,2,1,0,0,1
831545,686588,1,0,0,0,0,0,0
831545,656550,16,4,2,3,0,4,0
831545,628452,3,0,0,0,0,1,0
831545,663158,2,1,0,0,0,1,0
831545,811319,1,0,0,0,0,0,0
831545,641755,3,0,0,0,0,1,0
831545,669276,1,1,0,0,0,1,0
831545,804541,10,6,3,0,0,2,1
831545,664076,2,0,0,2,0,1,0
831545,592155,3,0,0,0,0,2,0
831545,807744,6,3,0,2,0,0,0
831545,689433,3,2,0,0,0,1,0
823860,676604,3,1,0,1,0,1,0
823860,663969,14,7,3,3,0,3,1
823860,687473,6,3,3,1,0,1,0
823860,687531,4,1,0,0,0,1,0
823860,592155,3,0,0,1,0,3,0
823860,642121,3,1,0,0,0,2,0
823860,656876,21,1,0,0,0,9,0
823939,656945,3,0,0,0,0,2,0
823939,669165,3,0,0,0,0,1,0
823939,694361,3,0,0,1,0,0,0
823939,680736,18,3,0,0,0,5,0
823939,592155,3,0,0,0,0,1,0
823939,656876,21,6,1,0,0,7,1
824093,663568,6,4,3,1,0,0,0
824093,663738,3,0,0,0,0,1,0
824093,677976,12,6,2,1,0,2,1
824093,674444,3,1,0,1,0,0,0
824093,670167,3,0,0,0,0,0,0
824093,592155,3,1,1,0,0,1,1
824093,693855,18,3,1,1,0,8,1
824093,664076,3,1,0,0,0,0,0
824093,641329,3,0,0,0,0,1,0
822956,592155,2,0,0,0,0,1,0
822956,693855,16,5,3,0,0,12,1
822956,664076,3,1,0,0,0,2,0
822956,687330,3,4,1,0,0,1,0
822956,641329,3,1,0,0,0,1,0
822956,621112,4,0,0,1,0,1,0
822956,657612,5,1,0,0,0,0,0
822956,687396,3,0,0,0,0,2,0
822956,701542,12,7,6,2,0,3,3
822953,668984,3,0,0,0,0,0,0
822953,592155,6,1,0,0,0,5,0
822953,664076,3,1,0,1,0,2,0
822953,643377,15,4,1,3,0,3,0
822953,621074,3,2,0,0,0,0,0
822953,669302,20,9,4,2,0,5,0
822953,642100,1,1,1,0,0,0,1
822788,663893,6,4,1,1,0,1,1
822788,656302,18,7,3,1,0,7,2
822788,680755,3,2,1,0,0,1,0
822788,668984,3,1,0,0,0,1,0
822788,607259,18,6,1,1,0,0,0
822788,592155,3,0,0,0,0,1,0
822788,641329,3,1,0,1,0,0,0
822784,693686,11,3,0,0,0,4,0
822784,686973,3,1,0,0,0,0,0
822784,663893,3,0,0,1,0,1,0
822784,656546,2,2,0,0,1,1,0
822784,689254,1,1,0,1,0,0,0
822784,680755,4,0,1,2,0,1,0
822784,643511,3,1,0,0,0,2,0
822784,592155,2,1,1,0,0,1,1
822784,687330,4,0,0,0,0,1,0
822784,643377,18,3,1,1,0,5,0
822784,641329,3,0,0,0,0,1,0
822944,592155,2,1,0,0,0,2,0
822944,664076,1,0,0,0,0,1,0
822944,687330,3,0,0,0,0,2,0
822944,641329,3,0,0,0,0,1,0
822944,656876,18,4,0,1,0,10,0
822944,670950,3,2,0,0,0,1,0
822944,622554,3,0,0,0,0,2,0
822944,702273,15,3,1,0,1,4,0
822944,663855,3,0,0,0,0,1,0
824322,656786,3,0,0,0,0,0,0
824322,675848,3,0,1,1,0,0,0
824322,608372,15,5,3,2,0,3,1
824322,688642,6,0,0,0,0,2,0
824322,669330,4,0,0,1,0,4,0
824322,607259,17,6,0,0,0,4,0
824322,592155,3,0,0,0,0,1,0
824322,664076,3,0,0,1,0,1,0
822939,669330,3,3,3,0,0,0,2
822939,663556,10,4,3,0,0,3,1
822939,668984,2,2,0,0,1,1,0
822939,592155,4,2,0,1,0,3,0
822939,687330,3,2,0,0,0,1,0
822939,641329,5,1,0,0,0,2,0
822939,670329,3,0,0,1,0,2,0
822939,687064,12,8,4,1,0,3,3
822939,677020,3,1,0,1,0,0,0
822939,666974,0,3,3,0,1,0,0
822939,676742,6,0,0,0,0,3,0
822839,686973,3,1,0,1,0,1,0
822839,592332,18,1,1,0,0,11,1
822839,656546,3,1,1,0,0,4,1
822839,643511,3,0,0,1,0,0,0
822839,622663,15,3,2,3,0,3,0
822839,686993,2,3,1,0,0,0,0
822839,605130,5,1,0,0,0,0,0
822839,663687,4,0,0,1,0,0,0
822835,667297,1,1,1,2,0,1,0
822835,663893,3,1,0,1,0,1,0
822835,592332,18,2,0,0,0,10,0
822835,656546,3,0,0,0,0,3,0
822835,689254,2,0,0,0,0,2,0
822835,643511,3,2,0,0,0,0,0
822835,680767,3,1,0,0,0,0,0
822835,623474,3,0,0,0,0,0,0
822835,607536,15,5,1,1,2,6,0
822835,657514,3,0,0,0,0,0,0
822835,622608,6,1,0,0,0,3,0
822831,686973,4,0,0,0,0,2,0
822831,592332,16,5,2,2,0,5,0
822831,656546,3,2,1,1,0,2,0
822831,689254,4,1,0,0,0,2,0
822831,681911,3,0,0,1,0,1,0
822831,621242,3,1,0,1,0,3,0
822831,595014,3,0,0,0,0,0,0
822831,808967,18,5,1,1,0,6,0
823802,682842,3,2,1,0,0,1,0
823802,681982,3,2,2,1,0,0,0
823802,694819,16,5,2,0,0,5,2
823802,669084,2,0,0,0,0,0,0
823802,672582,3,1,0,0,0,1,0
823802,656730,3,3,3,1,0,0,0
823802,686973,4,2,0,0,0,2,0
823802,592332,15,6,3,3,0,5,1
823802,656546,2,2,2,3,0,1,0
823802,689254,3,0,0,1,0,2,0
823802,680755,3,1,1,0,0,2,1
823802,643511,3,1,0,0,0,0,0
822826,686973,3,3,1,1,0,2,0
822826,592332,20,6,2,0,0,3,1
822826,689254,1,0,0,0,0,1,0
822826,643511,3,0,0,0,0,1,0
822826,641401,3,0,0,0,0,2,0
822826,670036,3,1,0,0,0,3,0
822826,688883,3,2,1,2,0,1,0
822826,676282,15,6,1,1,0,4,1
825100,694851,7,2,1,1,0,3,1
825100,694297,19,4,1,2,0,3,0
825100,669194,1,8,8,1,0,1,0
825100,667297,3,0,0,0,0,0,0
825100,592332,18,7,2,1,0,4,0
825100,689254,3,2,2,0,0,1,1
825100,680755,3,1,0,0,0,0,0
822986,668984,3,1,0,1,0,0,0
822986,642121,3,0,0,0,0,0,0
822986,685801,3,0,0,1,0,2,0
822986,656876,18,7,3,1,0,5,1
822986,686973,2,0,0,0,0,1,0
822986,592332,18,6,2,1,0,3,0
822986,656546,3,1,0,0,0,1,0
822986,643511,1,4,2,0,0,0,0
822816,686973,6,0,0,0,0,3,0
822816,592332,20,6,1,1,0,8,0
822816,689254,1,1,1,1,0,0,0
822816,696149,15,2,0,3,0,11,0
822816,642701,3,3,3,1,0,2,0
822816,664875,3,0,0,2,0,1,0
822816,684049,3,0,0,1,0,1,0
822809,686973,3,2,0,0,0,1,0
822809,592332,15,6,1,2,1,5,0
822809,656546,4,2,0,0,0,2,0
822809,689254,2,1,0,0,1,0,0
822809,643511,3,0,0,0,0,0,0
822809,664126,3,0,0,0,0,1,0
822809,667463,3,0,0,0,0,1,0
822809,656848,2,1,1,2,0,0,0
822809,677053,4,1,1,0,0,2,1
822809,691587,12,3,0,0,1,9,0
824918,663158,4,1,0,0,0,2,0
824918,628452,3,2,0,0,0,1,0
824918,693821,20,6,3,1,0,6,1
824918,592332,18,5,4,2,0,8,1
824918,657756,1,0,0,0,0,0,0
824918,689254,2,1,0,0,0,0,0
824918,680755,3,0,0,0,0,1,0
822807,671936,3,1,0,0,0,2,0
822807,686973,4,1,0,0,0,2,0
822807,592332,15,5,4,0,0,5,2
822807,657756,1,1,0,1,0,0,0
822807,643511,4,0,0,1,0,1,0
822807,669330,2,0,0,0,0,0,0
822807,670329,2,1,1,0,0,1,1
822807,669358,17,7,1,1,0,3,1
822807,664991,2,1,0,0,0,1,0
822807,666974,1,1,0,0,0,0,0
822797,680573,9,0,0,4,0,1,0
822797,592332,18,10,6,2,0,4,3
822797,656641,3,2,2,0,0,2,1
822797,669022,21,4,3,1,0,5,0
822797,596001,3,0,0,0,0,1,0
823205,702352,3,0,0,0,0,2,0
823205,694738,24,3,1,2,0,5,1
823205,667297,5,1,1,1,0,0,1
823205,671936,3,2,2,0,0,0,1
823205,592332,16,5,4,5,0,8,0
823274,695243,3,0,0,0,0,1,0
823274,608566,12,6,3,2,0,4,2
823274,670970,6,2,1,1,0,1,0
823274,606996,3,0,0,0,0,0,0
823274,676760,3,1,0,0,0,1,0
823274,592332,18,4,3,3,0,8,0
823274,656546,3,3,2,0,0,0,0
823274,643511,3,0,0,0,0,1,0
824730,594027,3,1,0,1,0,0,0
824730,669711,3,1,0,0,0,1,0
824730,686580,3,0,0,0,0,1,0
824730,624133,12,4,0,0,0,6,0
824730,670245,6,3,1,0,0,1,0
824730,671936,3,2,0,0,0,0,0
824730,663893,2,2,1,0,0,1,0
824730,592332,18,5,3,1,0,6,0
824730,680755,1,1,2,1,0,0,0
822781,592332,17,9,1,1,0,4,0
822781,656546,3,1,0,1,0,1,0
822781,689254,1,0,0,1,0,0,0
822781,680755,3,1,0,0,0,1,0
822781,643511,3,0,0,0,0,0,0
822781,687273,15,6,2,3,0,3,0
822781,703725,4,2,3,0,1,0,0
822781,657265,5,1,0,1,0,1,0
822696,690925,3,0,0,0,0,1,0
822696,676917,24,1,0,2,0,10,0
822696,592332,14,7,6,1,0,7,1
822696,650644,10,3,1,0,0,1,0
822969,607259,21,6,3,0,0,2,0
822969,687330,3,0,0,0,0,0,0
822969,641329,3,0,0,0,0,0,0
822969,676477,3,1,0,0,0,1,0
822969,592454,3,2,0,0,0,1,0
822969,801139,18,9,4,1,1,3,0
824750,669711,3,0,0,0,0,0,0
824750,592454,3,2,1,1,0,0,0
824750,801139,15,4,3,2,0,6,2
824750,670245,6,1,2,1,0,1,1
824750,667297,2,2,1,1,0,1,1
824750,686973,4,1,0,1,0,3,0
824750,656546,3,0,0,0,0,1,0
824750,656302,15,4,0,4,0,7,0
824750,643511,3,1,0,0,0,0,0
823124,622491,12,7,4,0,0,4,0
823124,682243,15,3,1,0,0,7,1
823124,669711,3,0,0,0,0,1,0
823124,686580,1,0,0,0,0,1,0
823124,624133,20,1,0,3,0,5,0
823124,592454,3,1,2,1,0,1,1
824743,592454,3,1,1,0,0,0,0
824743,801139,21,1,0,2,0,7,0
824743,670245,3,1,0,0,0,0,0
824743,642232,4,1,1,1,0,1,0
824743,701542,17,7,5,3,0,0,1
824743,660787,3,1,0,0,0,1,0
823242,676254,2,0,0,0,0,1,0
823242,694918,9,2,0,0,0,2,0
823242,592662,16,3,2,3,0,7,1
823242,640455,11,4,1,2,0,2,1
823242,656849,13,9,5,2,0,5,0
823235,676254,4,1,0,1,0,1,0
823235,676775,3,0,0,0,0,0,0
823235,592662,20,3,0,3,0,7,0
823235,650911,15,11,2,0,0,6,0
823235,689147,3,2,2,1,0,0,0
823235,647315,3,0,0,0,0,0,0
823235,621383,3,0,0,0,0,2,0
823229,676254,3,1,0,0,0,0,0
823229,676775,3,0,0,0,0,0,0
823229,592662,15,4,1,3,0,4,0
823229,669062,3,0,0,1,0,2,0
823229,657424,3,1,0,1,0,0,0
823229,663969,6,2,2,3,0,0,1
823229,669622,2,2,0,0,0,1,0
823229,691587,16,7,4,2,0,6,2
824531,641941,3,0,0,0,0,1,0
824531,663574,3,1,0,1,0,1,0
824531,663903,18,6,1,0,1,1,1
824531,668933,3,0,0,0,0,2,0
824531,676254,3,0,0,0,0,0,0
824531,676775,3,0,0,0,0,2,0
824531,668873,3,1,0,1,0,1,0
824531,592662,15,2,2,4,0,6,2
822990,663556,18,5,0,0,0,5,0
822990,693855,3,1,0,0,0,0,0
822990,642121,3,0,0,0,0,1,0
822990,641329,3,0,0,0,0,1,0
822990,664141,5,1,0,0,0,1,0
822990,592662,19,4,3,0,0,5,2
823225,676775,3,0,0,0,0,1,0
823225,668873,3,1,1,2,0,0,0
823225,592662,18,4,1,4,0,7,1
823225,657424,3,0,0,1,0,0,0
823225,681895,3,1,0,0,0,1,0
823225,669387,18,7,2,0,0,1,1
823225,664875,0,3,3,0,1,0,0
823225,676742,3,1,0,0,0,3,0
823952,656945,3,1,0,0,0,0,0
823952,669165,3,1,0,0,0,2,0
823952,660271,21,4,0,2,0,8,0
823952,666711,4,0,0,1,0,0,0
823952,663941,6,2,0,0,0,0,0
823952,592662,14,7,3,2,0,2,2
825087,642528,3,1,0,0,0,0,0
825087,668678,18,4,2,1,0,5,1
825087,657044,3,1,0,0,0,1,0
825087,805299,3,2,0,0,0,1,0
825087,664141,5,3,1,0,0,1,0
825087,621366,6,2,0,0,0,1,0
825087,592662,13,11,9,2,0,1,2
823220,676775,6,1,0,1,0,1,0
823220,668873,3,0,0,0,0,3,0
823220,592662,12,2,4,7,0,3,1
823220,669062,3,0,0,0,0,1,0
823220,657424,3,1,1,0,0,0,1
823220,685126,3,2,0,0,0,2,0
823220,691799,1,1,2,1,0,0,1
823220,622554,3,1,0,0,0,2,0
823220,702273,12,6,6,1,2,1,1
823220,699823,5,1,0,0,0,1,0
824354,624522,6,4,3,0,0,2,1
824354,657514,3,1,0,1,0,1,0
824354,675848,2,2,3,1,0,1,0
824354,688642,3,7,7,1,0,2,1
824354,685299,9,6,4,1,1,2,0
824354,664954,4,5,2,0,0,1,1
824354,664141,5,0,0,0,0,1,0
824354,668873,3,0,0,1,0,2,0
824354,666711,4,2,0,1,0,1,0
824354,663941,3,3,2,1,0,0,0
824354,592662,12,5,1,2,0,6,0
823215,693313,4,5,4,1,0,1,0
823215,665665,6,2,1,0,0,2,1
823215,592662,17,7,5,0,0,3,1
823215,687377,3,0,0,0,0,1,0
823215,681402,0,2,3,1,0,0,0
823215,680730,0,2,2,0,0,0,1
823215,687606,3,4,5,3,0,1,2
823215,656492,18,6,1,0,0,5,1
824912,689266,6,2,2,0,0,1,2
824912,675916,3,0,0,0,0,0,0
824912,625643,6,1,0,0,0,1,0
824912,656550,6,4,3,3,0,2,0
824912,683627,6,3,2,0,0,0,1
824912,681916,3,2,0,1,0,1,0
824912,668873,2,0,0,0,0,2,0
824912,605288,3,3,2,1,0,2,1
824912,592662,19,2,0,2,0,8,0
823210,668873,3,1,0,1,0,1,0
823210,592662,24,2,0,4,0,6,0
823210,640454,4,1,0,1,0,2,0
823210,686930,3,1,1,2,0,3,0
823210,660761,5,1,0,1,0,1,0
823210,650644,12,6,2,0,1,5,1
824334,807743,17,12,6,2,1,4,1
824334,675848,4,0,0,1,0,2,0
824334,605447,3,1,0,0,0,2,0
824334,622608,3,1,0,0,0,0,0
824334,681916,3,0,0,1,0,0,0
824334,668873,3,2,1,0,0,2,0
824334,656529,3,0,0,0,0,1,0
824334,592662,18,5,3,3,0,4,1
823200,681916,3,0,0,0,0,1,0
823200,676775,2,1,0,0,0,0,0
823200,668873,0,3,3,1,0,0,0
823200,656529,4,1,0,0,0,3,0
823200,592662,15,4,1,6,0,4,0
823200,669062,3,1,0,0,0,1,0
823200,623474,3,2,1,1,0,1,0
823200,657514,3,0,0,1,0,0,0
823200,675848,1,0,0,0,0,0,0
823200,685299,15,8,1,1,0,1,1
823200,605447,2,1,1,3,0,0,0
823200,622608,3,0,0,0,0,1,0
823113,669302,18,4,3,1,0,10,1
823113,662253,3,0,0,0,0,2,0
823113,642100,3,0,0,1,0,1,0
823113,660825,3,1,0,0,0,3,0
823113,656529,3,0,0,0,0,0,0
823113,605288,9,4,3,1,0,1,2
823113,592662,12,8,1,2,0,6,0
823271,593974,2,1,1,1,0,1,0
823271,676664,11,7,3,1,1,2,1
823271,681190,14,3,0,1,0,1,0
823271,681916,3,1,0,0,0,2,0
823271,668873,3,0,0,1,0,1,0
823271,592662,18,4,1,1,1,6,0
823271,669062,3,1,0,0,0,1,0
823266,673513,6,1,1,1,0,0,1
823266,593974,6,3,1,0,0,1,0
823266,592662,15,7,4,5,0,2,1
823266,650556,4,0,0,1,0,2,0
823266,669854,14,4,3,3,1,1,1
823266,623352,3,0,0,0,0,1,0
823266,595345,3,2,0,0,0,1,0
823266,805123,2,1,0,1,0,2,0
823266,656986,1,0,0,0,0,0,0
823586,642376,2,1,0,0,0,1,0
823586,673380,6,2,1,0,0,1,1
823586,674073,4,1,1,2,0,1,0
823586,804267,15,6,3,1,0,7,2
823586,695243,3,0,0,0,0,2,0
823586,699134,1,1,0,0,0,1,0
823586,670970,5,2,1,1,0,3,1
823586,592662,18,3,1,3,0,4,1
823263,695243,3,0,0,2,0,1,0
823263,699134,6,1,0,1,0,3,0
823263,669093,3,0,0,0,0,1,0
823263,670970,6,2,0,2,0,4,0
823263,606996,3,0,0,2,0,2,0
823263,592662,12,2,2,3,0,4,1
823263,694477,2,0,1,2,0,0,0
823263,676879,2,2,0,0,0,1,0
823263,622608,2,1,1,0,1,0,0
823263,669160,21,4,1,2,0,6,1
823263,656730,5,0,0,1,0,0,0
823081,694335,1,3,3,0,0,0,0
823081,688297,1,3,1,0,0,0,0
823081,668941,2,2,0,0,0,0,0
823081,677865,1,1,2,1,0,0,0
823081,676617,4,1,0,0,0,2,0
823081,669461,15,7,1,2,0,2,1
823081,592773,3,0,0,3,0,1,0
823081,693855,0,5,5,0,0,0,0
823081,664076,1,2,2,0,0,0,0
823081,643377,2,1,1,0,0,0,1
823081,672782,6,2,0,1,0,1,0
823081,656876,15,4,1,0,0,2,1
823082,700241,18,0,0,2,0,5,0
823082,694335,2,2,3,1,0,0,0
823082,668941,3,0,0,0,0,1,0
823082,676617,3,2,0,0,0,0,0
823082,592773,4,3,1,0,0,2,0
823082,642121,6,2,1,1,0,2,0
823082,643377,1,1,1,1,0,0,0
823082,641329,3,0,0,0,0,2,0
823082,671212,18,3,2,0,0,4,0
823077,700669,3,0,0,0,0,0,0
823077,668941,3,0,0,0,0,1,0
823077,676617,3,0,0,0,0,0,0
823077,669467,15,3,0,3,0,3,0
823077,592773,3,0,0,1,0,1,0
823077,663992,6,2,1,1,0,2,1
823077,673540,18,4,2,3,0,9,0
824296,657756,6,1,0,2,0,1,0
824296,672456,13,3,2,1,0,3,0
824296,646241,8,2,1,0,0,3,0
824296,681517,15,5,2,3,0,4,1
824296,668941,5,0,0,1,0,1,0
824296,676617,3,0,0,0,0,1,0
824296,666277,1,1,1,2,0,0,0
824296,592773,3,0,0,1,0,2,0
822755,701552,2,2,2,2,0,0,0
822755,686610,7,2,3,2,0,2,2
822755,672335,3,1,0,0,0,0,0
822755,641793,15,4,1,3,0,6,0
822755,694335,2,3,3,0,0,1,2
822755,668941,3,2,0,1,0,0,0
822755,677865,2,1,1,2,0,0,0
822755,669467,15,3,2,4,0,2,0
822755,592773,2,3,3,0,0,1,1
823076,668941,3,1,0,0,1,1,0
823076,676617,3,0,0,0,0,1,0
823076,592773,3,0,0,0,0,1,0
823076,669160,18,4,1,0,1,4,0
823076,813349,13,5,1,2,1,5,0
823076,669711,4,0,0,0,0,1,0
823076,677161,2,2,2,1,0,0,0
823076,701719,2,0,0,2,0,1,0
823076,663558,3,1,0,1,0,2,0
824205,678906,6,1,0,1,0,3,0
824205,660853,3,1,0,0,0,1,0
824205,595345,1,1,0,0,0,1,0
824205,681347,14,3,4,2,0,7,0
824205,687911,6,2,1,0,2,1,0
824205,700669,1,1,0,0,0,0,0
824205,668941,2,2,3,1,0,0,1
824205,677865,2,1,0,0,0,0,0
824205,676617,4,1,0,0,0,2,0
824205,669461,18,3,1,2,0,4,0
824205,592773,3,0,0,0,0,0,0
824207,650556,3,2,3,1,0,0,1
824207,641585,6,1,2,1,0,1,1
824207,595345,3,0,0,1,0,0,0
824207,663567,15,7,4,1,2,8,0
824207,681517,15,5,3,0,0,6,3
824207,668941,3,1,0,0,0,0,0
824207,677865,3,0,0,0,0,0,0
824207,666277,3,0,0,0,0,1,0
824207,592773,3,2,1,2,0,3,0
823880,663969,9,2,0,1,0,3,0
823880,667463,4,0,0,0,0,2,0
823880,663978,14,8,5,1,0,7,1
823880,677865,5,0,0,0,2,0,0
823880,676617,3,1,0,0,0,1,0
823880,666277,1,0,0,0,0,1,0
823880,592773,2,1,2,3,0,2,0
823880,669160,16,6,1,1,0,5,1
823070,694335,2,0,0,1,0,1,0
823070,700669,2,2,1,0,0,0,0
823070,668941,2,2,2,0,0,0,0
823070,677865,3,0,0,0,0,0,0
823070,676617,3,4,2,1,1,1,0
823070,666277,3,2,1,0,0,1,0
823070,669461,10,8,5,1,0,3,3
823070,592773,2,1,0,0,0,0,0
823070,678606,6,2,0,1,1,1,0
823070,666374,3,0,0,0,1,1,0
823070,693433,9,9,7,0,0,1,4
823070,681867,6,3,2,0,1,3,1
823070,662253,3,0,0,1,0,1,0
823068,700241,18,5,1,0,0,6,1
823068,694335,3,2,1,0,0,1,0
823068,668941,3,1,1,0,0,2,1
823068,592773,3,0,0,0,0,3,0
823068,678606,3,0,0,0,0,0,0
823068,642100,2,0,0,1,0,0,0
823068,660825,4,0,0,0,0,1,0
823068,676106,18,7,2,2,1,4,2
823392,681895,4,0,1,1,1,2,0
823392,606965,2,2,1,0,0,1,0
823392,670990,3,1,0,1,0,2,0
823392,696149,15,3,3,4,0,6,1
823392,642701,3,0,0,0,0,0,0
823392,668941,2,1,0,1,0,1,0
823392,676617,3,1,0,0,0,1,0
823392,669467,18,5,1,0,0,6,1
823392,666277,3,1,0,1,0,1,0
823392,592773,1,1,2,2,0,0,0
823391,694973,15,7,3,0,0,9,2
823391,682254,3,0,0,1,0,0,0
823391,606965,4,2,0,0,0,2,0
823391,670990,3,1,0,0,0,1,0
823391,676755,2,3,5,2,0,0,0
823391,694335,3,2,1,0,0,0,0
823391,700669,4,0,0,0,1,1,0
823391,668941,2,1,1,1,0,2,1
823391,690928,13,2,3,5,0,4,0
823391,677865,2,1,0,0,0,0,0
823391,592773,3,1,0,0,0,1,0
823067,700241,18,3,0,3,0,3,0
823067,668941,3,0,0,0,0,2,0
823067,676617,3,4,2,0,0,2,0
823067,592773,3,1,0,1,0,1,0
823067,681911,3,0,0,1,0,1,0
823067,671109,3,1,0,0,0,0,0
823067,808963,18,5,3,2,1,4,1
823064,681517,16,6,1,2,1,5,0
823064,700669,1,3,2,0,0,0,1
823064,668941,3,1,0,1,0,0,0
823064,676617,2,0,0,0,0,0,0
823064,666277,2,1,0,1,0,1,0
823064,592773,3,0,0,0,0,1,0
823064,694477,10,7,4,3,0,4,0
823064,681982,2,1,0,0,0,0,0
823064,675660,4,1,1,1,0,1,0
823064,663765,3,2,1,0,0,2,0
823064,669084,5,0,0,0,0,2,0
823305,621111,18,3,2,0,0,2,1
823305,699134,3,0,0,0,0,0,0
823305,669093,2,0,0,1,0,2,0
823305,670970,1,0,0,0,0,0,0
823305,676760,6,0,0,0,0,3,0
823305,681517,15,2,0,4,0,5,0
823305,700669,1,0,0,2,0,0,0
823305,668941,4,0,0,0,0,2,0
823305,676617,3,2,2,0,0,3,1
823305,666277,2,0,0,1,0,1,0
823305,592773,3,0,0,0,0,2,0
823303,673513,8,3,0,1,0,2,0
823303,593974,3,1,0,0,0,0,0
823303,656288,13,7,6,2,0,5,0
823303,676760,3,0,0,0,0,2,0
823303,700241,18,1,0,2,0,9,0
823303,700669,6,0,0,0,0,0,0
823303,592773,3,0,0,0,0,1,0
825011,621139,5,0,0,1,0,1,0
825011,605130,2,1,0,0,0,1,0
825011,669270,2,3,2,0,0,1,1
825011,643410,3,0,0,0,0,1,0
825011,605488,15,7,4,3,0,5,0
825011,668941,3,0,0,0,0,2,0
825011,676617,3,0,0,1,0,0,0
825011,669467,15,4,3,3,0,4,0
825011,666277,3,2,1,0,0,0,1
825011,592773,3,0,0,1,0,1,0
825008,686993,3,1,0,0,0,0,0
825008,605130,3,1,0,0,0,0,0
825008,682052,15,4,2,3,0,2,2
825008,669270,1,0,0,0,1,0,0
825008,643410,3,0,0,0,0,2,0
825008,678022,2,3,2,0,1,0,0
825008,700241,18,5,1,1,0,3,1
825008,694335,3,1,0,0,0,2,0
825008,668941,2,3,1,1,0,0,0
825008,676617,3,0,0,0,1,2,0
825008,592773,1,1,2,1,0,1,1
823061,700669,3,0,0,1,0,0,0
823061,668941,4,0,0,1,0,1,0
823061,676617,3,1,0,0,0,0,0
823061,666277,2,1,0,0,0,1,0
823061,592773,3,1,0,1,0,2,0
823061,669160,18,4,3,4,0,3,0
823061,668674,3,2,0,0,0,2,0
823061,621381,2,1,0,1,0,1,0
823061,683232,3,2,0,1,0,1,0
823061,663738,3,1,0,1,0,2,0
823061,608379,18,5,3,1,1,5,2
823061,674444,2,1,0,1,0,0,0
823061,670167,1,0,0,0,0,0,0
823059,700669,4,1,0,0,0,1,0
823059,668941,4,1,0,0,0,2,0
823059,676617,3,2,2,1,2,0,0
823059,666277,3,0,0,0,0,1,0
823059,669461,14,7,4,2,0,9,0
823059,592773,2,1,0,1,0,0,0
823059,681895,3,2,1,2,0,0,1
823059,642397,3,0,0,0,0,3,0
823059,682254,0,2,2,0,0,0,1
823059,656605,17,4,4,1,1,3,1
823059,684049,4,1,1,1,0,1,1
824518,683742,6,3,3,3,0,1,1
824518,683175,3,1,2,2,0,1,1
824518,594580,3,1,0,0,0,0,0
824518,663978,15,7,3,3,0,5,0
824518,694335,3,0,0,1,0,2,0
824518,669467,18,2,1,1,0,3,1
824518,666277,3,0,0,0,0,0,0
824518,592773,3,0,0,1,0,1,0
823050,700241,18,5,2,2,0,1,0
823050,677865,4,1,0,0,0,1,0
823050,666277,3,2,0,0,0,2,0
823050,592773,2,0,0,0,1,1,0
823050,682608,3,1,1,0,0,2,1
823050,641302,3,0,0,0,0,1,0
823050,656641,3,0,0,0,0,2,0
823050,594798,15,4,0,1,0,8,0
823050,596001,3,0,0,0,0,1,0
823048,700669,5,2,0,0,0,1,0
823048,676617,3,2,0,1,0,1,0
823048,666277,3,1,0,0,0,0,0
823048,669461,13,4,3,3,0,4,1
823048,592773,3,0,0,0,0,0,0
823048,622088,5,1,0,1,0,2,0
823048,663574,1,0,0,0,0,1,0
823048,666157,15,10,4,1,0,3,1
823048,594580,3,2,2,0,0,1,1
823051,668941,2,2,2,1,0,2,0
823051,676617,3,0,0,1,0,0,0
823051,669467,17,3,1,2,1,5,0
823051,592773,5,1,0,0,0,1,0
823051,681168,4,2,1,0,0,0,0
823051,615698,2,0,0,0,0,1,0
823051,695239,4,0,0,0,0,2,0
823051,669022,14,9,4,3,0,5,0
823047,700241,18,5,2,0,0,5,2
823047,668941,2,1,0,0,0,1,0
823047,676617,3,1,0,0,0,1,0
823047,666277,2,3,1,0,0,1,1
823047,592773,2,0,0,0,0,1,0
823047,663574,3,0,0,0,0,0,0
823047,657571,3,0,0,1,0,1,0
823047,695076,9,1,0,5,1,4,0
823047,594580,0,2,0,1,0,0,0
823047,663978,6,3,3,0,0,2,1
823047,656271,3,0,0,1,0,0,0
823694,687570,18,7,4,2,1,2,1
823694,664875,2,4,4,0,0,2,2
823694,701519,7,2,1,1,0,1,1
823694,694335,5,0,0,0,0,2,0
823694,688297,1,1,1,1,0,0,0
823694,668941,2,1,0,0,0,0,0
823694,676617,3,0,1,3,0,1,0
823694,669461,13,5,4,1,0,4,3
823694,592773,3,0,0,0,0,1,0
823045,676617,3,0,0,1,0,0,0
823045,669467,21,4,2,0,0,6,0
823045,592773,3,0,0,0,0,2,0
823045,673513,4,1,0,1,0,1,0
823045,650633,13,5,3,3,1,1,0
823045,593974,3,1,0,0,0,0,0
823045,676760,4,1,0,1,1,1,0
824095,657756,4,0,0,0,1,2,0
824095,668674,4,1,0,0,1,1,0
824095,621381,3,1,0,1,0,0,0
824095,694360,6,1,0,0,0,1,0
824095,663568,5,9,9,1,1,0,3
824095,674444,5,4,3,1,0,3,1
824095,694335,2,1,0,1,0,1,0
824095,700669,3,0,0,0,0,0,0
824095,668941,3,1,1,0,0,2,1
824095,676617,3,2,2,0,1,1,1
824095,666277,3,0,0,1,0,0,0
824095,592773,3,1,0,0,0,1,0
824095,691008,4,1,1,1,0,2,0
824095,669160,6,6,6,1,0,2,2
823037,681517,15,2,1,3,0,5,0
823037,668941,4,1,0,0,0,1,0
823037,676617,3,0,0,0,0,1,0
823037,666277,3,0,0,0,0,2,0
823037,592773,2,1,0,0,0,0,0
823037,663969,22,6,2,0,0,1,1
823037,806188,2,0,0,0,0,1,0
823036,681676,0,2,2,0,0,0,0
823036,700669,6,0,0,1,0,2,0
823036,677865,4,1,1,1,0,0,0
823036,592773,3,1,0,1,0,0,0
823036,669160,14,4,0,0,0,7,0
823036,694477,6,0,0,0,0,2,0
823036,675660,18,6,1,2,0,2,0
823036,656730,3,1,0,0,0,2,0
823062,694335,3,1,0,0,0,1,0
823062,668941,3,1,0,1,0,1,0
823062,677865,6,1,0,1,0,1,0
823062,669145,15,6,3,1,0,2,0
823062,592773,0,1,1,1,0,0,0
823062,682842,3,0,0,1,0,1,0
823062,676879,3,2,0,0,0,1,0
823062,694819,21,3,3,0,1,11,2
823029,700669,4,0,0,0,0,0,0
823029,668941,3,1,0,1,1,0,0
823029,677865,5,3,1,1,0,1,0
823029,592773,3,1,0,0,0,1,0
823029,669160,12,2,2,4,1,4,0
823029,689266,1,1,1,1,0,0,0
823029,669276,5,0,0,0,0,2,0
823029,800311,2,1,0,0,0,2,0
823029,702275,13,1,1,2,0,2,0
823029,641755,1,0,0,0,0,1,0
823029,628452,3,0,0,0,0,1,0
823029,664849,2,1,1,2,0,1,0
825057,593958,8,7,5,2,0,3,0
825057,666661,4,1,0,0,0,0,0
825057,686753,6,1,2,3,0,2,0
825057,664199,4,2,0,0,0,1,0
825057,657044,2,1,0,1,0,0,0
825057,691769,6,1,0,2,0,1,0
825057,700669,3,2,2,1,0,0,1
825057,669467,16,5,3,2,0,3,0
825057,666277,3,1,1,0,0,2,1
825057,592773,2,1,1,1,0,0,0
825057,703725,4,1,0,0,0,2,0
824006,667755,21,4,2,1,0,7,0
824006,820862,3,0,0,1,0,2,0
824006,696519,3,0,0,0,0,2,0
824006,681517,18,3,1,0,0,4,1
824006,676617,1,2,2,1,2,1,0
824006,666277,3,1,0,0,0,1,0
824006,592773,3,0,0,1,0,1,0
823031,666277,3,3,2,0,0,1,1
823031,592773,3,0,0,0,0,2,0
823031,703725,3,1,1,2,0,0,0
823031,669160,18,7,1,1,1,8,0
823031,641941,3,0,0,0,0,2,0
823031,622088,3,1,0,0,0,1,0
823031,657571,2,0,0,1,0,0,0
823031,695076,15,1,2,2,1,4,0
823031,656271,3,0,0,0,0,1,0
823031,670062,1,0,0,0,0,1,0
823516,621112,5,2,0,1,0,2,0
823516,657612,3,0,0,0,0,0,0
823516,701542,16,7,3,1,0,5,0
823516,665645,3,0,0,1,0,1,0
823516,677865,2,1,0,1,0,0,0
823516,676617,3,0,0,1,0,1,0
823516,669467,16,3,1,3,0,4,0
823516,666277,3,0,0,1,1,3,0
823516,592773,3,0,0,2,0,2,0
823024,681517,15,8,2,0,0,8,0
823024,657571,4,1,0,0,0,2,0
823024,677865,3,0,0,0,0,0,0
823024,676617,3,0,0,1,0,0,0
823024,592773,2,1,0,0,0,0,0
823024,663372,16,5,3,3,0,2,1
823024,623474,3,0,0,0,0,2,0
823024,657514,2,0,0,1,1,1,0
823024,693308,3,0,0,0,0,2,0
823019,657571,0,0,0,3,0,0,0
823019,676617,3,0,0,0,0,1,0
823019,669467,18,4,0,3,0,2,0
823019,666277,3,1,0,1,0,2,0
823019,592773,3,0,0,0,0,0,0
823019,650911,18,4,0,0,0,7,0
823019,641835,3,1,1,0,0,1,1
823019,686934,3,1,1,1,0,1,0
824474,622088,3,0,0,1,0,1,0
824474,663903,18,5,4,1,2,3,1
824474,687209,1,1,0,0,0,1,0
824474,656271,2,2,0,3,1,1,0
824474,670062,3,0,0,1,0,0,0
824474,700241,16,3,3,2,0,4,0
824474,676617,1,1,0,2,0,0,0
824474,666277,2,1,4,3,0,2,0
824474,592773,2,2,2,0,0,2,1
824474,657265,6,0,0,1,0,1,0
824475,687209,8,3,1,0,0,2,0
824475,671096,19,4,2,2,0,6,1
824475,681517,15,3,0,0,0,6,0
824475,700669,3,0,0,1,0,1,0
824475,676617,3,0,0,0,0,1,0
824475,666277,3,0,0,0,0,1,0
824475,592773,3,0,0,0,0,0,0
824198,660853,3,0,0,0,0,0,0
824198,663967,3,1,1,0,0,0,1
824198,621121,8,4,6,3,0,4,1
824198,669920,13,9,5,2,0,5,1
824198,607192,3,1,1,0,0,2,1
824198,683618,6,1,0,0,0,1,0
824198,656945,3,0,0,0,0,0,0
824198,669165,3,0,0,0,0,2,0
824198,592779,3,0,0,0,0,2,0
824198,676263,6,1,0,0,0,1,0
824198,595014,3,2,1,0,0,0,0
824984,664129,9,6,3,1,0,1,0
824984,665660,2,0,0,0,0,0,0
824984,605488,16,8,6,4,0,2,2
824984,670090,3,0,0,0,0,3,0
824984,680736,21,7,3,0,0,11,1
824984,592779,3,0,0,1,0,1,0
823935,681911,3,0,0,1,0,1,0
823935,683618,3,0,0,0,0,1,0
823935,656945,1,1,0,0,0,0,0
823935,694361,6,1,0,0,0,3,0
823935,592779,3,1,0,0,0,0,0
823935,808963,9,7,6,2,0,3,3
823935,801434,2,0,1,2,0,1,0
823935,673513,3,2,2,2,0,1,0
823935,593974,3,6,4,0,0,2,0
823935,608566,9,2,2,3,0,1,0
823935,681190,9,7,4,1,0,0,1
823932,681911,1,0,0,0,0,1,0
823932,694361,3,0,0,0,0,2,0
823932,592779,2,1,0,0,0,0,0
823932,808967,21,3,0,2,0,10,0
823932,695243,3,1,1,0,1,0,0
823932,593974,3,1,0,1,0,0,0
823932,656288,12,2,1,2,0,4,0
823932,606996,6,1,1,0,0,3,1
823930,681911,3,0,0,2,0,0,0
823930,683618,6,0,0,2,0,0,0
823930,641778,18,6,3,2,1,3,1
823930,656945,3,3,3,2,0,2,0
823930,592779,3,0,0,0,0,2,0
823930,623474,3,1,0,1,0,0,0
823930,607536,15,9,6,0,0,2,1
823930,657514,1,1,0,0,0,0,0
823930,688642,9,1,0,0,0,1,0
823930,622608,3,1,0,1,0,2,0
823927,681911,3,1,0,0,0,2,0
823927,683618,5,1,0,1,0,2,0
823927,669165,5,3,2,1,0,1,0
823927,694361,5,0,1,2,0,2,0
823927,623465,3,2,1,0,0,2,0
823927,592779,3,1,2,1,0,2,1
823927,676263,3,1,0,0,0,1,0
823927,593958,18,7,2,1,0,5,2
823927,686753,3,2,1,0,0,0,0
823927,642528,3,0,0,0,0,2,0
823927,805299,3,0,0,0,0,2,0
823600,623211,3,0,0,0,0,0,0
823600,650960,6,1,0,0,1,2,0
823600,690997,18,7,2,2,0,7,1
823600,681911,3,0,0,1,0,1,0
823600,683618,2,0,2,1,1,2,0
823600,656945,1,1,0,1,0,1,0
823600,592779,3,0,0,0,0,2,0
823600,808967,18,5,1,3,0,5,0
823925,683618,2,1,0,1,0,0,0
823925,656945,3,0,0,0,0,1,0
823925,623465,3,1,1,0,0,0,1
823925,592779,3,0,0,1,0,1,0
823925,686218,16,3,2,1,0,7,0
823925,666661,3,0,0,1,0,0,0
823925,656464,2,0,0,0,0,0,0
823925,642528,3,0,0,1,0,2,0
823925,623149,3,0,0,0,0,1,0
823925,683352,9,3,3,3,0,0,1
823925,664199,4,0,0,0,0,2,0
823925,657044,3,0,0,0,0,1,0
823438,686751,2,1,0,0,0,2,0
823438,689147,2,1,2,2,0,1,0
823438,641835,4,1,2,1,0,0,0
823438,686934,3,1,0,0,0,0,0
823438,605400,16,7,5,1,0,4,2
823438,683618,3,2,1,0,0,2,0
823438,641778,16,4,3,1,0,5,2
823438,694361,3,1,1,2,0,1,0
823438,592779,2,0,0,0,0,0,0
823438,676263,3,0,0,0,0,1,0
823923,681911,2,1,1,0,0,2,1
823923,680736,18,7,5,0,1,7,4
823923,592779,4,1,1,0,0,0,0
823923,676263,3,1,0,0,0,2,0
823923,678606,3,0,0,0,0,0,0
823923,622491,15,11,5,2,0,2,2
823923,662253,3,2,1,1,0,1,0
823923,642100,3,0,0,0,0,1,0
823923,660825,3,0,0,0,0,0,0
824318,623474,2,2,1,0,0,0,0
824318,815081,4,1,0,1,0,2,0
824318,607536,11,6,4,1,0,5,2
824318,657514,1,0,0,0,0,0,0
824318,605447,3,0,0,0,0,1,0
824318,693308,6,2,0,0,0,2,0
824318,677955,3,0,0,0,0,2,0
824318,681911,3,1,2,1,0,2,1
824318,656945,3,0,0,0,0,1,0
824318,669165,3,1,0,0,0,2,0
824318,592779,3,0,0,0,0,2,0
824318,676263,3,0,0,1,0,2,0
824318,808963,15,7,2,1,0,6,0
823002,663556,12,1,2,4,0,5,0
823002,693855,4,2,1,0,0,1,0
823002,687330,3,0,0,0,0,1,0
823002,685801,5,0,0,0,0,0,0
823002,641329,3,1,1,0,0,2,1
823002,702303,3,1,0,0,0,0,0
823002,592791,18,7,3,0,0,4,2
823002,664208,3,1,2,1,0,1,1
824696,694037,3,0,0,1,0,2,0
824696,702303,4,1,0,0,0,2,0
824696,681799,2,0,0,0,1,1,0
824696,592791,18,6,6,2,1,10,3
824696,696149,16,5,3,2,0,4,2
824696,664875,3,1,1,2,0,2,0
824696,664353,1,3,1,1,0,0,0
824696,682995,5,1,1,2,0,1,0
823962,681911,2,2,2,1,0,1,0
823962,683618,1,0,0,0,0,0,0
823962,656945,2,2,2,0,0,0,1
823962,686218,19,4,1,1,1,10,0
823962,595014,3,3,1,0,0,2,1
823962,592791,15,4,4,3,0,4,1
823962,656686,3,0,0,0,0,1,0
823962,669020,9,2,0,0,0,1,0
824600,663436,18,5,1,0,0,7,1
824600,685126,3,1,0,2,0,0,0
824600,670950,6,2,2,0,0,2,1
824600,681799,6,0,0,1,0,3,0
824600,592791,15,8,8,1,0,2,5
824600,669020,3,0,0,0,0,1,0
824682,694037,3,1,0,0,0,0,0
824682,665871,4,0,0,0,0,1,0
824682,592791,17,5,2,1,0,5,2
824682,657097,3,0,0,0,0,1,0
824682,669020,3,0,0,1,0,2,0
824682,641941,0,0,0,0,0,0,0
824682,663574,3,1,1,0,0,1,1
824682,683742,3,0,0,2,0,0,0
824682,683175,4,2,1,1,0,2,0
824682,594580,0,1,0,0,0,0,0
824682,671096,17,4,0,4,0,4,0
823354,682254,3,2,2,0,0,2,1
823354,669387,6,3,1,0,0,2,0
823354,677952,18,7,4,2,0,5,0
823354,592791,12,6,7,2,0,3,3
823354,650644,6,1,0,0,0,3,0
823354,669020,3,3,1,1,0,0,0
823354,663423,3,1,0,0,0,2,0
824670,694037,3,0,0,0,0,1,0
824670,665871,19,1,0,1,1,5,0
824670,592791,3,2,1,2,0,2,0
824670,657097,2,0,0,0,0,1,0
824670,663423,3,1,0,1,0,0,0
824670,664141,3,1,0,0,0,0,0
824670,686790,15,4,1,3,0,6,0
824670,681916,3,0,0,0,0,1,0
824670,676775,3,1,0,1,0,1,0
824670,668873,3,0,0,0,0,1,0
824670,669062,3,1,0,1,0,1,0
824158,650556,3,0,0,0,0,2,0
824158,686613,18,3,3,2,0,8,1
824158,623352,3,0,0,0,0,1,0
824158,595345,3,0,0,0,1,1,0
824158,656986,3,2,1,0,0,1,1
824158,695445,3,1,0,0,0,0,0
824158,693686,6,2,0,0,0,2,0
824158,686973,3,0,0,0,0,1,0
824158,592791,12,6,3,2,0,4,1
824158,689254,3,0,0,0,0,2,0
824158,643511,3,1,0,0,0,0,0
823960,671109,3,0,0,0,0,1,0
823960,669165,3,1,0,0,0,1,0
823960,694361,4,1,0,0,0,2,0
823960,676263,2,0,0,1,0,2,0
823960,808963,15,7,4,1,1,5,3
823960,592826,7,1,0,0,0,1,0
823960,665871,7,7,6,2,0,2,0
823960,607067,10,6,6,4,0,4,1
823770,694477,2,2,4,2,0,0,1
823770,681982,4,2,1,2,0,0,0
823770,690986,15,3,2,1,0,9,1
823770,669270,3,1,1,0,0,1,1
823770,657649,3,1,0,0,0,1,0
823770,592826,3,0,0,0,0,0,0
823770,621053,1,0,0,0,0,1,0
823770,657097,3,0,0,0,0,2,0
823770,656849,17,5,2,0,0,2,1
823770,663423,3,0,0,1,0,0,0
823484,621237,1,3,4,2,0,1,0
823484,680742,4,3,2,0,0,1,0
823484,641835,6,0,0,0,0,2,0
823484,592836,14,10,6,3,0,2,0
823484,664238,2,1,0,0,0,0,0
823484,669371,3,1,0,1,0,1,0
823484,695418,9,1,0,1,1,3,0
823484,656492,15,5,2,0,1,5,1
823480,621237,1,0,0,0,1,0,0
823480,661395,3,0,0,0,0,1,0
823480,689147,3,0,0,0,0,1,0
823480,641835,2,1,0,0,0,1,0
823480,592836,15,4,2,2,0,6,1
823480,641745,3,2,1,1,0,2,0
823480,694297,18,5,3,3,1,6,2
823480,656464,3,0,0,1,0,2,0
823480,657044,3,0,0,0,0,3,0
824379,680767,3,2,0,0,0,3,0
824379,657514,3,0,0,0,0,2,0
824379,608372,18,4,1,1,0,5,1
824379,677955,3,0,0,0,0,0,0
824379,641835,3,0,0,0,0,1,0
824379,592836,15,7,4,2,0,4,3
824379,621383,3,0,0,0,0,1,0
824379,679775,3,0,0,0,0,2,0
822702,592866,4,0,0,0,0,1,0
822702,668820,3,1,1,1,1,0,0
822702,687377,3,3,1,0,0,1,0
822702,641793,14,4,0,3,0,2,0
822702,687606,2,4,3,0,0,1,0
822702,678868,1,0,0,0,0,0,0
822702,686973,6,1,0,1,0,1,0
822702,702056,20,3,1,3,0,4,0
822702,643511,1,2,1,1,0,0,0
824892,622694,9,5,1,1,0,4,1
824892,693821,18,4,1,3,0,3,1
824892,592866,8,3,0,1,1,4,0
824892,656492,16,9,6,2,0,3,2
823432,666200,24,4,0,2,0,7,0
823432,668873,3,1,0,0,0,2,0
823432,687223,1,2,1,1,0,0,0
823432,592866,3,2,0,0,0,2,0
823432,641793,20,7,4,1,0,2,0
822700,702021,9,1,0,0,0,1,0
822700,592866,7,1,0,0,0,2,0
822700,695418,8,2,1,0,1,4,0
822700,656234,3,0,0,0,0,2,0
822700,622088,3,3,3,1,0,2,0
822700,663903,18,8,3,1,0,3,1
822700,656271,3,2,1,0,0,2,0
822698,592866,9,5,3,0,0,3,2
822698,656234,4,1,1,0,0,1,1
822698,676680,1,2,1,0,0,1,0
822698,672442,1,2,2,1,0,0,1
822698,800600,12,3,3,5,0,6,0
822698,665871,12,2,2,1,1,2,2
822698,656849,15,9,3,3,0,6,0
822859,641302,3,1,0,1,0,1,0
822859,615698,21,4,0,0,0,5,0
822859,695239,2,2,0,0,0,2,0
822859,596001,1,0,0,0,0,1,0
822859,592866,10,2,0,1,0,5,0
822859,672442,3,1,0,0,0,0,0
822859,800600,11,8,5,3,0,3,1
823973,607192,18,4,2,1,0,6,0
823973,681911,3,0,0,0,0,0,0
823973,694361,3,1,0,0,0,1,0
823973,621242,3,0,0,0,0,0,0
823973,593958,15,4,0,2,0,5,0
823973,666661,2,1,2,1,0,0,1
823973,605452,3,0,0,0,0,0,0
823973,642528,3,1,0,0,0,1,0
823973,623149,1,0,0,0,0,0,0
825103,593958,21,4,0,1,0,3,0
825103,666661,3,0,0,0,0,1,0
825103,623149,2,2,2,0,0,1,2
825103,657044,1,0,0,0,0,0,0
825103,669276,3,1,0,0,0,1,0
825103,663158,3,0,0,0,0,0,0
825103,628452,3,0,0,0,0,0,0
825103,656550,18,1,0,3,0,4,0
824855,669330,3,3,2,0,0,0,1
824855,680694,18,7,2,1,0,4,0
824855,689296,3,0,0,0,0,1,0
824855,664854,3,0,0,0,0,2,0
824855,664991,2,2,1,0,0,0,0
824855,666974,1,0,0,0,0,1,0
824855,593958,15,6,4,4,0,3,1
824855,666661,3,0,0,0,0,1,0
824855,656464,6,2,1,0,0,4,0
824855,664199,3,0,0,0,0,0,0
824855,657044,3,0,0,0,0,0,0
831915,593833,3,0,0,0,0,3,0
831915,806960,8,1,3,4,0,2,0
831915,623433,3,3,1,1,0,0,0
831915,621139,1,0,0,1,0,0,0
831915,640454,2,0,1,2,0,1,0
831915,664129,1,1,0,0,0,1,0
831915,683101,6,4,3,2,0,0,0
831915,669270,3,2,0,0,0,0,0
831915,691799,3,2,1,0,0,1,0
831915,809459,3,2,2,2,0,1,0
831915,641743,11,7,7,4,2,4,1
831915,669436,1,0,0,0,0,0,0
831915,673929,3,0,0,1,0,0,0
831915,663855,3,1,0,0,1,2,0
825097,593958,15,6,4,3,0,4,2
825097,666661,3,1,0,0,0,2,0
825097,623149,3,1,0,1,0,1,0
825097,664199,3,1,1,0,0,0,0
825097,657044,3,2,2,1,0,1,1
825097,641743,11,8,8,3,0,1,2
825097,608371,3,2,2,0,0,2,1
825097,663542,3,1,0,1,0,2,0
825097,656794,6,4,1,1,0,0,0
825097,663855,1,1,0,1,0,0,0
823796,681982,3,2,2,0,0,2,2
823796,702153,4,2,0,1,0,0,0
823796,687075,13,6,4,2,0,5,2
823796,669084,7,1,0,1,0,3,0
823796,593958,14,5,2,4,0,4,0
823796,666661,3,0,0,0,0,1,0
823796,656464,4,1,0,0,0,3,0
823796,623149,3,0,0,0,0,1,0
823796,664199,3,0,0,0,0,1,0
825092,593958,21,2,0,3,0,7,0
825092,642528,3,0,0,0,0,0,0
825092,805299,3,0,0,0,0,2,0
825092,681895,5,2,0,0,0,0,0
825092,670990,1,2,5,1,2,0,0
825092,696149,15,2,2,6,0,4,0
825092,642701,3,3,2,0,0,0,0
825085,593958,25,4,1,3,0,4,0
825085,666661,2,0,0,1,0,0,0
825085,640455,3,0,0,1,0,2,0
825085,668964,3,1,0,0,0,2,0
825085,623211,3,0,2,3,0,0,0
825085,656849,15,4,0,0,0,3,0
824359,675848,5,0,0,2,0,0,0
824359,608372,15,7,2,2,1,1,0
824359,622608,3,1,0,1,0,1,0
824359,677955,4,1,0,0,0,2,0
824359,593958,16,9,3,0,0,6,0
824359,656464,3,0,0,0,0,1,0
824359,642528,3,1,0,0,0,0,0
824359,664199,2,0,0,0,0,0,0
824359,805299,0,2,1,1,1,0,0
825083,593958,21,4,0,1,0,4,0
825083,666661,1,2,1,1,1,1,0
825083,656464,2,0,0,0,0,0,0
825083,623149,3,0,0,0,0,1,0
825083,680604,6,2,1,3,1,1,0
825083,675848,2,1,1,2,0,1,0
825083,688642,15,1,0,1,0,4,0
825083,678020,3,0,0,2,0,2,0
825078,593958,18,5,1,1,0,3,0
825078,623149,3,0,0,0,0,0,0
825078,664199,3,0,0,0,0,2,0
825078,805299,3,1,0,0,0,0,0
825078,681911,2,0,0,0,0,1,0
825078,686218,19,3,2,0,0,3,2
825078,676263,3,2,2,0,0,0,1
823216,641816,15,3,3,3,0,3,1
823216,676775,3,2,0,0,0,1,0
823216,621366,6,2,1,2,0,1,0
823216,669062,3,1,2,1,0,2,1
823216,593958,18,6,2,2,0,6,1
823216,666661,3,1,1,1,0,1,0
823216,656464,3,1,1,0,0,2,1
823216,623149,3,1,1,0,0,1,1
825075,593958,19,6,4,1,0,5,2
825075,666661,2,0,0,1,0,1,0
825075,686753,3,2,2,2,0,1,0
825075,642528,3,0,0,1,0,1,0
825075,695418,6,0,0,0,0,1,0
825075,687377,3,0,0,1,0,0,0
825075,641793,15,2,1,1,1,4,0
825075,680730,3,0,0,0,0,0,0
825072,593958,21,6,1,3,0,5,1
825072,666661,3,0,0,0,0,0,0
825072,664199,3,0,0,0,0,2,0
825072,695049,12,3,2,1,0,2,0
825072,820862,3,2,0,0,0,0,0
825072,691951,9,6,6,3,1,1,1
824507,622088,5,0,0,0,0,0,0
824507,666157,16,5,2,1,3,5,0
824507,687209,3,1,0,2,0,1,0
824507,656271,3,1,0,2,0,0,0
824507,593958,8,2,1,5,0,3,1
824507,656464,3,1,0,1,0,0,0
824507,642528,3,0,0,0,0,1,0
824507,623149,3,0,0,0,0,1,0
824507,664199,6,1,0,2,0,2,0
824507,657044,4,0,0,1,0,1,0
823043,694335,1,3,3,1,0,1,0
823043,681517,19,3,0,2,0,3,0
823043,700669,2,0,0,2,0,0,0
823043,691008,5,0,0,1,0,1,0
823043,593958,20,3,0,3,0,5,0
823043,666661,1,0,0,1,0,1,0
823043,656464,3,0,0,0,0,1,0
823043,623149,2,4,3,0,0,1,0
823043,805299,1,0,0,0,0,1,0
825065,593958,21,5,1,0,0,1,0
825065,656464,2,1,1,1,0,1,0
825065,623149,3,3,2,0,0,0,1
825065,805299,1,0,0,0,0,1,0
825065,664141,10,1,1,1,0,0,1
825065,641816,13,4,4,3,0,3,1
825065,656529,1,1,0,2,0,0,0
825061,593958,18,5,2,0,0,3,1
825061,686753,3,0,0,0,0,1,0
825061,656464,3,2,1,0,0,1,0
825061,664199,3,0,0,0,0,0,0
825061,680723,1,0,0,0,0,1,0
825061,682842,5,0,0,1,0,1,0
825061,681982,5,0,0,0,0,0,0
825061,676879,1,2,1,1,0,0,0
825061,687075,12,5,1,3,0,4,0
825061,656730,3,0,0,1,0,0,0
822707,687223,4,2,2,3,0,1,0
822707,668820,3,0,0,0,0,0,0
822707,687377,4,1,0,1,0,3,0
822707,641793,15,4,1,1,0,5,0
822707,676680,1,1,0,1,0,0,0
822707,593958,18,7,2,3,0,4,1
822707,666661,3,0,0,0,0,1,0
822707,656464,3,0,0,0,0,1,0
822707,623149,3,0,0,0,0,1,0
823351,683003,18,4,3,2,0,5,1
823351,669387,9,2,0,0,0,1,0
823351,593958,24,5,0,1,0,2,0
823351,805299,3,0,0,1,0,2,0
825054,593958,17,11,5,0,0,4,0
825054,672629,3,0,0,0,0,1,0
825054,642528,3,2,1,1,0,0,0
825054,623149,3,0,0,0,1,1,0
825054,657044,1,3,1,1,0,0,0
825054,656288,3,0,0,0,0,0,0
825054,608566,3,4,4,1,0,1,2
825054,699134,3,0,0,0,0,1,0
825054,681190,18,2,0,1,0,1,0
824884,682989,4,1,0,0,0,2,0
824884,664849,3,2,3,2,0,3,1
824884,656550,11,6,6,3,0,3,1
824884,608718,9,4,1,1,0,0,1
824884,593958,18,5,2,0,0,5,1
824884,656464,3,0,0,0,0,0,0
824884,642528,3,0,0,0,0,0,0
824884,691769,3,1,1,0,0,0,0
825050,593958,21,5,2,2,0,9,0
825050,656464,3,0,0,0,0,2,0
825050,664199,3,1,0,0,0,0,0
825050,683618,2,0,0,0,0,0,0
825050,669165,3,0,0,0,0,1,0
825050,680736,10,6,3,3,0,3,1
825050,642546,6,0,0,0,0,1,0
825050,623465,3,0,0,0,0,2,0
831947,663362,9,3,4,3,0,4,0
831947,593974,3,0,0,0,0,2,0
831947,687866,2,1,0,0,0,1,0
831947,621111,10,11,7,1,0,3,4
831947,676760,3,1,0,0,0,1,0
831947,688497,3,1,0,0,1,2,0
831947,595928,6,0,0,1,1,4,0
831947,694781,1,0,0,0,0,0,0
831947,681869,6,0,0,1,0,0,0
831947,700270,5,3,0,0,0,3,0
831947,666661,3,1,1,0,0,0,1
831947,805299,3,0,0,0,0,2,0
823325,688158,3,1,0,1,0,1,0
823325,593974,3,1,0,0,0,0,0
823325,699134,6,0,0,0,0,3,0
823325,601713,9,7,6,3,0,4,0
823325,676760,6,3,2,0,0,2,1
823325,669373,18,3,0,0,0,6,0
823325,623454,4,2,1,2,0,0,1
823325,663947,2,0,0,1,0,0,0
823325,676684,3,0,0,0,0,1,0
823320,688158,6,1,0,1,0,2,0
823320,593974,3,0,0,0,0,0,0
823320,621111,12,5,3,2,1,3,1
823320,676760,6,0,0,0,0,2,0
823320,676254,3,1,2,1,0,1,1
823320,676775,3,0,0,0,0,3,0
823320,694738,18,2,0,2,0,7,0
823320,657424,3,0,0,0,0,0,0
823402,694973,19,2,1,2,1,6,1
823402,642397,3,0,0,0,0,1,0
823402,670990,3,0,0,0,0,2,0
823402,676755,2,1,0,0,0,0,0
823402,593974,3,1,0,1,0,1,0
823402,699134,3,2,0,0,0,0,0
823402,670970,1,5,4,0,0,1,0
823402,601713,15,4,2,1,0,8,0
823402,676760,2,0,0,0,0,0,0
823314,593974,3,1,0,1,0,1,0
823314,689690,6,1,0,1,1,3,0
823314,676760,6,3,2,1,0,2,1
823314,681190,12,5,4,4,0,6,0
823314,678606,0,1,0,0,0,0,0
823314,662253,2,4,5,1,0,1,0
823314,642100,3,1,0,0,0,0,0
823314,660825,3,0,0,0,0,0,0
823314,676106,18,4,2,1,0,6,1
823317,688158,5,0,0,1,0,4,0
823317,593974,3,0,0,0,0,1,0
823317,699134,3,1,0,0,0,2,0
823317,601713,9,0,0,0,0,4,0
823317,606996,7,1,2,1,1,1,0
823317,680767,3,0,0,1,0,1,0
823317,623474,3,1,1,1,1,0,0
823317,801403,3,1,1,0,0,0,0
823317,607536,0,0,0,0,0,0,0
823317,657514,2,0,0,0,0,0,0
823317,678368,13,8,5,4,1,1,3
824367,608372,17,5,1,1,0,4,0
824367,622608,6,1,0,1,0,0,0
824367,677955,4,1,1,1,0,3,1
824367,688158,4,4,2,1,0,3,0
824367,593974,5,1,1,0,0,1,1
824367,621111,8,8,4,3,0,2,0
824367,606996,7,2,1,0,0,0,0
824048,681217,1,0,0,0,0,0,0
824048,667755,17,2,0,4,0,8,0
824048,641312,6,0,0,0,0,2,0
824048,605447,3,1,0,0,0,3,0
824048,688158,2,3,2,2,1,1,1
824048,593974,5,2,0,0,0,3,0
824048,699134,3,0,0,0,0,0,0
824048,663362,11,8,6,1,1,4,1
824048,606996,3,0,0,0,0,1,0
825094,666661,3,0,0,0,0,2,0
825094,656464,3,1,1,0,0,0,1
825094,642528,3,1,0,0,0,0,0
825094,669194,15,7,6,2,0,4,2
825094,657044,3,2,0,0,0,0,0
825094,650633,18,3,2,1,0,8,2
825094,688158,1,4,4,0,0,0,1
825094,593974,2,1,0,1,0,0,0
825094,699134,2,2,2,1,0,0,0
825094,676760,1,5,4,0,0,0,0
823309,593974,6,0,0,1,0,2,0
823309,608566,15,5,7,5,0,2,2
823309,676760,6,3,1,1,0,1,0
823309,674370,3,3,2,1,0,1,0
823309,702273,18,2,0,3,0,2,0
823309,663855,3,1,0,0,0,1,0
823309,699823,3,0,0,0,0,1,0
823228,686790,21,2,1,0,1,8,1
823228,676775,3,0,0,0,0,0,0
823228,668873,3,1,1,0,0,2,1
823228,593974,2,1,0,1,0,1,0
823228,699134,4,0,0,0,0,0,0
823228,606996,1,0,0,0,0,1,0
823228,681190,17,5,3,2,0,2,1
823790,694477,3,0,0,0,0,1,0
823790,682842,3,0,0,1,0,1,0
823790,675660,2,0,0,0,0,2,0
823790,687075,16,6,3,2,0,6,1
823790,656730,3,2,1,0,0,3,0
823790,673513,6,1,0,0,0,3,0
823790,593974,7,2,0,0,0,2,0
823790,699134,3,0,0,0,0,1,0
823790,663362,8,8,6,2,0,3,1
823299,673513,4,1,0,2,0,2,0
823299,593974,5,1,0,1,0,0,0
823299,676760,5,2,1,0,0,1,1
823299,681190,13,6,3,3,0,0,1
823299,683618,3,0,0,0,0,1,0
823299,669165,3,2,0,0,0,1,0
823299,660271,15,3,0,2,0,4,0
823299,694361,3,0,0,0,0,1,0
823299,595014,3,0,0,0,0,1,0
822731,690925,4,0,0,2,0,1,0
822731,695418,6,0,0,1,0,2,0
822731,681402,2,1,1,3,0,1,0
822731,656492,15,5,3,2,1,5,3
822731,650633,18,5,5,1,1,2,1
822731,593974,3,2,2,1,0,0,0
822731,699134,3,1,0,1,0,2,0
823297,650633,11,5,4,4,0,4,1
823297,593974,4,1,0,1,0,2,0
823297,699134,3,3,1,1,0,3,0
823297,676760,9,1,0,1,0,2,0
823297,686993,3,1,1,0,0,1,1
823297,605130,2,0,0,0,0,1,0
823297,682052,14,6,1,1,0,3,0
823297,663687,1,0,0,2,0,1,0
823297,665622,4,2,0,0,0,1,0
823297,643410,3,0,0,1,0,0,0
823294,593974,3,0,0,2,1,0,0
823294,699134,4,0,0,0,0,1,0
823294,670970,3,1,0,0,0,1,0
823294,681190,17,8,4,1,0,2,3
823294,661395,3,0,0,0,0,2,0
823294,689147,3,0,0,1,0,3,0
823294,605400,18,3,2,0,0,5,1
823294,641745,3,2,1,1,0,1,1
823287,650633,20,7,3,3,0,3,2
823287,593974,3,1,0,1,0,0,0
823287,676760,4,2,1,0,0,1,1
823287,663574,2,1,0,0,0,1,0
823287,663903,18,6,2,1,0,5,0
823287,657571,1,2,2,0,0,0,0
823287,695534,2,1,1,0,0,0,1
823287,687209,3,1,0,0,0,1,0
823046,669160,27,1,0,1,0,9,0
823046,593974,3,0,0,0,0,1,0
823046,606996,6,1,0,0,0,1,0
823046,608337,15,7,3,3,0,2,0
823278,666745,8,3,2,1,0,2,1
823278,593974,3,0,0,0,0,0,0
823278,676760,3,0,0,0,0,0,0
823278,676664,13,6,3,1,0,3,0
823278,669456,14,6,2,3,0,4,1
823278,689149,3,1,0,0,0,1,0
823278,686973,3,3,1,0,0,1,0
823278,656546,3,0,0,0,0,1,0
823278,689254,1,0,0,0,0,1,0
823278,643511,3,0,0,0,0,0,0
824086,686475,3,6,6,1,1,0,2
824086,668674,1,1,1,2,1,0,1
824086,621381,3,1,1,0,0,1,1
824086,694360,5,2,1,1,0,2,0
824086,702070,15,9,7,2,0,1,1
824086,673513,6,0,0,0,0,3,0
824086,593974,3,0,0,0,0,0,0
824086,608566,9,5,2,2,0,2,1
824086,681190,9,3,0,0,0,2,0
824898,682989,7,1,0,1,0,1,0
824898,664849,2,1,0,0,0,0,0
824898,693821,18,5,2,1,0,4,2
824898,593974,3,1,1,1,0,1,1
824898,699134,3,0,0,0,0,2,0
824898,606996,3,0,0,1,0,2,0
824898,676664,15,3,1,0,0,3,1
823843,676604,2,2,2,0,0,2,1
823843,669199,5,0,0,1,1,1,0
823843,676534,3,0,0,0,0,1,0
823843,667463,2,0,0,2,0,0,0
823843,806188,3,0,1,2,0,0,0
823843,687473,10,2,1,1,0,4,0
823843,656848,2,1,0,1,0,0,0
823843,695243,3,0,0,0,0,1,0
823843,593974,5,2,1,0,0,1,1
823843,608566,7,3,1,0,1,4,1
823843,699134,2,2,0,0,0,1,0
823843,670970,4,0,0,1,0,2,0
823843,606996,6,2,0,0,0,2,0
823840,676604,3,0,0,0,0,0,0
823840,669199,3,5,4,0,0,0,2
823840,664126,3,0,0,0,0,1,0
823840,806188,3,1,0,0,0,1,0
823840,656848,1,0,0,0,0,0,0
823840,676083,14,7,1,0,0,6,0
823840,673513,2,0,0,1,0,2,0
823840,695243,3,0,0,0,0,1,0
823840,593974,3,1,0,0,0,0,0
823840,621111,16,4,2,2,0,7,1
823840,670970,3,0,0,0,1,0,0
823273,695243,3,0,0,0,0,2,0
823273,593974,2,2,1,0,0,1,0
823273,656288,9,1,0,0,1,4,0
823273,699134,2,1,0,0,0,1,0
823273,669093,3,0,0,1,0,3,0
823273,606996,8,2,0,1,0,3,0
823273,657514,3,0,0,0,0,0,0
823273,687312,15,6,3,1,1,2,0
823273,688642,6,0,0,0,0,1,0
823269,695243,5,1,0,1,0,3,0
823269,593974,4,1,0,0,0,1,0
823269,621111,13,8,3,2,0,1,1
823269,669093,1,2,2,1,0,1,0
823269,670970,4,0,0,0,0,3,0
823269,681916,2,2,1,1,0,0,0
823269,641816,17,5,5,2,1,9,1
823269,676775,4,2,0,0,0,1,0
823269,668873,3,1,0,0,0,2,0
825095,666661,4,1,0,0,0,2,0
825095,694297,20,5,0,1,0,3,0
825095,805299,3,0,0,0,0,0,0
825095,673513,4,1,0,1,0,2,0
825095,650633,15,5,3,4,0,5,1
825095,593974,3,3,2,0,0,0,0
825095,669093,2,0,0,0,0,0,0
825052,656464,2,2,4,2,0,0,1
825052,623149,1,0,0,0,0,0,0
825052,683352,21,1,0,3,0,9,0
825052,664199,3,0,0,0,0,1,0
825052,663554,10,9,8,3,0,1,1
825052,593974,3,1,0,0,0,1,0
825052,656288,3,3,2,0,0,2,0
825052,606996,8,2,0,1,0,3,0
823264,593974,3,1,0,0,0,0,0
823264,621111,18,3,1,2,1,5,0
823264,656288,6,3,1,1,0,2,0
823264,690986,14,10,3,3,0,3,3
823264,596142,3,2,0,0,0,0,0
823264,669060,7,5,3,0,0,2,0
824400,670059,2,0,0,0,1,0,0
824400,676282,18,1,1,3,0,7,0
824400,681870,3,0,0,0,0,2,0
824400,683769,4,0,0,0,0,2,0
824400,593974,3,3,1,0,0,1,0
824400,656288,3,0,0,0,0,1,0
824400,606996,3,1,1,1,0,2,0
824400,681190,15,7,4,1,0,5,0
822778,695445,5,1,0,2,0,0,0
822778,693686,3,1,0,0,0,0,0
822778,663893,1,0,0,0,0,1,0
822778,656302,15,5,3,4,0,7,2
822778,680755,3,0,0,1,0,0,0
822778,594027,3,0,0,0,0,1,0
822778,663776,18,8,2,3,0,4,0
822778,661527,3,2,1,0,1,1,0
824761,594027,3,0,0,1,0,1,0
824761,669711,4,1,0,0,1,0,0
824761,686580,2,4,4,1,0,1,2
824761,701719,0,1,0,0,1,0,0
824761,801139,18,4,3,2,0,9,0
824761,607455,4,0,0,0,0,1,0
824761,687570,12,7,5,3,0,1,0
824761,701519,6,0,0,1,0,3,0
824761,672782,3,0,0,0,0,1,0
824761,679358,2,0,0,1,0,1,0
823919,670090,6,2,1,2,1,1,0
823919,669165,6,1,1,1,0,4,1
823919,623465,3,0,0,0,0,0,0
823919,686218,8,6,5,1,1,4,3
823919,676263,4,0,0,1,0,2,0
823919,687562,17,6,3,2,0,4,0
823919,594027,3,2,1,0,0,1,0
823919,669711,1,0,0,0,0,0,0
823919,676477,3,0,0,1,0,1,0
823919,686580,1,0,0,0,0,0,0
823919,663558,2,1,0,0,0,0,0
822779,667755,18,4,1,2,0,4,1
822779,686973,2,0,0,0,0,0,0
822779,663362,1,3,3,1,0,1,0
822779,689254,3,0,0,0,0,0,0
822779,643511,3,1,0,0,0,0,0
822779,594027,0,3,4,2,0,0,0
822779,687941,3,2,0,0,0,0,0
822779,686580,3,0,0,1,0,1,0
822779,624133,15,6,1,1,0,2,0
822779,669062,3,1,0,0,0,2,0
832078,700183,4,0,0,0,0,2,0
832078,681982,3,0,0,1,1,0,0
832078,672582,3,1,0,0,0,1,0
832078,657649,3,0,0,1,0,2,0
832078,682842,3,0,0,0,0,0,0
832078,668834,3,2,1,1,0,1,0
832078,669084,3,1,0,0,0,1,0
832078,656730,3,0,0,0,0,0,0
832078,676879,2,0,0,2,0,1,0
832078,622088,3,3,1,0,0,1,0
832078,663903,12,6,5,1,0,3,1
832078,656271,3,1,1,0,0,1,1
832078,641941,3,1,1,0,0,0,1
832078,594580,3,1,0,0,0,1,0
824534,693312,2,2,3,2,0,1,1
824534,664731,3,0,0,0,0,1,0
824534,683175,5,1,0,0,0,3,0
824534,594580,1,0,2,2,0,0,0
824534,695505,16,7,5,4,0,2,2
824534,686799,21,2,1,4,0,2,0
824534,815083,6,2,1,1,0,2,1
824530,693312,2,0,0,0,0,0,0
824530,683175,3,1,0,1,1,2,0
824530,594580,2,1,0,0,0,1,0
824530,656271,2,2,0,0,0,2,0
824530,695505,18,2,0,1,0,4,0
824530,676254,3,0,0,0,0,1,0
824530,676775,3,0,0,0,0,2,0
824530,669062,3,0,0,1,0,3,0
824530,694738,18,1,0,2,2,6,0
823388,642397,3,0,0,0,0,1,0
823388,606965,1,1,1,0,0,0,1
823388,670990,6,2,1,0,0,2,0
823388,669387,17,8,5,2,1,10,1
823388,683742,3,1,0,0,0,2,0
823388,695076,4,5,8,4,0,1,0
823388,683175,0,0,2,4,0,0,0
823388,624431,6,5,2,0,1,0,0
823388,668933,3,0,0,1,0,2,0
823388,594580,5,2,0,1,0,2,0
823388,656271,3,6,5,1,0,2,0
824520,622088,3,0,0,0,0,2,0
824520,668933,3,0,0,0,0,2,0
824520,594580,3,0,0,0,0,1,0
824520,671096,18,3,0,1,0,5,0
824520,678906,9,5,3,1,1,1,0
824520,805123,3,1,0,1,0,0,0
824520,701121,3,0,0,0,0,1,0
824520,675989,6,2,2,3,0,4,1
824520,681151,3,1,0,0,0,0,0
824517,682825,3,1,1,1,0,2,0
824517,683175,3,0,0,0,0,0,0
824517,594580,3,0,0,0,0,1,0
824517,695505,18,2,0,2,0,7,0
824517,686894,3,5,4,1,0,0,1
824517,687849,8,2,2,0,0,2,1
824517,656492,13,7,9,3,1,7,2
823462,621237,3,2,2,0,0,1,1
823462,689147,2,2,1,0,0,2,0
823462,641835,4,3,2,0,0,2,0
823462,605400,15,8,4,0,0,5,0
823462,641745,3,0,0,0,0,0,0
823462,683175,3,0,0,0,0,1,0
823462,668933,3,0,0,0,0,2,0
823462,594580,3,1,0,0,0,1,0
823462,656271,2,2,2,0,0,0,1
823462,671096,16,3,1,3,0,3,1
823625,668964,4,0,0,0,0,3,0
823625,681810,5,1,0,1,0,3,0
823625,702752,8,0,0,1,0,3,0
823625,690997,10,5,7,2,2,6,2
823625,622088,1,2,0,0,0,0,0
823625,668933,3,0,0,0,0,2,0
823625,666157,18,6,1,0,2,7,1
823625,594580,3,0,0,0,0,3,0
823625,656271,2,1,1,0,0,0,0
824512,663574,2,2,1,1,0,0,0
824512,666157,20,5,3,4,0,4,2
824512,594580,1,0,0,1,0,0,0
824512,656271,4,0,0,0,0,1,0
824512,675911,15,7,3,2,0,8,0
824512,689266,3,1,1,0,0,1,1
824512,800311,3,1,1,1,0,2,0
824512,625643,3,1,0,0,0,2,0
824511,622088,3,0,0,1,0,2,0
824511,594580,3,0,0,1,1,2,0
824511,687209,3,0,0,1,0,1,0
824511,656271,3,0,0,1,0,1,0
824511,671096,18,5,3,4,0,5,0
824511,668674,3,1,1,2,0,2,1
824511,621381,3,1,1,0,0,0,1
824511,702070,21,1,1,0,0,8,1
824511,670167,1,1,0,0,0,1,0
824506,622088,3,1,1,0,0,0,1
824506,594580,3,0,0,0,0,0,0
824506,687209,3,1,1,1,0,2,1
824506,663978,3,1,1,1,0,0,0
824506,671096,15,4,1,3,0,5,1
824506,666661,3,0,0,0,0,0,0
824506,656464,3,2,0,0,0,2,0
824506,623149,3,0,0,1,0,1,0
824506,668678,18,6,3,2,1,4,2
824504,622088,3,0,0,2,0,2,0
824504,663574,3,1,0,0,0,2,0
824504,663903,15,3,1,3,2,5,0
824504,594580,3,2,2,1,0,2,1
824504,656271,3,1,0,0,0,0,0
824504,681810,3,1,0,0,0,1,0
824504,623211,3,0,0,1,0,2,0
824504,596133,3,0,0,0,0,3,0
824504,673540,12,2,4,4,0,5,2
824504,672335,3,3,1,0,0,2,0
824502,622088,2,1,0,0,0,1,0
824502,663574,3,0,1,1,0,0,0
824502,663903,21,2,0,2,0,7,0
824502,594580,3,0,0,0,0,2,0
824502,656271,1,0,0,0,0,1,0
824502,682842,3,0,0,0,0,1,0
824502,669270,3,1,0,0,0,0,0
824502,676879,3,0,0,0,0,2,0
824502,605540,18,1,0,0,0,10,0
824502,656730,3,0,0,0,0,1,0
824500,622088,4,1,0,0,0,2,0
824500,695076,17,8,3,1,1,6,2
824500,594580,3,2,3,2,0,0,0
824500,656271,3,0,0,1,0,0,0
824500,694477,5,1,1,3,0,1,0
824500,684974,3,2,3,1,0,0,1
824500,681982,2,2,1,2,0,0,0
824500,675660,13,5,0,3,0,5,0
824500,669270,4,1,0,2,1,0,0
823364,683003,14,4,3,1,0,4,1
823364,681895,1,1,2,1,0,0,0
823364,642397,3,2,3,2,0,1,1
823364,670990,6,3,0,0,1,2,0
823364,676755,3,0,0,0,0,2,0
823364,622088,1,0,0,0,0,1,0
823364,657571,3,1,1,0,0,1,1
823364,695534,3,0,0,1,0,0,0
823364,594580,2,1,1,2,0,0,0
823364,695505,18,9,5,0,0,10,1
823771,694477,4,1,0,0,0,2,0
823771,676879,3,1,0,0,0,1,0
823771,688107,17,7,3,1,0,5,1
823771,656730,3,0,0,0,0,2,0
823771,622088,1,1,1,0,0,0,1
823771,695534,5,4,3,2,0,1,1
823771,666157,15,1,0,4,1,4,0
823771,594580,3,1,1,0,0,1,0
823765,681982,5,1,1,0,0,2,1
823765,669270,3,3,1,0,0,0,0
823765,668831,3,1,0,1,0,1,0
823765,694819,15,5,1,0,0,10,2
823765,657649,1,1,0,2,0,0,0
823765,622088,2,0,0,0,0,1,0
823765,594580,4,0,0,0,1,1,0
823765,656271,3,0,0,0,0,1,0
823765,695505,18,4,2,2,0,4,1
824494,622088,3,1,0,0,0,0,0
824494,663903,22,4,1,1,2,5,0
824494,594580,2,0,0,0,0,2,0
824494,666200,21,2,0,2,1,11,0
824494,661395,3,1,0,0,1,2,0
824494,680742,3,0,0,0,0,1,0
824330,663372,7,7,8,4,0,3,3
824330,685299,17,3,1,1,0,2,1
824330,605447,3,0,0,0,0,1,0
824330,668881,18,4,3,0,0,7,2
824330,641941,3,2,1,0,0,2,1
824330,594580,3,2,2,0,0,0,1
824330,656271,3,0,0,0,0,0,0
823114,678606,3,0,0,1,0,0,0
823114,621074,3,1,1,0,0,1,1
823114,622491,21,4,3,2,0,3,2
823114,641941,3,0,0,0,0,1,0
823114,622088,4,1,1,1,0,0,1
823114,594580,1,1,0,1,0,1,0
823114,656271,1,0,0,2,0,0,0
823114,670062,3,1,1,0,0,1,1
823114,695505,15,3,0,2,0,6,0
823027,700669,6,1,0,2,0,4,0
823027,669467,21,2,0,1,0,8,0
823027,668881,16,8,6,2,0,3,0
823027,695534,6,2,0,0,0,2,0
823027,594580,2,0,0,0,0,1,0
824485,657571,3,0,0,0,0,1,0
824485,685112,3,2,1,0,0,1,0
824485,594580,3,1,0,1,0,0,0
824485,670062,3,0,0,1,0,0,0
824485,671096,15,3,3,5,0,1,0
824485,642397,3,0,0,0,0,1,0
824485,669387,9,1,0,1,0,4,0
824485,677952,15,2,1,1,1,5,1
824484,641941,3,2,0,0,0,1,0
824484,663903,18,5,3,3,0,6,0
824484,594580,3,1,0,0,0,0,0
824484,670062,3,0,0,0,0,2,0
824484,669372,18,5,3,2,0,5,0
824484,669620,3,0,0,0,0,0,0
824484,665660,1,0,0,0,0,1,0
824484,663687,2,0,2,3,0,1,0
822701,668820,2,1,1,0,0,0,1
822701,690925,3,0,0,1,0,1,0
822701,676680,3,0,0,0,0,2,0
822701,672442,3,1,0,1,0,1,0
822701,674841,16,3,1,1,0,2,0
822701,594580,2,2,1,0,0,0,0
822701,676760,6,2,2,1,1,1,0
822701,695505,16,6,5,3,0,6,0
824476,682825,3,0,0,1,0,3,0
824476,641941,3,2,2,0,1,0,1
824476,594580,3,1,0,1,0,1,0
824476,656271,3,0,0,2,0,0,0
824476,695505,15,6,2,2,0,8,0
824476,677865,3,3,2,2,0,1,0
824476,669461,18,4,3,0,0,9,1
824476,703725,3,0,0,0,0,2,0
824562,623211,3,1,0,0,0,0,0
824562,696146,3,0,0,1,0,3,0
824562,622491,21,1,0,2,0,10,0
824562,695076,16,7,2,1,0,4,1
824562,594580,3,1,0,0,0,0,0
824562,676760,3,1,2,2,0,1,0
824562,670062,2,2,1,0,0,1,1
822918,641302,2,1,0,0,0,1,0
822918,656222,3,0,0,1,0,0,0
822918,676395,3,0,0,0,0,0,0
822918,594798,15,1,1,1,0,6,1
822918,596001,3,0,0,0,1,0,0
822918,668390,1,0,0,0,0,0,0
822918,678606,3,0,0,0,0,2,0
822918,669302,18,6,2,0,0,5,0
822918,681867,3,1,0,2,0,0,0
823966,676508,3,2,2,2,0,1,0
823966,683618,3,1,0,2,0,0,0
823966,694361,6,2,0,1,0,4,0
823966,676263,3,0,0,0,0,0,0
823966,808963,12,5,2,5,0,6,1
823966,656641,2,2,1,1,0,0,0
823966,594798,18,4,1,3,0,9,1
823966,596001,3,0,0,1,0,2,0
823966,668390,4,0,0,1,0,1,0
823152,678606,2,3,1,0,0,1,0
823152,668984,7,4,2,1,1,2,0
823152,669302,16,7,2,1,1,7,1
823152,660825,2,1,0,0,0,2,0
823152,641302,2,1,0,0,0,0,0
823152,656641,3,0,0,0,0,0,0
823152,656222,3,0,0,1,0,1,0
823152,686560,4,1,0,1,0,2,0
823152,594798,12,4,0,2,0,3,0
823152,668390,3,0,0,1,0,1,0
822912,682608,3,0,0,0,0,1,0
822912,656222,3,0,0,0,0,2,0
822912,686560,1,0,0,1,1,0,0
822912,594798,17,5,1,1,0,10,1
822912,596001,3,0,0,0,0,0,0
822912,681895,6,0,0,2,0,2,0
822912,670990,3,1,0,0,0,1,0
822912,696149,12,7,6,3,1,4,2
822912,664875,3,1,0,0,0,0,0
824193,650556,4,1,0,1,0,0,0
824193,678906,15,2,0,4,1,7,0
824193,660853,1,3,1,0,0,0,0
824193,595345,3,0,0,0,0,2,0
824193,805123,2,0,0,2,0,0,0
824193,687911,2,0,0,1,0,0,0
824193,615698,6,0,0,1,0,1,0
824193,594798,18,5,4,0,0,4,4
822890,682608,3,1,0,0,0,1,0
822890,641302,3,1,0,0,0,0,0
822890,681168,3,1,0,0,0,1,0
822890,594798,18,3,0,2,0,6,0
822890,702021,6,3,1,1,0,1,1
822890,595978,3,4,2,0,0,0,0
822890,676282,15,9,7,2,0,7,3
822874,692030,3,4,5,2,0,1,0
822874,682608,4,1,0,0,0,0,0
822874,695239,3,1,0,1,0,1,0
822874,594798,14,7,5,2,0,6,0
822874,687239,3,0,0,0,0,0,0
822874,670950,3,1,0,0,0,1,0
822874,622554,3,1,1,0,0,2,1
822874,669684,4,0,0,0,0,1,0
822874,607200,12,4,2,0,0,6,1
822874,656794,3,1,0,1,0,2,0
822874,663855,2,0,0,1,0,2,0
823850,664126,3,1,1,0,0,0,1
823850,667463,3,1,0,0,0,1,0
823850,656848,3,0,0,0,0,3,0
823850,669622,4,1,0,0,0,2,0
823850,691587,14,3,1,0,0,1,1
823850,641302,3,0,0,0,0,2,0
823850,695239,1,0,0,0,0,1,0
823850,594798,18,4,2,2,0,8,0
823850,668390,2,2,2,1,0,0,1
822870,682608,3,2,1,0,1,0,0
822870,641302,1,2,2,0,0,0,0
822870,695239,3,0,0,0,0,2,0
822870,594798,15,7,1,0,0,4,0
822870,687239,3,1,0,0,1,0,0
822870,668390,2,2,2,0,0,1,2
822870,669302,17,5,3,2,0,4,0
822870,662253,3,0,0,0,0,3,0
822870,642100,4,0,0,0,0,3,0
822870,660825,3,1,1,0,0,2,1
824162,650556,3,0,0,0,0,1,0
824162,669854,14,5,3,2,0,4,1
824162,623352,3,0,0,0,0,1,0
824162,660853,2,1,1,0,0,1,1
824162,595345,4,1,0,0,0,2,0
824162,656986,1,0,0,2,0,1,0
824162,682608,3,1,0,0,0,1,0
824162,641302,6,0,0,0,0,1,0
824162,681217,3,1,0,1,1,2,0
824162,594798,10,7,5,5,0,3,0
824162,668390,2,0,0,0,0,0,0
822864,682608,5,2,0,1,0,1,0
822864,681217,4,1,0,1,0,0,0
822864,615698,3,0,0,0,0,0,0
822864,594798,15,3,1,1,0,9,1
822864,670329,3,0,0,0,0,2,0
822864,680694,18,5,1,0,1,4,0
822864,664991,3,1,3,2,0,3,1
822861,681217,3,0,0,0,0,2,0
822861,656641,3,0,0,1,0,3,0
822861,594798,18,1,0,1,0,10,0
822861,596001,3,0,0,2,0,0,0
822861,690925,3,0,0,1,0,1,0
822861,687377,3,1,0,0,0,2,0
822861,676680,3,1,1,0,0,0,0
822861,674841,15,4,1,3,0,5,1
823995,820862,3,1,0,0,0,1,0
823995,642048,3,2,0,0,0,0,0
823995,700712,18,2,0,2,0,5,0
823995,671111,3,0,0,0,0,2,0
823995,682608,3,0,0,0,0,2,0
823995,641302,3,0,0,0,0,0,0
823995,594798,6,6,2,1,0,3,0
823995,687239,3,0,0,1,0,1,0
823995,656756,6,6,4,0,0,2,0
823995,668390,3,3,1,1,0,2,0
831766,676263,1,0,0,0,0,1,0
831766,681520,3,0,0,0,0,1,0
831766,822627,3,1,1,2,0,2,0
831766,621242,2,2,2,0,0,0,1
831766,702318,3,0,0,0,0,1,0
831766,808967,15,3,0,1,0,7,0
831766,689690,2,2,2,1,0,1,0
831766,594835,11,4,1,2,0,4,0
831766,670810,11,4,1,3,0,3,0
822871,677958,18,1,0,2,0,6,0
822871,594835,9,2,0,2,0,2,0
822871,682668,3,0,0,0,0,0,0
822871,805326,8,6,3,0,0,1,1
822871,670950,2,1,2,1,0,1,0
822871,702273,11,11,5,0,0,2,1
824968,680723,2,1,0,0,0,1,0
824968,695611,16,3,3,4,0,1,1
824968,665660,2,0,0,1,0,1,0
824968,663687,3,0,0,0,0,0,0
824968,665622,4,0,0,1,0,2,0
824968,677958,15,4,3,5,1,3,0
824968,641302,1,3,2,2,0,1,0
824968,681217,3,1,1,0,0,2,1
824968,695239,3,1,1,0,0,2,1
824968,594835,2,0,0,0,0,0,0
823974,656945,3,0,0,0,0,0,0
823974,694361,3,0,0,0,0,1,0
823974,595014,3,1,0,0,0,1,0
823974,808967,18,5,2,0,0,6,1
823974,694851,5,1,0,2,1,0,0
823974,666661,3,1,0,1,0,1,0
823974,664199,1,3,4,0,1,0,1
823974,668678,12,5,4,2,0,2,1
823974,657044,3,0,0,0,0,1,0
822833,686973,3,0,0,0,0,1,0
822833,656546,3,1,0,1,0,2,0
822833,656302,15,4,1,4,1,8,0
822833,689254,1,0,1,2,0,0,0
822833,643511,5,1,0,1,0,2,0
822833,676508,3,1,1,1,0,0,0
822833,660271,18,4,0,1,0,2,0
822833,676263,1,3,2,1,0,0,0
822833,595014,2,0,0,1,0,1,0
823065,677865,3,0,0,1,1,2,0
823065,694363,6,3,0,1,0,0,0
823065,669160,18,7,3,2,1,3,0
823065,656945,3,0,0,0,0,2,0
823065,694361,5,1,1,1,0,0,0
823065,680736,18,6,0,1,0,0,0
823065,595014,1,0,0,0,0,0,0
823956,656945,3,1,0,0,0,1,0
823956,660271,18,5,1,3,1,9,0
823956,676263,3,1,0,0,0,2,0
823956,595014,3,1,0,0,0,1,0
823956,663969,3,1,0,0,0,0,0
823956,667463,2,0,0,0,0,0,0
823956,656848,1,3,1,0,0,0,0
823956,669622,3,0,0,0,0,0,0
823956,676083,18,3,0,1,0,4,0
823963,656945,3,0,0,0,0,0,0
823963,669165,3,2,1,0,1,3,0
823963,660271,18,2,1,2,0,10,0
823963,595014,3,1,0,0,0,1,0
823963,668964,6,3,1,0,0,2,1
823963,681810,2,2,1,0,0,1,1
823963,642207,1,3,4,1,0,1,1
823963,605280,15,4,2,1,1,4,1
824201,650556,3,1,0,0,0,3,0
824201,678906,6,1,0,0,0,2,0
824201,680802,13,8,6,4,0,5,2
824201,595345,2,3,1,1,0,1,0
824201,656986,3,0,0,0,0,0,0
824201,669165,3,0,0,1,0,2,0
824201,676263,3,1,0,0,0,2,0
824201,595014,3,0,0,0,1,3,0
824201,808967,18,5,3,1,0,8,1
823953,681911,1,3,3,1,0,1,0
823953,670090,3,1,3,4,1,0,0
823953,694361,2,1,0,0,0,1,0
823953,676263,3,1,0,0,0,0,0
823953,595014,3,0,0,0,0,0,0
823953,808963,15,6,3,1,1,5,1
823953,664141,3,0,0,0,0,1,0
823953,686790,16,9,3,2,0,4,1
823953,676775,3,1,0,0,0,1,0
823953,657424,5,0,0,0,0,1,0
823951,683618,3,1,0,0,0,1,0
823951,676263,3,1,0,0,0,2,0
823951,595014,2,2,1,1,0,0,0
823951,808967,19,6,5,0,0,8,3
823951,668873,4,0,0,0,0,1,0
823951,656529,3,1,0,2,0,2,0
823951,666711,2,0,0,0,1,0,0
823951,605288,17,3,2,3,1,4,1
823951,657424,1,0,0,0,0,1,0
824038,624428,2,1,0,0,0,0,0
824038,681217,2,1,0,0,1,0,0
824038,666201,4,6,8,3,0,2,1
824038,667755,16,1,6,6,1,6,0
824038,820862,3,1,0,0,0,1,0
824038,670090,3,0,0,2,0,0,0
824038,680736,18,7,2,1,0,5,0
824038,656212,3,1,0,0,0,1,0
824038,595014,3,0,0,1,0,1,0
823302,695243,2,0,0,1,0,0,0
823302,656288,15,4,3,1,0,5,1
823302,699134,3,0,0,0,0,2,0
823302,669093,3,1,1,0,0,1,1
823302,670970,3,1,0,0,0,1,0
823302,676760,1,0,0,0,0,1,0
823302,681911,2,0,0,0,0,0,0
823302,683618,4,0,0,1,0,1,0
823302,656945,4,0,0,1,0,2,0
823302,694361,3,0,0,0,0,1,0
823302,686218,12,5,4,1,0,2,2
823302,595014,2,1,0,1,0,0,0
823948,681911,2,1,0,0,0,0,0
823948,669165,3,1,1,0,0,1,1
823948,694361,3,0,0,0,0,2,0
823948,686218,18,5,2,1,1,8,0
823948,595014,1,0,0,0,0,1,0
823948,700327,3,0,0,0,0,0,0
823948,657514,2,1,2,0,1,0,0
823948,675848,3,0,2,2,0,0,0
823948,685299,15,6,1,1,0,3,0
823948,677955,1,1,0,0,0,0,0
823945,681911,2,0,0,1,0,1,0
823945,656945,3,3,3,0,0,0,1
823945,669165,3,0,0,0,0,1,0
823945,595014,3,0,0,0,0,2,0
823945,808963,16,3,1,1,0,7,1
823945,666200,16,7,2,2,0,6,0
823945,621237,2,0,0,0,0,0,0
823945,661395,3,0,0,0,0,0,0
823945,689147,3,2,1,0,0,2,0
823945,641745,3,0,0,0,0,1,0
825079,666661,3,1,0,0,0,2,0
825079,656464,3,0,0,0,0,1,0
825079,642528,3,3,2,2,0,1,0
825079,647336,18,6,4,1,0,6,1
825079,683618,3,1,0,0,0,0,0
825079,641778,14,5,2,1,0,1,1
825079,656945,3,1,0,0,0,1,0
825079,669165,2,1,3,3,0,1,0
825079,694361,4,3,0,1,0,1,0
825079,595014,1,0,0,1,0,0,0
823374,694973,18,6,2,2,0,7,0
823374,642701,4,1,0,2,0,1,0
823374,696062,0,5,6,1,0,0,1
823374,682997,3,1,0,1,0,0,0
823374,684049,2,2,1,3,0,1,0
823374,641778,17,3,2,0,0,5,2
823374,656945,3,2,1,0,0,1,0
823374,694361,4,0,0,0,0,3,0
823374,595014,3,0,0,2,0,3,0
824588,641743,15,4,2,1,2,7,0
824588,670950,6,0,0,0,0,2,0
824588,669684,3,0,0,0,0,0,0
824588,663542,3,0,0,0,0,0,0
824588,683618,3,1,0,0,0,2,0
824588,642546,6,0,0,4,0,1,0
824588,595014,2,2,1,0,0,0,0
824588,808963,13,7,7,3,0,4,1
824586,691799,6,2,2,0,0,1,1
824586,622554,3,1,1,2,0,2,0
824586,663542,3,1,1,0,0,0,1
824586,607200,8,3,0,2,0,4,0
824586,656794,7,0,0,1,0,4,0
824586,642546,3,0,0,0,0,0,0
824586,686218,15,4,3,1,1,8,1
824586,676263,3,3,3,0,0,1,2
824586,595014,3,1,0,0,0,1,0
831496,595345,3,1,1,2,0,2,0
831496,805123,6,0,0,1,0,1,0
831496,664299,15,4,1,2,0,2,1
831496,682610,3,2,1,0,0,2,0
831496,703725,3,0,0,0,0,3,0
831496,828594,2,0,0,1,0,1,0
831496,688297,4,2,1,1,0,2,0
831496,666277,3,1,0,0,0,2,0
831496,700241,15,3,1,0,0,5,1
825025,669372,4,2,2,0,0,1,1
825025,686993,4,2,0,1,0,1,0
825025,605130,0,2,4,2,0,0,1
825025,682052,13,3,3,5,0,6,1
825025,665660,2,0,0,0,0,1,0
825025,663687,4,1,0,2,0,2,0
825025,643410,3,1,0,1,0,0,0
825025,650556,1,2,2,1,0,0,1
825025,685005,2,2,0,1,0,0,0
825025,595345,1,1,2,1,0,0,0
825025,805123,6,5,4,2,0,1,1
825025,621121,12,5,3,3,0,4,0
825025,687911,5,1,0,1,0,1,0
824375,607536,19,3,1,1,1,5,1
824375,622608,8,0,0,0,0,3,0
824375,678906,2,1,1,0,0,0,1
824375,685005,3,0,0,0,0,1,0
824375,595345,3,1,1,1,0,0,0
824375,681347,16,8,3,1,0,3,1
823156,677961,1,3,3,0,1,0,1
823156,666374,2,0,0,0,0,0,0
823156,662253,3,0,0,2,0,1,0
823156,642100,3,1,0,0,1,0,0
823156,660825,3,0,0,0,0,0,0
823156,676106,15,4,3,2,0,5,0
823156,680802,7,4,2,2,0,4,1
823156,641585,8,3,4,4,1,3,0
823156,660853,3,1,0,0,0,1,0
823156,595345,5,0,0,0,0,2,0
823156,837227,1,1,3,4,1,0,0
823155,678606,3,1,0,0,0,1,0
823155,668984,5,2,0,0,0,2,0
823155,666374,3,1,0,1,0,0,0
823155,622491,10,10,7,1,0,3,1
823155,662253,3,1,0,2,0,1,0
823155,660825,3,2,0,0,0,2,0
823155,650556,1,1,1,3,0,1,0
823155,678906,2,0,0,1,0,2,0
823155,595345,2,1,1,0,0,0,1
823155,805123,3,0,0,0,0,0,0
823155,621121,13,5,6,2,0,4,1
823155,687911,4,0,0,1,0,1,0
824450,641401,3,1,1,0,0,1,1
824450,677944,15,10,6,2,0,2,2
824450,670036,6,1,1,0,0,1,0
824450,682120,3,1,0,1,0,0,0
824450,595345,3,1,0,0,0,0,0
824450,805123,3,0,0,1,0,1,0
824450,681151,6,2,0,1,0,2,0
824450,681293,15,5,2,4,1,3,0
824449,670036,3,0,0,1,0,2,0
824449,681870,3,1,0,0,0,1,0
824449,683769,3,0,0,0,0,0,0
824449,676440,18,5,2,2,0,3,1
824449,660853,4,1,0,1,0,1,0
824449,595345,2,1,0,0,0,0,0
824449,805123,3,0,0,0,0,1,0
824449,663567,18,3,0,3,0,8,0
824848,670329,1,0,0,0,0,0,0
824848,664744,3,2,0,0,0,0,0
824848,605135,20,7,1,1,0,7,0
824848,689296,3,3,0,0,0,0,0
824848,595345,2,2,3,1,0,0,1
824848,805123,3,0,0,0,0,1,0
824848,663567,13,2,2,3,0,3,0
824848,669920,6,2,5,3,0,1,1
824199,595345,3,0,0,0,0,1,0
824199,663567,21,6,3,1,0,6,1
824199,687911,3,1,0,0,0,0,0
824199,689546,3,1,0,0,0,1,0
824199,681867,3,0,0,0,0,1,0
824199,669923,15,7,1,2,0,7,0
824199,662253,3,1,0,0,0,1,0
824199,660825,3,0,0,1,0,3,0
824195,650556,3,0,0,1,0,1,0
824195,660853,4,0,0,0,0,2,0
824195,595345,4,0,0,0,0,2,0
824195,621121,16,7,2,2,0,6,2
824195,687911,3,1,1,3,0,0,0
824195,689546,3,0,0,0,0,0,0
824195,695380,0,1,0,0,0,0,0
824195,681867,2,1,0,1,0,0,0
824195,662253,3,1,0,0,0,3,0
824195,681006,1,0,0,1,0,0,0
824195,682243,16,8,2,1,0,3,1
824195,660825,2,1,0,0,1,0,0
823704,607455,3,0,0,0,0,0,0
823704,701519,6,0,0,0,0,1,0
823704,805673,18,5,2,0,0,6,1
823704,650556,1,0,0,0,1,0,0
823704,660853,2,1,0,0,0,0,0
823704,595345,3,0,0,0,0,3,0
823704,687911,3,2,0,0,0,1,0
823704,669920,18,4,0,1,0,4,0
824674,669020,3,1,0,0,0,1,0
824674,663423,3,1,0,1,0,0,0
824674,607067,21,4,3,3,0,4,2
824674,678906,18,2,0,3,0,6,0
824674,660853,3,0,0,0,0,1,0
824674,595345,3,0,0,0,0,1,0
824674,687911,3,1,0,0,0,1,0
824191,650556,1,0,1,2,0,0,0
824191,695001,3,0,0,0,0,1,0
824191,678906,15,3,3,4,0,7,2
824191,595345,6,0,0,0,1,1,0
824191,687911,5,1,0,0,0,0,0
824191,689441,12,4,2,2,0,1,1
824191,682842,3,1,0,1,0,1,0
824191,681982,3,0,0,0,0,0,0
824191,676879,3,1,0,0,0,2,0
824191,669084,6,0,0,2,0,3,0
824191,656730,3,0,0,0,0,2,0
824189,650556,3,2,3,1,0,2,1
824189,660853,3,0,0,0,0,2,0
824189,595345,3,0,0,2,0,1,0
824189,805123,3,2,1,0,0,3,0
824189,681347,15,8,5,5,0,3,2
824189,642397,2,0,0,0,0,2,0
824189,696149,15,6,4,2,0,3,1
824189,642701,1,3,2,1,0,1,0
824189,696062,9,0,0,2,0,3,0
824185,650556,3,0,0,1,0,3,0
824185,678906,15,7,4,2,0,1,1
824185,660853,3,1,0,0,0,1,0
824185,595345,6,1,0,0,0,2,0
824185,683003,15,4,0,2,0,4,0
824185,669387,12,4,1,0,0,3,1
824183,650556,3,0,0,0,0,2,0
824183,595345,3,0,0,0,0,1,0
824183,681347,15,8,4,2,0,3,2
824183,663878,6,0,0,1,0,2,0
824183,686993,2,0,0,0,0,1,0
824183,695611,19,3,0,3,0,3,0
824183,663687,3,1,0,0,0,1,0
824183,643410,3,0,0,0,0,2,0
824102,669212,3,0,0,0,0,0,0
824102,696131,7,3,1,3,1,3,1
824102,679883,2,5,8,3,0,0,2
824102,668674,6,1,0,1,0,0,0
824102,621381,3,1,1,0,0,0,1
824102,674444,6,0,0,0,0,1,0
824102,623352,3,0,0,0,0,0,0
824102,660853,1,3,3,0,0,1,0
824102,595345,7,3,0,0,0,0,0
824102,805123,6,1,0,1,0,2,0
824102,837227,2,4,5,1,0,1,0
824102,687911,2,1,0,1,1,1,0
824102,663878,6,1,0,0,0,1,0
824181,650556,3,1,1,0,0,2,1
824181,678906,10,6,5,2,2,9,3
824181,595345,2,0,0,0,0,2,0
824181,805123,6,1,0,2,0,2,0
824181,681151,6,3,2,0,0,3,1
824181,623454,8,2,1,2,0,5,0
824181,621097,4,2,2,0,0,1,2
824181,663947,5,1,0,0,0,2,0
824181,640448,3,1,0,1,0,1,0
824181,646241,3,0,0,0,0,1,0
824181,676684,4,1,0,0,1,0,0
824182,686613,17,3,1,3,0,7,0
824182,623352,3,1,0,0,0,1,0
824182,660853,3,0,0,0,0,1,0
824182,595345,1,0,0,0,0,0,0
824182,687911,3,1,1,1,0,0,0
824182,664285,18,6,0,3,0,6,0
824182,805427,1,0,0,0,0,0,0
824182,672456,4,2,1,0,0,2,0
824182,676684,1,1,1,1,0,0,0
824177,678906,18,4,1,1,0,4,0
824177,623352,3,0,0,0,0,2,0
824177,595345,3,0,0,1,0,3,0
824177,687911,3,0,0,0,0,1,0
824177,677944,18,6,2,2,0,1,1
824177,670059,3,0,0,0,0,1,0
824177,683769,3,1,0,0,0,1,0
822799,669456,11,9,4,0,0,2,3
822799,693686,4,2,0,0,0,3,0
822799,667297,4,0,0,1,0,1,0
822799,656546,2,0,0,1,0,1,0
822799,689254,3,0,0,0,0,1,0
822799,680755,6,1,2,1,0,2,1
822799,643511,3,3,1,0,0,0,0
822799,623352,3,0,0,0,0,1,0
822799,660853,4,3,2,0,0,0,1
822799,595345,3,2,0,0,0,1,0
822799,701121,6,1,0,0,0,0,0
822799,663567,14,6,2,3,0,6,1
822799,663878,3,1,0,1,0,2,0
822798,667297,3,0,0,0,0,1,0
822798,656546,4,1,0,1,0,2,0
822798,702056,17,2,1,5,0,5,0
822798,689254,3,1,1,2,0,0,0
822798,623352,3,0,0,1,0,2,0
822798,595345,3,1,0,0,0,1,0
822798,681347,18,2,1,1,0,3,1
822798,687911,3,1,0,0,0,0,0
824257,664285,18,9,4,0,0,2,1
824257,623454,2,2,1,1,0,1,0
824257,621097,3,1,0,1,0,0,0
824257,805427,1,0,0,0,0,0,0
824257,676684,3,4,2,0,0,2,0
824257,678906,11,8,4,1,1,1,1
824257,623352,3,0,0,0,0,1,0
824257,595345,4,1,1,1,0,0,1
824257,805123,6,2,0,0,0,2,0
824257,687911,3,0,0,0,0,1,0
824175,623352,3,0,0,0,0,2,0
824175,660853,3,0,0,0,0,1,0
824175,595345,3,0,0,0,0,2,0
824175,681347,15,6,4,2,1,3,0
824175,687911,3,0,0,0,0,1,0
824175,694397,6,2,0,0,0,1,0
824175,657746,12,5,0,3,0,5,1
824175,679358,6,0,0,0,1,3,0
824173,660853,6,2,1,0,0,2,0
824173,595345,3,1,1,0,0,2,1
824173,681293,18,2,1,1,0,4,1
824173,668984,3,0,0,0,0,0,0
824173,607259,16,3,1,1,1,3,1
824173,687330,5,0,0,0,0,0,0
824173,641329,3,0,0,0,0,1,0
822713,664875,1,0,0,0,0,1,0
822713,683000,4,1,1,0,0,3,1
822713,640454,2,1,0,1,1,1,0
822713,687223,3,0,0,1,0,0,0
822713,674841,17,4,5,5,1,3,0
822713,650556,3,1,0,0,0,1,0
822713,695001,2,2,1,0,0,1,1
822713,623352,1,1,0,1,0,1,0
822713,660853,3,1,0,0,0,0,0
822713,595345,4,1,0,0,0,3,0
822713,837227,11,4,2,3,0,3,1
822713,687911,3,1,0,0,0,1,0
822876,682608,2,1,1,2,0,0,0
822876,641302,4,1,0,0,0,2,0
822876,656641,3,1,0,1,0,0,0
822876,695239,1,2,2,0,0,0,0
822876,669022,12,2,1,1,0,4,1
822876,687239,3,1,1,0,0,1,1
822876,668390,2,0,0,1,0,1,0
822876,650556,3,1,1,1,0,2,0
822876,623352,0,3,1,0,0,0,0
822876,660853,3,0,0,0,0,0,0
822876,595345,3,0,0,0,0,1,0
822876,664299,9,4,3,3,0,4,0
822876,687911,6,3,1,1,0,1,1
824167,650556,3,1,0,1,0,2,0
824167,669854,14,2,4,3,0,8,2
824167,623352,3,3,1,0,0,0,0
824167,660853,4,1,0,0,0,2,0
824167,595345,3,2,0,0,0,2,0
824167,669199,3,1,1,0,0,1,1
824167,676083,12,5,6,3,0,3,2
824167,690978,9,2,1,2,0,4,0
824166,650556,3,0,0,0,0,1,0
824166,660853,3,1,0,0,0,2,0
824166,595345,3,0,0,0,0,0,0
824166,663567,18,6,2,2,0,3,0
824166,645261,21,9,5,1,0,3,3
824166,676534,3,0,0,0,0,2,0
824573,663436,15,6,4,0,2,3,0
824573,670950,6,2,0,0,0,3,0
824573,622554,1,1,0,2,0,1,0
824573,669684,3,1,1,1,1,1,0
824573,663542,2,3,4,1,0,1,1
824573,650556,3,1,0,0,0,2,0
824573,678906,6,2,2,1,2,1,0
824573,623352,3,0,0,0,0,2,0
824573,595345,3,1,0,0,0,0,0
824573,805123,6,1,0,1,0,2,0
824573,656986,3,1,0,0,0,1,0
824573,681293,3,2,3,2,2,0,0
823189,664141,2,1,1,1,0,0,1
823189,681916,3,1,1,1,0,0,0
823189,676775,2,0,0,0,0,0,0
823189,671345,3,2,2,2,0,0,0
823189,656529,3,0,0,0,0,1,0
823189,694918,17,4,1,1,0,6,0
823189,669713,21,5,3,2,0,4,2
823189,623352,6,0,0,0,0,2,0
823189,595345,3,1,0,0,0,1,0
824163,650556,2,0,0,1,0,2,0
824163,595345,2,2,1,0,0,1,1
824163,805123,4,0,0,0,0,1,0
824163,663567,17,3,2,2,0,8,0
824163,687911,2,1,0,0,0,1,0
824163,677958,16,10,3,2,0,5,1
824163,641302,1,1,2,0,1,0,0
824163,695239,2,0,0,0,1,0,0
824163,687239,4,1,0,1,0,0,0
824163,668390,1,3,2,1,0,1,0
823187,676775,5,1,1,0,0,0,0
823187,656529,1,1,0,0,0,0,0
823187,665665,3,0,0,0,0,2,0
823187,605288,18,2,0,1,0,5,0
823187,650556,3,0,0,0,0,2,0
823187,623352,3,0,0,0,0,0,0
823187,660853,1,1,0,1,0,0,0
823187,595345,4,0,0,0,0,0,0
823187,805123,5,1,0,0,0,2,0
823187,837227,9,3,0,2,0,3,0
823187,687911,2,0,1,2,0,1,0
824159,650556,3,2,2,2,0,0,0
824159,623352,3,2,0,0,0,2,0
824159,660853,3,1,1,0,0,0,0
824159,595345,3,1,0,0,0,1,0
824159,656986,3,2,1,0,0,2,0
824159,663567,15,4,2,2,1,6,0
824159,621074,4,0,0,0,0,1,0
824159,669923,14,8,5,3,0,2,1
824159,662253,2,4,4,0,0,1,1
824159,642100,3,0,0,0,0,1,0
824159,660825,6,0,0,0,0,2,0
824156,650556,3,1,0,1,1,0,0
824156,686613,15,3,2,5,0,5,1
824156,623352,3,1,0,0,0,1,0
824156,595345,3,0,0,0,0,1,0
824156,656986,3,3,1,1,0,1,1
824156,693433,18,3,2,1,1,5,2
824156,622554,1,1,0,0,0,1,0
824156,662253,3,0,0,1,0,2,0
824156,642100,2,2,0,0,0,0,0
824156,660825,3,1,0,0,0,1,0
824155,650556,3,0,0,0,0,2,0
824155,623352,3,0,0,1,0,0,0
824155,595345,3,0,0,1,0,2,0
824155,805123,3,1,0,0,0,2,0
824155,814490,11,3,2,3,1,4,0
824155,656986,4,1,0,0,0,1,0
824155,642048,4,0,0,0,0,2,0
824155,684665,2,0,0,0,0,0,0
824155,700712,15,3,3,2,0,7,1
824155,605242,3,2,0,0,0,3,0
824152,650556,3,0,0,2,0,2,0
824152,669713,15,1,0,3,0,4,0
824152,660853,3,0,0,0,0,0,0
824152,595345,3,0,0,0,0,0,0
824152,656986,3,2,0,0,0,3,0
824152,669372,15,6,3,2,1,4,0
824152,680723,4,2,1,1,0,1,0
824152,696522,2,0,0,0,0,0,0
824152,665660,3,1,0,0,0,1,0
825023,686993,3,4,3,1,0,1,0
825023,605130,2,1,1,2,0,0,1
825023,682052,15,3,2,4,0,5,0
825023,665622,4,2,2,1,0,1,0
825023,678022,3,0,0,0,1,0,0
825023,641302,1,2,0,0,0,0,0
825023,683004,17,7,3,3,1,3,0
825023,656641,1,1,0,0,0,0,0
825023,676395,1,0,0,0,0,0,0
825023,615698,3,1,0,0,0,0,0
825023,596001,4,2,3,1,0,0,0
824863,669330,3,3,1,0,0,1,0
824863,670329,6,0,0,0,0,3,0
824863,605135,13,6,4,4,1,3,0
824863,608650,5,1,0,1,0,4,0
824863,641302,3,0,0,0,0,2,0
824863,683004,18,5,2,1,0,8,1
824863,656222,3,2,0,0,0,1,0
824863,596001,3,0,0,0,0,0,0
824401,595978,4,0,0,0,0,1,0
824401,684974,3,3,3,0,0,1,1
824401,677944,0,3,4,2,0,0,0
824401,670036,3,2,1,1,0,0,0
824401,670059,3,2,0,0,0,1,0
824401,682120,2,1,0,1,0,2,0
824401,656492,12,7,5,2,0,6,2
824401,681320,3,0,0,0,0,2,0
824401,673540,3,0,0,0,0,2,0
824401,675540,6,2,1,1,0,0,0
824401,690997,15,8,5,3,0,8,1
823150,693433,21,4,2,1,1,6,0
823150,662253,3,0,0,0,0,3,0
823150,642100,3,1,0,0,0,2,0
823150,641302,3,0,0,0,0,1,0
823150,656222,2,1,0,0,0,1,0
823150,669022,15,7,5,1,0,5,3
823150,686560,1,0,0,1,0,0,0
823150,596001,3,0,0,2,1,0,0
822914,677958,18,4,1,1,0,5,0
822914,656641,3,0,0,0,0,2,0
822914,596001,3,1,0,0,0,0,0
822914,668390,3,1,0,0,0,2,0
822914,681895,3,1,0,0,0,2,0
822914,669387,13,6,5,2,0,6,0
822914,664875,3,0,0,0,0,2,0
822914,696062,5,1,0,3,0,0,0
822904,677958,11,4,3,3,0,3,1
822904,641302,3,1,0,0,0,0,0
822904,615698,10,3,1,2,0,2,0
822904,596001,3,1,0,1,0,1,0
822904,681799,3,0,0,1,0,0,0
822904,665871,11,1,0,1,0,1,0
822904,669020,1,1,1,2,0,0,0
822904,676962,12,0,0,1,0,3,0
822910,656641,3,0,0,0,0,1,0
822910,656222,3,0,0,0,0,1,0
822910,669022,15,6,3,3,0,7,0
822910,596001,3,1,0,0,0,0,0
822910,668390,3,0,0,0,0,1,0
822910,605130,3,0,0,0,0,0,0
822910,643410,3,0,0,0,0,1,0
822910,605488,18,5,4,2,1,4,1
822901,682608,8,1,0,0,0,2,0
822901,641302,5,0,0,0,0,2,0
822901,656222,3,1,0,1,0,1,0
822901,596001,8,2,1,0,0,2,0
822901,668390,3,2,0,1,0,1,0
822901,623149,3,0,0,0,1,1,0
822901,647336,19,3,0,1,0,5,0
822901,664199,3,1,0,0,0,0,0
822901,805299,2,0,0,0,0,1,0
824028,696147,3,2,0,1,0,2,0
824028,672282,24,1,1,0,0,14,1
824028,669022,18,1,1,2,0,7,0
824028,686560,2,1,0,0,1,1,0
824028,596001,6,2,0,0,0,4,0
824355,607536,14,7,3,2,0,4,2
824355,657514,1,2,0,0,0,1,0
824355,675848,2,1,0,0,0,1,0
824355,622608,6,2,0,0,0,1,0
824355,677955,4,1,0,0,0,0,0
824355,641302,3,0,0,0,0,2,0
824355,683004,15,7,4,2,0,5,0
824355,656641,6,1,0,0,0,4,0
824355,596001,3,0,0,0,0,0,0
822898,683004,18,4,4,3,2,4,1
822898,656641,4,1,1,0,0,2,1
822898,656222,2,3,2,0,0,1,2
822898,596001,3,0,0,0,0,0,0
822898,805123,6,3,1,0,0,0,0
822898,669920,18,6,9,2,1,4,2
824103,696131,5,2,1,2,1,2,0
824103,668674,1,0,1,2,1,1,0
824103,621381,3,2,1,0,0,1,1
824103,663738,2,0,0,1,0,0,0
824103,607625,10,3,1,1,0,2,0
824103,656638,3,2,1,2,0,1,0
824103,674444,3,2,0,1,0,1,0
824103,670167,3,0,0,0,0,1,0
824103,682608,3,2,1,0,0,0,0
824103,641302,3,2,1,0,0,1,0
824103,656641,3,1,0,1,0,1,0
824103,669022,15,8,2,3,0,6,0
824103,596001,6,0,0,0,1,3,0
823851,663969,18,5,2,3,0,4,1
823851,676534,3,2,2,1,0,0,0
823851,656848,2,2,0,0,0,1,0
823851,669622,1,0,0,1,0,1,0
823851,690978,3,0,0,0,0,1,0
823851,677958,15,5,2,0,0,9,0
823851,641302,3,0,0,0,0,1,0
823851,656641,4,1,0,1,0,2,0
823851,695239,3,0,0,0,0,1,0
823851,596001,2,1,1,1,0,0,0
824899,702566,8,5,2,2,0,2,1
824899,689266,4,0,0,0,0,2,0
824899,669276,2,3,1,0,0,1,0
824899,800311,3,0,0,0,0,2,0
824899,702275,3,1,0,0,0,1,0
824899,641755,1,2,3,1,0,0,1
824899,628452,3,0,0,0,0,1,0
824899,664849,3,1,0,1,1,0,0
824899,641302,3,2,1,0,0,0,0
824899,656641,4,0,0,0,0,1,0
824899,695239,1,0,0,0,0,0,0
824899,669022,17,6,5,1,3,7,2
824899,596001,2,1,0,0,0,1,0
824420,670036,1,0,0,0,0,1,0
824420,670059,4,0,0,0,0,3,0
824420,800048,20,8,4,0,0,5,0
824420,681870,2,3,1,1,0,1,0
824420,641302,3,1,0,0,0,2,0
824420,656641,6,0,0,0,0,1,0
824420,695239,3,0,0,1,0,0,0
824420,596001,3,2,1,0,0,1,0
824420,663978,12,7,2,0,0,1,1
822873,682608,3,1,0,0,0,1,0
822873,641302,6,1,1,1,0,1,0
822873,656641,3,0,0,0,0,1,0
822873,615698,9,2,2,3,0,1,0
822873,695239,3,0,0,0,0,2,0
822873,596001,3,3,1,0,0,1,0
822873,641743,15,5,2,2,1,4,1
822873,691799,6,0,0,0,0,5,0
822873,663542,3,0,0,0,0,2,0
822873,663855,3,0,0,0,0,1,0
824966,669372,18,8,4,0,0,7,1
824966,656240,4,2,1,1,0,1,0
824966,669620,5,1,0,0,0,2,0
824966,681217,1,0,0,0,0,0,0
824966,656641,6,0,0,1,0,2,0
824966,669022,17,8,3,2,0,5,1
824966,596001,3,0,0,0,0,0,0
822868,677958,20,4,2,2,0,7,1
822868,656641,3,2,1,0,0,2,0
822868,695239,1,0,0,0,0,0,0
822868,596001,3,1,0,1,0,0,0
822868,678606,3,1,0,0,0,1,0
822868,621074,3,1,0,0,0,2,0
822868,695380,3,1,0,1,0,3,0
822868,677961,3,1,0,0,0,1,0
822868,669923,12,7,7,0,1,3,4
822872,682608,3,1,0,0,0,2,0
822872,641302,2,1,0,0,0,0,0
822872,656641,3,1,1,0,0,1,0
822872,669022,15,7,3,2,0,5,0
822872,596001,3,0,0,0,0,1,0
822872,668390,1,0,0,0,0,0,0
822872,621074,6,2,0,0,0,3,0
822872,682243,16,6,5,1,0,0,2
822872,660825,2,2,0,0,0,1,0
824965,680723,1,0,0,0,0,1,0
824965,682052,18,5,2,2,0,6,1
824965,665660,2,1,0,0,0,1,0
824965,663687,3,0,0,0,0,2,0
824965,665622,3,1,0,0,0,2,0
824965,682608,1,3,1,0,0,0,1
824965,641302,3,0,0,1,0,0,0
824965,681217,3,0,0,1,0,0,0
824965,596001,3,2,2,0,0,1,1
824965,674003,12,8,2,1,0,4,1
824965,668390,2,0,0,0,0,0,0
823467,680742,3,0,0,0,0,1,0
823467,663767,6,2,2,1,0,2,1
823467,596117,3,0,0,0,0,0,0
823467,621383,4,4,2,1,0,2,0
823467,691725,11,7,8,3,0,2,3
823467,669372,24,4,1,1,0,8,1
823467,621139,3,2,0,0,0,1,0
823450,689147,3,1,1,2,1,2,0
823450,680742,3,0,0,0,0,0,0
823450,663767,2,2,1,0,0,0,1
823450,641835,6,1,0,0,0,3,0
823450,596117,1,0,0,0,0,0,0
823450,621383,3,3,1,0,0,0,2
823450,676661,3,0,0,0,0,1,0
823450,691725,6,6,6,2,0,3,2
823450,676604,3,1,0,0,0,1,0
823450,645261,18,8,2,1,0,6,0
823450,667463,3,1,0,0,0,2,0
823450,656848,3,0,0,0,0,3,0
824089,621016,6,1,0,0,0,3,0
824089,694360,3,2,0,1,0,1,0
824089,702070,15,6,1,5,0,7,0
824089,674444,3,1,0,1,0,2,0
824089,642152,3,1,2,2,1,1,0
824089,650911,10,12,9,1,0,1,3
824089,686751,2,0,0,1,0,1,0
824089,596117,3,4,2,1,0,0,0
824089,621383,3,1,1,0,0,1,1
824089,679775,3,4,1,0,0,1,0
824252,689225,6,1,0,0,0,1,0
824252,621097,2,1,0,0,0,0,0
824252,656427,18,2,2,3,1,6,1
824252,805427,1,0,0,0,0,0,0
824252,641835,3,2,4,2,0,1,0
824252,596117,3,0,0,0,0,0,0
824252,676661,3,3,3,1,0,0,2
824252,605400,15,3,2,2,0,8,1
823238,664141,3,1,0,1,0,0,0
823238,657277,21,7,1,1,0,3,0
823238,676775,1,2,2,0,0,0,0
823238,669062,2,3,2,0,0,2,0
823238,623211,4,0,0,0,0,0,0
823238,596133,3,0,0,0,0,0,0
823238,642207,3,2,0,0,0,1,0
823238,673540,17,5,2,2,0,7,0
823647,640455,4,1,0,2,0,2,0
823647,623211,5,0,0,0,0,0,0
823647,663992,3,2,1,2,0,1,0
823647,596133,3,0,0,2,0,1,0
823647,690997,15,4,2,2,1,8,1
823647,682254,3,2,0,0,0,3,0
823647,670990,5,0,0,1,0,2,0
823647,676755,3,0,0,0,0,2,0
823647,669387,13,6,2,0,0,8,0
823647,642701,3,0,0,0,0,1,0
823647,664353,3,1,0,1,0,0,0
823293,673513,1,0,0,0,0,1,0
823293,650633,18,6,4,0,0,4,2
823293,695243,2,2,1,0,0,1,0
823293,688158,6,1,0,0,0,2,0
823293,623211,4,0,0,0,0,2,0
823293,596133,3,0,0,0,0,0,0
823293,621345,3,0,0,0,0,0,0
823293,681035,17,3,0,2,0,3,0
831446,679029,1,0,0,0,0,0,0
831446,676604,9,2,0,0,0,5,0
831446,645261,14,5,3,0,0,6,0
831446,677053,3,0,0,1,0,2,0
831446,686745,2,0,0,0,0,0,0
831446,656849,15,5,1,1,0,4,0
831446,815084,3,1,0,1,0,2,0
831446,596133,1,0,1,3,0,1,0
831446,800686,5,3,2,0,0,3,0
823448,621237,3,3,3,1,0,1,0
823448,686751,3,0,0,0,0,2,0
823448,605400,15,7,2,1,0,6,2
823448,669060,6,1,0,1,0,0,0
823448,640455,16,6,2,1,1,5,0
823448,623211,3,0,0,1,0,1,0
823448,596133,3,0,0,0,0,3,0
823448,642207,3,1,0,1,0,1,0
823448,621345,2,0,0,0,0,0,0
823596,640455,18,5,2,2,1,4,1
823596,623211,3,0,0,0,0,0,0
823596,596133,3,1,0,0,0,1,0
823596,642207,3,1,0,0,0,1,0
823596,689266,3,1,1,2,1,2,0
823596,700363,13,4,2,2,0,4,0
823596,682989,2,1,0,0,0,1,0
823596,800311,2,0,0,1,0,1,0
823596,641755,3,0,0,0,0,0,0
823596,664849,1,0,0,0,0,1,0
823609,623211,3,1,0,0,0,0,0
823609,596133,3,0,0,0,0,2,0
823609,642207,3,0,0,1,0,1,0
823609,621345,5,1,0,0,0,1,0
823609,681035,13,3,2,2,0,6,1
823609,686751,3,0,0,1,0,2,0
823609,680742,2,1,0,1,0,1,0
823609,641835,4,1,0,0,0,1,0
823609,660604,12,4,4,2,0,4,0
823609,679775,3,2,2,1,0,1,0
823349,681895,5,1,1,0,1,2,0
823349,596133,3,1,0,1,0,0,0
823349,670990,10,1,0,1,0,4,0
823349,669387,9,7,5,1,0,1,1
823349,642376,3,1,0,1,0,0,0
823349,673380,3,3,2,0,0,0,0
823349,642207,3,3,2,1,0,0,0
823349,650960,3,1,0,0,0,1,0
823349,804267,15,4,0,2,0,3,0
823749,681982,3,0,0,0,0,1,0
823749,675660,6,1,0,2,0,1,0
823749,690986,15,2,0,2,0,8,0
823749,596142,3,2,0,0,0,0,0
823749,689546,5,3,1,0,0,2,0
823749,681006,2,3,5,2,0,1,2
823749,660844,3,9,7,1,0,0,1
823749,682243,14,7,5,2,0,3,1
823321,695243,4,1,0,0,0,3,0
823321,669093,3,0,0,0,0,2,0
823321,670970,5,2,1,1,0,1,0
823321,601713,15,1,0,2,0,8,0
823321,676130,1,3,4,4,0,1,1
823321,668873,5,0,0,0,0,2,0
823321,621366,2,0,0,0,0,0,0
823321,605288,16,6,1,1,0,4,0
823564,657612,4,1,0,0,0,0,0
823564,687396,3,1,0,0,0,1,0
823564,701542,14,5,2,3,0,5,0
823564,666808,3,0,0,0,0,1,0
823564,670280,3,2,1,0,0,2,0
823564,622663,15,4,2,5,0,7,0
823564,605130,5,0,0,0,0,4,0
823564,669270,3,0,0,0,0,1,0
823564,665660,2,0,0,0,0,1,0
823564,663687,2,0,0,2,0,2,0
831734,669194,15,4,0,0,1,7,0
831734,664199,3,1,0,0,0,1,0
831734,623149,3,1,0,0,1,1,0
831734,801517,3,0,0,0,0,3,0
831734,663462,3,2,2,2,0,1,0
831734,682608,3,2,1,1,0,1,0
831734,596295,14,5,3,2,0,2,1
831734,668390,2,0,0,2,0,1,0
831734,656222,4,2,1,1,0,0,1
831734,666168,1,0,0,0,0,0,0
823643,668964,9,4,3,0,0,1,0
823643,663992,2,0,0,0,0,0,0
823643,605280,16,5,1,3,0,3,0
823643,669372,12,1,0,1,0,4,0
823643,605130,2,0,0,0,0,1,0
823643,665660,3,1,0,0,0,1,0
823643,643410,3,1,0,0,0,1,0
823643,678022,7,3,0,0,0,3,0
823642,640455,9,0,0,0,0,4,0
823642,642547,18,4,1,3,0,6,1
823642,605130,3,0,0,1,0,0,0
823642,669270,3,0,0,0,0,0,0
823642,665660,1,0,0,0,0,0,0
823642,650644,17,4,0,0,0,3,0
823642,663687,3,0,0,0,0,2,0
825021,669372,16,2,2,4,0,3,1
825021,605130,3,1,0,0,0,1,0
825021,669270,4,0,0,0,0,2,0
825021,663687,2,0,0,0,0,1,0
825021,643410,2,2,3,1,0,1,1
825021,677958,14,4,2,4,1,6,0
825021,656641,3,0,0,0,0,0,0
825021,656222,3,1,1,1,0,2,0
825021,686560,1,0,0,0,0,1,0
825021,668390,3,2,3,1,0,2,2
825018,686930,6,1,0,2,0,1,0
825018,605130,3,0,0,0,1,2,0
825018,665622,3,0,0,0,0,1,0
825018,605488,15,9,7,1,0,7,4
825018,691799,5,3,3,1,0,3,0
825018,622554,3,0,0,1,1,1,0
825018,702273,15,1,1,1,0,6,1
825018,673929,1,0,0,0,0,0,0
825018,663542,3,1,0,0,0,1,0
823148,677961,6,4,1,2,0,3,0
823148,622491,15,5,2,2,0,6,1
823148,642100,3,2,1,0,0,0,1
823148,660825,3,2,1,0,0,1,0
823148,605130,4,1,0,1,0,2,0
823148,682052,16,7,2,2,0,1,1
823148,663687,1,0,0,0,0,0,0
823148,678022,6,0,0,0,0,2,0
825017,686993,3,2,2,0,0,0,1
825017,605130,4,0,0,0,1,1,0
825017,650644,15,5,0,1,0,3,0
825017,663687,2,1,1,2,0,1,1
825017,643410,3,0,0,0,0,1,0
825017,678022,3,0,0,0,0,1,0
825017,668674,3,1,0,1,0,1,0
825017,663460,15,4,1,4,1,6,0
825017,621381,3,2,0,1,0,2,0
825017,683232,3,0,0,0,0,2,0
825017,663738,3,1,0,0,0,0,0
825017,670167,3,0,0,0,0,0,0
825016,605130,3,0,0,1,0,0,0
825016,669620,4,1,1,0,0,0,1
825016,665622,8,3,0,2,1,1,0
825016,678022,3,1,0,0,0,1,0
825016,605488,9,5,2,1,1,4,1
825016,702070,16,9,4,2,0,5,0
825016,656638,3,0,0,0,0,0,0
825016,670167,5,2,1,1,0,0,0
823469,650911,24,3,0,1,1,10,0
823469,661395,3,1,1,3,0,2,0
823469,622663,15,7,1,2,0,3,1
823469,605130,3,0,0,0,0,1,0
823469,621053,4,4,4,0,0,1,2
823469,643410,2,3,4,1,0,1,0
825014,605130,4,0,2,0,2,1,0
825014,682052,16,8,6,1,0,5,2
825014,663687,1,2,1,1,0,0,0
825014,806960,6,4,5,4,0,2,1
825014,677944,16,10,5,0,0,3,2
825014,670036,2,0,0,1,0,0,0
825014,670059,5,1,0,0,0,0,0
825014,683769,1,2,1,1,0,1,0
825014,682120,3,1,0,0,0,1,0
824846,680694,21,5,3,1,1,10,0
824846,694346,6,3,1,1,0,2,0
824846,686993,2,0,0,0,0,0,0
824846,605130,3,0,0,0,0,1,0
824846,682052,16,3,2,2,0,5,2
824846,669270,3,0,0,0,0,0,0
824846,663687,1,0,0,1,0,1,0
824846,678022,2,1,1,1,0,2,0
825007,622663,18,10,5,2,0,7,2
825007,605130,3,2,1,0,0,2,0
825007,643410,6,2,0,0,0,2,0
825007,686790,20,5,1,1,1,5,0
825007,668873,2,1,1,0,0,2,1
825007,669062,2,0,2,2,0,1,0
825007,657424,3,0,0,0,0,0,0
824033,696270,6,4,5,1,0,0,2
824033,820862,1,1,0,1,0,0,0
824033,672282,17,8,8,2,0,8,0
824033,608718,3,2,1,0,0,1,0
824033,686993,1,0,0,0,0,0,0
824033,605130,3,0,0,0,0,0,0
824033,682052,11,7,4,3,0,2,1
824033,669270,3,1,0,0,1,2,0
824033,663687,3,2,2,0,1,1,0
824033,678022,6,1,0,0,1,0,0
825000,669372,18,4,0,3,0,4,0
825000,686993,3,0,0,0,0,0,0
825000,605130,1,0,0,3,0,0,0
825000,663687,3,1,0,1,0,2,0
825000,678022,2,1,3,2,0,2,0
825000,677960,20,6,5,3,0,10,3
825000,656234,3,2,1,0,1,1,0
825000,666808,1,0,0,0,0,0,0
824672,684007,18,6,6,1,0,5,4
824672,669020,5,0,0,0,0,3,0
824672,663423,4,1,0,2,0,0,0
824672,669372,18,2,1,1,1,8,1
824672,605130,3,2,2,0,0,0,1
824672,669270,2,5,4,0,0,0,0
824672,665622,0,2,0,0,0,0,0
824672,643410,3,0,0,0,0,2,0
824996,605130,2,1,0,0,0,1,0
824996,660761,2,1,0,0,0,0,0
824996,665660,3,0,0,0,0,2,0
824996,663687,2,2,0,0,0,0,0
824996,665622,6,2,0,0,0,2,0
824996,678022,12,5,3,3,0,4,2
824996,694477,0,3,3,0,0,0,2
824996,676879,3,1,0,1,0,0,0
824996,687075,18,4,1,1,0,3,1
824996,656730,3,1,0,0,0,2,0
824998,686993,1,1,0,0,0,1,0
824998,605130,3,3,3,1,0,1,1
824998,660761,6,0,0,0,0,4,0
824998,663687,5,2,2,1,0,3,0
824998,665622,5,3,2,0,0,2,1
824998,643410,1,1,1,2,0,1,0
824998,605488,15,8,5,2,0,3,2
824998,694477,3,0,0,1,0,2,0
824998,680723,4,3,1,0,0,2,1
824998,682842,4,0,0,1,0,2,0
824998,681982,8,0,0,1,0,3,0
824998,690986,7,8,8,2,0,4,3
824998,669270,5,1,1,0,0,4,1
824998,676879,5,4,3,0,0,3,2
824995,605130,3,0,0,1,0,0,0
824995,660761,5,2,1,2,1,0,0
824995,665660,3,0,0,0,0,2,0
824995,683155,13,5,4,1,0,4,1
824995,643410,3,1,0,0,0,1,0
824995,607536,17,10,6,0,0,4,1
824995,675848,4,0,0,0,0,1,0
824995,678020,2,0,0,1,0,1,0
824995,677955,1,1,1,2,1,0,0
824994,605130,2,2,4,2,0,1,1
824994,666126,5,3,1,2,0,0,1
824994,669620,5,6,4,0,0,1,0
824994,665622,3,6,6,1,0,0,1
824994,605488,12,7,6,0,0,5,3
824994,680604,3,2,1,0,0,0,1
824994,682769,9,4,0,0,1,2,0
824994,608372,15,8,6,2,0,2,1
824992,605130,1,2,4,0,2,0,1
824992,660761,8,3,1,0,0,2,1
824992,650644,9,9,6,2,0,2,0
824992,665622,9,2,1,2,0,6,0
824992,681895,3,1,1,0,0,1,1
824992,676755,3,1,1,0,0,2,1
824992,642701,3,0,0,0,0,2,0
824992,677952,18,4,1,3,0,7,0
831546,701552,3,0,0,0,0,0,0
831546,676026,3,2,2,1,0,0,1
831546,676571,3,0,0,0,0,1,0
831546,690925,3,1,0,0,0,1,0
831546,669371,3,0,0,1,0,2,0
831546,695418,3,1,0,1,0,2,0
831546,681402,3,0,0,0,0,1,0
831546,686610,3,1,0,0,0,0,0
831546,672335,3,0,0,0,0,2,0
831546,669358,15,3,0,0,0,5,0
831546,605135,6,0,0,0,0,1,0
831546,666974,3,0,0,0,0,1,0
831546,608650,3,0,0,0,0,2,0
823405,682254,3,3,1,0,0,3,0
823405,664353,6,1,0,0,0,3,0
823405,677952,18,4,1,0,0,8,0
823405,700249,17,4,2,3,0,2,1
823405,605135,6,6,6,2,2,0,1
823405,666974,1,0,0,0,0,1,0
824857,670329,3,0,0,0,0,1,0
824857,605135,14,7,1,1,0,2,0
824857,689296,3,1,0,0,0,2,0
824857,664854,3,2,0,0,0,0,0
824857,664991,3,0,0,0,0,1,0
824857,666974,1,0,0,0,0,0,0
824857,657277,18,5,4,3,0,6,1
824857,668873,2,1,1,1,0,2,1
824857,621366,4,3,1,0,0,3,0
824123,669212,5,3,2,0,0,1,1
824123,696131,3,1,0,1,0,1,0
824123,608379,16,7,6,2,0,5,1
824123,656638,3,0,0,0,0,1,0
824123,689296,3,0,0,0,0,2,0
824123,669330,5,1,0,0,0,0,0
824123,666974,3,1,1,0,0,0,1
824123,605135,16,8,5,2,0,3,2
824845,669211,3,0,0,0,0,2,0
824845,670329,3,0,0,1,0,1,0
824845,605135,18,4,1,1,1,6,0
824845,689296,3,0,0,2,0,1,0
824845,622663,16,6,2,4,0,4,0
824845,686993,2,0,0,1,0,2,0
824845,665622,6,0,0,0,0,4,0
824842,669211,3,1,1,0,0,2,1
824842,669330,3,0,0,0,0,1,0
824842,670329,2,0,0,0,0,1,0
824842,605135,13,6,3,0,0,4,0
824842,689296,3,0,0,0,0,2,0
824842,666974,3,0,0,0,0,2,0
824842,676428,4,1,0,1,0,2,0
824842,640448,4,1,0,2,0,0,0
824842,656427,10,8,3,0,0,7,2
824842,657756,3,3,1,0,0,0,0
824842,646241,3,1,0,0,0,1,0
823688,671737,21,3,2,3,0,7,0
823688,607455,2,3,2,0,0,0,1
823688,681892,3,3,1,0,0,1,0
823688,679358,1,2,3,1,0,0,1
823688,702193,3,0,0,0,0,0,0
823688,623474,0,1,0,1,0,0,0
823688,605154,3,1,0,0,0,0,0
823688,675848,3,1,0,0,0,0,0
823688,608372,15,8,7,1,0,2,2
823688,678020,3,0,0,0,0,1,0
823688,622608,3,3,1,0,0,1,0
824338,605154,4,5,5,0,0,1,2
824338,685299,15,9,5,0,1,4,1
824338,664954,5,3,1,1,0,0,0
824338,678020,3,4,3,1,0,0,0
824338,669199,2,0,0,0,0,0,0
824338,694350,6,1,1,2,0,2,0
824338,806188,3,2,1,0,0,2,0
824338,691587,16,2,1,4,1,8,1
822815,686973,3,2,0,1,0,2,0
822815,656546,3,2,1,0,0,0,0
822815,656302,21,3,1,3,1,9,0
822815,689254,1,0,0,0,0,0,0
822815,643511,2,1,0,1,0,1,0
822815,605156,1,1,3,2,0,0,1
822815,642121,4,0,0,0,0,0,0
822815,664076,1,1,0,0,1,1,0
822815,687330,2,0,0,0,0,0,0
822815,643377,15,4,0,4,0,1,0
822815,685801,3,0,0,0,0,0,0
822815,641329,2,0,1,4,0,1,0
823991,696270,16,5,2,2,0,4,2
823991,684665,3,0,0,0,1,2,0
823991,605242,5,0,0,1,0,1,0
823991,676620,3,2,0,0,0,1,0
823991,702070,27,1,0,1,0,8,0
831447,605182,8,2,2,1,1,3,2
831447,608334,9,4,2,0,0,2,2
831447,701568,2,0,0,0,0,1,0
831447,682995,7,1,0,2,0,3,0
831447,695946,1,0,0,0,0,0,0
831447,683627,6,2,1,1,0,1,0
831447,606303,6,1,0,0,0,2,0
831447,800311,14,2,1,1,0,1,0
831447,694436,1,1,0,0,0,0,0
823239,676775,3,2,1,1,0,1,0
823239,668873,3,0,0,0,0,1,0
823239,621366,4,3,1,0,0,1,1
823239,683766,3,0,0,0,0,0,0
823239,694738,14,7,5,1,0,7,0
823239,668964,6,0,0,0,0,1,0
823239,605280,21,3,0,2,0,4,0
823633,640455,8,7,6,2,1,4,1
823633,605218,8,3,1,1,0,6,1
823633,656849,11,5,7,3,0,5,0
823633,676571,3,0,0,0,0,1,0
823633,672335,3,0,0,0,0,0,0
823633,676917,18,8,2,2,0,10,1
823633,687606,3,2,0,0,0,1,0
824079,663878,3,1,0,0,0,2,0
824079,607625,18,5,3,1,0,5,1
824079,674444,3,1,0,0,0,1,0
824079,670167,3,0,0,2,0,2,0
824079,605280,12,6,4,2,0,1,1
824079,607067,12,4,2,2,0,0,1
824643,657097,3,1,0,0,0,1,0
824643,666171,3,1,0,1,0,2,0
824643,669020,1,0,0,0,0,0,0
824643,605280,20,1,0,1,0,3,0
824643,666277,2,2,1,1,0,0,1
824643,669461,16,2,2,1,0,6,0
824643,657265,6,2,0,1,0,0,0
831835,693313,6,0,0,2,0,1,0
831835,605288,18,4,2,2,0,5,1
831835,676254,3,0,0,0,0,1,0
831835,621381,3,0,0,0,0,0,0
831835,608032,3,1,0,0,0,0,0
831835,686701,12,5,4,2,0,1,1
831835,656638,3,1,0,1,0,1,0
831835,663738,3,0,1,2,0,3,0
823237,668873,2,0,0,1,1,1,0
823237,621366,1,2,2,1,0,0,0
823237,605288,18,9,4,2,0,3,0
823237,694918,3,0,0,1,0,2,0
823237,657424,3,0,0,1,0,1,0
823237,621237,3,0,0,0,0,1,0
823237,661395,3,1,0,0,0,0,0
823237,680742,3,0,0,0,0,2,0
823237,641835,3,0,0,0,0,1,0
823237,641745,3,1,0,0,0,2,0
823237,691725,12,9,4,1,0,1,0
824859,669330,6,2,1,0,0,1,1
824859,700249,20,5,1,0,0,5,0
824859,689296,1,0,0,0,0,1,0
824859,664141,3,1,0,1,0,0,0
824859,676254,2,3,1,0,0,2,0
824859,605288,14,5,4,2,0,3,1
824859,669062,3,1,0,1,0,1,0
824859,657424,2,1,1,1,0,1,0
823471,621237,2,2,0,1,0,1,0
823471,680742,3,1,2,1,0,1,0
823471,663767,3,1,0,0,0,1,0
823471,641835,6,2,0,1,0,2,0
823471,676510,6,4,1,1,0,1,0
823471,670950,7,3,1,1,0,3,0
823471,641745,3,0,1,0,1,3,0
823471,676775,6,2,1,3,0,0,0
823471,668873,6,1,0,0,0,2,0
823471,621366,1,2,1,1,0,0,0
823471,605288,14,4,3,2,0,2,2
823471,657424,2,0,0,0,0,0,0
823232,664141,9,3,1,1,0,3,0
823232,668873,3,1,0,1,0,0,0
823232,621366,3,1,0,1,0,0,0
823232,605288,12,11,8,1,0,3,2
823232,669199,6,2,1,0,0,1,1
823232,645261,18,9,3,1,0,4,0
823232,667463,3,0,0,1,0,1,0
822751,663992,6,0,0,1,0,2,0
822751,672335,6,2,0,0,0,0,0
822751,676917,12,7,1,0,0,5,0
822751,681402,3,2,0,0,0,2,0
822751,680730,9,5,3,0,0,2,1
822751,676254,6,3,1,2,0,2,0
822751,668873,6,0,0,1,0,2,0
822751,621366,1,0,0,0,0,1,0
822751,605288,17,7,4,2,1,1,1
822751,669062,3,0,0,0,0,2,0
822751,657424,3,0,0,0,0,0,0
823226,676254,3,2,2,2,0,0,1
823226,676775,2,0,1,1,0,0,0
823226,666711,3,0,0,0,0,1,0
823226,605288,18,3,1,1,0,3,1
823226,657424,1,1,0,0,0,0,0
823226,695243,3,0,0,0,0,2,0
823226,699134,3,0,0,0,0,0,0
823226,670970,6,1,0,0,0,4,0
823226,663362,15,2,1,0,0,7,1
825006,686993,3,0,0,0,0,0,0
825006,666126,3,1,0,1,0,0,0
825006,660761,3,3,3,1,0,1,1
825006,665622,0,3,2,1,0,0,0
825006,605488,18,5,1,1,0,3,1
825006,676775,3,1,0,0,0,1,0
825006,656529,3,0,0,0,0,2,0
825006,666711,3,0,0,0,0,0,0
825006,605288,18,4,1,5,0,3,0
823222,656529,3,0,0,1,0,2,0
823222,666711,6,2,0,0,0,1,0
823222,605288,14,7,3,0,0,5,0
823222,657424,4,1,0,0,0,4,0
823222,670950,6,2,1,1,0,1,1
823222,673929,4,2,1,0,0,1,1
823222,663542,4,0,0,0,0,1,0
823222,607200,10,10,8,2,0,3,1
824352,663372,18,4,0,0,0,2,0
824352,680604,6,4,3,0,0,2,1
824352,657514,3,1,0,0,0,1,0
824352,664141,3,0,0,0,0,2,0
824352,621366,6,4,3,0,0,0,1
824352,656529,4,2,1,2,0,1,0
824352,605288,11,8,4,2,1,4,1
823779,689441,7,9,6,2,0,2,1
823779,681982,4,3,2,0,0,1,0
823779,663765,9,7,4,0,0,1,1
823779,669084,7,1,0,0,0,1,0
823779,664141,6,2,2,2,0,1,1
823779,678576,0,2,3,2,0,0,0
823779,668873,3,1,0,0,0,1,0
823779,656529,2,0,0,1,0,1,0
823779,663941,3,1,1,0,0,0,1
823779,605288,13,5,2,3,0,5,1
823214,664141,3,1,1,0,0,2,0
823214,681916,3,0,0,1,0,1,0
823214,656529,2,1,0,2,0,1,0
823214,663941,6,2,1,0,0,1,0
823214,605288,13,4,3,0,1,6,1
823214,669062,0,1,1,2,0,0,0
823214,663992,1,0,0,0,0,0,0
823214,690925,3,0,0,0,0,1,0
823214,695418,8,3,0,2,0,1,0
823214,687377,3,1,1,0,0,0,1
823214,674841,12,5,2,5,0,4,0
823206,686790,16,7,3,1,0,3,0
823206,656529,2,1,0,0,0,1,0
823206,605288,7,0,0,0,0,1,0
823206,657424,2,0,0,1,0,1,0
823206,689266,3,0,0,0,0,0,0
823206,669276,5,1,0,0,0,0,0
823206,800311,1,0,0,0,0,1,0
823206,694462,6,2,0,4,0,3,0
823206,625643,9,4,1,0,0,1,0
823206,628452,3,0,0,0,0,0,0
825066,666661,3,0,0,0,0,0,0
825066,694297,16,3,1,1,0,2,1
825066,686753,3,0,0,1,0,1,0
825066,664199,3,1,1,0,0,0,1
825066,657044,2,0,0,0,0,0,0
825066,605288,16,5,2,1,0,1,1
825066,694738,8,5,6,6,0,4,1
824333,680767,3,1,0,1,0,2,0
824333,623474,3,1,0,0,1,1,0
824333,657514,3,1,0,1,0,0,0
824333,685299,15,6,5,2,0,7,4
824333,605447,3,1,0,0,0,2,0
824333,681916,3,2,3,0,1,1,1
824333,641816,13,8,3,0,0,5,0
824333,656529,1,0,0,0,0,1,0
824333,605288,2,1,0,0,0,0,0
824333,669062,5,0,0,0,0,2,0
823194,687931,15,5,4,2,0,7,2
823194,605288,12,2,0,1,0,2,0
823194,681217,3,1,0,0,0,1,0
823194,667755,15,3,0,3,0,5,0
823194,815083,2,1,0,0,0,1,0
823194,696147,1,0,2,2,0,0,0
823194,666171,3,1,0,0,0,2,0
823194,696519,3,0,0,1,0,1,0
823272,673513,9,1,0,0,0,2,0
823272,608566,15,1,0,1,0,2,0
823272,699134,3,0,0,0,0,2,0
823272,687931,10,7,6,4,0,3,1
823272,605288,14,5,1,1,0,3,0
822865,682608,1,0,0,0,0,1,0
822865,681217,2,1,2,1,0,0,1
822865,656641,3,2,1,1,0,1,0
822865,695239,3,0,0,0,0,2,0
822865,669022,18,3,0,3,0,4,0
822865,664141,3,0,1,1,0,0,0
822865,681916,2,2,1,1,0,1,0
822865,671345,3,0,0,0,0,0,0
822865,665665,2,3,1,1,0,1,0
822865,605288,1,0,0,0,0,0,0
822865,694918,15,6,2,1,0,3,0
824510,680689,3,1,4,2,1,2,1
824510,657571,6,2,0,0,0,2,0
824510,605335,18,10,5,3,0,3,2
824510,669212,3,2,1,1,0,3,0
824510,696131,3,2,0,0,0,1,0
824510,679883,15,2,1,4,0,5,1
824510,656638,3,0,0,0,0,2,0
824510,670167,3,0,0,1,0,1,0
824394,671922,3,0,0,0,0,2,0
824394,800048,20,6,1,0,0,10,0
824394,681870,3,1,0,0,0,2,0
824394,683769,1,0,0,0,0,1,0
824394,681916,6,1,0,0,0,5,0
824394,683363,6,1,0,0,0,0,0
824394,605288,15,4,0,2,0,3,0
823191,664141,3,2,1,0,0,1,0
823191,681916,3,0,0,1,0,0,0
823191,676775,2,1,0,1,0,0,0
823191,656529,4,2,0,1,0,2,0
823191,605288,15,6,1,1,0,4,0
823191,805427,3,0,0,0,0,2,0
823191,672456,18,5,5,3,0,5,2
823191,646241,3,0,0,0,0,1,0
823234,641816,17,3,0,4,0,6,0
823234,668873,2,0,0,1,0,1,0
823234,694918,3,0,0,0,0,0,0
823234,669062,3,0,0,0,0,2,0
823234,657424,2,1,0,0,0,1,0
823234,621237,2,2,1,0,0,2,0
823234,680742,3,1,0,0,0,1,0
823234,647315,1,1,0,0,0,0,0
823234,605400,18,5,3,1,0,3,1
823874,669199,6,1,0,0,0,1,0
823874,676534,3,1,0,0,0,1,0
823874,667463,2,0,0,0,0,0,0
823874,676083,16,5,1,0,0,6,1
823874,621237,3,0,0,0,0,1,0
823874,621383,3,0,0,0,0,1,0
823874,605400,18,5,0,0,0,5,0
823874,641745,3,2,0,0,0,0,0
823468,689147,3,0,0,0,0,1,0
823468,663767,3,0,0,0,1,3,0
823468,641835,1,0,0,0,0,0,0
823468,621383,6,0,0,0,0,3,0
823468,605400,14,6,3,2,0,4,1
823468,607536,15,10,6,0,0,4,3
823468,685299,9,4,2,0,0,3,0
823384,642397,3,2,2,2,0,0,0
823384,682254,4,1,1,0,0,0,1
823384,642701,0,4,2,0,0,0,0
823384,684049,3,0,0,0,0,2,0
823384,677952,20,7,4,0,2,5,1
823384,621237,3,1,0,0,0,3,0
823384,689147,3,0,0,1,0,1,0
823384,680742,3,2,0,0,0,2,0
823384,663767,6,1,0,0,0,1,0
823384,641835,4,1,1,0,0,2,1
823384,605400,11,6,6,3,0,2,2
823453,621237,3,1,0,0,1,2,0
823453,689147,3,1,0,1,0,2,0
823453,680742,6,1,0,0,0,3,0
823453,641835,2,1,0,0,0,0,0
823453,605400,13,6,5,4,0,4,0
823453,689818,10,3,3,3,0,6,2
823453,670950,7,1,0,0,0,1,0
823453,663542,2,2,2,2,0,0,0
823453,656457,2,2,1,0,0,1,0
823453,699823,3,3,3,1,0,1,0
823776,694477,3,5,4,0,0,1,1
823776,680723,5,1,1,2,0,3,0
823776,675660,15,8,4,0,0,7,1
823776,669270,1,2,0,0,0,1,0
823776,656730,3,1,0,1,0,3,0
823776,621237,3,2,2,0,0,1,1
823776,661395,3,0,0,0,0,1,0
823776,689147,3,0,0,0,0,0,0
823776,641835,1,1,0,0,0,0,0
823776,605400,14,6,3,2,0,3,2
823776,641745,3,3,3,2,0,1,0
823444,686751,5,0,0,1,0,4,0
823444,663767,3,2,3,1,0,2,1
823444,641835,6,1,0,1,0,2,0
823444,605400,13,8,7,2,0,5,2
823444,681895,3,1,0,0,1,1,0
823444,642397,2,2,2,0,0,1,1
823444,682254,3,0,0,1,0,2,0
823444,670990,1,1,0,1,0,1,0
823444,677952,18,5,5,1,0,8,3
823838,664126,3,0,0,0,0,2,0
823838,645261,21,4,0,1,0,5,0
823838,676534,3,0,0,0,0,0,0
823838,621237,3,0,0,1,0,1,0
823838,689147,3,1,0,1,0,0,0
823838,641835,1,0,0,0,0,1,0
823838,605400,17,5,1,3,0,4,1
824091,679883,15,3,1,1,0,4,0
824091,621381,3,1,0,1,0,1,0
824091,663738,3,0,0,0,0,1,0
824091,656638,3,0,0,0,0,0,0
824091,670167,3,1,0,0,0,1,0
824091,686751,1,0,2,2,0,0,0
824091,605400,21,7,3,0,0,7,0
824091,679775,2,1,0,0,0,1,0
823424,661395,3,1,0,0,0,1,0
823424,680742,3,1,0,1,0,1,0
823424,605400,21,5,1,0,0,8,1
823424,645261,18,8,3,1,0,1,1
823424,680767,3,0,0,0,0,0,0
823424,667463,3,2,1,0,0,0,0
823431,661395,3,0,0,0,1,2,0
823431,689147,3,0,0,0,0,2,0
823431,605400,18,6,3,2,0,5,2
823431,679775,3,0,0,1,0,1,0
823431,690925,1,1,2,1,0,0,1
823431,676680,2,1,2,1,0,1,1
823431,678868,2,0,0,0,1,0,0
823431,674841,19,3,2,3,1,5,0
831910,681217,5,0,0,1,0,1,0
831910,824200,3,1,0,0,0,1,0
831910,667755,9,1,0,3,0,3,0
831910,605447,3,1,0,0,0,1,0
831910,699613,1,2,2,1,0,0,1
831910,666171,4,0,0,1,0,2,0
831910,696519,2,2,0,0,0,1,0
831910,681343,10,2,4,3,3,5,0
831910,656457,3,0,0,0,0,0,0
831910,669684,3,0,0,1,0,0,0
831910,673929,3,0,0,0,0,1,0
831910,663855,3,1,0,0,0,1,0
831910,676881,2,1,0,1,0,0,0
831821,656945,1,1,0,0,0,0,0
831821,694361,1,2,1,2,0,1,0
831821,676263,3,0,0,0,0,2,0
831821,681911,2,0,0,0,0,1,0
831821,691947,3,1,0,0,0,1,0
831821,676508,2,1,1,1,0,0,0
831821,621242,3,0,0,1,0,2,0
831821,702318,6,3,0,2,0,1,0
831821,808963,6,0,5,6,2,2,0
831821,681217,4,0,0,0,0,1,0
831821,695402,3,0,0,1,0,1,0
831821,700712,3,2,1,2,0,2,0
831821,605447,3,3,1,0,0,2,0
831821,666171,2,4,3,1,0,0,2
831821,660623,3,1,0,0,0,1,0
831821,672282,9,2,0,3,0,3,0
824121,666142,18,5,1,0,0,11,1
824121,696131,3,2,0,0,0,2,0
824121,663738,3,0,0,0,0,0,0
824121,670167,3,1,0,0,0,1,0
824121,624428,1,1,0,1,0,0,0
824121,680704,4,0,0,0,1,2,0
824121,681217,3,2,1,2,0,0,0
824121,641312,3,3,2,1,0,1,0
824121,700712,11,6,4,5,0,3,1
824121,605447,2,3,4,1,1,0,0
823759,684974,6,2,0,1,0,1,0
823759,681982,3,1,0,0,0,1,0
823759,675660,18,6,5,2,0,6,0
823759,680767,5,0,0,0,0,1,0
823759,608372,16,6,2,1,0,5,2
823759,605447,3,2,0,0,0,1,0
823759,622608,3,1,0,0,0,1,0
824325,657514,2,0,0,1,0,0,0
824325,608372,20,5,1,0,0,2,1
824325,605447,3,0,0,0,0,1,0
824325,622608,2,1,0,0,0,1,0
824325,668834,3,0,0,0,0,1,0
824325,608379,18,5,1,0,0,7,0
824325,663878,3,0,0,0,0,0,0
823021,669461,15,9,5,2,1,3,1
823021,703725,6,1,2,1,0,2,1
823021,657265,6,1,1,0,0,0,0
823021,623474,2,1,1,1,0,0,0
823021,607536,13,5,1,3,1,3,0
823021,657514,3,1,1,0,0,1,1
823021,656786,4,1,0,1,0,0,0
823021,675848,2,0,0,1,0,0,0
823021,605447,3,2,1,0,0,1,0
824319,663372,15,8,7,3,0,3,1
824319,623474,3,0,0,0,0,1,0
824319,656786,3,1,0,0,0,0,0
824319,688642,3,0,0,0,0,1,0
824319,605447,3,1,0,0,0,0,0
824319,683618,3,0,0,0,0,2,0
824319,641778,15,6,4,1,0,6,1
824319,656945,4,2,1,0,0,0,0
824319,623465,2,2,1,1,0,1,0
824319,676263,3,0,0,1,0,2,0
825046,666661,3,1,0,1,0,0,0
825046,656464,3,1,1,0,0,2,0
825046,683352,18,4,2,1,0,4,1
825046,664199,3,0,0,0,0,1,0
825046,623474,3,1,0,0,0,0,0
825046,657514,3,0,0,0,0,1,0
825046,608372,18,6,2,0,0,5,2
825046,605447,3,1,0,0,0,1,0
823849,676604,2,3,1,0,0,1,1
823849,669199,2,0,0,0,0,1,0
823849,664126,3,2,2,0,1,1,1
823849,645261,20,5,1,3,0,4,0
823849,692030,10,7,5,2,0,3,2
823849,605452,8,2,0,1,0,2,0
823849,615698,6,3,1,0,0,1,1
822794,667297,3,2,0,0,0,2,0
822794,656546,3,1,0,0,0,1,0
822794,656302,14,4,4,5,0,10,0
822794,689254,1,2,2,1,0,0,0
822794,680755,3,1,1,0,0,0,1
822794,643511,3,1,0,0,0,0,0
822794,682608,7,1,0,0,0,4,0
822794,641302,3,0,0,0,0,0,0
822794,605452,4,4,2,0,0,2,1
822794,615698,12,2,0,1,0,5,0
822794,695239,1,3,2,0,0,0,1
823955,683618,5,1,1,1,0,1,0
823955,605483,9,6,4,2,0,5,0
823955,676263,4,1,0,0,0,0,0
823955,801434,9,4,1,1,0,5,0
823955,675911,18,1,0,2,0,8,0
823955,669276,3,1,0,0,0,0,0
823955,625643,6,4,2,1,0,1,1
823917,681911,3,0,0,1,0,1,0
823917,683618,3,0,0,0,0,1,0
823917,623465,1,3,2,1,0,1,0
823917,605483,18,3,1,1,0,10,0
823917,676263,2,0,0,0,0,1,0
823917,678020,3,0,0,1,0,0,0
823917,668674,1,1,0,2,0,0,0
823917,608379,20,7,3,0,0,5,1
823917,663878,3,0,0,0,0,2,0
823917,674444,4,1,1,1,1,1,0
824320,669298,6,2,1,1,0,1,0
824320,687859,3,0,0,1,1,0,0
824320,675848,3,5,3,0,0,0,1
824320,608372,15,7,6,1,0,3,2
824320,681911,3,0,0,0,0,0,0
824320,621242,3,4,3,0,1,0,0
824320,623465,3,0,0,0,0,1,0
824320,605483,18,2,1,3,0,5,0
823565,621112,3,1,0,0,0,1,0
823565,677960,24,7,1,0,0,7,0
823565,686993,3,0,0,1,0,1,0
823565,663687,3,0,0,0,0,1,0
823565,605488,21,1,0,2,0,6,0
825003,660761,3,2,0,0,0,0,0
825003,669270,3,2,1,1,0,0,0
825003,665622,6,3,3,1,0,2,1
825003,605488,15,6,2,1,0,7,1
825003,669302,18,5,0,2,0,6,0
825003,681867,6,2,1,1,0,1,0
825003,660825,3,1,0,0,0,1,0
823209,681916,3,2,1,0,0,2,0
823209,676254,2,2,2,0,0,0,0
823209,668873,2,4,4,1,0,1,0
823209,669062,1,1,0,1,0,0,0
823209,694738,18,6,2,1,1,6,0
823209,657424,1,0,0,0,0,0,0
823209,640454,1,1,2,1,0,1,0
823209,664129,6,0,0,1,0,1,0
823209,686993,1,1,1,0,0,1,1
823209,686930,3,0,0,0,0,1,0
823209,605488,16,3,3,2,0,6,1
824253,689225,3,1,0,0,0,1,0
824253,663947,3,0,0,0,0,1,0
824253,672456,5,2,0,1,0,1,0
824253,675512,16,4,0,1,0,9,0
824253,686993,2,0,0,0,0,0,0
824253,686930,3,0,0,2,0,0,0
824253,660761,6,1,0,0,0,4,0
824253,605488,13,6,6,4,0,4,2
825058,656464,3,4,3,0,0,1,0
825058,642528,3,1,0,0,0,1,0
825058,683352,14,8,2,1,1,4,2
825058,686228,4,1,0,0,1,0,0
825058,805299,3,0,0,0,0,1,0
825058,663687,3,1,0,1,0,3,0
825058,665622,6,1,0,0,0,2,0
825058,660761,3,0,0,0,0,0,0
825058,605488,15,6,2,1,0,2,1
824975,669620,6,4,3,0,0,2,0
824975,696522,3,0,0,1,0,2,0
824975,605488,12,4,2,5,0,2,1
824975,806960,6,6,7,1,0,1,2
824975,680744,9,2,0,2,0,2,0
824975,663947,6,1,1,1,1,1,0
824975,805427,6,0,0,0,0,3,0
824975,646241,6,0,0,0,0,1,0
823807,682842,3,1,0,1,0,0,0
823807,681982,3,1,0,0,0,1,0
823807,605540,15,4,2,0,0,6,2
823807,672582,3,0,0,1,0,0,0
823807,657649,3,1,0,0,0,1,0
823807,663556,14,2,2,3,0,4,0
823807,642121,4,4,2,0,0,0,1
823807,672782,6,1,1,2,0,2,1
823678,667297,3,0,0,1,0,0,0
823678,687570,17,2,1,1,0,5,0
823678,663485,1,3,5,1,1,0,1
823678,681892,3,0,0,0,0,1,0
823678,701519,3,3,2,0,0,0,0
823678,664129,6,5,3,0,0,1,0
823678,605488,4,4,4,1,0,0,0
823678,806960,14,4,2,1,0,5,0
823804,682842,2,2,2,0,0,0,0
823804,676879,2,1,0,0,0,1,0
823804,663765,3,2,0,0,0,0,0
823804,605540,18,3,1,1,0,6,1
823804,672582,2,4,4,1,0,0,0
823804,686610,5,1,1,1,0,1,0
823804,676571,4,1,0,0,0,0,0
823804,669371,0,1,2,1,0,0,1
823804,681402,3,0,0,0,0,1,0
823804,641793,15,6,3,0,0,3,3
823800,675660,12,4,1,1,0,2,0
823800,605540,15,5,3,2,0,3,1
823800,694973,21,1,0,0,0,7,0
823800,682254,3,0,0,0,0,1,0
823800,676755,3,0,0,1,0,1,0
823882,669199,7,0,0,2,0,1,0
823882,645261,15,4,2,6,0,1,1
823882,667463,3,0,0,1,0,1,0
823882,669622,2,1,2,2,1,2,0
823882,682842,2,0,0,0,0,0,0
823882,663765,4,5,1,0,0,0,0
823882,605540,21,3,1,1,0,4,0
824596,685126,6,2,1,0,0,1,1
824596,689818,18,1,1,0,0,4,1
824596,670950,3,0,0,0,0,0,0
824596,687570,13,8,6,3,0,5,0
824596,701519,3,4,5,2,0,2,2
824596,606115,3,1,1,2,0,0,0
824596,679358,5,5,3,0,0,1,0
831451,660761,16,2,1,2,0,6,0
831451,606303,5,0,0,0,0,2,0
831451,628452,3,1,0,0,0,2,0
831451,663158,3,1,0,0,0,2,0
831451,670990,3,0,0,0,0,2,0
831451,664875,2,0,1,2,0,0,0
831451,677957,3,5,3,0,0,2,0
831451,694298,12,4,4,4,0,3,1
831451,663681,3,1,0,0,1,1,0
831451,827620,1,1,0,0,0,0,0
824945,669276,3,1,0,0,0,2,0
824945,606303,1,1,0,1,0,0,0
824945,674370,3,0,0,0,0,3,0
824945,607481,2,0,0,0,0,0,0
824945,625643,18,3,1,2,0,3,1
824945,668674,3,1,0,1,0,0,0
824945,621381,3,1,0,0,0,1,0
824945,608032,1,4,6,2,0,0,1
824945,608379,18,3,0,1,0,7,0
824050,696147,3,0,0,1,0,1,0
824050,666171,5,2,2,2,0,2,0
824050,672282,13,5,5,2,1,4,1
824050,608718,6,1,0,1,0,2,0
824050,660761,6,2,0,0,0,3,0
824050,606303,1,0,0,0,0,1,0
824050,656550,20,5,2,3,0,6,1
824941,669276,3,0,0,0,0,1,0
824941,660761,2,4,3,1,0,1,0
824941,606303,1,0,0,0,0,0,0
824941,674370,3,0,0,1,0,0,0
824941,641755,3,0,0,0,0,0,0
824941,607481,1,0,0,0,0,0,0
824941,693821,14,4,2,3,0,3,1
824941,677944,16,7,4,1,0,3,2
824941,670036,2,3,2,0,0,0,1
824941,688883,3,2,2,2,0,1,0
824941,663465,3,3,2,0,0,1,0
822747,690925,3,1,0,0,0,2,0
822747,672335,3,1,1,2,0,0,0
822747,681402,3,1,0,0,0,1,0
822747,656492,18,5,3,1,0,3,2
822747,689266,3,2,1,1,0,2,0
822747,660761,9,0,0,4,0,4,0
822747,606303,3,1,3,2,0,1,1
822747,641656,3,2,3,2,0,1,0
822747,607481,3,0,0,0,0,1,0
822747,625643,3,5,4,3,0,1,1
824929,660761,3,2,2,2,0,2,0
824929,606303,1,2,2,1,0,1,0
824929,641755,3,2,0,1,0,1,0
824929,607481,2,0,0,1,0,1,0
824929,693821,18,6,1,3,0,5,0
824929,664285,18,6,2,0,1,8,0
824929,623454,6,1,0,1,0,2,0
824929,640448,3,1,0,0,0,1,0
822749,676571,1,1,2,1,0,0,0
822749,695418,8,2,1,0,0,1,0
822749,663623,15,3,3,0,2,4,1
822749,642759,3,1,0,2,0,1,0
822749,606303,3,0,0,0,0,1,0
822749,641755,3,0,0,0,0,2,0
822749,607481,1,0,0,0,0,0,0
822749,693821,20,3,3,2,1,6,1
824932,663158,3,1,0,1,0,1,0
824932,606303,3,1,0,0,0,0,0
824932,607481,3,1,0,0,0,0,0
824932,656550,18,7,3,3,0,4,2
824932,663767,1,0,0,0,1,0,0
824932,641835,3,1,0,1,0,1,0
824932,691725,17,9,5,2,0,1,1
824932,679775,3,0,0,0,0,0,0
823323,695243,3,0,0,1,0,2,0
823323,606996,6,0,0,0,0,3,0
823323,681190,18,2,0,3,0,8,0
823323,676428,3,2,0,0,0,1,0
823323,656427,13,4,2,4,0,2,0
823323,657756,7,1,0,0,0,3,0
823323,676684,1,0,0,0,0,0,0
823322,688158,3,2,0,0,0,1,0
823322,608566,9,8,4,1,0,1,2
823322,699134,5,1,0,0,0,1,0
823322,669093,3,1,0,0,0,2,0
823322,606996,7,4,4,1,0,2,0
823322,664141,6,2,0,0,0,1,0
823322,657277,18,3,3,4,0,5,0
823322,676130,3,1,0,0,0,2,0
823403,656605,18,3,0,1,0,4,0
823403,664875,3,3,3,0,0,2,1
823403,664353,6,4,1,0,0,3,0
823403,650633,18,4,2,3,0,4,0
823403,695243,3,0,0,0,0,2,0
823403,669093,3,1,0,0,0,0,0
823403,606996,3,1,0,1,0,0,0
824047,696147,6,1,0,0,0,3,0
824047,700712,18,4,2,2,0,8,0
824047,608718,3,0,0,1,0,0,0
824047,650633,15,1,0,4,1,6,0
824047,695243,3,0,0,0,0,2,0
824047,699134,5,0,0,1,0,2,0
824047,606996,1,1,1,0,1,0,0
824047,676760,3,0,0,2,0,1,0
823308,650633,18,7,4,3,0,5,0
823308,699134,3,0,0,0,0,0,0
823308,669093,3,0,0,0,0,3,0
823308,606996,3,0,0,0,0,1,0
823308,691799,4,2,0,2,0,2,0
823308,622554,2,0,0,0,0,1,0
823308,680732,18,4,0,1,0,8,0
823308,663542,3,0,0,0,0,0,0
824660,696136,9,5,1,0,0,2,0
824660,663423,3,0,0,0,0,0,0
824660,607067,15,6,2,3,2,5,1
824660,621111,12,7,9,4,0,6,3
824660,660710,6,7,8,1,0,0,2
824660,606996,6,3,5,2,0,4,3
823279,650633,18,4,1,2,0,4,0
823279,606996,6,3,1,0,0,0,0
823279,676760,3,3,2,0,0,0,1
823279,666661,3,3,2,0,0,0,0
823279,703615,13,4,4,2,1,2,0
823279,664199,3,5,3,0,0,0,1
823279,657044,3,1,0,0,1,0,0
823279,805299,2,0,0,0,0,2,0
824090,668674,3,2,1,0,0,0,0
824090,607625,18,4,1,2,1,3,0
824090,656638,3,1,1,0,0,0,1
824090,674444,3,1,0,0,0,1,0
824090,670167,3,0,0,0,0,0,0
824090,650633,15,4,1,2,1,4,1
824090,695243,3,2,0,1,0,3,0
824090,699134,3,1,0,1,0,1,0
824090,670970,6,2,1,1,0,1,0
824090,606996,1,4,3,0,0,0,0
823270,656288,6,2,1,0,0,0,1
823270,699134,2,2,1,0,0,2,1
823270,669093,3,0,0,1,0,1,0
823270,670970,4,0,0,0,1,3,0
823270,606996,9,1,0,0,0,2,0
823270,676664,3,2,2,1,1,0,0
823270,664141,2,0,0,1,0,0,0
823270,681916,3,1,0,0,0,1,0
823270,656529,4,1,0,0,0,2,0
823270,669062,1,0,0,0,1,0,0
823270,694738,14,6,5,4,0,6,1
823268,699134,6,0,0,0,0,1,0
823268,669093,3,0,0,0,0,2,0
823268,606996,3,0,0,0,0,1,0
823268,681190,15,2,2,0,0,1,1
823268,805123,6,2,1,0,0,1,1
823268,664299,15,8,4,1,0,2,2
823268,687911,3,2,2,0,0,3,1
823589,681320,2,0,0,0,0,0,0
823589,650960,3,0,0,0,0,2,0
823589,702752,4,1,0,1,0,0,0
823589,690997,18,6,1,4,1,3,0
823589,621111,18,2,2,2,0,4,0
823589,606996,6,3,0,0,0,3,0
824702,665795,18,1,0,1,0,5,0
824702,607067,9,4,2,0,0,4,1
824702,696270,10,7,6,4,0,2,1
824702,664192,5,1,0,1,0,2,0
824702,641312,9,1,1,2,0,1,0
824686,657097,6,0,0,1,0,3,0
824686,669020,2,3,3,1,0,2,1
824686,607067,16,8,2,0,0,6,0
824686,664208,3,0,0,0,0,2,0
824686,656464,3,0,0,0,0,0,0
824686,668678,11,7,6,3,0,3,0
824686,657044,4,1,0,1,0,0,0
824686,805299,6,0,0,0,0,2,0
823773,682842,3,1,0,0,0,0,0
823773,676879,3,0,1,2,0,0,0
823773,694819,18,2,1,4,0,8,1
823773,656730,3,0,0,1,0,0,0
823773,681799,3,2,2,1,0,0,1
823773,607067,15,5,1,3,0,4,0
823773,681151,6,4,3,1,0,4,1
824927,669276,3,0,0,0,0,0,0
824927,800311,9,0,0,1,0,3,0
824927,628452,3,0,0,0,0,1,0
824927,656550,12,1,2,4,0,5,1
824927,657097,3,0,0,0,0,1,0
824927,669020,5,2,0,1,0,2,0
824927,663423,3,2,0,0,0,1,0
824927,607067,13,7,5,1,0,1,2
831923,669923,16,6,1,2,0,4,0
831923,642100,2,4,3,0,0,1,1
831923,660825,3,1,0,0,0,0,0
831923,621074,3,0,0,0,0,1,0
831923,677961,3,0,0,0,0,2,0
831923,691172,0,4,3,1,0,0,0
831923,681117,4,1,0,1,1,1,0
831923,656686,3,0,0,0,0,2,0
831923,607067,12,4,0,2,0,4,0
831923,676092,3,0,0,0,0,1,0
831923,805291,5,0,0,0,0,3,0
823026,700241,5,8,7,2,0,2,0
823026,694335,3,3,1,0,0,1,0
823026,700669,7,1,1,1,0,2,0
823026,677865,6,2,0,0,0,4,0
823026,657265,6,3,1,0,0,1,0
823026,621053,3,0,0,0,0,0,0
823026,681806,6,3,1,1,0,0,0
823026,607067,18,4,1,2,0,2,0
823545,621112,6,2,0,0,0,2,0
823545,607074,15,3,1,3,0,7,0
823545,687396,3,0,0,0,0,1,0
823545,666808,2,1,1,0,0,0,1
823545,672442,1,1,0,0,1,0,0
823545,693686,13,2,0,1,0,6,0
823545,671936,4,1,0,0,0,2,0
823545,656546,3,0,0,0,0,2,0
823545,680755,4,0,0,1,0,4,0
823545,643511,3,0,0,1,0,0,0
824428,702021,7,2,0,0,0,3,0
824428,676051,2,2,2,2,0,1,0
824428,670036,1,2,1,1,0,0,0
824428,800048,17,5,4,3,0,4,0
824428,607074,18,4,3,3,0,7,1
824428,642232,6,1,1,1,0,2,0
824428,687396,3,1,0,0,0,0,0
823536,621112,7,3,1,1,0,2,1
823536,607074,15,7,3,1,0,7,1
823536,687396,2,0,0,0,0,1,0
823536,656234,3,1,1,0,0,1,1
823536,641743,12,6,4,1,1,2,1
823536,685126,3,0,0,0,0,2,0
823536,670950,6,2,1,2,0,1,1
823536,656794,2,3,3,0,0,0,0
823536,699823,1,2,2,0,0,1,1
822757,669371,6,1,0,0,0,2,0
822757,695418,6,5,3,1,0,0,1
822757,663623,12,8,6,2,0,4,0
822757,681402,3,2,1,0,0,2,0
822757,676508,3,2,2,0,0,1,1
822757,607192,18,4,2,2,0,9,0
822757,683618,3,1,1,0,1,0,0
822757,656945,3,1,0,0,0,1,0
824373,657514,3,1,0,0,0,1,0
824373,608372,12,9,5,2,0,3,1
824373,688642,12,3,2,1,0,4,1
824373,607192,21,2,1,2,0,7,0
824373,676263,6,0,0,1,0,3,0
823233,657277,21,7,3,2,1,5,0
823233,694918,6,1,0,1,0,2,0
823233,607192,24,1,0,1,0,9,0
823233,656945,3,0,0,0,0,0,0
823968,607192,18,5,4,1,0,7,2
823968,681911,3,0,0,1,0,3,0
823968,656945,3,0,0,0,0,2,0
823968,621242,3,4,3,1,0,2,1
823968,677958,15,5,3,2,0,5,2
823968,681168,3,4,2,1,0,0,1
823968,656641,2,1,1,0,0,2,1
823968,656222,3,2,0,0,0,0,0
823968,676395,3,3,2,1,0,0,0
823958,607192,17,3,2,6,0,9,2
823958,681911,1,0,0,0,0,0,0
823958,669165,3,0,0,0,0,1,0
823958,694361,6,3,1,1,0,3,0
823958,645261,18,7,2,2,0,4,0
823958,676534,3,0,0,3,0,0,0
823958,667463,3,0,0,0,0,1,0
823958,677053,3,0,0,1,0,1,0
823888,664126,3,0,0,0,0,3,0
823888,676534,3,0,0,0,0,2,0
823888,669622,5,0,0,1,0,1,0
823888,676083,13,5,2,1,0,5,0
823888,677053,3,0,0,0,0,2,0
823888,699151,4,2,3,1,0,0,1
823888,663542,5,1,1,1,0,1,0
823888,607200,15,6,3,1,0,4,0
824619,691799,3,1,0,0,0,1,0
824619,608371,6,1,0,0,0,2,0
824619,607200,18,5,2,1,0,4,1
824619,669330,6,1,0,1,0,2,0
824619,670329,3,0,0,0,0,1,0
824619,687064,15,2,0,2,0,2,0
824619,664854,3,1,1,2,0,1,0
824129,668674,3,0,0,0,0,1,0
824129,608379,24,4,0,1,0,7,0
824129,607200,15,3,1,1,2,4,1
824129,656794,6,0,0,0,0,1,0
824129,663855,3,1,1,0,0,1,0
824594,685126,4,0,0,0,0,1,0
824594,622554,3,0,0,0,0,1,0
824594,663542,3,0,0,0,0,1,0
824594,607200,12,4,2,3,0,3,1
824594,656794,8,0,0,1,0,3,0
824594,623454,2,1,1,0,0,1,1
824594,640448,3,2,1,0,0,0,0
824594,676684,3,1,0,0,0,1,0
824594,675512,21,6,1,1,0,1,0
824604,691799,5,3,0,0,0,3,0
824604,805326,1,2,3,1,0,0,0
824604,622554,3,0,0,0,0,0,0
824604,663542,3,0,0,0,0,0,0
824604,607200,15,6,2,1,0,2,2
824604,679883,4,0,0,1,0,2,0
824604,621381,3,1,1,0,0,1,1
824604,663568,14,5,5,3,0,6,2
824604,663738,3,1,0,0,0,2,0
824576,691799,5,0,0,1,0,2,0
824576,669684,3,1,0,1,0,0,0
824576,663542,3,0,0,0,0,0,0
824576,607200,12,2,0,1,0,3,0
824576,656794,4,1,0,1,0,1,0
824576,695611,17,5,1,2,0,7,0
824576,663687,3,0,0,0,0,2,0
824576,665622,4,0,0,0,1,2,0
825020,622663,16,5,5,4,2,3,2
825020,669270,4,1,0,0,0,0,0
825020,663687,4,1,1,0,1,0,1
825020,643410,2,0,0,2,0,1,0
825020,678022,7,1,0,2,1,3,0
825020,622554,3,0,0,2,0,1,0
825020,673929,3,2,2,1,0,0,1
825020,608371,2,0,0,0,0,0,0
825020,663542,3,2,0,2,0,2,0
825020,607200,14,2,3,4,0,3,1
825020,656794,4,3,1,0,0,0,0
825020,663855,3,1,0,1,0,0,0
824572,691799,3,0,0,1,0,2,0
824572,622554,3,1,0,0,0,1,0
824572,669684,3,0,0,0,0,2,0
824572,607200,13,5,3,1,0,2,3
824572,656794,2,1,0,1,1,0,0
824572,663855,3,0,0,1,0,0,0
824572,669854,16,4,5,3,0,4,2
824572,660853,3,3,2,0,0,1,1
824572,687911,2,3,2,0,1,1,0
824572,699044,3,2,3,1,0,0,2
822945,702047,6,1,0,2,0,0,0
822945,688297,3,0,0,0,1,0,0
822945,607259,18,7,6,0,0,2,4
822945,805326,9,1,0,2,0,2,0
822945,670950,3,0,0,0,0,1,0
822945,607200,15,4,1,0,0,6,1
824731,663776,15,6,2,4,0,5,0
824731,669711,2,0,0,1,0,0,0
824731,678394,9,0,0,0,0,2,0
824731,669062,1,0,0,0,0,1,0
824731,663436,15,10,9,2,1,1,3
824731,607200,9,5,4,1,0,1,1
824566,689818,16,7,6,2,1,4,2
824566,670950,7,0,0,0,0,0,0
824566,702273,1,3,2,0,1,1,0
824566,607200,3,0,0,0,0,1,0
824566,680916,6,4,0,1,0,4,0
824566,800048,21,4,2,1,0,8,2
822993,607259,24,5,1,1,0,6,0
822993,687330,3,0,0,0,0,1,0
822993,682227,13,7,5,3,1,3,1
822993,663574,2,0,0,0,0,0,0
822993,683175,6,2,1,0,1,1,0
822993,656271,3,0,0,0,0,0,0
823809,690986,15,4,1,1,0,8,1
823809,676879,6,2,1,0,0,3,1
823809,672582,3,0,0,0,0,2,0
823809,656730,3,1,1,1,0,1,0
823809,607259,18,6,2,0,0,3,1
823809,693855,2,0,0,0,1,1,0
823809,664076,3,0,0,2,0,2,0
823809,687330,1,0,0,0,0,0,0
823809,643377,3,0,0,0,0,1,0
823397,642397,3,0,0,0,0,0,0
823397,682254,3,1,0,0,0,2,0
823397,696149,18,3,1,1,0,3,0
823397,642701,3,1,0,1,0,1,0
823397,607259,16,8,2,3,0,3,0
823397,643377,2,1,1,0,0,0,1
823397,672782,6,2,2,2,0,3,0
824447,641401,4,1,0,0,0,0,0
824447,688883,3,0,0,1,0,1,0
824447,676440,15,4,1,3,0,6,0
824447,682120,5,0,0,1,0,0,0
824447,607259,21,3,0,1,0,4,0
824447,693855,2,0,0,2,0,1,0
824447,642121,3,1,0,1,0,2,0
824447,687330,1,0,0,0,0,0,0
824765,669711,2,0,0,1,0,0,0
824765,677161,1,1,1,1,0,0,0
824765,686580,3,0,0,0,0,1,0
824765,701719,2,0,0,0,0,0,0
824765,801139,15,6,1,0,0,4,1
824765,663558,4,0,0,1,0,0,0
824765,607259,17,7,1,0,2,3,0
824765,664076,3,0,0,0,0,3,0
824765,687330,4,0,0,0,0,1,0
824765,641329,3,1,0,1,0,1,0
822981,664076,3,1,1,0,0,2,1
822981,687330,3,1,0,0,0,1,0
822981,685801,3,6,7,2,0,0,0
822981,641329,3,2,1,0,0,3,0
822981,607259,18,5,0,1,0,4,0
822981,669199,3,2,2,2,0,0,0
822981,664126,3,1,0,1,0,2,0
822981,645261,18,7,0,0,0,6,0
822981,669622,3,0,0,0,0,1,0
822981,677053,3,0,0,0,0,0,0
822973,669438,15,4,1,0,1,3,0
822973,607259,12,9,6,1,0,1,2
822973,623454,3,0,0,0,0,1,0
822973,675512,24,4,2,2,0,5,1
822978,607259,21,8,2,0,0,5,0
822978,687330,3,0,0,0,0,1,0
822978,685801,0,1,3,2,0,0,0
822978,641329,3,1,0,2,0,2,0
822978,666171,1,3,4,1,0,0,2
822978,700712,18,5,1,3,1,5,1
822978,608718,5,3,3,0,0,2,0
824970,686930,12,5,5,3,0,0,3
824970,669620,6,3,1,0,0,2,1
824970,665660,3,1,2,1,0,1,1
824970,814305,6,2,3,0,1,3,1
824970,607259,27,8,4,0,0,5,1
824862,680694,14,2,2,3,0,4,1
824862,682274,1,0,0,0,0,1,0
824862,689296,6,0,0,0,0,3,0
824862,666974,1,1,0,0,0,1,0
824862,608650,5,1,1,1,0,1,0
824862,671737,13,3,1,3,0,9,0
824862,623437,3,0,0,0,0,1,0
824862,607455,2,0,0,1,1,2,0
824862,663485,3,0,0,1,0,2,0
824862,681892,2,2,0,0,0,2,0
824862,679358,4,0,0,1,0,0,0
822968,607259,18,4,3,3,0,5,1
822968,664076,3,1,0,0,0,2,0
822968,687330,3,1,0,0,0,2,0
822968,641329,3,0,0,0,0,0,0
822968,687377,3,2,2,1,0,2,1
822968,681402,6,3,1,1,0,2,1
822968,687606,3,1,0,0,0,0,0
822968,674841,12,4,1,0,0,6,0
822955,607259,16,4,2,1,0,1,1
822955,642121,2,0,0,0,0,1,0
822955,664076,3,1,0,0,0,2,0
822955,687330,6,0,0,0,0,1,0
822955,678606,1,4,3,0,0,0,1
822955,689546,2,0,0,0,0,0,0
822955,677961,3,1,0,0,0,0,0
822955,622491,15,9,4,1,0,4,3
822955,660825,3,0,0,0,0,2,0
822948,607259,18,4,0,0,0,5,0
822948,642121,3,0,0,0,0,1,0
822948,664076,3,0,0,1,0,2,0
822948,641329,3,1,0,0,0,0,0
822948,702021,6,0,0,0,0,4,0
822948,676440,18,9,3,2,0,5,0
824136,668674,2,0,0,0,0,0,0
824136,683232,3,0,0,0,0,2,0
824136,663738,3,1,1,3,0,2,0
824136,663559,1,3,3,2,0,0,1
824136,702070,15,4,1,1,0,5,0
824136,656638,1,1,2,3,1,1,0
824136,674444,2,0,0,0,0,1,0
824136,689520,4,2,3,2,1,2,0
824136,607455,3,1,0,0,0,1,0
824136,687849,5,3,1,3,0,2,2
824136,657746,12,9,5,0,1,3,0
823732,689520,3,0,0,0,0,1,0
823732,623437,2,2,0,0,0,2,0
823732,607455,3,1,1,0,1,0,0
823732,641927,12,4,3,2,0,4,0
823732,681892,1,0,0,0,0,0,0
823732,679358,6,1,0,1,0,0,0
823732,687330,1,2,5,2,1,1,0
823732,685801,2,0,0,1,0,1,0
823732,672782,5,1,1,0,0,1,1
823732,671212,16,4,2,3,0,9,0
824864,669330,2,2,1,2,0,2,0
824864,670329,1,0,0,0,0,1,0
824864,669358,16,7,4,0,1,4,0
824864,682274,1,1,1,3,0,1,1
824864,664854,3,1,0,0,0,1,0
824864,664991,3,1,0,0,0,2,0
824864,666974,1,0,0,0,0,1,0
824864,607455,2,0,0,0,0,0,0
824864,641927,12,4,3,1,0,1,1
824864,690953,10,8,5,4,0,4,0
822991,642121,4,1,0,0,0,2,0
822991,669947,13,3,2,3,0,1,1
822991,643377,7,1,0,1,0,2,0
822991,641329,3,0,0,0,0,1,0
822991,623437,3,1,0,0,0,1,0
822991,680573,13,8,4,3,0,2,1
822991,607455,2,0,0,0,0,1,0
822991,663485,2,0,0,0,0,0,0
822991,681892,4,0,0,1,0,0,0
823728,689520,5,0,0,0,0,2,0
823728,607455,3,1,0,0,0,1,0
823728,681892,2,0,0,3,0,0,0
823728,657746,15,3,2,3,0,7,0
823728,679358,2,0,0,1,0,1,0
823728,676428,2,1,1,2,0,2,0
823728,663554,13,7,5,3,0,4,1
823728,623454,9,2,1,2,0,4,0
823726,689520,4,1,0,0,1,2,0
823726,623437,1,1,0,0,0,0,0
823726,607455,2,4,4,0,0,1,0
823726,663485,1,1,0,0,0,1,0
823726,641927,17,5,2,1,0,2,0
823726,681892,2,0,0,1,1,0,0
823726,664285,15,10,8,2,1,2,0
823726,640448,3,0,0,2,0,0,0
823726,646241,3,1,0,2,0,1,0
823726,676684,3,0,0,0,0,1,0
822992,642121,3,1,0,0,0,0,0
822992,694680,3,3,1,1,0,1,1
822992,641329,3,0,0,0,0,1,0
822992,656876,18,5,1,1,0,6,1
822992,671737,19,7,6,3,0,3,4
822992,607455,2,0,0,0,0,0,0
822992,679358,3,0,0,0,0,2,0
823640,681810,3,0,0,0,0,3,0
823640,623211,4,0,0,0,0,2,0
823640,642207,0,1,2,3,0,0,0
823640,690997,20,5,3,0,0,10,1
823640,623437,3,0,0,0,0,1,0
823640,680573,15,4,3,3,0,2,1
823640,607455,3,0,0,0,0,2,0
823640,663485,6,0,0,0,0,3,0
823699,607455,3,1,0,0,0,2,0
823699,701519,3,2,1,0,0,0,0
823699,805673,21,5,2,4,0,2,0
823699,694360,3,1,0,0,0,2,0
823699,608379,17,8,4,0,0,2,1
823699,674444,4,1,0,0,0,2,0
823700,607455,3,1,0,1,0,3,0
823700,687570,18,6,4,2,0,7,0
823700,672782,4,0,0,0,0,2,0
823700,702193,2,1,0,0,1,2,0
823700,663436,14,10,6,3,0,2,0
823700,670950,5,0,0,0,0,1,0
823700,656794,5,0,0,0,1,1,0
824443,670036,2,3,2,0,0,2,1
824443,670059,2,0,0,1,0,1,0
824443,671922,3,2,1,0,0,1,0
824443,800048,17,7,1,1,0,7,0
824443,682120,3,1,0,0,0,0,0
824443,607455,2,2,1,1,1,0,0
824443,687570,15,4,1,2,1,6,1
824443,681892,4,1,1,0,0,0,0
824443,672782,1,0,0,0,0,0,0
824443,679358,2,1,0,0,0,0,0
823693,671737,20,5,4,1,0,7,2
823693,607455,1,1,0,1,0,0,0
823693,672782,3,0,0,0,0,1,0
823693,702193,3,1,0,0,0,3,0
823693,700241,18,7,2,2,0,2,1
823693,668941,1,3,2,1,0,1,0
823693,666277,5,3,1,0,0,3,0
823691,607455,3,1,0,0,1,2,0
823691,672782,3,0,0,0,0,0,0
823691,657746,18,8,4,1,0,9,1
823691,702193,3,1,0,0,0,0,0
823691,681911,3,2,0,0,0,3,0
823691,656945,3,1,0,0,0,2,0
823691,669165,3,0,0,2,0,1,0
823691,660271,18,5,2,2,0,8,0
825067,666661,3,4,2,0,0,1,0
825067,703615,15,3,0,0,1,3,0
825067,656464,3,1,0,1,0,0,0
825067,657044,3,3,1,0,0,0,0
825067,805299,3,0,0,0,0,1,0
825067,689520,3,0,0,0,0,1,0
825067,607455,3,0,0,0,0,1,0
825067,702474,15,6,2,3,0,1,0
825067,672782,3,0,0,1,0,0,0
825067,702193,3,0,0,1,0,1,0
823686,607455,2,1,0,1,1,2,0
823686,687570,18,6,2,0,2,10,0
823686,672782,3,0,0,0,0,0,0
823686,702193,4,0,0,0,0,2,0
823686,663372,18,5,1,0,0,0,1
823686,657514,1,0,0,0,0,0,0
823686,675848,3,0,0,0,0,1,0
823686,678020,2,3,1,0,0,0,1
831492,694536,3,0,0,0,0,0,0
831492,671737,10,2,2,2,0,4,0
831492,621199,6,1,0,0,0,1,0
831492,681892,6,2,0,0,0,2,0
831492,681315,2,1,0,0,0,1,0
831492,625643,14,5,4,2,0,1,1
831492,681212,3,1,0,1,0,1,0
831492,666768,3,3,1,0,0,2,0
831492,607481,3,1,0,0,0,0,0
831492,669081,1,2,1,0,0,0,1
824937,660761,6,4,1,0,0,1,0
824937,607481,3,4,3,0,0,2,1
824937,656550,12,3,3,2,0,3,0
824937,691548,6,5,3,1,0,3,1
824937,669199,6,1,0,1,0,4,0
824937,676534,2,0,0,3,0,2,0
824937,667463,1,0,0,0,0,0,0
824937,669622,3,1,0,0,0,1,0
824937,677053,3,0,0,0,0,1,0
824937,691587,12,7,3,2,0,2,0
823475,686751,3,0,0,0,0,1,0
823475,689147,3,0,0,1,0,0,0
823475,663767,2,1,0,1,0,1,0
823475,641835,3,2,1,1,0,2,0
823475,691725,12,5,3,1,1,4,1
823475,679775,4,0,0,0,0,1,0
823475,669276,3,0,0,1,0,0,0
823475,663158,3,0,0,0,0,1,0
823475,641755,3,0,0,1,1,1,0
823475,607481,1,1,0,0,0,0,0
823475,628452,3,1,0,1,0,1,0
823475,656550,14,4,2,1,0,4,1
824364,680767,3,0,0,1,0,1,0
824364,623474,3,3,3,1,0,0,0
824364,607536,13,8,6,3,0,7,2
824364,622608,8,3,2,1,0,1,0
824364,675911,10,4,3,5,0,6,1
824364,669276,3,0,0,0,0,2,0
824364,663158,3,2,0,0,0,0,0
824364,800311,2,0,0,0,0,0,0
824364,641755,3,1,1,0,0,2,1
824364,607481,3,3,2,0,0,2,1
824364,625643,3,1,0,1,0,1,0
823867,669199,3,0,0,0,0,0,0
823867,676534,3,1,0,1,0,2,0
823867,676974,18,3,0,2,0,6,0
823867,667463,3,0,0,0,0,1,0
823867,622761,3,1,0,0,0,0,0
823867,800311,3,0,0,1,0,2,0
823867,702275,12,5,5,1,2,4,0
823867,641755,3,0,0,0,0,1,0
823867,607481,3,3,6,5,0,1,2
824323,607536,27,5,1,2,0,8,0
824323,607481,3,4,3,0,0,0,1
824323,663878,3,0,0,0,0,1,0
824323,607625,15,5,5,5,0,3,0
824323,674444,3,0,0,0,0,1,0
824080,621016,1,0,0,0,0,0,0
824080,607481,1,2,3,1,0,0,0
824080,668834,3,1,0,1,0,1,0
824080,608379,17,3,1,3,0,1,1
824080,663878,2,1,0,1,1,1,0
824080,656638,3,0,0,1,0,1,0
824080,641927,18,6,3,0,0,0,0
824080,681892,3,1,0,0,0,1,0
824080,672782,3,0,0,1,0,2,0
824080,702193,3,0,0,0,0,1,0
823893,664126,3,1,0,0,0,1,0
823893,645261,21,4,0,2,0,5,0
823893,669622,1,1,0,0,0,1,0
823893,677053,2,1,0,0,0,2,0
823893,623474,4,2,0,0,0,1,0
823893,607536,13,5,2,2,1,2,0
823893,657514,1,0,0,0,0,0,0
823893,675848,6,1,0,0,0,1,0
831868,694360,3,0,0,0,0,1,0
831868,683232,2,0,0,0,0,1,0
831868,670167,2,1,0,0,0,0,0
831868,668674,3,2,0,0,0,0,0
831868,666142,16,7,3,2,0,8,0
831868,681387,1,1,1,2,0,0,0
831868,680767,3,0,0,1,0,1,0
831868,686900,3,2,2,1,0,1,0
831868,607536,12,4,0,1,0,2,0
831868,622256,3,1,1,0,0,1,1
831868,679057,2,3,2,0,0,0,0
831868,678020,3,0,1,1,0,1,0
824526,663574,3,1,0,1,0,1,0
824526,668933,3,2,0,0,0,0,0
824526,656271,3,1,0,0,0,2,0
824526,695505,18,7,2,1,0,9,1
824526,607536,15,5,4,1,0,4,1
824526,685299,9,6,3,0,0,3,1
824349,624522,11,6,4,0,0,3,0
824349,607536,15,7,3,1,0,2,0
824349,677955,1,4,5,2,0,0,1
824349,694477,5,1,0,0,0,1,0
824349,684974,3,1,1,0,0,2,1
824349,675660,19,5,3,1,0,4,0
824345,607536,22,4,2,0,0,8,0
824345,622608,3,1,0,1,0,1,0
824345,677955,2,2,1,0,1,0,0
824345,682254,2,3,2,0,0,1,0
824345,670990,4,0,0,0,0,0,0
824345,696149,18,6,2,2,2,1,1
824337,675848,6,1,1,1,0,3,1
824337,623474,3,0,0,0,0,0,0
824337,607536,15,6,2,1,0,7,0
824337,657514,3,0,0,0,0,1,0
824337,676604,3,1,1,0,0,0,1
824337,676974,18,6,1,0,0,5,2
824337,667463,3,0,0,0,0,1,0
824328,680767,3,2,1,0,0,0,0
824328,607536,18,7,4,2,0,4,2
824328,675848,3,1,0,0,0,1,0
824328,622608,3,2,2,0,0,2,1
824328,683000,5,0,0,2,0,0,0
824328,640454,3,0,0,0,0,1,0
824328,676680,6,0,0,0,0,0,0
824328,674841,13,6,3,3,0,2,0
823198,664141,6,1,1,0,0,2,1
823198,641816,21,5,1,3,0,4,0
823198,607536,18,6,4,0,0,9,1
823198,688642,6,1,0,1,0,0,0
823755,694477,2,2,0,0,0,0,0
823755,684974,3,0,0,0,0,0,0
823755,681982,3,1,1,0,0,1,1
823755,676879,1,0,0,0,0,0,0
823755,694819,15,1,1,0,1,12,1
823755,669060,3,1,0,0,0,2,0
823755,680767,3,4,2,0,0,0,0
823755,623474,2,3,3,2,0,1,0
823755,607536,16,6,5,1,0,2,1
823755,664954,3,1,1,0,0,0,0
823185,664141,3,0,0,0,0,1,0
823185,805345,4,1,1,3,0,3,0
823185,671345,2,0,0,1,0,0,0
823185,665665,1,0,0,0,0,1,0
823185,694738,17,5,4,3,1,5,1
823185,607536,24,4,1,1,0,2,1
823185,657514,3,3,1,0,0,0,0
824944,800311,12,2,1,1,0,4,0
824944,656550,15,5,3,2,0,4,1
824944,668674,3,1,0,0,0,1,0
824944,621381,2,0,0,0,0,0,0
824944,607625,19,5,0,0,0,3,0
824944,670167,3,1,1,0,0,1,1
824134,669212,9,1,0,1,0,5,0
824134,683232,3,0,0,0,0,0,0
824134,607625,15,4,2,2,0,7,0
824134,701656,6,3,2,1,0,3,0
824134,687075,11,4,4,3,0,4,1
824134,669084,6,1,0,1,0,2,0
824134,657649,1,2,0,2,0,0,0
824130,669212,6,1,0,1,0,1,0
824130,607625,19,4,1,4,0,4,0
824130,670167,2,0,0,0,0,0,0
824130,641743,17,3,0,2,2,6,0
824130,691799,4,2,0,0,0,1,0
824130,622554,3,0,0,1,0,2,0
824130,673929,3,0,0,1,0,2,0
824125,668674,3,1,1,3,0,0,0
824125,621381,3,0,0,0,0,3,0
824125,663738,4,0,0,0,0,2,0
824125,607625,21,1,0,4,0,7,0
824125,656638,3,3,4,1,0,2,1
824125,670167,2,1,0,0,0,0,0
824125,670329,3,0,0,1,0,1,0
824125,680694,16,10,1,3,0,7,1
824125,671382,3,2,2,1,0,1,0
824125,689296,6,1,0,1,0,1,0
824125,664854,3,0,0,0,0,2,0
824125,664991,2,1,0,0,1,1,0
824125,666974,3,0,0,0,0,0,0
823144,681867,3,0,0,0,0,1,0
823144,662253,3,2,1,0,0,1,0
823144,660825,3,0,0,0,0,1,0
823144,676106,21,6,1,0,0,14,0
823144,679883,6,0,0,0,0,1,0
823144,668674,3,0,0,0,0,2,0
823144,621381,3,0,0,0,0,0,0
823144,607625,18,8,2,2,0,6,0
824117,683232,3,2,0,0,0,0,0
824117,663738,3,0,0,0,1,2,0
824117,607625,12,7,4,4,0,5,0
824117,672021,6,1,3,3,0,3,1
824117,656638,3,1,1,1,0,1,0
824117,641401,4,2,2,1,0,1,2
824117,677944,16,6,2,3,0,3,0
824117,671922,3,0,0,0,0,2,0
824117,681870,1,0,0,0,0,1,0
824117,683769,2,3,1,0,0,0,0
824117,682120,1,1,0,1,0,0,0
824603,622554,3,2,2,0,0,1,1
824603,702273,13,2,3,5,0,3,0
824603,656794,3,0,0,0,1,1,0
824603,663855,3,1,0,0,1,3,0
824603,699823,5,0,0,1,0,2,0
824603,607625,15,8,5,2,0,4,0
824603,656638,3,0,0,0,1,1,0
824603,674444,3,0,0,1,0,2,0
824603,670167,3,2,1,1,0,1,1
824108,668674,3,4,3,0,0,1,0
824108,663738,2,1,0,0,0,0,0
824108,607625,19,6,3,2,0,3,1
824108,670167,3,1,0,0,0,1,0
824108,678606,1,0,0,0,0,0,0
824108,695380,3,2,2,2,0,1,0
824108,693433,14,6,4,2,0,4,0
824108,681867,6,3,2,0,0,0,0
824097,621381,2,2,3,1,0,0,0
824097,663738,3,0,0,0,0,0,0
824097,607625,18,5,1,3,0,0,0
824097,656638,1,1,0,0,0,0,0
824097,670167,3,0,0,0,0,1,0
824097,700241,15,8,5,1,0,2,1
824097,694335,6,0,0,1,0,1,0
824097,666277,3,1,1,1,0,0,0
824094,621016,6,2,1,0,0,3,0
824094,621381,3,0,0,0,0,0,0
824094,607625,18,9,3,0,1,7,2
824094,663556,18,3,0,0,0,4,0
824094,642121,3,1,0,0,0,2,0
824094,664076,2,1,0,1,0,1,0
824094,687330,4,1,0,0,0,0,0
823607,681810,0,4,5,1,1,0,0
823607,623211,6,3,0,2,0,2,0
823607,673540,9,5,4,4,0,4,1
823607,676910,6,5,7,4,0,2,1
823607,672335,3,2,0,0,0,1,0
823607,621345,3,0,0,0,0,2,0
823607,668674,3,0,0,0,0,0,0
823607,621381,3,2,1,1,0,0,0
823607,694360,2,0,0,0,0,0,0
823607,663738,4,0,0,1,0,0,0
823607,607625,13,9,6,2,0,4,2
823607,670167,2,2,2,1,0,0,0
824083,663738,3,0,0,0,0,0,0
824083,607625,21,3,3,2,1,5,0
824083,674444,3,1,1,0,0,1,1
824083,676775,2,2,1,1,0,0,0
824083,656529,1,2,2,0,0,0,0
824083,669062,3,1,0,0,0,1,0
824083,694738,18,4,2,0,0,7,1
823676,671737,18,3,2,3,0,10,0
823676,681892,4,0,0,1,0,1,0
823676,701519,2,0,0,1,0,1,0
823676,681252,3,1,0,0,0,2,0
823676,663738,2,1,0,0,0,0,0
823676,607625,18,6,1,2,1,2,0
823676,656638,2,2,2,1,0,1,0
823676,674444,3,1,0,0,0,1,0
823676,670167,1,0,0,1,0,0,0
823993,680570,12,3,3,2,0,5,1
823993,642048,1,2,2,0,0,0,0
823993,684665,5,1,0,0,0,0,0
823993,671111,6,4,2,1,0,3,1
823993,670245,3,0,0,0,0,2,0
823993,621016,1,0,0,1,0,0,0
823993,663878,3,0,0,0,0,2,0
823993,607625,14,7,5,0,1,4,0
823993,656638,3,2,1,0,0,2,1
823993,674444,3,1,0,0,0,1,0
823993,670167,3,0,0,0,0,0,0
823244,664141,6,1,0,1,0,2,0
823244,657277,15,9,6,1,1,7,0
823244,676775,3,0,0,1,0,2,0
823244,668873,3,0,0,0,0,1,0
823244,687396,3,1,0,1,0,1,0
823244,608331,19,2,0,1,1,4,0
823244,656234,2,0,0,0,0,1,0
823244,666808,3,0,0,0,0,0,0
831838,676395,3,1,1,0,0,1,1
831838,622250,3,0,0,0,0,1,0
831838,641302,3,0,0,1,0,0,0
831838,691945,3,0,0,0,0,1,0
831838,669022,12,3,0,0,0,3,0
831838,686560,3,2,1,0,0,2,0
831838,608032,3,0,0,1,1,3,0
831838,656638,3,2,1,0,0,0,0
831838,663738,3,0,0,0,0,0,0
831838,608379,15,4,2,3,0,5,1
823158,668984,5,0,0,0,0,1,0
823158,677961,6,2,0,0,0,3,0
823158,669302,16,7,5,3,0,6,0
823158,657612,3,0,0,0,0,0,0
823158,687396,3,1,0,0,0,1,0
823158,608331,21,3,0,1,1,6,0
824774,700842,10,1,0,0,0,3,0
824774,677161,3,0,0,0,0,2,0
824774,624133,14,5,4,2,0,4,1
824774,687396,3,2,1,0,0,0,0
824774,608331,24,3,0,2,0,9,0
822906,682608,6,1,0,2,0,1,0
822906,683004,18,8,4,1,1,4,3
822906,686560,3,0,0,0,1,0,0
822906,657612,3,0,0,2,0,0,0
822906,608331,18,4,0,2,0,5,0
822906,666808,3,1,1,0,0,2,1
822906,670280,3,2,0,0,0,1,0
823794,675660,9,1,0,0,0,3,0
823794,694819,18,2,0,2,0,11,0
823794,665645,6,2,1,0,0,2,0
823794,608331,18,6,5,3,0,5,0
824841,669211,3,0,0,0,0,0,0
824841,680694,18,1,0,3,0,7,0
824841,666974,3,0,0,1,0,0,0
824841,608650,3,0,0,1,0,0,0
824841,621112,6,2,3,2,0,1,1
824841,642232,9,3,1,0,0,4,0
824841,608331,9,5,3,1,0,2,0
823519,621112,6,0,0,1,0,3,0
823519,657612,1,0,0,0,0,0,0
823519,701542,2,1,0,1,0,1,0
823519,608331,15,1,0,1,0,7,0
823519,683409,3,1,0,0,0,1,0
823519,685126,2,2,2,1,0,1,0
823519,670990,3,1,0,0,0,0,0
823519,696149,19,2,0,1,0,5,0
823138,695380,5,2,1,0,0,1,0
823138,682445,4,1,0,1,0,2,0
823138,681867,1,1,1,1,0,1,0
823138,669923,17,6,6,2,0,6,2
823138,673513,6,0,0,2,0,2,0
823138,699134,6,0,0,0,0,3,0
823138,608337,15,1,3,3,1,3,0
823922,608344,18,8,6,3,1,5,1
823922,683618,3,1,0,0,0,1,0
823922,694361,4,3,1,1,1,3,0
823922,623465,2,0,0,1,0,0,0
823922,678394,12,3,0,1,0,3,0
823922,624133,14,4,3,2,0,2,0
823922,663558,1,3,1,0,0,0,1
823889,645261,27,3,0,0,1,7,0
823889,681343,9,8,7,2,0,1,1
823889,669684,6,3,1,1,0,3,0
823889,673929,3,1,1,0,0,1,1
823889,608371,6,1,0,1,1,1,0
824617,805326,4,2,1,1,0,1,0
824617,608371,1,2,1,1,0,1,0
824617,680732,15,2,2,2,1,3,0
824617,663542,2,0,0,0,0,0,0
824617,656794,3,1,0,0,0,2,0
824617,663855,2,0,0,1,0,0,0
824617,669330,3,0,0,1,1,1,0
824617,670329,3,0,0,2,0,2,0
824617,680694,15,6,2,3,0,7,0
824617,689296,3,0,0,0,0,1,0
824617,664991,3,1,0,0,1,1,0
831746,669684,3,0,0,0,1,0,0
831746,684384,3,1,2,2,0,0,0
831746,608371,3,0,0,0,0,1,0
831746,680732,15,3,2,1,0,6,1
831746,803035,3,0,0,0,0,0,0
831746,678606,3,1,1,0,0,1,1
831746,693433,18,3,1,0,0,4,0
831746,681867,3,3,0,0,0,1,0
831746,662253,3,0,0,1,0,1,0
824126,683232,2,0,0,1,0,1,0
824126,663738,3,0,0,0,1,1,0
824126,702070,16,6,5,2,0,4,2
824126,656638,3,0,0,1,0,2,0
824126,670167,3,1,1,1,1,1,0
824126,685126,3,3,2,0,0,1,0
824126,691799,6,0,0,0,0,2,0
824126,622554,3,0,0,1,0,2,0
824126,686563,0,0,1,3,0,0,0
824126,673929,4,0,0,1,0,0,0
824126,608371,3,0,0,0,0,1,0
824126,663542,3,0,0,0,0,3,0
824126,656794,1,1,2,1,0,0,0
824126,663855,4,2,0,0,0,0,0
824616,685126,4,3,2,1,0,1,0
824616,702273,13,3,3,4,0,4,0
824616,608371,4,3,2,1,0,1,0
824616,663542,3,1,0,0,0,1,0
824616,663855,3,2,0,0,0,0,0
824616,663556,15,2,2,4,0,4,1
824616,669438,3,1,0,0,0,1,0
824616,685801,3,0,0,2,0,0,0
824616,641329,1,0,0,0,0,0,0
824616,672782,5,2,2,1,0,1,1
822834,693686,5,3,3,1,0,2,1
822834,686973,4,2,0,0,0,3,0
822834,663893,2,4,4,1,0,1,0
822834,664074,7,1,1,1,0,3,0
822834,623168,6,7,5,1,0,0,1
822834,643511,3,0,0,0,0,1,0
822834,801403,12,5,4,2,0,5,3
822834,608372,14,2,1,2,0,4,1
822834,677955,1,0,0,0,0,0,0
824525,682825,6,1,1,1,1,4,1
824525,682227,9,4,4,4,0,4,0
824525,683742,9,4,3,1,0,3,1
824525,624431,3,6,5,0,0,0,0
824525,623474,3,4,2,0,0,3,1
824525,657514,5,1,0,0,0,1,0
824525,675848,3,1,0,0,0,3,0
824525,608372,16,4,0,3,0,2,0
823463,650911,21,6,0,0,0,7,0
823463,661395,3,0,0,0,0,2,0
823463,680742,3,0,0,0,0,1,0
823463,608372,15,7,5,1,0,2,3
823463,688642,6,1,0,0,0,1,0
823463,678020,3,2,1,1,0,0,0
825082,666661,2,1,1,1,0,1,0
825082,647336,18,4,1,0,1,2,0
825082,664199,2,1,0,1,0,0,0
825082,657044,4,3,1,0,0,1,0
825082,805299,1,0,0,0,0,0,0
825082,657514,2,1,0,0,0,0,0
825082,608372,20,6,2,1,0,3,0
825082,622608,5,0,0,0,1,0,0
823947,656945,3,1,0,0,0,2,0
823947,669165,3,0,0,0,0,1,0
823947,660271,18,0,1,4,1,7,0
823947,694361,3,0,0,0,0,0,0
823947,680604,3,0,0,0,0,1,0
823947,657514,4,0,0,0,0,0,0
823947,608372,14,6,3,1,0,3,2
823947,622608,3,2,1,1,0,0,1
824026,680570,11,7,7,3,0,3,2
824026,691951,16,4,0,2,0,5,0
824026,669298,3,1,0,0,0,0,0
824026,680604,6,0,0,0,0,2,0
824026,675848,3,1,0,0,0,1,0
824026,608372,15,5,2,2,1,5,0
824456,688883,6,3,1,0,0,3,1
824456,663465,6,3,2,1,0,2,1
824456,676440,14,5,1,1,0,3,0
824456,682120,1,0,0,0,0,0,0
824456,668674,3,0,0,0,0,1,0
824456,621381,3,1,1,1,0,1,1
824456,608379,21,3,1,3,1,3,1
824342,623474,4,0,0,1,0,2,0
824342,657514,3,2,0,0,0,2,0
824342,608372,18,4,1,0,0,5,1
824342,677955,2,0,0,0,1,1,0
824342,694973,18,4,2,2,2,8,1
824342,669387,6,1,0,1,0,2,0
823559,687396,3,0,0,0,0,1,0
823559,666808,3,1,1,0,0,1,1
823559,670280,3,0,0,1,0,2,0
823559,693645,18,3,0,2,0,6,0
823559,669212,3,0,0,2,0,0,0
823559,608379,18,3,2,3,0,6,1
823559,656638,3,2,2,0,0,2,1
825015,622663,21,4,1,2,0,8,0
825015,669270,5,2,1,1,0,0,0
825015,643410,1,0,0,1,0,1,0
825015,696131,3,1,0,0,0,0,0
825015,679883,3,2,1,0,0,2,0
825015,608379,15,8,4,4,0,5,1
825015,656638,3,0,0,1,0,0,0
824120,621381,3,0,0,0,0,0,0
824120,608379,21,4,2,1,0,3,1
824120,656638,3,1,0,0,0,0,0
824120,641401,4,1,0,0,0,1,0
824120,670036,5,1,1,1,0,1,1
824120,688883,3,0,0,1,0,1,0
824120,676440,12,5,4,2,0,4,1
824107,668674,3,4,2,0,0,0,0
824107,663738,3,0,0,0,0,1,0
824107,608379,21,5,2,2,0,5,1
824107,657612,2,0,0,0,0,1,0
824107,687396,2,1,0,0,0,0,0
824107,701542,18,3,2,3,0,3,1
824107,656234,2,1,1,1,0,1,1
824107,670280,3,0,0,1,0,0,0
824101,694360,6,2,0,0,0,4,0
824101,608379,21,9,4,1,0,2,1
824101,677958,14,5,2,2,0,3,0
824101,656641,6,0,0,0,0,3,0
824101,695239,4,1,0,0,0,1,0
824101,668390,3,0,0,1,0,0,0
822895,682608,2,0,0,0,0,1,0
822895,683004,17,3,0,2,0,10,0
822895,656641,3,1,0,0,0,1,0
822895,656222,2,3,1,0,0,0,0
822895,686560,3,1,2,2,1,0,1
822895,669212,3,1,0,0,1,1,0
822895,696131,3,0,0,0,0,1,0
822895,608379,15,8,6,4,0,5,0
822895,674444,3,1,0,1,0,1,0
822723,663992,2,1,0,0,0,0,0
822723,687377,1,1,2,1,0,0,0
822723,681402,3,1,1,1,0,1,1
822723,687606,3,1,0,0,0,1,0
822723,656492,18,6,1,2,1,6,0
822723,657756,3,1,0,1,0,0,0
822723,663738,3,2,3,2,0,1,1
822723,608379,18,7,3,1,1,3,0
824581,663436,16,4,0,1,0,3,0
824581,691799,6,0,0,0,0,4,0
824581,656794,5,2,1,2,0,2,0
824581,663738,1,3,1,0,0,0,0
824581,608379,23,6,1,1,0,7,0
824581,670167,1,1,0,0,0,1,0
824092,621016,3,2,1,0,0,0,0
824092,668674,3,1,1,1,0,0,0
824092,694360,3,1,0,1,0,1,0
824092,608379,18,8,4,1,0,7,3
824092,666200,18,4,1,0,1,9,0
824092,689147,3,0,0,0,0,2,0
824092,680742,3,1,0,0,0,3,0
824092,641835,3,0,0,0,0,1,0
823606,640455,21,6,2,1,0,6,2
823606,623211,3,0,0,0,0,2,0
823606,642207,3,1,0,0,0,1,0
823606,621016,3,1,0,1,0,2,0
823606,668674,4,1,0,0,0,0,0
823606,694360,3,2,1,0,0,0,1
823606,608379,14,6,6,3,1,5,1
824087,663738,3,1,0,0,0,1,0
824087,608379,18,3,1,2,0,5,1
824087,656638,3,2,2,0,0,2,1
824087,674444,3,0,0,0,0,0,0
824087,664141,7,3,0,0,0,2,0
824087,686790,12,4,3,2,2,3,1
824087,681916,2,0,0,0,0,1,0
824087,671345,3,0,0,0,0,0,0
824087,668873,1,1,1,0,0,0,0
824244,663554,18,3,1,0,0,3,0
824244,621097,5,1,1,0,0,1,1
824244,663947,3,1,0,0,0,0,0
824244,640448,1,2,1,0,0,1,1
824244,663738,3,1,0,0,0,0,0
824244,608379,21,6,2,2,0,3,1
824244,656638,3,1,0,0,0,2,0
824077,671162,3,1,0,0,0,1,0
824077,668674,0,1,1,2,0,0,0
824077,608379,15,6,4,0,0,3,3
824077,663878,3,0,0,1,1,0,0
824077,674444,3,0,0,0,0,0,0
824077,670167,3,0,0,0,0,0,0
824077,686751,3,3,2,0,0,1,0
824077,686930,8,7,6,4,0,2,1
824077,656240,6,3,1,0,0,3,0
824077,696522,7,0,0,0,0,0,0
823401,642397,3,0,0,1,0,1,0
823401,670990,5,2,1,0,0,0,0
823401,676755,3,2,0,0,0,2,0
823401,696149,13,5,3,4,0,4,0
823401,664875,3,2,1,0,0,2,0
823401,688158,6,0,0,3,0,1,0
823401,608566,15,6,0,1,0,4,0
823401,676760,6,1,0,1,0,1,0
823280,673513,1,2,0,0,0,1,0
823280,695243,3,0,0,0,0,2,0
823280,666745,5,0,0,0,0,1,0
823280,608566,15,3,0,3,0,4,0
823280,699134,3,0,0,0,0,0,0
823280,656464,3,0,0,0,0,0,0
823280,642528,3,0,0,0,0,0,0
823280,668678,18,6,4,3,0,5,1
823406,642397,3,1,1,0,0,3,1
823406,682254,2,0,0,0,0,1,0
823406,656605,18,6,2,4,0,4,0
823406,670990,1,2,1,1,0,0,0
823406,642701,3,0,0,0,0,1,0
823406,669330,6,0,0,0,0,2,0
823406,670329,3,0,0,0,0,0,0
823406,680694,12,6,4,3,0,6,0
823406,608650,3,0,1,3,0,2,0
823554,621112,6,0,0,1,0,2,0
823554,677960,15,3,1,2,0,5,1
823554,657612,1,0,0,0,0,0,0
823554,656234,3,1,0,1,0,0,0
823554,666808,2,0,1,1,0,1,0
823554,669211,3,2,1,0,0,0,1
823554,675919,3,0,0,1,0,1,0
823554,680694,12,6,5,4,0,4,2
823554,689296,0,2,3,2,0,0,0
823554,664991,3,0,0,0,0,2,0
823554,608650,3,1,0,0,0,1,0
831603,670280,3,0,0,0,0,2,0
831603,621112,6,2,1,1,0,2,0
831603,657612,3,0,0,1,0,0,0
831603,661563,15,1,0,1,0,7,0
831603,670329,3,0,0,0,0,1,0
831603,828494,3,5,3,0,0,1,0
831603,621107,16,1,0,0,0,7,0
831603,608650,2,0,0,2,0,1,0
824844,689296,3,1,0,0,0,1,0
824844,670329,3,0,0,0,0,2,0
824844,687064,16,3,2,3,0,5,1
824844,608650,5,1,0,0,0,1,0
824844,677960,19,1,2,3,0,9,0
824844,687396,2,2,1,0,0,1,1
824844,666808,3,0,0,0,0,1,0
824213,650556,3,1,3,2,0,3,1
824213,678906,7,1,0,1,0,2,0
824213,664299,14,4,6,4,2,1,2
824213,687911,3,0,0,1,0,2,0
824213,664192,1,3,2,2,0,0,0
824213,700712,3,4,0,2,0,1,0
824213,672282,14,6,3,0,1,9,0
824213,608718,6,0,0,1,0,2,0
824053,696147,6,2,1,0,0,2,0
824053,666171,6,0,2,1,1,5,0
824053,641312,6,1,0,1,1,1,0
824053,691946,8,3,2,5,0,4,0
824053,608718,7,1,1,1,0,3,1
824053,678606,3,4,2,0,0,1,0
824053,668984,6,1,0,0,1,0,0
824053,677961,4,0,0,1,0,2,0
824053,666374,3,0,0,0,0,1,0
824053,622491,11,6,3,1,1,4,0
824053,662253,3,0,0,0,0,1,0
824053,642100,2,0,0,1,0,0,0
824838,669330,6,1,1,0,0,3,1
824838,670329,6,1,0,2,0,1,0
824838,680694,18,5,1,2,0,3,1
824838,689296,3,2,1,0,0,0,0
824838,664991,2,1,0,0,0,1,0
824838,666974,1,0,0,0,0,1,0
824838,608650,3,2,1,0,0,1,0
824838,663556,16,3,0,2,1,3,0
824838,668984,6,2,0,0,0,2,0
824838,693855,6,2,0,2,0,2,0
824838,669947,4,4,3,0,0,1,1
824838,685801,2,1,1,2,0,0,0
824838,641329,3,0,0,0,0,1,0
824610,663436,17,7,1,1,1,7,0
824610,622554,3,0,0,1,0,1,0
824610,673929,3,1,1,0,0,2,1
824610,656794,4,1,0,1,0,3,0
824610,667755,15,6,3,3,0,6,2
824610,820862,5,0,0,0,2,1,0
824610,664192,1,2,1,1,0,1,0
824610,608718,3,1,1,0,0,1,1
824039,667755,12,8,5,3,0,5,2
824039,815083,12,7,1,0,0,3,0
824039,608718,3,1,0,0,0,1,0
824039,663436,21,5,0,0,0,10,0
824039,656794,6,0,0,0,0,4,0
824989,686930,3,1,0,1,0,1,0
824989,695611,21,1,0,3,0,7,0
824989,663687,3,2,0,0,0,3,0
824989,696270,15,8,5,1,0,2,2
824989,666171,3,0,0,2,0,1,0
824989,608718,6,0,0,0,0,2,0
823122,621074,3,0,0,1,0,0,0
823122,693433,19,4,2,1,0,5,0
823122,662253,3,0,0,0,0,1,0
823122,660825,2,2,1,1,0,0,0
823122,681217,3,2,2,1,0,3,0
823122,667755,15,6,3,1,0,9,0
823122,666171,3,1,0,0,0,1,0
823122,608718,3,4,3,1,0,3,0
824987,640454,3,0,0,1,0,0,0
824987,665660,5,2,2,0,0,3,1
824987,663687,1,3,3,0,1,0,1
824987,665622,3,1,0,0,0,1,0
824987,678022,15,4,4,2,0,8,1
824987,681217,3,0,0,1,0,2,0
824987,696147,3,0,0,0,0,0,0
824987,672282,18,6,5,4,0,4,0
824987,608718,3,1,1,0,0,0,1
824835,669211,2,0,0,0,0,0,0
824835,669432,18,6,4,1,0,3,2
824835,669330,3,0,0,0,0,1,0
824835,670329,3,1,0,0,0,1,0
824835,666974,1,3,2,0,0,0,0
824835,671936,5,3,0,0,0,1,0
824835,608723,10,5,5,4,0,0,3
824835,657756,5,0,0,0,0,1,0
824835,689254,4,0,0,0,0,1,0
824835,680755,3,0,0,0,0,0,0
824887,682989,3,1,1,1,1,1,0
824887,608718,9,1,0,1,0,3,0
824887,693821,15,10,7,3,0,4,2
824887,681320,3,1,0,1,0,2,0
824887,673540,3,0,0,1,0,2,0
824887,650960,6,0,0,1,0,0,0
824887,702752,3,1,1,2,0,1,0
824887,681035,12,7,4,1,1,6,0
824008,680570,12,7,6,1,2,3,1
824008,820862,6,2,0,0,0,2,0
824008,608718,9,2,1,0,0,2,1
824008,669373,21,5,0,0,0,9,0
824008,621097,2,1,0,2,0,1,0
824008,640448,1,0,0,0,0,0,0
824008,669724,3,1,0,0,0,0,0
824284,623454,7,2,0,0,0,3,0
824284,672456,20,5,1,2,0,2,1
824284,677958,6,7,5,0,0,2,1
824284,682608,6,2,0,1,0,2,0
824284,615698,9,2,0,2,0,2,0
824284,686560,3,1,0,0,0,1,0
822891,683004,14,6,5,3,0,2,2
822891,681168,0,1,0,0,0,0,0
822891,615698,7,1,0,1,1,2,0
822891,695239,6,1,0,0,0,0,0
822891,676440,24,3,0,2,0,3,0
822891,682120,3,0,0,0,1,1,0
822900,677958,15,3,0,4,0,3,0
822900,682608,2,0,0,0,0,0,0
822900,641302,3,0,0,1,0,1,0
822900,656641,0,3,3,1,0,0,0
822900,656222,1,1,1,2,0,0,0
822900,615698,3,1,0,0,0,1,0
822900,668390,3,2,1,0,0,1,0
822900,666661,0,1,0,0,0,0,0
822900,656464,3,0,0,0,0,1,0
822900,669194,21,4,3,0,1,8,1
822900,623149,2,3,3,1,0,1,0
822867,682608,3,1,1,1,0,0,1
822867,615698,18,4,1,1,0,4,1
822867,663884,3,1,1,2,0,1,0
822867,687239,3,0,0,1,0,1,0
822867,657277,18,5,0,1,0,8,0
822867,676775,2,1,0,0,0,1,0
822867,656529,4,0,0,1,0,1,0
822867,663941,1,1,1,1,0,0,1
822867,665665,2,0,0,0,0,0,0
823994,690829,3,0,0,0,0,1,0
823994,691946,18,5,2,1,1,5,1
823994,676620,4,2,0,0,0,1,0
823994,670245,2,0,0,0,0,1,0
823994,682608,2,1,0,0,0,0,0
823994,615698,15,4,1,3,0,6,0
823994,695239,1,2,3,0,1,0,0
823994,687239,3,1,1,2,0,1,0
823994,668390,3,0,0,0,0,0,0
824072,621016,3,0,0,2,0,0,0
824072,663878,3,1,0,1,0,1,0
824072,702070,15,2,0,3,0,2,0
824072,674444,4,2,0,0,0,1,0
824072,670167,2,1,2,1,0,1,0
824072,680744,3,2,1,0,0,0,0
824072,663947,3,2,1,0,0,1,1
824072,646241,1,0,0,0,0,0,0
824072,675512,17,6,2,3,0,3,2
823918,669373,15,4,3,2,1,6,1
823918,681911,3,0,0,0,0,1,0
823918,656945,3,0,0,1,0,0,0
823918,621242,3,0,0,0,0,1,0
823918,676263,3,2,2,1,0,1,1
823918,621016,3,0,0,0,0,1,0
823918,702070,17,6,4,2,0,2,0
823918,656638,3,3,1,0,0,1,0
823918,670167,1,1,1,1,0,0,0
824651,621053,3,0,0,2,0,1,0
824651,684007,20,4,2,0,0,6,2
824651,681520,4,0,0,1,0,1,0
824651,621112,4,0,0,0,0,3,0
824651,701542,20,4,0,0,0,7,0
824651,670280,3,1,0,0,0,0,0
824645,665871,17,4,1,2,0,3,1
824645,621053,1,0,0,0,0,0,0
824645,657097,3,0,0,0,0,0,0
824645,666171,3,0,0,0,0,0,0
824645,669020,3,0,0,0,0,1,0
824645,669373,18,4,2,2,0,6,1
824645,681911,2,2,2,0,0,0,0
824645,621242,2,2,1,1,0,1,1
824645,623465,1,1,0,0,0,0,0
824645,676263,1,0,0,0,0,1,0
822726,683000,13,3,3,2,0,2,0
822726,681402,3,1,1,0,0,1,1
822726,641793,5,4,5,1,0,0,1
822726,687606,6,3,1,0,0,1,1
822726,621074,3,0,0,0,0,1,0
822726,682243,24,4,2,0,0,7,2
823127,689546,3,0,0,0,0,0,0
823127,621074,3,1,1,1,0,3,1
823127,695380,3,1,1,1,0,1,0
823127,669923,18,8,3,0,0,5,1
823127,680694,23,5,1,2,0,12,0
823127,664854,3,2,2,0,0,2,2
823127,666974,1,0,0,1,0,0,0
823367,669387,9,2,0,0,0,3,0
823367,677952,18,5,1,0,0,10,0
823367,689546,3,4,4,1,0,0,0
823367,621074,6,2,0,0,0,3,0
823367,695380,3,3,2,0,0,0,0
823367,693433,12,6,5,2,0,4,0
823120,678606,3,0,0,1,0,1,0
823120,689546,3,0,0,0,0,0,0
823120,621074,3,1,0,0,0,0,0
823120,622491,18,5,2,1,0,4,0
823120,686973,3,1,0,0,0,1,0
823120,656546,3,0,0,1,0,2,0
823120,656302,21,3,0,1,0,9,0
823846,676604,3,1,0,0,0,1,0
823846,669199,6,1,0,0,0,3,0
823846,676534,2,0,0,0,0,0,0
823846,687531,1,2,2,2,0,0,1
823846,676083,15,3,1,4,0,5,1
823846,621074,6,3,2,0,0,1,0
823846,677961,3,0,0,1,0,0,0
823846,682243,15,9,4,4,0,3,1
823847,664126,3,1,0,0,0,2,0
823847,676534,3,2,2,1,1,1,0
823847,676974,15,4,2,2,0,4,1
823847,667463,3,1,1,1,0,0,0
823847,806188,3,0,0,0,0,0,0
823847,656848,3,0,0,0,0,1,0
823847,678606,3,0,0,0,0,1,0
823847,621074,1,1,0,1,0,0,0
823847,693433,15,9,3,1,0,5,1
823847,662253,3,0,0,0,0,1,0
823847,642100,3,1,1,2,0,0,1
823847,660825,3,0,0,0,0,1,0
823115,678606,1,0,0,1,0,0,0
823115,689546,3,4,4,0,1,0,1
823115,621074,3,1,0,0,0,1,0
823115,677961,3,0,0,0,0,2,0
823115,682243,17,7,2,1,1,6,1
823115,671345,3,0,0,0,0,1,0
823115,668873,3,0,0,0,0,1,0
823115,694738,21,2,0,3,0,2,0
823924,681911,3,0,0,1,0,0,0
823924,641778,18,1,0,1,1,4,0
823924,656945,3,2,1,0,0,1,0
823924,621242,3,2,1,0,0,0,0
823924,621074,3,2,1,0,0,0,0
823924,695380,3,0,0,0,0,2,0
823924,677961,3,1,0,0,0,0,0
823924,676106,15,8,3,1,0,5,1
823111,678606,3,2,2,0,0,1,1
823111,621074,3,0,0,0,0,1,0
823111,682243,16,3,2,2,0,3,1
823111,660825,5,2,1,0,0,3,1
823111,667297,2,0,0,0,0,1,0
823111,681892,4,0,0,0,0,2,0
823111,672782,3,0,0,2,0,1,0
823111,805673,15,4,3,2,1,10,1
823111,702193,3,0,0,0,0,0,0
823108,621074,3,0,0,1,0,1,0
823108,677961,2,0,0,0,0,2,0
823108,622554,1,4,4,2,0,0,2
823108,681006,3,1,0,0,0,2,0
823108,676106,18,8,3,2,0,6,1
823108,621097,3,0,0,1,0,1,0
823108,700270,3,1,0,1,0,3,0
823108,675512,21,3,0,2,0,4,0
823512,677960,17,2,1,3,0,4,1
823512,657612,4,0,0,0,0,0,0
823512,687396,3,0,0,0,0,2,0
823512,670280,3,1,0,0,0,2,0
823512,678606,3,0,0,0,0,2,0
823512,621074,1,3,4,1,0,1,0
823512,693433,15,3,0,1,0,5,0
823512,622554,3,0,0,1,0,0,0
823512,660825,2,2,0,0,0,0,0
823105,645302,3,5,3,1,0,0,0
823105,621074,3,0,0,0,0,2,0
823105,677961,2,3,3,1,0,1,1
823105,681006,4,3,0,0,1,3,0
823105,682243,15,5,4,2,0,5,1
823105,664285,21,5,0,2,0,5,0
823105,640448,3,1,0,0,0,0,0
823105,669724,3,1,0,0,0,2,0
823747,694477,7,2,0,0,0,4,0
823747,676879,6,0,0,2,0,4,0
823747,688107,11,4,4,4,1,4,0
823747,656730,3,0,0,0,0,1,0
823747,678606,2,0,0,0,0,1,0
823747,621074,8,0,0,1,0,4,0
823747,646242,4,2,1,0,0,1,1
823747,669923,10,9,6,2,0,3,0
824425,671922,3,0,0,0,0,1,0
824425,683769,3,0,0,0,0,0,0
824425,676440,21,2,2,2,0,8,2
824425,680744,6,1,0,0,0,3,0
824425,623454,3,3,1,0,0,1,0
824425,621097,3,1,0,1,0,1,0
824425,656427,9,3,2,1,0,1,0
824425,805427,3,1,0,0,0,2,0
824178,623352,3,1,1,0,0,3,1
824178,660853,3,0,0,0,0,1,0
824178,663567,21,2,1,0,1,5,1
824178,663554,14,6,3,1,0,3,1
824178,621097,6,0,0,0,0,1,0
824178,640448,3,3,1,2,0,0,0
824178,805427,1,0,0,0,0,0,0
823528,642232,6,2,2,0,0,0,1
823528,656234,3,2,0,0,0,0,0
823528,693645,12,7,6,1,0,5,4
823528,672442,6,0,0,0,0,3,0
823528,669373,18,1,1,0,1,9,1
823528,621097,6,1,0,0,0,2,0
823528,663947,3,2,1,1,0,0,0
824254,669373,15,5,1,2,0,9,1
824254,623454,3,1,0,0,2,2,0
824254,621097,6,0,0,0,0,1,0
824254,640448,3,1,0,0,0,0,0
824254,669372,12,2,2,2,1,4,1
824254,682052,9,5,4,1,0,4,0
824254,665660,3,1,0,1,0,3,0
824247,623454,3,2,1,0,0,1,0
824247,621097,1,0,0,0,0,0,0
824247,663947,5,1,0,0,0,0,0
824247,640448,2,0,0,0,0,0,0
824247,805427,1,1,0,1,0,1,0
824247,675512,15,5,2,4,0,5,1
824247,621381,3,0,0,1,0,1,0
824247,677976,15,4,0,1,0,3,0
824247,674444,3,2,1,0,0,1,0
824247,670167,3,4,3,0,0,1,1
824237,680744,5,2,1,0,0,1,1
824237,621097,4,0,0,0,0,0,0
824237,646241,7,3,2,2,0,1,1
824237,695549,11,9,6,1,2,4,2
824237,623211,4,3,2,0,0,0,1
824237,691799,5,1,0,0,0,0,0
824237,664353,11,5,3,0,0,3,1
824237,663542,3,1,0,0,0,2,0
824237,656794,4,0,0,1,0,2,0
824236,623454,15,4,3,2,0,5,1
824236,621097,6,1,1,0,0,1,1
824236,663432,3,0,0,2,0,2,0
824236,663947,3,3,3,2,0,1,1
824236,623211,2,2,1,0,0,0,0
824236,696146,5,0,0,1,0,1,0
824236,680732,13,5,4,3,0,2,1
824236,656794,7,0,0,1,0,2,0
823276,673513,2,0,2,1,1,0,0
823276,695243,3,1,0,0,0,2,0
823276,621111,6,3,4,4,0,1,1
823276,699134,4,1,1,0,0,0,1
823276,670970,3,1,0,0,0,1,0
823276,663362,9,2,0,1,0,3,0
823276,693686,6,1,0,2,0,1,0
823276,671936,4,2,2,1,1,2,0
823276,702056,5,1,4,7,0,1,0
823276,689254,6,2,1,0,0,1,1
823276,680755,3,2,1,1,0,2,0
823282,621111,15,7,7,1,1,4,2
823282,689690,9,2,1,0,0,3,1
823282,676760,3,2,0,0,0,2,0
823282,694297,15,4,0,0,0,6,0
823282,686753,6,2,0,0,0,1,0
823282,657044,6,2,0,0,0,4,0
824895,702275,11,3,3,3,0,4,2
824895,641755,3,1,0,0,0,1,0
824895,625643,13,9,5,3,0,6,2
824895,673513,2,0,1,2,0,1,0
824895,695243,3,1,0,1,0,3,0
824895,621111,17,2,2,5,0,3,0
824895,699134,2,1,0,0,0,2,0
824895,670970,3,0,0,0,0,0,0
825053,666661,3,2,0,0,0,0,0
825053,642528,4,0,0,0,0,2,0
825053,684442,11,6,3,1,1,1,0
825053,691769,9,4,2,2,0,1,0
825053,695243,3,1,0,0,0,2,0
825053,621111,12,6,1,1,0,3,0
825053,699134,6,0,0,0,0,1,0
825053,669093,3,0,0,0,0,1,0
825053,670970,3,1,0,0,0,3,0
823562,621112,3,3,1,1,0,1,0
823562,677960,15,5,5,2,0,10,4
823562,687396,3,1,0,1,0,0,0
823562,660787,6,3,1,2,0,1,1
823562,681217,3,0,0,0,0,1,0
823562,666171,3,1,0,0,0,2,0
823562,672282,21,4,1,0,0,9,0
824202,660853,3,4,3,0,0,0,0
824202,687911,3,0,0,0,0,1,0
824202,681293,21,3,1,1,1,8,1
824202,621112,9,2,1,0,0,2,0
824202,642232,3,0,0,0,0,2,0
824202,661563,12,5,6,3,1,0,2
823558,621112,6,2,2,1,0,1,0
823558,701542,21,5,2,0,0,11,1
823558,687765,12,4,6,5,0,3,1
823558,702070,12,7,5,2,0,3,3
823552,621112,3,1,0,0,0,0,0
823552,657612,3,1,0,0,0,2,0
823552,656234,1,0,0,0,0,1,0
823552,666808,3,1,0,0,0,1,0
823552,693645,17,7,1,3,0,4,0
823552,669211,2,0,0,0,0,0,0
823552,642152,2,4,6,3,0,0,0
823552,642215,1,0,0,0,0,0,0
823552,669358,17,5,5,5,0,4,1
823552,666974,2,1,0,0,0,0,0
823551,621112,3,0,0,2,1,0,0
823551,657612,5,2,0,0,0,1,0
823551,694341,9,2,2,3,0,1,1
823551,687396,4,0,0,1,0,1,0
823551,656234,3,0,0,1,0,0,0
823551,666808,3,2,0,0,0,1,0
823551,682608,3,2,1,1,0,1,0
823551,641302,2,3,1,1,0,1,0
823551,656222,1,1,2,1,0,1,0
823551,669022,16,6,5,3,0,3,0
823551,686560,1,0,0,0,0,0,0
823551,668390,1,2,0,0,0,0,0
823525,621112,3,1,0,1,0,1,0
823525,677960,12,6,4,2,1,6,0
823525,656234,5,2,0,0,0,1,0
823525,666808,3,3,2,1,0,1,0
823525,683409,4,1,0,0,0,1,0
823525,672782,3,2,1,0,0,0,0
823525,657746,21,3,0,1,0,9,0
823525,702193,3,0,0,0,0,2,0
822708,676917,18,4,2,1,0,5,0
822708,664875,3,0,0,1,0,1,0
822708,674841,6,4,3,1,0,2,0
822708,621112,6,0,0,0,0,2,0
822708,642232,1,0,0,1,0,0,0
822708,657612,2,1,1,0,0,1,1
822708,701542,15,4,1,2,1,2,1
822708,683409,3,1,0,0,0,1,0
823435,621237,3,2,1,0,0,1,1
823435,662144,9,2,1,0,0,3,1
823435,661395,3,0,0,0,0,3,0
823435,686751,1,2,0,0,0,0,0
823435,680742,3,1,0,0,0,1,0
823435,641835,6,0,0,0,0,1,0
823435,679775,2,0,1,1,0,2,0
823435,621112,6,0,0,1,0,0,0
823435,677960,17,6,1,1,1,7,0
823435,670280,3,0,0,0,0,0,0
823435,683409,1,1,0,0,0,0,0
823513,621112,6,1,0,0,0,2,0
823513,665645,3,0,0,0,0,1,0
823513,693645,21,3,1,0,0,11,1
823513,689266,2,0,0,1,0,1,0
823513,800311,4,1,1,0,0,3,1
823513,641755,3,0,0,0,0,1,0
823513,628452,3,0,0,0,0,2,0
823513,656550,18,3,0,2,0,2,0
823510,621112,3,1,0,0,0,1,0
823510,687396,3,1,0,0,0,2,0
823510,670280,3,1,0,0,0,1,0
823510,693645,18,6,1,3,0,4,0
823510,663893,3,1,0,0,0,2,0
823510,680573,3,0,0,1,0,3,0
823510,623149,3,0,0,0,0,1,0
823510,689254,2,0,0,2,0,0,0
823510,680755,3,0,0,0,0,2,0
823510,681293,10,3,3,2,0,4,1
822775,693686,3,1,0,0,0,1,0
822775,694357,5,2,1,0,0,2,0
822775,686973,3,0,0,0,0,3,0
822775,680573,7,0,0,1,0,2,0
822775,689254,3,0,0,0,0,0,0
822775,680755,3,0,0,1,0,0,0
822775,643511,3,1,0,0,0,1,0
822775,621112,2,0,0,1,0,1,0
822775,657612,2,3,2,0,1,0,0
822775,687396,3,3,1,0,0,1,0
822775,660787,1,0,0,1,0,0,0
822775,693645,16,4,1,3,0,7,0
824214,680802,6,0,0,1,0,3,0
824214,621121,21,4,1,1,0,9,0
824214,670912,11,6,4,1,1,3,2
824214,624133,13,7,4,1,0,3,2
824206,621121,15,5,4,3,2,4,1
824206,676467,8,4,3,1,0,5,2
824206,805123,4,1,0,0,0,2,0
824206,694335,3,0,1,3,0,1,0
824206,700669,6,0,0,0,0,1,0
824206,676617,2,0,0,0,0,1,0
824206,669467,15,3,1,3,0,5,1
824206,666277,1,1,3,2,0,1,1
824850,669211,3,1,0,0,0,1,0
824850,669330,3,1,0,0,0,0,0
824850,687064,12,9,4,2,0,2,2
824850,671382,6,3,1,1,0,2,0
824850,666974,3,0,0,0,0,2,0
824850,650556,3,2,1,2,0,3,0
824850,660853,3,1,0,1,0,2,0
824850,675989,3,1,1,1,0,0,0
824850,621121,18,2,3,4,0,9,0
823762,684974,3,0,0,1,0,2,0
823762,681982,3,0,0,1,0,3,0
823762,621121,9,2,2,1,0,4,0
823762,694819,12,4,0,1,0,6,0
823762,675540,8,2,1,1,0,2,1
823762,642547,16,8,7,2,0,6,2
823758,694477,3,0,0,0,0,1,0
823758,621121,5,1,0,4,0,1,0
823758,688107,18,5,2,0,0,4,0
823758,656730,1,1,0,0,0,1,0
823758,663372,15,9,5,1,0,4,1
823758,675848,3,2,1,1,0,1,0
823758,685299,6,2,1,1,0,4,0
823483,621237,3,1,0,0,0,0,0
823483,650911,16,4,1,4,0,7,0
823483,661395,3,0,0,0,0,1,0
823483,680742,2,2,1,0,0,1,0
823483,647315,3,0,0,0,0,1,0
823483,641745,3,3,3,0,0,1,1
823483,701552,2,1,1,0,0,1,1
823483,676571,1,0,1,2,0,0,0
823483,690925,3,1,1,0,0,0,0
823483,669371,1,3,0,1,0,0,0
823483,672335,2,2,1,0,0,0,1
823483,676917,18,5,1,2,2,3,0
824378,680767,3,1,0,0,0,0,0
824378,623474,4,0,0,0,0,2,0
824378,801403,13,4,1,1,0,6,0
824378,657514,2,1,1,2,0,0,0
824378,675848,3,1,0,0,0,1,0
824378,677955,2,0,0,1,0,1,0
824378,666200,20,5,1,0,0,11,0
824378,621237,1,0,0,1,0,1,0
824378,661395,3,0,0,0,0,1,0
824378,641745,3,1,0,0,0,0,0
823479,621237,1,2,2,0,0,0,0
823479,680742,2,1,0,1,0,2,0
823479,641835,3,0,0,0,0,1,0
823479,647315,6,3,1,0,0,1,0
823479,691725,15,3,1,1,0,7,0
823479,656464,1,1,0,1,0,1,0
823479,642528,3,0,0,0,0,0,0
823479,623149,3,0,0,0,0,2,0
823479,664199,3,1,0,0,0,0,0
823479,668678,15,8,3,1,0,2,1
823479,657044,2,0,0,0,0,0,0
823477,666200,16,12,8,1,0,4,1
823477,621237,3,0,0,0,0,1,0
823477,664238,3,0,1,1,1,0,0
823477,679775,5,3,1,0,0,3,1
823477,684007,18,3,1,1,0,11,1
823477,681432,3,2,1,0,0,1,1
823477,676962,6,0,0,0,0,0,0
823466,666200,9,6,5,3,0,6,1
823466,621237,3,0,0,0,1,2,0
823466,661395,3,1,0,0,0,2,0
823466,689147,3,1,0,0,0,1,0
823466,680742,6,1,0,0,0,1,0
823466,641835,6,1,1,0,0,2,1
823466,641745,3,3,1,0,0,2,0
823466,680767,6,0,0,1,0,2,0
823466,623474,3,2,2,0,0,2,1
823466,801403,17,3,2,5,0,5,1
823466,657514,1,2,3,1,0,1,0
823466,675848,3,1,0,0,0,1,0
823466,677955,3,1,0,0,0,0,0
823465,621237,2,2,1,1,0,0,0
823465,661395,3,0,0,0,0,2,0
823465,689147,1,0,0,0,0,0,0
823465,641745,3,1,1,0,0,1,1
823465,691725,18,3,2,2,0,3,0
823465,622088,1,0,0,1,0,0,0
823465,668933,5,2,2,0,0,0,1
823465,666157,17,3,3,5,1,3,1
823465,656271,1,0,0,0,0,0,0
824762,677161,2,2,0,0,1,1,0
824762,676477,3,0,0,0,0,2,0
824762,686580,2,1,0,0,0,1,0
824762,624133,16,4,0,1,0,8,0
824762,701719,1,2,2,0,0,0,1
824762,670245,3,0,0,0,0,2,0
824762,666200,18,4,0,1,1,4,0
824762,621237,3,2,1,0,1,1,0
824762,661395,3,0,0,1,0,3,0
824762,641745,3,1,0,0,0,2,0
822717,690925,2,0,0,2,0,0,0
822717,676917,18,5,2,1,1,7,1
822717,681402,6,6,5,0,0,2,2
822717,680730,1,2,3,2,0,1,0
822717,621237,3,0,0,0,0,2,0
822717,650911,15,7,5,1,1,6,1
822717,689147,3,1,0,0,0,2,0
822717,663767,3,0,0,0,0,2,0
822717,641835,3,0,0,0,0,0,0
823608,668964,9,6,3,0,0,3,0
823608,673540,15,4,2,1,0,4,1
823608,672335,3,0,0,0,0,2,0
823608,666200,15,4,1,3,0,6,0
823608,621237,3,1,0,0,1,2,0
823608,661395,3,0,0,1,0,0,0
823608,689147,3,0,0,3,0,1,0
823608,663767,1,3,3,1,0,1,1
823608,679775,2,1,0,0,0,0,0
823442,642152,3,2,2,2,0,2,1
823442,621237,3,3,2,0,0,2,0
823442,680742,3,2,0,0,0,2,0
823442,641835,3,3,1,0,0,1,0
823442,660604,12,3,0,4,0,4,0
823442,679775,3,1,1,0,0,1,1
823442,683003,12,2,1,2,0,6,0
823442,642397,3,0,0,0,0,1,0
823442,682254,3,0,0,0,0,3,0
823442,669387,9,2,0,0,0,0,0
823441,666200,15,2,1,2,0,7,1
823441,621237,3,1,0,0,0,1,0
823441,689147,3,0,0,0,0,1,0
823441,663767,6,0,0,0,0,2,0
823441,640455,14,7,4,2,1,7,2
823441,673540,4,3,2,3,0,2,0
823441,675540,6,2,0,0,0,1,0
824496,657571,3,0,0,1,0,1,0
824496,695076,6,3,1,0,0,2,1
824496,656271,3,2,1,1,0,2,1
824496,695505,15,3,3,6,0,2,0
824496,621237,3,2,4,3,0,2,0
824496,641835,3,1,0,0,0,2,0
824496,621383,1,4,4,0,0,0,3
824496,676661,4,1,0,0,0,0,0
824496,641745,3,0,0,1,0,1,0
824496,660604,10,3,3,3,0,5,2
823436,621237,3,0,0,0,0,1,0
823436,650911,16,7,2,0,2,7,0
823436,661395,1,0,0,0,0,0,0
823436,689147,2,1,0,1,0,1,0
823436,680742,3,1,1,0,0,0,1
823436,663767,2,2,3,1,0,1,1
823436,681911,2,1,2,1,0,1,1
823436,689017,6,2,2,0,0,2,2
823436,686218,16,8,6,1,1,6,2
823434,666200,21,4,1,1,1,9,1
823434,621237,3,0,0,0,1,0,0
823434,680742,3,0,0,0,0,3,0
823434,687396,2,1,0,0,0,0,0
823434,670280,3,0,0,0,0,1,0
823434,693645,22,3,0,0,1,12,0
823971,676508,2,1,0,1,0,1,0
823971,681911,3,1,0,0,0,0,0
823971,683618,3,0,0,0,0,1,0
823971,656945,1,0,0,0,0,1,0
823971,621242,3,0,0,1,0,2,0
823971,686218,10,5,4,2,0,6,1
823971,676263,5,1,0,0,0,1,0
823971,656464,3,2,1,0,0,0,0
823971,642528,4,0,0,0,0,1,0
823971,669194,14,2,4,3,0,4,2
823971,657044,3,0,0,0,0,0,0
823969,681911,3,0,0,0,0,1,0
823969,660271,18,1,0,3,1,6,0
823969,621242,3,1,1,1,1,2,0
823969,676263,3,0,0,1,0,1,0
823969,670036,4,4,2,0,0,2,0
823969,663465,8,2,1,1,0,5,1
823969,676440,12,4,1,2,0,4,0
822756,701552,1,0,0,0,0,0,0
822756,676571,6,2,2,0,0,2,1
822756,690925,5,1,1,0,0,2,1
822756,672335,0,3,4,2,0,0,0
822756,656492,15,5,1,3,0,6,1
822756,681911,3,1,0,1,0,0,0
822756,656945,3,1,0,0,0,1,0
822756,621242,3,0,0,0,0,1,0
822756,676263,3,0,0,1,0,1,0
822756,808963,15,5,6,3,0,5,2
823921,683618,1,1,0,1,0,0,0
823921,656945,3,1,0,1,0,1,0
823921,621242,3,1,0,0,0,2,0
823921,676263,4,0,0,0,0,1,0
823921,808963,16,5,2,3,0,7,0
823921,695380,6,1,1,0,0,3,1
823921,677961,3,2,0,1,0,2,0
823921,693433,15,5,5,2,0,8,1
825049,694297,21,2,0,2,0,2,0
825049,672629,5,0,0,2,0,1,0
825049,642528,3,3,1,0,0,2,1
825049,805299,1,1,0,0,0,0,0
825049,681911,3,0,0,2,0,1,0
825049,656945,1,0,0,0,0,0,0
825049,669165,2,1,0,2,0,0,0
825049,621242,3,2,1,1,0,1,0
825049,623465,1,0,0,0,0,0,0
825049,676263,3,1,0,0,0,1,0
825049,808967,17,3,0,3,1,6,0
823915,681911,1,1,0,1,0,0,0
823915,683618,2,0,0,1,0,1,0
823915,656945,1,0,0,0,0,0,0
823915,621242,2,4,3,0,0,2,0
823915,676263,3,1,0,0,0,2,0
823915,808963,18,4,2,5,0,2,0
823915,675660,16,3,3,3,0,5,0
823915,669084,6,0,0,0,0,3,0
823915,622608,2,1,1,0,0,1,1
823915,656730,3,0,0,0,0,1,0
823913,656945,3,1,0,0,0,2,0
823913,621242,3,0,0,2,1,1,0
823913,623465,3,0,0,0,0,0,0
823913,808967,18,4,1,2,0,9,0
823913,681982,2,0,0,1,0,0,0
823913,688107,19,8,3,1,0,7,2
823913,669060,3,0,0,0,0,3,0
823615,623211,3,0,0,0,0,0,0
823615,650960,5,0,0,1,0,1,0
823615,672335,2,0,0,1,0,0,0
823615,621345,2,0,0,0,0,1,0
823615,642547,15,4,1,1,0,2,0
823615,689266,3,0,0,2,0,1,0
823615,675916,3,0,0,1,0,2,0
823615,625643,3,0,0,2,0,1,0
823615,683627,3,3,1,0,0,2,0
823615,693821,12,10,6,2,0,2,2
824904,689266,3,1,0,0,0,1,0
824904,800311,4,1,0,0,0,1,0
824904,628452,3,3,1,0,0,1,0
824904,664849,2,0,0,1,0,0,0
824904,656550,15,5,1,1,0,2,1
824904,680702,1,0,0,0,0,0,0
824904,673540,8,2,1,0,0,4,1
824904,621345,3,1,1,0,0,0,1
824904,681035,12,2,3,4,0,7,2
823129,669302,16,4,3,1,1,8,2
823129,681867,6,0,0,1,0,3,0
823129,660825,5,1,0,0,0,0,0
823129,623211,5,3,2,1,0,0,1
823129,804636,10,5,4,2,0,4,1
823129,672335,6,2,1,0,0,3,1
823129,621345,3,1,0,1,0,1,0
823439,661395,3,1,0,0,0,0,0
823439,686751,4,1,0,2,0,2,0
823439,641835,3,4,1,0,0,1,0
823439,676661,5,1,0,2,0,1,0
823439,660604,12,7,5,3,1,4,1
823439,623211,3,0,0,1,0,2,0
823439,672335,3,1,0,0,0,2,0
823439,621345,3,3,1,0,0,0,1
823439,690997,18,2,0,2,0,10,0
823761,701656,15,5,2,0,0,9,2
823761,682842,3,2,0,0,0,2,0
823761,676879,6,0,0,1,0,4,0
823761,656730,3,1,1,1,0,0,0
823761,623211,4,1,1,0,0,0,0
823761,650960,4,0,0,1,0,1,0
823761,672335,2,2,0,0,0,1,0
823761,621345,3,1,0,1,0,1,0
823761,681035,11,4,3,3,0,6,0
823107,678606,2,2,2,0,0,1,1
823107,669923,21,5,0,1,0,3,0
823107,662253,3,2,1,1,0,2,1
823107,660825,1,2,2,0,0,0,1
823107,671737,18,7,3,4,0,2,0
823107,696070,3,2,3,1,0,1,1
823107,621345,3,2,0,0,0,1,0
823107,672782,1,3,1,0,0,1,0
824082,702070,24,3,1,1,1,9,0
824082,674444,3,0,0,0,0,1,0
824082,665152,15,3,1,2,0,2,0
824082,667297,3,1,0,0,0,0,0
824082,656546,3,0,0,0,0,2,0
824082,621345,3,1,1,0,0,0,1
823750,675660,15,9,6,4,0,4,2
823750,622608,3,3,2,0,0,1,0
823750,669060,9,1,0,0,0,2,0
823750,667297,2,1,0,0,0,1,0
823750,656546,3,0,0,2,1,2,0
823750,621345,1,0,0,0,0,1,0
823750,672782,3,0,0,0,0,1,0
823750,805673,15,7,3,2,0,4,1
823750,702193,3,1,0,1,0,0,0
823671,656546,3,1,1,1,0,0,0
823671,621345,3,1,0,0,0,0,0
823671,687570,15,8,8,4,0,6,1
823671,681892,3,2,0,0,0,1,0
823671,702193,3,1,0,1,0,1,0
823671,666200,20,7,1,2,0,9,0
823671,663767,3,1,0,1,0,2,0
823671,686934,4,1,0,1,0,3,0
823667,621345,3,0,0,0,0,0,0
823667,681892,1,0,0,0,0,1,0
823667,672782,3,1,0,0,0,1,0
823667,805673,17,5,1,1,0,4,1
823667,702193,3,0,0,0,0,1,0
823667,689266,2,1,1,0,0,1,0
823667,800311,2,3,1,0,0,1,0
823667,641816,20,6,2,1,0,3,1
823751,682842,3,0,0,2,0,0,0
823751,676879,3,1,0,1,0,3,0
823751,694819,18,4,3,1,0,9,2
823751,669084,3,0,0,0,0,1,0
823751,656730,3,0,0,0,0,2,0
823751,667297,3,1,0,0,0,1,0
823751,621345,4,1,0,1,0,0,0
823751,687570,15,5,3,2,0,7,2
823751,681892,3,0,0,1,0,2,0
823751,672782,1,1,0,1,0,1,0
823751,702193,2,0,0,2,0,0,0
823664,667297,3,1,0,0,0,3,0
823664,671737,15,2,1,3,0,7,0
823664,656546,3,1,0,0,0,3,0
823664,621345,2,0,0,1,0,0,0
823664,681892,1,3,3,0,0,0,0
823664,672782,3,0,0,0,0,1,0
823664,689266,2,1,0,0,0,1,0
823664,669276,2,2,1,1,0,0,0
823664,700363,13,5,4,3,0,3,0
823664,682989,4,2,1,0,0,0,0
823664,678061,3,0,0,0,0,0,0
823241,664141,1,0,0,0,0,0,0
823241,641816,12,5,2,1,0,5,0
823241,676254,3,0,0,0,0,1,0
823241,676775,3,0,0,0,0,1,0
823241,621366,3,1,1,0,0,1,1
823241,669062,2,1,0,1,0,1,0
823241,657424,3,0,0,0,0,1,0
823241,657612,4,1,0,0,0,1,0
823241,687396,2,1,0,0,0,1,0
823241,701542,13,5,1,2,0,3,0
823241,656234,5,1,0,0,0,2,0
823241,670280,3,1,0,1,0,1,0
823236,676254,3,0,0,0,0,2,0
823236,676775,1,0,0,0,0,1,0
823236,621366,3,1,0,0,0,1,0
823236,669062,3,1,0,1,0,1,0
823236,694738,15,1,1,5,0,7,0
823236,657424,2,0,0,1,0,0,0
823236,656945,3,0,0,1,0,1,0
823236,808967,21,6,3,2,0,7,0
823224,664141,2,4,3,0,0,1,0
823224,676254,2,3,2,1,0,1,0
823224,666619,4,2,0,1,0,0,0
823224,621366,2,2,1,0,0,0,0
823224,683766,3,5,3,0,0,0,0
823224,694738,12,3,1,3,0,8,0
823224,657424,2,1,0,0,0,1,0
823224,681895,3,0,0,0,0,1,0
823224,676742,3,1,2,3,1,0,0
823224,677952,21,6,1,0,0,6,1
823950,681911,3,0,0,1,0,1,0
823950,683618,3,0,0,0,0,1,0
823950,656945,3,0,0,0,0,2,0
823950,686218,18,2,2,2,1,6,1
823950,664141,3,0,0,1,0,1,0
823950,621366,4,0,0,0,0,0,0
823950,694738,16,6,4,2,0,7,1
823950,657424,1,2,1,1,0,1,0
822988,668984,3,0,0,0,0,1,0
822988,664076,3,1,0,0,0,1,0
822988,687330,4,1,0,0,0,1,0
822988,669947,9,4,1,0,0,3,0
822988,643377,8,1,0,1,0,2,0
822988,666619,5,1,0,2,0,1,0
822988,621366,4,0,0,0,0,1,0
822988,694738,13,8,4,2,0,6,0
822988,657424,2,0,0,1,0,0,0
825009,660761,3,2,0,0,0,1,0
825009,669270,3,1,0,0,0,2,0
825009,650644,15,6,2,1,0,2,2
825009,663687,3,1,0,0,0,1,0
825009,665622,3,0,0,1,0,1,0
825009,641816,15,10,5,1,0,6,1
825009,621366,3,0,0,0,1,1,0
825009,656529,3,0,0,0,0,1,0
825009,663941,3,0,0,0,0,1,0
823223,664141,9,0,0,2,0,1,0
823223,686790,11,3,7,1,2,4,0
823223,621366,4,2,1,1,1,2,0
823223,669062,3,0,0,1,0,2,0
823223,663436,17,6,4,2,0,7,0
823223,685126,3,0,0,1,0,2,0
823223,670950,3,0,0,0,0,2,0
823223,699823,4,1,0,0,0,1,0
823221,681916,2,0,0,1,0,0,0
823221,641816,17,5,4,2,0,8,2
823221,676775,3,1,0,0,0,0,0
823221,668873,3,0,0,2,0,0,0
823221,621366,6,0,0,2,0,1,0
823221,656529,1,0,0,1,0,0,0
823221,666711,4,1,1,1,1,0,0
823221,642397,4,0,0,0,0,1,0
823221,682254,5,0,0,0,0,1,0
823221,670990,6,1,1,3,2,2,0
823221,676755,1,3,2,0,0,0,0
823221,696149,15,5,2,1,0,3,1
823221,642701,2,2,0,0,0,0,0
823221,664875,1,2,0,1,0,1,0
824131,668674,3,3,2,1,0,1,0
824131,663460,15,4,4,3,0,8,1
824131,621381,3,2,2,1,0,1,0
824131,683232,3,1,0,1,0,0,0
824131,674444,3,0,0,2,0,1,0
824131,682842,1,2,1,0,0,1,0
824131,681982,2,2,2,1,0,1,0
824131,690986,16,3,2,2,1,6,1
824131,672582,5,1,0,1,0,1,0
824131,656730,3,1,0,0,0,0,0
824128,668674,3,0,0,0,0,0,0
824128,663460,21,2,0,1,0,11,0
824128,621381,3,0,0,0,0,0,0
824128,701474,3,0,0,1,0,0,0
824128,663436,21,7,2,0,0,3,1
824127,668674,3,0,0,1,0,0,0
824127,663460,18,5,3,3,0,3,1
824127,621381,3,3,2,1,0,1,1
824127,683232,3,0,0,0,0,0,0
824127,670329,3,1,1,0,0,2,1
824127,669358,19,8,4,2,0,4,0
824127,664854,1,0,1,2,0,1,0
824127,664991,2,1,0,0,0,0,0
823146,693433,18,7,6,0,0,2,2
823146,678606,3,3,1,0,0,1,0
823146,695380,3,0,0,0,0,3,0
823146,677961,3,0,0,2,0,1,0
823146,666142,16,4,4,3,0,8,3
823146,668674,3,0,0,0,0,1,0
823146,621381,3,0,0,1,0,2,0
823146,683232,2,0,0,1,0,0,0
823146,663738,3,2,2,0,0,2,1
824085,679883,19,5,2,1,1,7,0
824085,621381,2,0,0,0,0,1,0
824085,656638,3,0,0,1,0,2,0
824085,670167,3,0,0,1,0,0,0
824085,681916,3,1,0,1,0,2,0
824085,641816,15,5,3,1,1,4,1
824085,676775,2,1,0,0,0,0,0
824085,668873,3,0,0,0,0,0,0
824085,656529,1,1,0,0,1,1,0
824580,641743,11,7,3,1,1,2,0
824580,670950,4,0,0,0,0,1,0
824580,622554,3,1,0,0,0,2,0
824580,669684,2,1,0,0,0,0,0
824580,663542,3,2,0,1,0,1,0
824580,663855,4,0,0,0,0,2,0
824580,679883,12,6,4,3,0,4,1
824580,668674,3,0,0,1,0,0,0
824580,621381,3,0,0,0,0,0,0
824580,694360,3,1,0,1,0,1,0
824580,656638,3,0,0,0,0,0,0
824580,674444,3,0,0,0,0,1,0
822721,676571,3,1,0,1,0,0,0
822721,641793,15,7,4,2,0,2,4
822721,680730,6,4,2,1,0,0,0
822721,687606,3,1,0,0,0,1,0
822721,679883,17,3,1,1,0,5,0
822721,668674,3,0,0,0,0,1,0
822721,621381,1,2,1,0,0,0,0
822721,656638,3,0,0,0,1,0,0
822721,670167,3,1,0,0,0,0,0
824100,621381,1,1,2,0,1,0,1
824100,663738,3,0,0,0,0,0,0
824100,702070,13,7,4,0,0,1,2
824100,656638,5,1,1,1,0,1,0
824100,670167,5,2,1,0,0,3,1
824100,650556,3,1,0,0,0,0,0
824100,695001,5,1,0,0,0,0,0
824100,660853,1,2,2,1,0,0,0
824100,681347,15,7,4,2,0,5,1
824100,687911,3,0,0,0,0,1,0
824246,664285,15,4,2,3,1,4,1
824246,680744,5,0,0,1,0,1,0
824246,805427,4,2,2,0,0,2,1
824246,669724,3,0,0,1,0,1,0
824246,679883,13,4,3,4,0,2,0
824246,668674,3,1,0,0,0,0,0
824246,621381,2,2,1,0,0,1,0
824246,663878,3,0,0,1,0,0,0
824246,674444,3,1,0,1,0,2,0
824246,670167,3,1,0,1,0,0,0
824326,663372,18,8,4,1,0,3,2
824326,680767,3,1,0,0,0,1,0
824326,623474,3,2,2,0,0,1,1
824326,675848,3,1,0,0,0,1,0
824326,679883,8,4,6,3,0,2,1
824326,668674,3,4,3,1,0,1,0
824326,621381,3,1,1,0,0,1,1
824326,668834,4,5,1,0,0,1,0
824326,656638,6,2,1,1,0,3,1
823482,666200,14,5,5,3,0,8,0
823482,689147,3,1,0,0,0,0,0
823482,680742,4,0,0,0,0,1,0
823482,621383,3,1,0,0,0,1,0
823482,641745,3,0,0,0,0,0,0
823482,666661,4,1,0,0,0,3,0
823482,642528,3,0,0,0,0,3,0
823482,623149,3,1,0,0,0,0,0
823482,647336,17,5,4,2,2,10,1
823485,661395,3,1,0,0,0,2,0
823485,621383,5,3,1,0,0,2,0
823485,641745,3,0,0,1,0,0,0
823485,691725,16,4,1,1,0,8,0
823485,686610,6,1,0,0,0,0,0
823485,676571,3,0,0,0,0,1,0
823485,641793,15,6,3,2,0,1,2
823459,680742,3,1,1,0,0,1,1
823459,641835,2,1,0,0,0,0,0
823459,621383,3,1,0,0,0,1,0
823459,691725,19,6,2,2,0,3,0
823459,670059,1,0,0,1,0,0,0
823459,671922,3,0,0,0,0,1,0
823459,800048,17,5,0,2,0,6,0
823459,683769,4,0,0,0,0,2,0
823459,682120,2,1,1,1,0,1,0
823876,676974,21,1,0,1,0,7,0
823876,669622,3,0,0,0,0,2,0
823876,677053,3,0,0,0,0,1,0
823876,670950,6,1,0,2,0,2,0
823876,621383,3,2,1,1,0,1,0
823876,691725,15,7,3,3,0,7,1
823472,650911,20,4,2,3,0,7,0
823472,689147,2,2,0,0,0,0,0
823472,663767,1,0,0,0,0,1,0
823472,621383,4,2,0,0,0,2,0
823472,657277,21,7,1,2,0,6,1
823472,676254,2,3,2,0,0,1,0
823472,669062,3,0,0,0,0,1,0
823944,683618,3,0,0,1,0,1,0
823944,694361,2,0,0,1,0,0,0
823944,642546,6,1,1,0,0,1,1
823944,808967,16,4,0,2,1,10,0
823944,663767,5,2,2,0,0,2,1
823944,676510,4,1,1,2,0,0,0
823944,621383,5,3,2,1,0,2,0
823944,691725,10,7,4,1,0,3,2
823454,663767,3,0,0,1,0,3,0
823454,641835,3,1,0,0,0,1,0
823454,621383,7,1,0,0,0,2,0
823454,691725,14,8,6,2,1,4,2
823454,685126,4,1,0,0,0,2,0
823454,691799,3,0,0,0,0,3,0
823454,680732,13,3,3,5,0,7,2
823454,656794,7,1,0,0,0,3,0
823778,694819,27,1,0,0,0,15,0
823778,663767,3,1,0,0,0,1,0
823778,641835,3,1,0,0,0,2,0
823778,621383,3,1,1,2,0,2,0
823778,691725,15,6,5,3,0,3,1
823451,666200,21,5,2,2,0,9,1
823451,621383,3,1,0,0,0,1,0
823451,676661,3,1,0,0,0,2,0
823451,669199,3,0,0,0,0,0,0
823451,663969,12,6,8,3,0,4,3
823451,667463,3,0,0,0,0,1,0
823451,690978,6,0,0,1,0,2,0
823777,682842,3,1,0,0,0,0,0
823777,690986,18,3,0,0,1,3,0
823777,676879,6,0,0,0,0,3,0
823777,650911,17,8,4,1,0,3,2
823777,663767,4,1,0,0,0,1,0
823777,621383,3,1,0,0,0,1,0
824680,681799,5,3,1,1,0,0,0
824680,684007,13,9,8,3,0,2,2
824680,621389,9,1,0,0,0,2,0
824680,675660,13,4,0,0,0,5,0
824680,687075,14,3,3,3,1,5,1
824519,622088,6,2,1,0,0,2,0
824519,663574,3,1,1,0,0,0,1
824519,668933,3,0,0,1,0,1,0
824519,666157,12,6,5,3,1,6,1
824519,656271,6,1,0,0,0,1,0
824519,663992,3,1,0,1,0,0,0
824519,676571,3,1,0,1,0,1,0
824519,663623,9,4,5,4,1,4,1
824519,687377,3,0,0,0,0,1,0
824519,681402,3,1,0,0,0,0,0
824519,680730,9,0,0,1,0,2,0
824436,676051,6,3,1,1,0,2,0
824436,668909,18,8,2,0,0,7,1
824436,682120,3,0,0,1,0,3,0
824436,622088,3,1,2,0,1,1,1
824436,663903,12,7,5,1,0,6,3
824436,683175,6,3,2,2,0,1,1
824436,656271,3,1,1,1,0,1,1
824509,622088,2,1,0,0,0,1,0
824509,663574,1,3,3,1,0,0,1
824509,657571,4,0,0,0,0,1,0
824509,685112,2,1,0,1,0,2,0
824509,695505,18,4,2,1,0,9,1
824509,663568,21,6,2,2,0,8,1
824509,663738,3,1,0,0,0,1,0
824509,656638,3,1,0,1,0,2,0
823532,642232,3,5,4,0,0,2,0
823532,680474,3,1,0,1,0,0,0
823532,657612,1,0,0,0,0,0,0
823532,701542,17,8,2,2,0,8,1
823532,656234,3,1,0,0,0,0,0
823532,622088,6,0,0,0,0,1,0
823532,695534,3,1,0,0,0,1,0
823532,656271,3,2,1,0,0,0,0
823532,671096,15,5,1,3,0,6,1
824497,641941,3,1,1,2,0,1,0
824497,622088,3,0,0,0,0,2,0
824497,666157,18,6,1,2,0,4,0
824497,656271,3,0,0,0,0,0,0
824497,670329,1,0,0,0,0,0,0
824497,680694,23,5,3,1,0,5,1
824332,680767,3,1,0,0,0,1,0
824332,623474,2,2,2,0,0,1,2
824332,687312,16,5,2,2,0,6,0
824332,676105,6,3,2,1,0,1,2
824332,622088,3,1,0,0,0,1,0
824332,663903,21,4,2,0,0,6,1
824332,656271,3,1,0,0,1,1,0
824489,641941,3,1,0,0,0,2,0
824489,622088,4,0,0,0,1,2,0
824489,683742,11,1,0,2,0,2,0
824489,657571,5,1,0,1,0,1,0
824489,670062,4,0,0,1,1,0,0
824489,682982,3,0,0,1,0,3,0
824489,668909,21,3,2,1,0,12,1
824488,641941,3,1,0,0,0,2,0
824488,622088,3,1,0,0,0,1,0
824488,695076,18,5,2,0,0,5,1
824488,656271,3,0,0,2,1,2,0
824488,642397,2,1,1,2,0,1,0
824488,682254,3,0,0,0,0,2,0
824488,670990,6,1,0,1,0,4,0
824488,668716,6,2,0,3,0,3,0
824488,682995,9,5,2,3,0,2,0
824483,685112,3,0,0,0,0,0,0
824483,622088,3,2,1,1,0,2,0
824483,656271,3,0,0,0,0,2,0
824483,695505,18,2,1,2,1,9,0
824483,656605,6,6,7,4,0,2,2
824483,670990,6,0,0,2,0,3,0
824483,668716,3,1,0,0,0,1,0
824483,666808,3,1,1,0,0,1,1
824483,676760,6,2,2,1,1,2,0
824482,641941,3,0,0,0,0,1,0
824482,622088,2,0,0,0,0,0,0
824482,695076,18,4,2,2,0,3,1
824482,656271,4,0,0,0,0,3,0
824482,660761,1,0,0,0,0,0,0
824482,656240,6,0,0,0,0,1,0
824482,682052,15,4,2,1,0,9,1
824482,696522,2,2,1,0,0,1,0
824477,622088,2,2,1,2,0,0,1
824477,666157,15,3,0,2,0,2,0
824477,676760,4,2,5,3,1,2,1
824477,670062,6,1,0,0,0,4,0
824477,694795,3,0,0,0,0,1,0
824477,676604,3,1,0,0,0,1,0
824477,656848,3,1,1,0,0,1,1
824477,691587,18,2,0,5,0,5,0
831450,669622,3,2,1,0,0,1,0
831450,664126,3,0,0,0,0,1,0
831450,663969,3,1,0,1,0,2,0
831450,676534,3,0,0,0,0,1,0
831450,663978,12,2,1,0,0,3,0
831450,677053,3,0,0,1,0,1,0
831450,622098,3,0,0,0,0,2,0
831450,672335,3,0,0,0,0,1,0
831450,687377,3,1,0,1,0,0,0
831450,656492,15,5,3,2,0,5,0
823145,689546,3,1,0,1,0,1,0
823145,695380,3,1,0,0,0,1,0
823145,677961,3,0,0,2,0,0,0
823145,622491,18,6,4,2,1,5,0
823145,663460,21,4,1,2,0,7,0
823145,663738,4,0,0,0,0,3,0
823145,670167,2,0,0,1,0,0,0
824606,641743,15,3,0,2,0,5,0
824606,691799,6,0,0,1,0,3,0
824606,805326,3,0,0,0,0,0,0
824606,663542,3,1,0,1,0,1,0
824606,689546,3,1,0,0,0,0,0
824606,660761,6,2,1,2,1,3,0
824606,622491,12,5,4,0,1,6,2
824606,681006,3,1,1,0,0,1,1
824196,675989,10,3,1,2,0,2,0
824196,681347,17,8,7,3,0,4,2
824196,689546,4,0,0,1,0,0,0
824196,682445,6,1,0,1,0,2,0
824196,622491,17,4,3,3,0,6,1
825005,669270,1,0,0,0,0,1,0
825005,650644,12,9,7,1,0,2,3
825005,678022,14,3,2,0,0,7,1
825005,622491,12,2,0,2,0,6,0
825005,682243,15,5,2,0,0,4,1
824268,623454,3,2,0,0,0,2,0
824268,663947,1,1,0,0,0,0,0
824268,640448,3,1,1,1,0,0,0
824268,656427,15,6,3,1,0,7,0
824268,805427,2,0,0,1,1,1,0
824268,676684,3,1,0,0,1,1,0
824268,678606,1,0,0,2,0,0,0
824268,622491,17,2,1,1,0,5,1
824268,681867,0,3,2,0,0,0,0
824268,662253,2,1,2,2,0,0,0
824268,642100,3,0,0,0,0,1,0
824268,660825,3,0,0,0,0,1,0
823136,678606,1,0,0,0,0,1,0
823136,622491,7,1,2,2,1,4,0
823136,662253,2,2,0,0,0,2,0
823136,682243,17,1,0,1,0,7,0
823136,641743,16,1,1,3,2,5,0
823136,691799,3,0,0,0,0,3,0
823136,663542,3,0,0,0,0,1,0
823136,699823,5,0,0,1,0,4,0
822725,663992,2,3,0,1,0,0,0
822725,676571,2,0,0,1,0,1,0
822725,695418,6,0,0,1,0,2,0
822725,676917,15,4,3,0,1,5,1
822725,687377,2,1,0,0,0,0,0
822725,678606,1,2,3,1,0,0,0
822725,695380,3,0,0,0,0,2,0
822725,622491,17,7,2,2,0,4,1
822725,642100,1,0,0,0,0,0,0
822725,660825,2,1,0,0,0,1,0
824423,670036,3,2,0,0,0,1,0
824423,676282,18,2,1,2,0,9,1
824423,682982,1,1,1,2,0,1,0
824423,683769,2,0,0,0,0,2,0
824423,682120,3,1,1,2,0,0,0
824423,678606,3,0,0,0,0,1,0
824423,622491,18,4,1,1,0,4,0
824423,662253,3,0,0,0,0,2,0
824423,642100,3,0,0,0,0,0,0
824641,684007,18,2,3,3,1,10,1
824641,657097,3,0,0,2,0,2,0
824641,666171,3,2,2,1,0,1,1
824641,656849,4,0,0,1,0,1,0
824641,669020,2,0,0,1,0,0,0
824641,805326,5,2,0,1,0,2,0
824641,670950,4,2,0,0,0,1,0
824641,696146,0,1,1,0,0,0,1
824641,622491,14,8,3,1,0,1,2
824641,663855,4,1,1,3,0,2,0
823811,694477,13,5,1,1,0,4,1
823811,682842,3,0,0,0,0,2,0
823811,676879,5,0,0,2,0,4,0
823811,669084,3,0,0,1,0,1,0
823811,672582,3,2,0,0,0,0,0
823811,699151,1,0,0,0,0,0,0
823811,691799,3,2,1,1,0,1,0
823811,622554,3,1,0,0,0,0,0
823811,669684,3,0,0,1,0,1,0
823811,680732,12,7,3,1,0,5,0
823811,663542,2,2,1,2,0,2,0
823810,681982,6,1,0,1,0,3,0
823810,687075,9,6,7,4,0,3,3
823810,663765,6,1,0,0,0,1,0
823810,657649,3,0,0,0,0,3,0
823810,656730,3,1,0,0,0,2,0
823810,641743,14,3,2,4,0,5,1
823810,691799,3,1,0,1,0,3,0
823810,622554,1,2,2,1,0,0,1
823810,669684,1,3,4,1,0,1,0
823810,673929,4,2,1,0,0,2,0
823810,663855,1,0,0,0,0,1,0
824621,691799,3,0,0,0,0,1,0
824621,622554,4,0,0,0,0,2,0
824621,673929,3,2,2,1,0,1,1
824621,680732,18,4,1,0,0,7,0
824621,656794,2,1,0,0,0,0,0
824621,686973,3,1,0,0,0,1,0
824621,663893,3,0,0,0,0,1,0
824621,656546,2,2,0,0,0,1,0
824621,656302,13,5,2,3,0,6,0
824621,680755,5,2,0,0,0,3,0
824621,643511,3,1,0,1,0,0,0
824622,641743,13,3,2,2,0,0,1
824622,691799,3,0,0,0,0,1,0
824622,622554,3,1,0,1,0,1,0
824622,669684,3,2,1,0,0,0,0
824622,656794,1,0,0,1,0,0,0
824622,663855,4,0,0,1,0,0,0
824622,667297,5,0,0,0,0,1,0
824622,663893,1,3,3,0,0,1,2
824622,689254,3,2,1,1,0,0,0
824622,680755,3,2,0,1,0,1,0
824622,681751,12,0,0,2,0,3,0
825096,666661,4,1,0,0,0,2,0
825096,656464,5,1,0,0,0,2,0
825096,642528,1,0,0,0,0,0,0
825096,623149,2,1,3,2,0,0,1
825096,647336,15,7,1,1,0,6,0
825096,663436,19,6,1,1,0,7,0
825096,691799,5,2,0,0,0,3,0
825096,622554,3,0,0,0,0,2,0
824612,622554,3,1,1,0,0,0,1
824612,680732,22,3,0,0,0,4,0
824612,663542,3,0,0,0,0,1,0
824612,656794,2,0,0,1,0,0,0
824612,663992,3,1,0,1,0,2,0
824612,681402,3,0,0,0,0,1,0
824612,687606,3,1,0,0,0,2,0
824612,656492,21,2,0,2,1,8,0
824607,670950,3,3,3,0,0,1,1
824607,622554,3,0,0,0,0,2,0
824607,680732,13,6,6,2,2,4,2
824607,656794,5,1,0,0,1,0,0
824607,699823,3,2,3,1,0,0,1
824607,695380,3,3,2,0,1,1,0
824607,681006,3,1,1,0,0,2,1
824607,660825,3,1,0,0,0,0,0
824607,676106,18,5,5,3,0,4,1
824605,663436,18,3,1,2,1,9,0
824605,622554,3,2,0,1,0,1,0
824605,663542,3,1,0,0,0,1,0
824605,656794,3,1,0,0,0,1,0
824605,678606,3,2,0,0,1,0,0
824605,669302,18,1,0,0,0,9,0
824605,660825,3,2,2,1,0,1,1
824598,641743,18,5,1,1,1,5,1
824598,691799,3,1,0,0,0,1,0
824598,622554,3,1,0,0,0,2,0
824598,663542,3,0,0,0,0,0,0
824598,680573,6,1,0,1,0,1,0
824598,805673,18,5,3,1,1,6,2
824593,641743,15,6,1,1,0,3,1
824593,691799,6,0,0,0,0,4,0
824593,670950,3,1,0,0,0,1,0
824593,622554,3,0,0,0,0,1,0
824593,664285,20,6,4,2,0,4,1
824593,689225,4,3,3,0,0,3,2
823455,666200,18,7,5,2,1,2,3
823455,661395,3,0,0,0,0,2,0
823455,680742,3,2,0,0,0,2,0
823455,641745,3,1,0,0,0,0,0
823455,641743,12,7,6,2,0,4,2
823455,685126,3,0,0,0,0,2,0
823455,670950,3,1,0,0,0,0,0
823455,622554,1,0,0,1,0,1,0
823455,663542,2,2,2,1,0,0,0
823455,699823,3,1,0,0,0,0,0
824260,640448,3,0,0,0,0,1,0
824260,805427,3,0,0,0,0,3,0
824260,672456,21,6,3,0,0,3,1
824260,676684,3,0,0,0,0,0,0
824260,663436,18,5,1,3,0,4,0
824260,685126,0,2,1,0,0,0,0
824260,691799,3,1,1,1,0,1,1
824260,622554,3,3,1,0,0,1,0
824260,663542,3,1,0,0,0,1,0
824260,663855,0,1,0,0,0,0,0
824417,670059,3,0,0,0,0,1,0
824417,680916,4,0,0,0,0,1,0
824417,671922,3,0,0,0,0,0,0
824417,681870,3,0,0,0,0,2,0
824417,668909,14,5,3,2,0,6,1
824417,683769,3,1,0,0,0,1,0
824417,641743,12,1,1,2,0,2,0
824417,670950,6,0,0,1,0,3,0
824417,622554,1,0,2,2,0,1,0
824417,669684,3,0,0,0,0,2,0
824417,663542,2,2,0,0,0,2,0
824417,656794,0,2,0,0,0,0,0
824417,663855,3,1,0,0,0,3,0
824578,663436,12,6,5,2,0,2,0
824578,670950,6,3,0,0,0,4,0
824578,622554,3,0,0,1,0,1,0
824578,669684,3,1,0,0,1,2,0
824578,663542,3,0,0,0,1,2,0
824578,687562,21,4,0,1,0,4,0
824578,669711,3,0,0,0,0,0,0
824578,663558,3,0,0,0,0,2,0
824574,805326,6,2,0,0,0,0,0
824574,622554,3,0,0,0,0,1,0
824574,702273,15,4,1,0,1,4,1
824574,663855,3,0,0,0,0,3,0
824574,669372,13,6,8,3,1,7,2
824574,686993,3,1,0,0,0,0,0
824574,660761,5,2,0,0,0,1,0
824574,643410,3,0,0,0,0,1,0
823103,678606,3,1,0,0,1,0,0
823103,669302,20,4,2,4,0,6,2
823103,622554,3,1,0,1,0,2,0
823103,660825,1,0,0,0,0,0,0
823103,664076,1,1,0,0,1,0,0
823103,687330,2,0,0,0,0,1,0
823103,641329,3,1,1,0,0,3,1
823103,656876,21,2,0,2,0,8,0
824157,669713,12,7,5,1,0,6,0
824157,669854,12,7,5,1,0,3,1
824157,687911,3,1,0,0,0,1,0
824157,678606,3,2,2,0,0,0,1
824157,622554,3,1,1,0,0,0,0
824157,676106,21,5,2,2,0,8,1
823748,681982,3,0,0,1,0,3,0
823748,669084,9,0,0,2,0,3,0
823748,622608,3,1,0,0,0,2,0
823748,669060,6,2,0,0,0,2,0
823748,669160,6,7,7,2,1,1,0
823748,678606,3,1,0,0,0,2,0
823748,669302,15,4,3,4,0,5,1
823748,622554,2,2,2,1,0,0,0
823748,662253,3,0,0,0,0,1,0
823748,642100,1,0,0,0,0,0,0
823748,660825,3,1,0,0,0,2,0
823928,681911,2,1,0,1,0,2,0
823928,683618,1,0,0,0,0,0,0
823928,656945,3,0,0,0,0,2,0
823928,676263,3,0,0,0,0,1,0
823928,808963,18,4,3,1,0,5,2
823928,657514,3,0,0,0,0,0,0
823928,687312,18,4,3,2,0,7,0
823928,622608,3,3,1,0,0,2,0
824350,663372,18,1,1,2,1,4,0
824350,657514,1,0,0,0,0,0,0
824350,675848,1,3,3,2,0,1,0
824350,678020,2,0,0,1,0,1,0
824350,622608,5,4,3,0,0,4,0
824350,677955,3,0,0,1,0,1,0
824350,684974,6,0,0,2,0,3,0
824350,702153,3,0,0,0,0,1,0
824350,676879,3,1,1,1,1,1,0
824350,687075,15,7,3,2,0,2,1
824350,656730,3,3,2,1,0,1,0
824339,680767,4,2,1,0,0,0,1
824339,807743,14,6,5,2,1,5,1
824339,688642,7,1,0,1,0,1,0
824339,622608,2,4,4,1,0,0,0
824339,664126,3,2,1,0,0,1,0
824339,645261,17,7,5,5,0,3,0
824339,676534,3,0,0,0,0,0,0
824339,656848,4,1,1,0,0,1,1
823753,694477,3,0,0,1,0,2,0
823753,682842,3,0,0,0,0,0,0
823753,690986,15,1,0,1,0,10,0
823753,669084,2,2,2,1,0,0,1
823753,622608,1,0,0,0,0,1,0
823753,656730,3,0,0,0,0,1,0
823753,694973,15,2,3,4,0,6,0
823753,669199,6,2,1,1,0,2,1
823753,681895,3,0,0,1,0,2,0
823914,680736,18,4,4,1,1,6,2
823914,642546,9,1,0,1,0,4,0
823914,676879,6,0,0,1,0,2,0
823914,694819,18,5,1,1,0,6,0
823914,622608,3,0,0,0,0,0,0
823361,694973,18,8,2,1,0,4,0
823361,669387,6,0,0,0,0,2,0
823361,676702,3,3,2,0,0,0,0
823361,622761,3,3,1,1,0,0,0
823361,671162,11,5,4,1,0,2,1
823361,694462,10,6,7,5,1,2,2
825104,666661,3,0,0,0,0,1,0
825104,642528,3,0,0,0,0,0,0
825104,623149,3,0,0,0,0,2,0
825104,647336,15,4,1,3,1,3,0
825104,664199,3,0,0,0,0,1,0
825104,641755,3,0,0,0,0,1,0
825104,693821,21,4,0,1,0,8,0
825090,623149,3,0,0,1,0,0,0
825090,668678,18,6,4,2,1,5,2
825090,657044,3,0,0,0,0,2,0
825090,805299,3,1,0,0,0,1,0
825090,642397,3,0,0,0,0,1,0
825090,682254,2,1,0,1,0,0,0
825090,656605,18,4,2,2,0,4,1
825090,676755,1,0,0,0,0,1,0
825090,642701,3,0,0,1,0,0,0
823217,686790,19,6,2,2,1,6,0
823217,668873,6,0,0,0,0,1,0
823217,657424,2,0,0,0,0,1,0
823217,656464,3,2,0,0,0,0,0
823217,623149,3,0,0,0,0,1,0
823217,647336,18,4,2,0,0,3,0
823217,657044,2,0,0,1,0,0,0
823217,805299,1,0,0,0,0,1,0
825076,669194,21,5,2,2,0,3,0
825076,623149,3,1,0,0,0,2,0
825076,805299,3,0,0,0,0,0,0
825076,681911,2,1,0,0,0,0,0
825076,656945,1,1,1,0,0,1,1
825076,669165,3,1,0,0,0,2,0
825076,694361,1,2,2,1,0,1,1
825076,680736,18,6,0,0,0,4,0
825071,642528,3,0,0,0,0,0,0
825071,669194,21,9,2,0,1,5,1
825071,623149,3,1,1,0,0,2,1
825071,820862,3,1,0,1,0,0,0
825071,700712,21,7,3,2,1,3,1
825062,666661,3,0,0,0,0,1,0
825062,703615,10,6,3,3,0,3,1
825062,656464,3,1,0,0,0,1,0
825062,642528,5,1,0,0,0,1,0
825062,623149,3,1,0,0,0,0,0
825062,664199,3,0,0,0,0,1,0
825062,657044,3,2,2,1,1,2,0
825062,805299,3,1,0,1,0,1,0
825062,694477,10,1,0,0,0,2,0
825062,682842,3,1,0,0,0,1,0
825062,681982,6,1,0,1,0,1,0
825062,690986,8,5,3,1,0,3,0
825062,676879,3,0,0,1,0,0,0
825062,656730,3,1,0,0,0,0,0
825069,686753,5,3,1,2,0,1,0
825069,656464,3,2,2,1,0,1,2
825069,642528,4,0,0,0,0,0,0
825069,623149,3,0,0,1,0,1,0
825069,647336,3,2,0,0,0,0,0
825069,664199,3,1,1,0,0,0,1
825069,657044,3,2,1,0,0,1,0
825069,805299,3,0,0,1,0,2,0
825069,689520,2,0,0,0,0,0,0
825069,687570,18,9,3,3,0,4,1
825069,701519,4,4,3,1,0,4,0
825059,694297,16,6,2,0,1,3,0
825059,656464,3,0,0,1,0,1,0
825059,642528,2,1,0,1,0,1,0
825059,623149,3,1,1,0,0,2,1
825059,657044,2,0,0,0,0,0,0
825059,805299,1,0,0,0,0,0,0
825059,694335,3,0,0,0,0,0,0
825059,700669,3,0,0,0,0,2,0
825059,677865,3,0,0,1,0,0,0
825059,669160,15,8,5,4,0,6,0
825056,666661,3,0,0,1,0,2,0
825056,656464,3,0,0,0,0,0,0
825056,623149,3,2,2,0,0,2,1
825056,684442,15,4,1,2,1,5,0
825056,664199,3,0,0,0,0,0,0
825056,657044,3,3,1,0,0,0,1
825056,664129,1,0,1,2,0,0,0
825056,660761,2,0,0,0,0,2,0
825056,669620,3,1,0,0,0,0,0
825056,665660,3,0,0,2,0,1,0
825056,663687,3,1,0,0,0,0,0
825056,665622,1,2,1,2,0,1,0
825056,678022,15,5,3,1,0,4,1
823350,685126,7,3,0,0,0,2,0
823350,642397,3,0,0,0,1,2,0
823350,676755,5,3,1,1,0,3,0
823350,696149,12,7,3,1,0,3,0
823350,696062,6,2,0,1,0,0,0
823350,676760,3,0,0,0,0,1,0
823350,666661,2,1,0,0,0,1,0
823350,694297,21,6,0,1,0,4,0
823350,672629,6,0,0,1,0,3,0
823350,656464,3,0,0,0,0,0,0
823350,623149,1,3,3,0,0,0,2
823350,657044,2,4,3,1,0,1,0
823350,805299,1,0,0,0,0,1,0
823622,681810,3,1,0,1,0,2,0
823622,623211,3,0,0,0,0,3,0
823622,642207,3,0,0,0,0,1,0
823622,672335,3,0,0,0,0,1,0
823622,681035,15,5,1,2,0,8,0
823622,669199,6,4,3,1,0,2,2
823622,687531,3,0,0,0,0,0,0
823622,663969,15,6,3,1,0,2,0
824405,702021,3,1,1,0,0,0,1
824405,670059,5,2,0,0,1,1,0
824405,680916,1,2,3,0,1,0,1
824405,800048,13,6,1,1,0,6,0
824405,683769,2,2,4,1,1,0,1
824405,682120,3,3,2,1,0,1,0
824405,666661,3,0,0,0,0,1,0
824405,672629,6,1,0,0,0,3,0
824405,656464,3,1,0,1,0,0,0
824405,642528,3,2,1,0,0,0,0
824405,623149,0,5,5,0,0,0,1
824405,684442,12,5,2,1,1,6,1
822774,663893,3,1,0,2,0,1,0
822774,656302,19,2,2,3,0,10,0
822774,623149,5,1,0,0,0,1,0
822774,680755,3,2,1,0,0,0,1
822774,677960,22,6,1,1,0,4,0
822774,657612,3,1,0,0,0,0,0
822774,670280,5,0,0,1,0,1,0
822810,671936,4,0,0,1,0,3,0
822810,657756,3,4,3,0,0,0,0
822810,702056,17,5,6,2,0,5,2
822810,684320,2,4,2,1,0,1,0
822810,623168,1,0,0,0,0,0,0
822810,687064,19,7,3,0,0,4,1
822810,689296,3,1,0,0,0,1,0
822810,664991,2,0,0,0,0,0,0
822810,666974,3,0,0,0,0,0,0
823835,694795,3,1,1,1,0,1,0
823835,676604,3,1,0,0,0,2,0
823835,680767,3,0,0,0,0,2,0
823835,676534,3,2,0,1,0,1,0
823835,687473,12,3,2,1,0,4,1
823835,656848,3,0,0,1,0,2,0
823835,680570,12,4,3,4,0,8,0
823835,641312,3,6,6,1,0,2,1
823835,623168,3,2,1,0,0,0,1
823835,676620,3,0,0,0,0,2,0
823835,670245,3,2,0,0,0,0,0
824589,641743,18,5,2,1,0,6,0
824589,623211,2,2,0,0,0,1,0
824589,670950,3,1,0,0,0,1,0
824589,696146,4,0,0,0,0,3,0
824589,669276,3,0,0,0,0,2,0
824589,800311,3,0,0,0,0,3,0
824589,628452,3,0,0,0,0,2,0
824589,656550,18,1,0,3,0,3,0
824564,663436,3,2,1,1,0,1,0
824564,623211,5,0,0,0,0,1,0
824564,670950,3,0,1,2,0,0,0
824564,696146,6,0,0,4,0,3,0
824564,663542,3,1,0,0,0,1,0
824564,656794,4,1,0,1,0,2,0
824564,663855,3,1,0,0,0,1,0
824564,684974,1,2,4,4,0,0,1
824564,670059,5,0,0,1,1,2,0
824564,671922,3,0,0,0,0,1,0
824564,676282,3,3,1,0,0,3,0
824564,681870,2,0,0,3,0,0,0
824564,683769,5,0,0,1,0,2,0
824564,682120,5,1,0,0,1,2,0
824188,695001,3,0,1,2,0,1,0
824188,623352,3,0,0,1,0,1,0
824188,805123,3,1,1,1,0,2,0
824188,687911,3,2,0,0,0,1,0
824188,663878,3,3,3,1,0,3,1
824188,681293,12,6,4,1,1,3,1
824188,694973,14,6,1,1,0,7,0
824188,642397,0,3,3,1,0,0,0
824188,682254,2,2,3,1,0,2,0
824188,670990,7,2,2,0,0,2,1
824188,684049,1,0,0,1,0,1,0
824186,623352,3,0,0,0,0,3,0
824186,660853,5,0,0,0,0,2,0
824186,663567,16,5,1,4,0,4,1
824186,687911,3,0,0,1,0,1,0
824186,686930,12,1,0,2,0,7,0
824186,678022,12,5,5,2,0,6,1
824022,681217,3,1,1,0,0,1,1
824022,696147,3,2,0,0,0,1,0
824022,666171,3,0,0,1,0,2,0
824022,672282,21,1,1,0,0,9,1
824022,650556,0,2,0,0,0,0,0
824022,623352,3,0,0,0,0,0,0
824022,660853,4,0,0,2,0,0,0
824022,663567,19,5,2,0,0,6,2
824022,687911,1,0,0,0,0,1,0
824571,805326,3,0,0,1,0,0,0
824571,670950,6,2,1,0,0,2,0
824571,680732,18,4,2,1,1,10,0
824571,650556,2,1,0,1,0,1,0
824571,686613,21,2,0,0,0,7,0
824571,623352,2,0,0,0,0,2,0
824571,656986,2,2,0,0,0,0,0
824165,623352,3,1,0,0,0,1,0
824165,805123,3,3,2,0,0,3,1
824165,656986,3,0,0,0,0,1,0
824165,837227,18,4,1,3,0,8,0
824165,676604,2,1,2,0,0,1,1
824165,694350,3,2,0,0,0,0,0
824165,663969,13,5,2,1,0,2,1
824165,687473,6,0,0,0,0,2,0
824001,681217,3,0,0,1,0,1,0
824001,820862,1,1,0,0,1,0,0
824001,696147,2,0,0,2,1,1,0
824001,666171,3,2,1,0,0,2,0
824001,700712,18,2,1,2,1,5,1
824001,623352,3,0,0,2,0,0,0
824001,805123,7,2,1,0,1,1,1
824001,837227,2,1,2,4,0,1,0
824001,664299,15,3,0,0,0,7,0
823192,657277,18,5,2,1,0,4,0
823192,676775,3,0,0,0,1,1,0
823192,668873,3,1,0,1,0,1,0
823192,656529,3,2,1,2,0,1,0
823192,694477,6,2,2,2,1,1,0
823192,683734,3,3,3,2,0,1,1
823192,676879,1,3,4,1,0,1,0
823192,623381,9,3,2,2,0,2,1
823192,669060,5,6,3,0,0,0,0
823720,623437,3,1,0,0,0,0,0
823720,663485,3,0,0,1,0,2,0
823720,681892,3,0,0,0,0,0,0
823720,657746,18,3,1,0,0,6,0
823720,641941,3,0,0,0,0,1,0
823720,682227,16,3,1,4,1,2,0
823720,663574,3,1,0,0,0,0,0
823720,683175,2,0,0,0,0,1,0
823720,668933,3,1,0,1,0,0,0
831601,664285,19,7,1,2,0,4,0
831601,623454,2,0,0,1,0,0,0
831601,663947,3,0,0,0,0,1,0
831601,669724,3,0,0,0,0,1,0
831601,687396,1,0,0,0,0,0,0
831601,642232,8,5,3,2,0,0,0
831601,683409,1,0,0,0,0,1,0
831601,693645,11,2,0,1,0,1,0
831601,672442,3,1,0,0,1,1,0
824294,663554,17,6,1,1,0,5,0
824294,623454,10,0,0,2,0,2,0
824294,667463,3,0,0,1,1,2,0
824294,656848,3,0,0,0,0,0,0
824294,669622,3,1,1,1,0,0,0
824294,676083,15,5,4,2,0,4,1
824289,646241,3,2,0,0,0,1,0
824289,623454,1,2,3,1,0,0,0
824289,663947,1,1,1,0,0,0,1
824289,657756,4,1,1,0,0,2,1
824289,672456,18,7,4,0,0,5,0
824289,668674,2,3,3,1,0,1,0
824289,663460,14,6,5,3,0,3,0
824289,683232,3,2,1,0,0,0,0
824289,663738,3,0,0,0,0,1,0
824289,656638,3,2,0,0,0,2,0
824289,670167,1,1,1,0,0,1,1
824592,685126,1,0,0,0,0,1,0
824592,669684,4,0,0,3,0,0,0
824592,680732,16,3,1,2,0,6,0
824592,663542,4,1,0,0,0,1,0
824592,699823,2,0,0,0,0,0,0
824592,623454,2,4,2,0,0,0,1
824592,663947,1,0,0,0,0,0,0
824592,672456,18,2,0,0,0,4,0
824592,669724,3,0,0,0,0,0,0
824271,664285,15,5,1,2,1,5,0
824271,623454,6,2,1,0,0,1,1
824271,663947,1,3,1,0,0,0,0
824271,640448,2,0,0,0,0,1,0
824271,676684,3,1,0,1,0,2,0
824271,695380,3,2,2,0,0,3,1
824271,693433,19,9,5,0,0,7,1
824271,660825,2,1,0,0,0,0,0
823529,642232,2,1,0,1,0,1,0
823529,677960,5,7,2,1,0,3,0
823529,657612,4,0,0,0,0,0,0
823529,687396,3,1,0,0,0,0,0
823529,656234,4,0,0,0,1,2,0
823529,666808,3,0,0,0,0,3,0
823529,660787,6,2,0,0,0,0,0
823529,663554,21,1,0,0,0,10,0
823529,623454,3,0,0,0,0,1,0
823529,805427,3,2,3,1,0,2,1
824971,695611,11,4,6,6,0,5,0
824971,696522,3,2,0,0,0,0,0
824971,665660,4,1,0,0,0,1,0
824971,663687,3,1,0,1,0,1,0
824971,641386,3,2,4,2,1,0,0
824971,666126,3,2,1,0,0,0,1
824971,623454,4,1,0,0,0,2,0
824971,663947,2,2,0,0,0,0,0
824971,672456,18,2,0,2,1,2,0
824971,646241,3,2,0,0,0,3,0
823106,693433,21,3,0,1,3,5,0
823106,662253,3,0,0,0,0,2,0
823106,642100,2,0,1,0,1,1,0
823106,660825,1,1,1,0,0,1,1
823106,623454,11,3,0,1,0,0,0
823106,663947,6,0,0,0,0,1,0
823106,805427,1,0,0,0,0,1,0
823106,646241,6,2,1,0,1,1,1
823106,669724,0,2,3,1,0,0,1
824376,663372,16,7,4,2,0,1,1
824376,623474,5,2,1,0,0,1,0
824376,675848,5,0,0,1,0,1,0
824376,688642,1,4,2,0,0,0,0
824376,680802,8,8,6,2,0,4,1
824376,660853,3,1,0,0,0,0,0
824376,675989,13,3,2,2,0,5,0
823319,695243,3,0,0,0,0,3,0
823319,688158,5,0,0,0,1,1,0
823319,699134,4,0,0,0,0,1,0
823319,669093,4,2,0,2,0,1,0
823319,670970,3,1,0,0,0,0,0
823319,681190,17,7,1,0,1,8,1
823319,680767,6,1,0,2,0,0,0
823319,623474,3,0,0,0,0,0,0
823319,801403,13,4,1,1,0,3,0
823319,657514,3,2,0,0,0,1,0
823319,675848,3,1,0,1,0,1,0
823319,677955,5,0,0,0,0,2,0
823319,678368,1,1,3,2,0,0,1
824208,678906,6,1,0,0,0,0,0
824208,680802,11,3,2,4,0,3,1
824208,685005,4,3,1,0,0,0,0
824208,805123,6,2,0,2,0,2,0
824208,680767,3,0,0,1,0,0,0
824208,623474,3,0,0,1,0,1,0
824208,801403,16,1,0,2,1,9,0
824208,675848,2,3,2,0,1,2,0
824208,677955,3,1,0,2,0,1,0
824327,623474,2,2,4,2,0,0,1
824327,657514,3,0,0,0,0,2,0
824327,687312,15,5,1,1,0,5,0
824327,688642,7,7,2,0,1,1,0
824327,668820,3,1,0,1,0,1,0
824327,676917,18,4,0,2,0,8,0
824327,678868,6,1,0,1,0,1,0
823182,664141,0,0,2,2,1,0,0
823182,805345,3,1,0,0,0,2,0
823182,676775,2,2,2,1,0,0,1
823182,671345,3,0,0,0,0,1,0
823182,656529,4,1,2,2,0,1,0
823182,665665,2,2,1,0,0,0,0
823182,694918,13,3,6,5,0,1,1
823182,623474,3,0,0,1,0,1,0
823182,656786,3,0,0,1,0,0,0
823182,687312,12,8,7,1,0,2,1
823182,688642,6,2,0,0,0,2,0
823182,693308,3,1,0,1,1,2,0
824112,669212,3,7,4,0,0,0,1
824112,679883,9,1,0,1,0,3,0
824112,683232,6,2,1,0,0,2,0
824112,663559,6,4,2,3,0,2,0
824112,670167,3,1,0,0,0,2,0
824112,677161,2,1,0,0,0,0,0
824112,676477,3,0,0,0,0,1,0
824112,686580,3,0,0,0,0,2,0
824112,624133,13,4,1,3,0,3,0
824112,701719,3,1,0,0,0,1,0
824112,663558,3,0,0,0,0,3,0
824615,624512,3,0,0,0,0,0,0
824615,680732,16,7,4,3,0,2,2
824615,663542,3,0,0,0,0,1,0
824615,656457,5,2,4,2,0,2,1
824615,669438,3,1,0,0,0,1,0
824615,693855,3,2,3,2,0,1,0
824615,642121,6,3,0,1,0,1,0
824615,669947,15,1,0,2,1,3,0
824935,669276,3,0,0,0,0,2,0
824935,663158,3,3,1,0,0,1,0
824935,641755,3,1,0,0,0,0,0
824935,625643,15,5,3,3,0,6,0
824935,628452,3,0,0,0,0,2,0
824935,664126,3,3,3,0,1,1,0
824935,676974,15,5,3,1,0,5,0
824935,656848,6,1,0,0,0,1,0
824923,641755,3,2,1,0,0,1,0
824923,625643,6,2,0,0,0,2,0
824923,656550,18,5,0,1,0,4,0
824923,678394,15,8,7,3,0,1,2
824923,670245,9,0,1,3,0,4,0
824916,800311,3,2,0,0,0,2,0
824916,641755,2,0,0,1,0,0,0
824916,625643,4,1,0,1,0,2,0
824916,693821,18,2,2,2,0,4,1
824916,681895,5,1,0,0,0,1,0
824916,682254,3,1,0,2,0,2,0
824916,696149,16,1,2,2,0,7,0
824908,625643,9,1,0,1,0,3,0
824908,693821,18,12,8,2,0,6,1
824908,694477,9,3,2,0,0,2,1
824908,688107,18,4,2,1,0,7,0
824905,689266,3,0,0,0,0,1,0
824905,669276,3,0,0,0,0,2,0
824905,800311,3,0,0,0,0,1,0
824905,625643,15,2,1,1,0,6,0
824905,628452,3,0,0,0,0,1,0
824905,700241,18,3,2,1,0,3,1
824905,700669,2,3,1,0,0,1,0
824905,677865,1,1,1,1,0,0,0
824905,691008,3,0,0,2,0,1,0
823030,676617,3,0,0,1,1,1,0
823030,666277,3,0,0,0,0,2,0
823030,669461,18,4,0,1,0,6,0
823030,703725,3,2,1,0,0,2,1
823030,702566,9,0,0,0,0,3,0
823030,625643,15,5,4,1,0,3,1
824936,669276,1,0,0,1,0,1,0
824936,663158,2,0,0,0,0,0,0
824936,674370,1,3,3,1,0,0,1
824936,641755,3,0,0,0,0,1,0
824936,628452,3,1,0,0,0,3,0
824936,693821,17,4,0,2,1,7,0
824936,676534,3,0,0,0,0,1,0
824936,667463,4,2,1,0,1,1,1
824936,663978,14,5,2,0,0,4,1
824936,677053,3,4,3,0,0,1,1
823954,670090,1,2,0,0,0,0,0
823954,680736,26,7,7,1,1,7,2
823954,663158,4,0,0,1,0,0,0
823954,641755,3,1,2,1,0,1,1
823954,628452,3,0,0,0,0,1,0
823954,693821,17,1,0,4,0,8,0
823142,678606,3,0,0,0,0,2,0
823142,669923,21,5,2,1,0,5,0
823142,662253,3,1,1,1,0,2,1
823142,669276,3,0,0,0,0,3,0
823142,663158,3,0,0,0,0,2,0
823142,628452,3,1,0,0,0,2,0
823142,693821,18,2,2,3,0,9,1
824915,675911,15,5,3,2,0,3,0
824915,689266,3,0,0,1,0,3,0
824915,669276,3,0,0,1,0,2,0
824915,641755,3,2,0,0,0,1,0
824915,628452,3,1,0,0,0,1,0
824915,682254,3,0,0,1,0,0,0
824915,670990,6,0,0,0,0,2,0
824915,677952,15,9,6,0,1,5,1
823360,683003,18,0,0,0,0,8,0
823360,682254,3,1,0,0,0,2,0
823360,676755,3,2,1,0,0,1,0
823360,642701,3,2,2,0,0,2,1
823360,689266,3,0,0,0,0,0,0
823360,669276,3,0,0,0,0,2,0
823360,800311,3,1,0,0,0,2,0
823360,628452,3,0,0,1,0,2,0
823360,656550,15,3,0,1,1,5,0
824894,669276,4,0,0,0,0,1,0
824894,682989,3,1,1,1,0,0,0
824894,628452,3,0,0,1,0,0,0
824894,664849,3,1,0,0,0,1,0
824894,656550,14,5,3,2,0,4,3
824894,683000,3,0,0,0,0,2,0
824894,687223,6,1,0,1,0,0,0
824894,663623,15,3,5,2,0,1,2
824891,689266,3,0,0,0,0,1,0
824891,669276,3,0,0,1,0,1,0
824891,800311,6,0,0,0,0,4,0
824891,702275,12,4,2,3,1,4,0
824891,628452,3,0,0,1,0,1,0
824891,676917,18,6,2,1,0,3,2
824891,687377,3,1,0,0,0,1,0
824891,668820,3,0,0,0,0,0,0
824888,689266,3,0,0,0,0,0,0
824888,669276,3,0,0,1,0,2,0
824888,628452,3,3,2,1,0,0,0
824888,656550,18,5,0,1,0,5,0
824888,680767,3,1,1,1,1,1,0
824888,667463,3,1,1,0,0,0,1
824888,687473,18,5,1,0,0,5,1
824883,689266,3,1,1,0,0,1,1
824883,669276,3,0,0,1,0,1,0
824883,641816,18,4,1,0,0,7,1
824883,628452,3,2,1,1,0,0,1
824883,642376,2,1,0,0,0,1,0
824883,673380,1,3,3,0,0,1,2
824883,674073,3,1,0,0,0,1,0
824883,804267,18,7,3,1,0,2,1
824880,669276,3,0,0,0,0,2,0
824880,800311,3,1,1,0,0,2,1
824880,628452,3,1,1,1,0,0,0
824880,693821,18,4,1,1,0,5,1
824880,672629,3,0,0,1,0,0,0
824880,647336,17,6,2,1,0,5,0
824880,664199,2,1,1,0,0,1,0
824880,805299,2,1,2,1,0,2,1
824515,628708,1,3,4,1,1,1,0
824515,657571,5,1,0,0,0,3,0
824515,687209,6,2,0,0,0,1,0
824515,663978,15,7,4,3,0,0,1
824515,669276,3,0,0,0,0,3,0
824515,663158,3,1,0,0,0,1,0
824515,800311,4,1,0,0,0,1,0
824515,641755,3,1,0,0,0,1,0
824515,656550,14,7,3,1,0,5,2
825106,666661,3,0,0,0,0,1,0
825106,642528,3,2,0,0,0,0,0
825106,664199,3,1,0,0,0,2,0
825106,668678,18,4,0,0,0,2,0
825106,669373,21,6,1,0,0,3,1
825106,640448,3,0,0,2,0,0,0
831549,650960,3,0,0,0,0,1,0
831549,822038,1,1,3,2,1,0,1
831549,702065,2,1,0,0,0,2,0
831549,682175,3,1,0,1,0,0,0
831549,628709,2,0,0,0,0,1,0
831549,804636,13,6,3,0,0,5,0
831549,669285,3,0,0,1,0,1,0
831549,703440,6,2,0,1,0,2,0
831549,678906,3,0,0,0,0,0,0
831549,681347,16,7,3,0,0,2,0
831549,682610,2,2,2,1,0,0,0
831857,680767,1,0,0,0,0,1,0
831857,663372,13,4,4,1,0,3,0
831857,801403,11,5,1,0,0,4,0
831857,677955,2,1,0,0,0,1,0
831857,656427,14,7,4,1,0,6,2
831857,657756,2,2,0,0,0,0,0
831857,640448,1,0,0,0,0,1,0
831857,676684,3,2,1,0,0,0,0
831857,663947,2,3,1,0,0,0,0
831857,646241,2,0,0,0,0,0,0
824299,664285,18,3,0,2,0,5,0
824299,663947,3,0,0,0,0,1,0
824299,640448,3,1,0,1,0,1,0
824299,676684,3,1,0,0,0,2,0
824299,700241,14,7,3,0,0,4,1
824299,688297,3,0,0,0,0,1,0
824299,700669,3,0,0,2,0,0,0
824299,677865,2,2,0,0,0,0,0
824299,666277,2,1,1,0,1,0,0
824293,669373,20,2,1,2,1,7,0
824293,640448,4,2,0,0,0,0,0
824293,657756,3,2,1,0,0,1,1
824293,645261,18,10,7,2,0,4,3
824293,663969,6,2,1,1,0,2,0
824777,676979,15,7,5,2,0,8,2
824777,681252,9,3,1,1,0,0,0
824777,670245,3,2,0,0,0,0,0
824777,664285,18,3,1,2,0,7,1
824777,640448,3,1,0,0,0,1,0
824777,657756,3,2,1,0,0,2,0
824777,676684,3,0,0,1,0,0,0
824116,679883,3,1,0,0,0,1,0
824116,668674,3,1,0,1,0,0,0
824116,663460,17,4,3,4,0,5,0
824116,683232,1,1,0,0,0,0,0
824116,670167,3,1,0,0,0,0,0
824116,676428,5,2,1,1,0,1,0
824116,663947,3,0,0,0,0,1,0
824116,640448,0,3,2,1,0,0,0
824116,672456,18,3,1,1,0,4,0
822974,642121,3,3,2,0,0,1,0
822974,664076,3,0,0,1,0,1,0
822974,694680,9,4,2,1,1,1,2
822974,643377,12,7,6,1,0,5,3
822974,689225,1,0,3,3,0,0,0
822974,680744,10,3,2,2,0,4,1
822974,663947,5,1,0,0,0,1,0
822974,640448,4,1,0,0,0,1,0
822974,805427,2,0,0,1,0,0,0
822974,669724,0,1,3,2,0,0,1
822974,676684,5,2,1,0,0,2,0
824239,663432,3,1,0,0,0,1,0
824239,640448,5,0,0,0,0,1,0
824239,805427,6,2,1,1,0,4,0
824239,675512,13,8,1,1,0,4,0
824239,641743,16,6,3,1,0,4,1
824239,691799,3,1,0,0,0,1,0
824239,663542,3,0,0,0,0,1,0
824239,663855,5,0,0,0,0,3,0
824986,640454,1,2,3,1,0,1,1
824986,686993,3,1,0,0,0,2,0
824986,695611,14,11,5,0,0,5,2
824986,695034,9,3,1,1,0,2,0
824986,641778,18,9,3,1,0,2,1
824986,669165,3,0,0,0,0,3,0
824986,642546,4,2,1,1,0,1,0
824986,676263,2,0,0,1,0,1,0
823863,664126,3,0,0,1,0,2,0
823863,656848,2,1,0,0,0,1,0
823863,677053,3,0,0,0,0,2,0
823863,691587,19,2,1,0,0,5,1
823863,640455,11,4,1,0,0,3,0
823863,668964,4,1,1,1,0,0,0
823863,804636,9,0,0,1,0,2,0
823646,640455,12,5,2,2,0,2,0
823646,656849,15,6,5,2,0,6,0
823646,694851,6,1,0,1,0,2,0
823646,669194,17,5,1,0,0,5,0
823646,664199,3,1,0,0,0,0,0
823646,657044,1,0,0,0,0,0,0
822792,686973,3,1,0,1,0,2,0
822792,702056,20,3,1,0,1,3,1
822792,689254,1,0,0,0,0,0,0
822792,643511,3,1,0,1,0,0,0
822792,680702,3,0,0,0,0,2,0
822792,640455,17,3,2,2,1,4,0
822792,681810,4,1,0,2,0,2,0
824403,677944,8,2,1,0,0,4,1
824403,676282,15,7,2,2,0,5,2
824403,682120,4,0,0,1,0,0,0
824403,640455,18,7,2,5,1,7,0
824403,681320,4,0,0,1,0,1,0
824403,673540,3,0,0,1,0,0,0
824403,650960,2,0,0,1,0,0,0
823588,640455,19,6,4,2,1,7,2
823588,642376,5,0,0,0,0,3,0
823588,673380,3,1,0,0,0,1,0
823588,702021,13,0,0,1,0,7,0
823588,690925,3,2,0,1,0,1,0
823588,695418,2,1,2,4,0,1,0
823588,687377,3,0,0,0,0,1,0
823588,676680,3,2,1,0,0,1,1
823588,672442,1,3,2,1,0,1,0
831780,664208,3,1,1,1,0,0,1
831780,694037,3,0,0,0,0,1,0
831780,640451,3,1,0,0,0,1,0
831780,657097,2,4,3,0,0,0,2
831780,684007,15,7,2,2,1,5,0
831780,684949,1,0,0,1,0,0,0
831780,674370,3,0,0,1,0,1,0
831780,684608,2,2,2,0,0,1,1
831780,660787,3,5,3,0,0,2,0
831780,801739,8,9,8,2,0,4,2
831780,685464,5,2,2,1,0,1,0
831780,665645,3,0,0,0,0,2,0
824559,691799,3,0,0,1,0,2,0
824559,680732,18,7,4,0,0,4,1
824559,663542,3,0,0,0,0,1,0
824559,663855,3,1,0,0,0,2,0
824559,640455,18,5,4,2,0,4,3
824559,642376,2,1,2,1,0,0,1
824559,681320,4,0,0,0,0,2,0
824559,650960,2,0,0,0,0,1,0
822920,677958,15,6,2,1,0,3,0
822920,641302,3,1,0,0,0,1,0
822920,656641,3,0,0,0,0,2,0
822920,656222,3,1,0,0,0,0,0
822920,691945,3,0,0,0,0,1,0
822920,641941,3,1,0,2,0,1,0
822920,663574,3,0,0,0,0,1,0
822920,695076,18,3,0,2,0,4,0
822920,668933,3,0,0,1,0,1,0
822913,641302,6,1,0,0,0,2,0
822913,683004,15,5,3,2,0,5,0
822913,656222,2,1,1,0,0,1,1
822913,686560,3,0,0,0,1,0,0
822913,668390,1,2,3,0,0,1,0
822913,642397,3,3,2,0,0,3,0
822913,642701,3,0,0,0,0,2,0
822913,677952,21,4,2,2,0,5,1
822911,677958,18,6,2,2,0,3,0
822911,682608,3,1,0,2,0,1,0
822911,641302,3,2,0,0,0,0,0
822911,686560,3,1,0,0,0,1,0
822911,669372,10,3,0,1,1,2,0
822911,686993,3,1,0,0,0,2,0
822911,682052,3,1,1,2,0,1,0
822911,669270,2,0,0,1,0,1,0
822911,663687,3,0,0,1,0,1,0
822911,678022,6,1,0,0,0,3,0
824356,685299,19,12,7,1,0,5,1
824356,664954,3,0,0,1,0,0,0
824356,678020,3,2,1,2,0,0,0
824356,671111,2,2,2,2,1,1,0
824356,677958,23,3,0,3,0,7,0
824356,641302,3,0,0,0,1,1,0
824356,656222,1,0,0,0,0,0,0
822894,641302,2,0,0,0,0,0,0
822894,656222,3,1,0,0,0,0,0
822894,669022,19,4,0,1,1,3,0
822894,686560,3,1,1,2,0,2,0
822894,669212,3,2,0,0,1,2,0
822894,663568,15,6,4,1,0,5,1
822894,672021,3,1,1,0,0,2,1
822894,674444,3,1,2,1,0,1,1
822795,669456,16,5,2,4,0,4,1
822795,671936,4,1,0,2,0,1,0
822795,686973,3,1,1,0,0,3,0
822795,656546,4,0,0,0,0,2,0
822795,677958,18,4,0,1,0,5,0
822795,641302,3,0,0,0,0,1,0
822795,668390,6,2,2,0,0,2,1
822866,641302,5,0,0,0,0,3,0
822866,681217,3,1,0,1,0,1,0
822866,695239,3,1,0,0,0,1,0
822866,674003,13,5,0,2,0,5,0
822866,668390,3,1,0,0,0,0,0
822866,671345,3,0,0,0,0,1,0
822866,693313,8,2,1,1,0,2,1
822866,663941,3,2,1,1,0,1,0
822866,687931,10,5,4,3,0,4,0
823998,690829,3,0,0,0,0,1,0
823998,820862,2,1,0,1,0,0,0
823998,642048,1,0,0,0,0,0,0
823998,684665,1,1,2,1,0,0,0
823998,672282,18,3,1,4,0,6,0
823998,676620,2,2,0,0,0,1,0
823998,696519,3,1,0,0,0,2,0
823998,682608,3,0,0,0,0,1,0
823998,641302,2,0,0,0,0,0,0
823998,681217,2,1,0,1,0,0,0
823998,656641,3,0,0,1,0,1,0
823998,695239,4,1,0,0,0,1,0
823998,669022,16,4,1,2,0,9,1
822857,641302,3,1,0,0,0,2,0
822857,681217,3,0,0,1,0,1,0
822857,656641,3,0,0,1,0,2,0
822857,669022,18,2,0,1,1,7,0
822857,668390,3,0,0,0,0,2,0
822857,690829,2,2,0,1,0,1,0
822857,820862,3,1,0,0,0,1,0
822857,642048,3,1,0,0,0,0,0
822857,672282,18,6,0,1,0,5,0
822857,670245,3,1,0,1,0,3,0
824046,681217,3,1,0,0,0,1,0
824046,641312,6,2,1,1,0,0,0
824046,672282,18,5,4,2,1,5,1
824046,686973,4,0,0,0,0,3,0
824046,656546,3,1,0,0,0,3,0
824046,656302,15,5,2,2,0,12,0
824046,680755,3,0,0,1,0,0,0
824046,643511,2,0,0,0,0,0,0
823836,694795,5,1,0,1,0,0,1
823836,663969,12,5,1,1,0,4,1
823836,676534,3,0,0,0,0,2,0
823836,667463,3,0,0,0,0,1,0
823836,656848,4,0,0,2,0,2,0
823836,690829,3,1,0,0,0,1,0
823836,820862,3,3,1,0,0,0,0
823836,641312,1,1,0,1,0,0,0
823836,642048,5,1,1,0,0,2,0
823836,691946,12,4,1,4,0,3,0
823836,676620,3,2,0,0,0,0,0
822982,664076,1,3,1,1,0,1,0
822982,687330,5,0,0,0,0,1,0
822982,641329,3,1,0,0,0,0,0
822982,656876,16,7,2,2,1,2,0
822982,693855,2,0,0,0,0,1,0
822982,663969,6,2,1,2,0,0,0
822982,667463,3,0,0,0,0,0,0
822982,691587,15,5,5,4,0,5,2
823394,694973,12,3,0,0,0,5,0
823394,681895,5,4,1,0,0,2,0
823394,642397,3,0,0,1,0,1,0
823394,670990,9,4,1,2,0,1,1
823394,676755,3,0,0,0,0,0,0
823394,664875,5,1,0,0,1,1,0
823394,676742,2,3,4,1,0,2,0
823394,669438,2,0,0,1,0,0,0
823394,693855,5,2,0,0,0,3,0
823394,642121,4,0,0,1,0,1,0
823394,687330,5,0,0,1,0,2,0
823394,643377,3,0,0,1,0,2,0
823394,685801,3,0,0,0,0,0,0
823394,641329,3,2,1,1,0,2,0
823394,672782,3,1,0,1,0,1,0
823394,656876,11,2,4,2,0,3,2
822965,642121,3,1,0,0,0,2,0
822965,664076,3,0,0,0,0,1,0
822965,687330,3,0,0,0,0,0,0
822965,643377,15,5,0,2,1,7,0
822965,641329,3,1,1,0,0,2,1
822965,668674,3,1,0,0,0,1,0
822965,694360,3,1,0,1,0,0,0
822965,663738,3,0,0,0,0,0,0
822965,702070,15,8,5,3,1,5,0
822979,668984,2,0,0,1,0,1,0
822979,693855,4,0,0,0,0,1,0
822979,687330,3,1,0,0,0,0,0
822979,643377,15,3,1,1,0,6,1
822979,641329,3,0,0,0,0,1,0
822979,669211,2,1,0,0,0,1,0
822979,670329,1,2,1,0,0,1,0
822979,680694,16,4,2,3,0,6,1
822979,689296,2,0,0,0,0,1,0
822979,666974,3,0,1,0,1,1,0
822960,668984,5,2,0,0,0,1,0
822960,642121,6,2,1,0,0,1,0
822960,675627,9,1,0,0,0,4,0
822960,687330,4,2,1,0,0,2,1
822960,641329,3,0,0,0,0,0,0
822960,666661,3,0,0,1,0,2,0
822960,703615,15,7,4,2,0,4,2
822960,656464,3,0,0,1,0,1,0
822960,664199,3,1,0,0,0,0,0
822950,664076,3,0,0,0,0,1,0
822950,641329,3,0,0,1,0,1,0
822950,656876,21,1,0,1,1,9,0
822950,670059,1,0,0,0,0,0,0
822950,800048,23,6,1,0,0,6,0
822947,668984,5,1,0,0,0,0,0
822947,693855,14,2,0,1,0,4,0
822947,664076,2,0,0,0,0,1,0
822947,687330,3,0,0,0,0,3,0
822947,641329,3,1,0,0,0,0,0
822947,669022,21,3,3,0,1,9,2
822947,687239,3,0,0,1,0,0,0
824455,641401,4,0,0,0,0,3,0
824455,670036,4,0,0,1,0,1,0
824455,676282,17,3,1,2,0,9,0
824455,681870,2,2,0,0,0,1,0
824455,666142,2,2,3,1,0,2,0
824455,686475,2,1,0,0,0,0,0
824455,679883,9,6,1,1,0,2,0
824455,656638,7,3,1,0,0,2,0
824455,674444,4,4,5,2,0,3,1
825012,669372,13,5,5,5,0,4,0
825012,686993,3,1,2,1,0,1,1
825012,669270,5,0,0,1,0,1,0
825012,669620,2,3,1,1,0,1,0
825012,663687,4,2,0,0,0,2,0
825012,641401,2,1,0,0,0,1,0
825012,670036,3,0,0,0,0,0,0
825012,671922,4,0,0,0,0,1,0
825012,676282,12,5,4,3,0,2,1
825012,681870,3,0,0,0,0,2,0
825012,683769,0,2,1,2,0,0,0
825012,682120,3,1,0,1,0,0,0
823071,668941,4,0,0,0,0,1,0
823071,677865,2,2,2,1,0,1,0
823071,676617,3,0,0,0,0,2,0
823071,669160,18,6,1,1,0,4,0
823071,641401,4,2,3,1,0,0,0
823071,677944,12,3,1,5,0,4,0
823071,670036,7,3,1,0,1,3,0
823071,682120,1,1,0,1,0,0,0
823153,677961,3,0,0,1,0,0,0
823153,666374,1,0,0,0,0,0,0
823153,669923,23,7,2,1,0,6,0
823153,641585,6,2,0,0,0,0,0
823153,681347,18,11,6,1,0,3,2
831896,681870,2,0,0,0,0,1,0
831896,641401,3,4,1,0,0,2,0
831896,670036,4,1,0,0,0,1,0
831896,663465,3,0,0,0,0,1,0
831896,668909,15,5,1,0,0,3,1
831896,802372,6,4,3,3,0,2,0
831896,682825,3,1,0,1,0,1,0
831896,668933,3,1,1,1,0,1,0
831896,702578,3,1,0,0,0,2,0
831896,808839,3,0,0,1,0,0,0
831896,808833,3,2,1,0,0,0,1
831896,666157,0,1,2,1,0,0,1
831896,683175,3,0,0,0,0,1,0
824906,669276,1,3,3,0,0,0,0
824906,675916,3,2,1,1,0,0,1
824906,694462,16,5,3,1,1,4,1
824906,641656,5,3,1,0,0,0,0
824906,641755,2,2,3,1,0,0,1
824906,694335,3,0,0,0,0,2,0
824906,681676,5,1,0,0,0,0,0
824906,700669,3,0,0,0,0,0,0
824906,668941,3,1,0,0,0,1,0
824906,677865,8,1,0,0,1,2,0
824906,666277,3,0,0,1,0,0,0
824906,669160,2,5,5,2,0,1,0
824602,641743,18,6,2,2,2,4,0
824602,656794,6,1,0,0,0,1,0
824602,699823,3,0,0,0,0,0,0
824602,679883,6,0,0,2,0,2,0
824602,668674,3,2,1,0,0,1,0
824602,663460,12,5,5,3,0,4,1
824602,656638,3,1,0,0,0,0,0
824565,641743,18,6,2,1,1,4,1
824565,691799,3,1,0,0,0,0,0
824565,663542,3,1,0,0,0,0,0
824565,656794,2,0,0,0,0,1,0
824565,663855,1,3,1,0,0,1,1
824565,670036,3,1,0,0,1,0,0
824565,670059,0,2,3,0,2,0,0
824565,681870,1,0,0,0,0,0,0
824565,668909,17,3,2,2,0,7,1
824565,682120,3,1,1,1,0,0,0
822837,667297,2,1,0,0,0,1,0
822837,641778,16,3,2,1,0,9,1
822837,656546,3,1,0,0,0,2,0
822837,689254,1,0,0,0,0,1,0
822837,680755,5,0,0,0,0,2,0
822837,669372,11,1,0,1,0,2,0
822837,806960,13,5,5,2,0,5,3
823296,673513,6,0,0,1,0,1,0
823296,656288,20,3,3,3,0,5,2
823296,669093,1,0,0,0,0,1,0
823296,666200,18,4,0,2,1,6,0
823296,661395,3,1,0,0,0,1,0
823296,689147,3,0,0,0,0,2,0
823296,641745,3,0,0,1,0,1,0
822830,693686,11,1,0,1,0,2,0
822830,641778,16,5,7,5,0,3,2
822830,663485,3,2,2,0,0,0,1
822830,681892,3,1,0,1,0,0,0
822830,657746,21,2,2,1,1,5,1
824920,689266,9,1,0,0,0,3,0
824920,641755,3,0,0,0,0,2,0
824920,656550,15,6,2,2,0,10,2
824920,663992,3,0,0,0,0,1,0
824920,695418,9,1,0,0,1,3,0
824920,663623,15,0,0,1,0,7,0
822819,693686,9,2,0,0,0,2,0
822819,667297,3,0,0,0,0,0,0
822819,641778,15,5,6,2,0,4,3
822819,667755,23,5,1,1,0,7,0
822819,696147,1,0,0,0,0,0,0
822819,666171,3,0,0,0,0,2,0
822752,663992,3,2,1,2,0,1,0
822752,676571,3,0,0,0,0,1,0
822752,641793,12,11,8,1,0,4,2
822752,687606,9,2,1,0,0,1,1
822752,657277,18,7,3,2,0,6,1
822752,668873,3,0,0,1,0,2,0
822752,694918,3,0,0,0,1,0,0
822752,657424,3,1,1,0,0,1,1
822742,663992,2,1,0,0,0,1,0
822742,676571,6,1,0,1,0,2,0
822742,681402,2,1,1,0,0,0,0
822742,641793,11,1,1,1,0,1,0
822742,680730,6,0,0,0,0,2,0
822742,701656,18,3,2,0,0,8,0
822742,702153,4,4,1,0,0,0,0
822742,663765,2,0,0,1,0,1,0
823869,669199,3,0,0,0,1,2,0
823869,667463,1,0,0,0,0,0,0
823869,656848,2,4,3,0,0,0,0
823869,676083,18,7,4,2,0,6,1
823869,677053,3,0,0,0,0,0,0
823869,663992,6,1,0,1,0,3,0
823869,641793,12,5,2,1,0,0,1
823869,680730,3,5,5,1,0,1,2
823869,687849,3,1,0,0,0,1,0
824437,670036,6,2,1,0,0,1,1
824437,671106,12,5,0,1,0,7,0
824437,676440,9,8,7,0,0,3,5
824437,676571,6,2,1,1,0,0,1
824437,641793,21,5,1,2,0,7,0
822739,663992,1,1,0,1,0,1,0
822739,681402,2,0,0,1,0,1,0
822739,641793,15,2,0,2,1,3,0
822739,674841,9,3,2,1,0,5,0
822739,669358,21,6,3,3,0,4,1
822739,677020,3,0,0,0,0,1,0
824979,669372,19,1,0,3,0,7,0
824979,663687,2,0,0,0,0,1,0
824979,665622,3,2,1,0,0,1,0
824979,643410,3,1,0,1,1,2,0
824979,687223,1,1,1,0,1,1,0
824979,678391,3,1,1,1,1,0,0
824979,641793,18,8,8,4,1,4,2
824979,668820,2,3,5,2,0,1,1
822716,683000,6,3,2,2,0,3,0
822716,687223,3,4,4,0,1,3,0
822716,641793,18,4,1,1,0,3,0
822716,682254,1,0,0,0,0,1,0
822716,670990,3,0,0,3,0,1,0
822716,642701,3,0,0,0,0,1,0
822716,676742,3,0,0,0,0,1,0
822716,677952,17,6,1,2,0,7,1
822718,663992,1,1,3,1,1,1,0
822718,676571,3,0,0,0,0,1,0
822718,690925,1,1,0,0,0,0,0
822718,695418,2,5,6,1,0,2,2
822718,687377,3,0,0,0,0,1,0
822718,641793,12,5,2,0,0,5,1
822718,680730,4,2,1,0,0,1,0
822718,687606,1,3,2,1,0,1,0
822718,666200,20,5,1,3,0,13,0
822718,689147,3,2,3,1,1,2,1
822718,680742,1,0,0,0,0,1,0
822718,663767,3,1,1,0,0,1,1
825048,647336,13,3,0,3,0,4,0
825048,641793,14,2,0,2,0,2,0
825048,687312,12,5,7,3,1,3,1
825048,688642,9,2,0,1,1,1,0
825048,693308,3,3,2,0,0,1,0
823231,641816,21,3,0,2,0,5,0
823231,676254,3,0,0,1,0,0,0
823231,668873,3,1,0,0,0,0,0
823231,669165,3,0,0,0,0,1,0
823231,660271,18,5,0,0,0,7,0
823231,676263,3,3,3,0,0,0,1
823473,666200,21,2,0,0,0,8,0
823473,689147,3,0,0,0,0,2,0
823473,641835,3,0,0,0,0,2,0
823473,641816,15,6,5,3,0,3,0
823473,694918,6,4,2,1,0,2,0
823473,657424,3,1,0,1,0,1,0
823208,681916,3,1,1,0,1,1,1
823208,641816,17,2,0,2,0,4,0
823208,676254,3,0,0,0,0,1,0
823208,656529,1,0,0,0,0,0,0
823208,669062,3,0,0,1,0,1,0
823208,686993,3,0,0,0,0,0,0
823208,695611,15,3,0,1,0,9,0
823208,665660,2,2,2,0,0,0,2
823208,663687,3,1,0,0,0,2,0
823208,665622,3,0,0,2,0,2,0
823195,681916,3,0,0,0,0,1,0
823195,641816,18,3,0,2,0,3,0
823195,656529,3,0,0,0,0,1,0
823195,669062,3,0,0,0,0,2,0
823195,687075,18,6,3,3,0,5,1
823195,668831,6,0,0,1,0,1,0
822720,663992,2,0,0,0,0,2,0
822720,690925,3,1,0,0,0,1,0
822720,656492,22,4,1,0,0,9,1
822720,686751,3,3,2,0,0,0,1
822720,663767,3,2,0,1,0,2,0
822720,641835,3,2,1,0,0,2,0
822720,660604,15,5,1,0,1,4,1
823433,650911,18,6,3,3,0,6,0
823433,663767,6,1,0,1,0,5,0
823433,641835,3,1,1,0,0,2,1
823433,642232,9,5,0,2,1,2,0
823433,657612,3,1,0,1,1,0,0
823433,701542,9,6,6,2,0,5,1
823433,666808,3,0,0,0,0,3,0
824809,669330,3,0,0,0,0,0,0
824809,687064,17,5,4,2,0,5,2
824809,677020,2,1,0,0,0,0,0
824809,689296,2,0,0,1,0,1,0
824809,666974,3,0,0,0,0,1,0
824809,689147,2,2,4,1,1,2,0
824809,663767,3,0,0,1,0,1,0
824809,641835,1,1,0,1,0,0,0
824809,691725,18,3,2,3,0,6,1
831937,682949,3,0,0,0,0,0,0
831937,694361,4,1,0,0,0,1,0
831937,686218,14,3,4,2,0,5,0
831937,641871,3,0,0,0,0,1,0
831937,682645,3,0,0,0,0,0,0
831937,641962,1,0,0,0,0,0,0
831937,701951,3,0,0,1,0,3,0
831937,686993,2,0,0,0,0,1,0
831937,682052,6,5,1,4,0,3,0
831937,685290,3,0,0,0,0,1,0
831937,663687,3,1,2,1,0,0,1
831937,665622,6,1,2,4,0,3,1
831937,669270,3,1,0,1,0,0,0
823725,641927,18,7,4,1,1,7,1
823725,670183,6,0,0,2,0,3,0
823725,679358,3,3,2,1,0,0,0
823725,676979,5,9,10,3,1,0,2
823725,701719,6,0,0,0,0,0,0
823725,663558,7,0,0,2,0,2,0
823725,670245,6,2,2,0,0,2,2
823712,641927,27,2,0,0,0,7,0
823712,694795,3,0,0,3,0,1,0
823712,669199,3,1,0,0,0,1,0
823712,691587,18,3,3,3,1,8,1
823375,681895,4,0,0,1,0,2,0
823375,642397,4,0,0,1,0,0,0
823375,682254,2,2,2,2,0,0,0
823375,656605,12,10,7,1,0,5,0
823375,670990,3,0,0,0,0,1,0
823375,642701,2,0,0,0,0,2,0
823375,804619,6,1,0,3,0,1,0
823375,641927,14,12,7,1,0,3,3
823375,681892,4,2,2,2,0,0,0
823683,808970,3,1,1,0,0,1,1
823683,696070,6,2,3,3,0,3,1
823683,641927,15,3,1,1,0,5,1
823683,681892,3,0,0,0,0,0,0
823683,671922,3,0,0,0,0,2,0
823683,668909,21,3,2,1,1,11,1
823683,683769,3,0,0,0,0,1,0
824536,641941,3,3,4,0,1,2,1
824536,663574,3,0,0,0,0,1,0
824536,683175,1,0,0,2,0,0,0
824536,668933,3,1,0,0,0,2,0
824536,671096,17,5,4,3,0,5,1
824536,694973,15,3,1,2,0,5,0
824536,642397,3,0,0,0,0,2,0
824536,682254,2,1,2,1,0,1,1
824536,676755,4,1,0,0,0,0,0
824536,664875,3,0,0,0,0,1,0
823886,663969,5,0,0,1,0,1,0
823886,676083,22,7,2,1,0,3,1
823886,641941,3,0,0,0,0,0,0
823886,682227,20,3,0,1,0,4,0
823886,663574,3,0,0,1,0,1,0
823886,656271,1,0,0,0,0,1,0
824408,702021,4,3,0,0,0,2,0
824408,677944,14,7,3,3,0,5,2
824408,670036,2,1,1,1,1,1,0
824408,680916,3,0,0,0,0,0,0
824408,681870,4,0,0,0,0,1,0
824408,641927,12,8,4,1,0,2,0
824408,681892,3,0,0,1,0,1,0
824408,701519,6,1,0,0,0,0,0
824408,672782,3,2,1,0,0,1,0
824408,702193,3,2,1,1,0,1,1
824493,668881,21,3,0,1,0,12,0
824493,641941,3,0,0,0,0,3,0
824493,656271,3,1,0,0,0,1,0
824493,684007,15,7,1,1,0,5,1
824493,663423,3,1,0,0,0,0,0
824493,663765,6,5,3,0,0,3,1
823110,677961,6,1,0,0,0,2,0
823110,660825,3,2,3,1,0,0,1
823110,676106,18,5,2,1,0,3,1
823110,641941,3,0,0,0,0,0,0
823110,663903,20,6,3,1,0,6,0
823110,656271,4,1,0,0,0,0,0
824479,641941,3,0,0,0,0,0,0
824479,656271,3,0,0,0,0,3,0
824479,695505,21,4,0,0,0,8,0
824479,694795,3,3,0,0,0,1,0
824479,645261,21,3,1,4,0,2,0
823997,696270,13,3,1,2,0,5,1
823997,820862,4,0,0,0,0,3,0
823997,642048,2,1,1,1,0,1,0
823997,684665,5,2,0,1,0,0,0
823997,696519,3,0,0,0,0,2,0
823997,681217,3,0,0,0,0,2,0
823997,674003,21,5,3,1,1,1,0
824478,641941,3,0,0,1,0,2,0
824478,695076,20,8,4,2,0,5,1
824478,685112,3,1,0,0,0,2,0
824478,656271,4,2,1,1,0,3,0
824478,677865,0,1,0,0,0,0,0
824478,669467,18,10,4,1,0,5,0
824478,657265,9,2,1,0,0,4,1
825004,686993,4,0,0,0,0,1,0
825004,660761,5,2,0,0,1,1,0
825004,695611,15,9,4,1,1,5,0
825004,663687,3,0,0,0,0,1,0
825004,678606,3,1,0,0,0,0,0
825004,662253,3,2,1,0,0,1,1
825004,642100,3,0,0,0,1,1,0
825004,676106,18,1,0,2,1,3,0
823135,678606,2,1,0,0,0,0,0
823135,666374,2,2,1,2,0,1,0
823135,681867,3,0,0,0,0,0,0
823135,669923,16,6,4,1,0,4,1
823135,662253,3,2,1,0,1,1,0
823135,642100,1,0,0,0,0,1,0
823135,660825,3,2,0,1,0,0,0
823135,666661,1,1,0,1,0,1,0
823135,694297,5,3,1,0,0,3,1
823135,642528,3,0,0,0,0,1,0
823135,664199,1,0,0,0,0,0,0
823135,668678,15,8,5,1,0,2,3
823135,805299,3,1,0,0,0,2,0
823069,700669,6,0,0,0,0,2,0
823069,677865,3,0,0,2,1,0,0
823069,669467,16,4,3,3,0,8,1
823069,666277,2,0,0,0,0,0,0
823069,666374,3,0,0,0,0,0,0
823069,669923,18,5,2,1,1,2,0
823069,662253,3,1,0,0,0,2,0
823069,642100,1,2,0,0,0,1,0
823069,660825,2,0,0,0,0,0,0
824269,680744,8,4,0,0,1,3,0
824269,805427,4,0,0,0,0,3,0
824269,672456,15,6,4,1,1,1,1
824269,678606,3,0,0,1,0,1,0
824269,666374,3,0,0,1,0,1,0
824269,642100,3,1,0,1,0,0,0
824269,682243,18,1,0,2,0,9,0
823366,681895,3,1,0,1,1,0,0
823366,642397,3,0,0,0,0,1,0
823366,682254,4,0,0,0,0,2,0
823366,670990,1,0,0,2,0,0,0
823366,696149,16,5,1,3,0,4,0
823366,695380,3,3,2,1,0,1,0
823366,642100,1,0,0,0,0,0,0
823366,682243,17,5,3,0,0,11,2
823366,660825,3,0,0,0,0,1,0
823117,662253,3,1,0,0,0,1,0
823117,642100,3,0,0,0,0,0,0
823117,676106,21,2,0,2,0,5,0
823117,702056,18,3,2,2,0,7,1
823117,689254,3,3,1,0,0,2,0
823117,643511,3,0,0,0,0,1,0
823116,678606,3,0,0,1,0,1,0
823116,693433,18,6,2,2,0,7,2
823116,662253,3,0,0,0,0,2,0
823116,642100,3,0,0,0,0,1,0
823116,660825,3,1,0,0,0,1,0
823116,681916,2,0,0,1,0,0,0
823116,657277,20,2,3,1,2,5,1
823116,676775,1,0,0,0,1,0,0
823116,656529,3,1,0,1,0,1,0
823116,669062,3,0,0,0,0,2,0
822998,669438,3,3,2,1,0,1,1
822998,642121,1,2,2,1,0,0,0
822998,687330,5,1,0,0,0,0,0
822998,656876,18,1,0,0,0,7,0
822998,642232,3,2,1,0,0,1,0
822998,687396,3,2,1,0,0,0,0
822998,666808,3,0,0,0,0,0,0
822998,693645,15,7,3,1,0,8,0
824767,687562,16,6,4,2,0,1,0
824767,669711,0,2,1,1,0,0,0
824767,701719,2,0,0,0,0,0,0
824767,670245,9,5,3,1,0,2,1
824767,642121,3,0,0,0,0,1,0
824767,664076,3,2,1,0,0,1,0
824767,687330,3,1,0,0,0,0,0
824767,643377,12,4,2,1,0,3,0
824767,685801,6,0,0,0,0,1,0
831599,642121,6,3,1,0,0,2,1
831599,695294,3,1,0,0,0,0,0
831599,691765,13,2,1,0,0,1,1
831599,805783,3,0,0,0,0,0,0
831599,643377,2,0,0,0,0,0,0
831599,689520,3,0,0,0,0,1,0
831599,656186,3,1,2,1,0,1,1
831599,657746,15,3,1,1,0,2,1
831599,679358,3,1,0,0,0,0,0
823940,681911,3,0,0,3,0,1,0
823940,683618,4,1,0,0,0,0,0
823940,660271,18,7,4,1,1,5,0
823940,676263,2,0,0,0,0,1,0
823940,663556,11,3,2,5,0,3,0
823940,668984,1,2,1,1,0,0,0
823940,642121,4,1,0,0,0,0,0
823940,664076,3,0,0,1,0,1,0
823940,687330,5,3,2,1,0,1,1
822958,688297,6,2,2,0,0,4,2
822958,668984,3,0,0,0,0,2,0
822958,642121,3,0,0,0,0,1,0
822958,643377,15,1,3,2,0,10,1
822958,670280,3,0,0,0,0,1,0
822958,693645,24,4,1,0,0,8,0
823445,642152,3,1,0,0,0,1,0
823445,650911,21,3,0,2,0,9,0
823445,680742,3,1,0,1,0,3,0
823445,676755,2,1,0,0,0,0,0
823445,696149,19,7,5,2,1,6,0
823445,682997,1,0,0,0,0,0,0
823445,684049,2,4,3,1,0,2,1
831499,687040,3,2,2,1,1,1,0
831499,669330,3,0,0,0,0,3,0
831499,694370,10,5,4,3,1,4,0
831499,682274,3,0,0,1,0,0,0
831499,686811,3,1,1,2,0,0,0
831499,814837,3,0,0,1,0,1,0
831499,694978,2,1,0,0,0,0,0
831499,668761,2,0,0,0,0,0,0
831499,663767,5,2,1,2,0,1,0
831499,678013,1,1,0,0,0,0,0
831499,642152,3,1,2,1,1,1,0
831499,688753,3,0,0,0,0,1,0
831499,680743,7,3,2,2,0,1,0
831499,642546,1,3,5,2,0,1,1
831499,692838,2,1,0,0,0,0,0
823568,642232,3,0,0,0,1,0,0
823568,657612,1,0,0,0,0,0,0
823568,687396,3,0,0,0,0,2,0
823568,701542,17,4,2,0,0,6,2
823568,656234,3,0,0,0,0,2,0
823568,669199,3,2,2,2,0,2,0
823568,663969,6,1,0,2,0,3,0
823568,656848,3,1,1,1,0,1,1
823568,691587,12,2,4,6,1,4,1
824106,669212,3,3,2,1,0,0,1
824106,686475,3,3,2,1,0,0,1
824106,679883,9,7,3,2,0,1,0
824106,663559,7,9,7,0,0,0,3
824106,674444,5,2,1,1,0,4,1
824106,642232,9,2,0,1,0,0,0
824106,693645,18,4,1,0,0,6,1
823399,642397,3,0,0,0,0,2,0
823399,682254,3,1,0,0,0,1,0
823399,669387,18,2,0,2,1,5,0
823399,642701,3,0,0,0,1,0,0
823399,695418,9,1,0,0,1,2,0
823399,663623,15,4,2,3,1,5,0
824402,684974,3,0,0,0,0,0,0
824402,670036,3,1,0,0,0,2,0
824402,671922,3,1,0,2,0,2,0
824402,681870,1,1,0,0,0,1,0
824402,683769,3,1,0,0,0,1,0
824402,676440,17,4,3,0,0,10,3
824402,642376,3,2,0,1,0,2,0
824402,673380,3,3,0,0,0,2,0
824402,650960,3,0,0,1,0,0,0
824402,694646,6,0,0,1,0,2,0
824402,681035,15,6,3,2,1,7,0
823395,681895,2,1,0,0,0,0,0
823395,642397,3,1,0,0,0,0,0
823395,682254,3,0,0,0,0,1,0
823395,676755,1,0,0,0,0,1,0
823395,642701,2,4,4,2,0,0,2
823395,664875,3,0,0,0,0,1,0
823395,696062,12,0,0,0,0,3,0
823395,676742,1,0,0,0,0,1,0
823395,681676,6,0,0,0,0,4,0
823395,666277,3,1,0,0,0,1,0
823395,669160,18,7,2,2,0,2,0
823799,682842,3,0,0,0,0,1,0
823799,681982,1,1,0,0,0,0,0
823799,676879,6,1,0,0,0,4,0
823799,694819,18,6,3,1,2,9,0
823799,672582,2,1,1,1,0,1,0
823799,642397,3,0,0,0,0,1,0
823799,682254,3,0,0,1,0,1,0
823799,656605,15,5,3,2,0,6,0
823799,670990,3,0,0,0,0,2,0
823799,676755,3,0,0,0,0,0,0
823799,642701,3,1,0,1,0,1,0
823387,642397,4,0,0,0,0,2,0
823387,677952,23,4,0,2,0,6,0
823387,663574,3,2,1,2,0,0,0
823387,695505,21,3,0,1,0,7,0
825091,666661,3,0,0,0,1,0,0
825091,656464,2,0,0,0,0,0,0
825091,647336,19,7,1,2,0,6,1
825091,664199,3,0,0,0,0,1,0
825091,694973,24,2,0,0,0,7,0
825091,642397,3,0,0,1,0,1,0
822813,695445,5,1,2,2,0,0,1
822813,656302,14,4,2,1,0,8,2
822813,689254,2,1,0,1,0,2,0
822813,684320,3,0,0,0,1,1,0
822813,680755,3,0,0,0,0,1,0
822813,642397,3,0,0,1,1,1,0
822813,682254,5,0,0,0,0,2,0
822813,656605,18,4,1,3,1,5,0
822813,670990,1,1,0,1,0,0,0
823380,642397,3,0,0,0,0,1,0
823380,669387,15,5,1,3,0,2,1
823380,696062,9,1,0,0,0,4,0
823380,657097,3,2,0,0,0,2,0
823380,663423,3,2,1,0,0,0,1
823380,676962,18,4,1,2,0,7,0
824991,686993,3,2,0,0,0,2,0
824991,665660,3,1,1,0,0,0,1
824991,663687,3,2,2,1,0,1,1
824991,643410,3,1,0,0,0,0,0
824991,678022,15,6,3,2,0,6,1
824991,681895,3,1,0,0,0,2,0
824991,642397,3,2,0,0,0,2,0
824991,682254,3,0,0,1,0,2,0
824991,656605,16,4,1,4,0,7,1
824991,670990,2,0,0,1,0,0,0
823372,683003,12,3,2,1,0,4,0
823372,681895,1,0,0,0,0,1,0
823372,642397,3,2,2,0,0,0,1
823372,669387,11,3,4,3,0,3,1
823372,681911,1,0,0,0,0,0,0
823372,669165,1,3,4,2,0,0,1
823372,660271,20,6,3,3,1,6,1
823372,676263,2,2,1,0,0,1,1
823369,642397,3,1,0,0,0,1,0
823369,682254,4,2,0,0,0,0,0
823369,670990,3,1,0,1,0,3,0
823369,696149,17,3,2,1,1,6,0
823369,669199,6,1,1,1,1,4,0
823369,676534,3,1,0,1,0,1,0
823369,667463,2,2,1,0,0,0,0
823369,806188,4,2,0,1,0,1,0
823369,656848,6,0,0,0,0,3,0
823369,669622,3,2,1,1,1,2,0
822715,676571,2,1,0,1,0,0,0
822715,695418,4,4,5,1,0,0,1
822715,676917,7,6,3,2,0,3,1
822715,664875,5,2,2,1,0,2,0
822715,687377,3,0,0,0,0,2,0
822715,678868,6,0,0,1,0,3,0
822715,642397,6,1,1,1,0,2,1
822715,682254,3,0,0,0,0,1,0
822715,676755,3,2,0,0,0,1,0
822715,696149,12,6,4,4,0,0,1
822715,642701,3,1,0,0,0,0,0
823359,642397,3,0,0,0,0,0,0
823359,656605,9,4,3,2,0,3,1
823359,670990,6,0,0,1,0,2,0
823359,642701,3,3,4,2,0,1,1
823359,676742,2,2,3,3,0,2,1
823359,676702,4,2,0,0,0,2,0
823359,689266,3,0,0,0,0,0,0
823359,675916,3,0,0,1,0,1,0
823359,682989,3,1,0,0,0,2,0
823359,702275,4,2,1,2,0,1,0
823359,664849,2,0,0,0,0,0,0
823359,693821,12,5,3,2,0,3,3
823357,642397,3,1,0,1,0,0,0
823357,669387,9,3,1,2,0,2,0
823357,677952,15,5,5,2,0,6,2
823357,694477,3,2,1,0,0,0,0
823357,684974,6,0,0,1,0,3,0
823357,676879,3,3,3,0,0,3,1
823357,687075,9,2,2,2,3,3,1
823357,669060,3,0,0,0,0,0,0
823757,694477,3,0,0,0,0,2,0
823757,676879,6,1,0,1,0,3,0
823757,687075,9,5,4,2,0,4,0
823757,668831,9,2,0,1,0,4,0
823757,696149,17,4,2,4,0,5,0
823757,642397,4,1,0,1,1,3,0
823757,666808,3,0,0,0,0,1,0
823757,682254,3,1,0,0,0,3,0
824685,684007,21,4,0,1,0,5,0
824685,676962,6,0,0,0,0,1,0
824685,666661,3,1,1,0,0,2,0
824685,656464,1,0,0,1,0,0,0
824685,642528,1,0,0,0,0,0,0
824685,669194,17,4,1,2,0,4,1
824685,664199,2,0,0,1,0,1,0
825086,656464,3,0,0,1,0,3,0
825086,642528,3,0,0,0,0,0,0
825086,669194,21,8,3,2,0,3,2
825086,676775,3,0,0,1,0,1,0
825086,668873,4,2,2,0,0,1,0
825086,669062,1,0,0,3,0,0,0
825086,694738,18,7,1,0,0,3,0
825086,657424,0,1,1,0,0,0,1
825077,694297,3,3,2,2,1,1,0
825077,642528,1,0,0,0,0,1,0
825077,664199,3,1,0,1,0,1,0
825077,668678,15,9,4,2,0,1,1
825077,657044,5,3,0,0,0,2,0
825077,660271,18,2,0,1,0,6,0
825077,642546,6,0,0,1,0,3,0
825077,676263,3,0,0,0,0,0,0
823041,700669,5,2,2,2,0,0,0
823041,677865,6,2,0,1,0,2,0
823041,669461,16,8,6,2,0,3,2
823041,686753,6,3,2,0,0,1,1
823041,642528,3,0,0,0,0,1,0
823041,683352,9,2,1,2,0,3,0
823041,664199,3,1,0,0,0,0,0
823041,657044,6,2,1,0,0,2,0
823856,669199,6,2,0,1,0,3,0
823856,806188,3,1,0,0,0,0,0
823856,687473,12,3,0,1,0,4,0
823856,687531,6,0,0,2,0,3,0
823856,666661,1,0,0,0,0,1,0
823856,686753,8,0,0,1,1,1,0
823856,642528,3,2,1,0,0,0,0
823856,669194,12,8,7,1,2,2,2
825064,642528,3,2,0,0,0,1,0
825064,664199,3,0,0,0,0,0,0
825064,668678,17,7,6,1,0,4,2
825064,657044,1,2,0,0,0,0,0
825064,805299,3,0,0,0,0,1,0
825064,686790,18,1,0,0,0,5,0
825064,681916,3,1,0,0,0,1,0
825064,676254,0,4,4,0,0,0,0
825064,668873,3,0,0,0,0,2,0
825064,669062,3,1,0,1,0,2,0
824407,702021,3,0,0,0,0,1,0
824407,670036,2,1,0,0,0,0,0
824407,681870,0,2,1,1,0,0,0
824407,676440,22,3,2,1,2,3,0
824407,656464,3,0,0,0,0,0,0
824407,642528,3,0,0,1,0,1,0
824407,683352,15,3,1,4,0,2,0
824407,664199,3,0,0,0,0,1,0
824407,805299,3,0,0,0,0,1,0
823788,694477,4,0,0,0,0,0,0
823788,701656,15,2,0,3,0,7,0
823788,675660,4,1,0,2,0,2,0
823788,676879,4,0,0,1,1,0,0
823788,680736,15,8,5,2,0,4,1
823788,642546,3,0,0,0,0,0,0
823788,801434,6,1,0,1,0,0,0
823787,681982,5,0,0,1,0,0,0
823787,663765,5,4,4,4,0,1,0
823787,688107,13,4,4,4,0,4,1
823787,669084,4,2,3,2,0,0,0
823787,681911,3,0,0,1,0,2,0
823787,656945,3,1,0,0,0,3,0
823787,669165,3,0,0,2,0,1,0
823787,642546,3,0,0,0,0,1,0
823787,808963,15,4,2,2,0,4,0
823862,676974,21,1,0,3,1,8,0
823862,669622,4,0,0,0,0,3,0
823862,677053,2,2,1,0,0,0,0
823862,702752,3,0,0,0,0,0,0
823862,642547,21,8,4,2,0,9,2
823620,680702,6,3,1,0,0,1,0
823620,672335,3,1,0,0,0,0,0
823620,642547,18,6,6,2,2,5,1
823620,694335,3,0,0,0,0,1,0
823620,677865,6,1,0,0,0,2,0
823620,669160,18,4,0,1,0,6,0
823447,650911,18,5,1,1,0,5,1
823447,661395,3,1,0,0,0,2,0
823447,676661,6,2,2,0,0,1,1
823447,668964,7,3,2,0,0,1,1
823447,670097,3,0,0,0,0,0,0
823447,672335,6,4,3,0,0,3,1
823447,642547,8,10,10,1,0,2,2
823404,676755,3,1,0,1,0,1,0
823404,669387,14,5,2,3,0,5,0
823404,642701,3,0,0,0,0,1,0
823404,682995,7,0,0,3,0,1,0
823404,689296,3,1,0,1,0,0,0
823404,670329,1,0,0,1,0,0,0
823404,664854,1,2,1,1,0,0,0
823404,664991,3,1,0,0,0,2,0
823404,669358,17,4,1,3,1,5,0
824969,686751,0,3,4,1,0,0,1
824969,660761,1,3,4,1,0,1,0
824969,656240,5,1,0,0,0,0,0
824969,682052,21,5,2,1,0,5,1
824969,669330,3,1,0,1,0,3,0
824969,688297,3,3,3,0,1,0,0
824969,687330,3,0,0,0,0,0,0
824969,642547,18,6,3,1,0,5,1
823396,681895,1,2,1,0,0,1,0
823396,670990,3,1,1,1,1,2,0
823396,676755,3,0,0,1,0,0,0
823396,642701,3,1,0,0,0,0,0
823396,664875,3,1,0,0,1,0,0
823396,677952,17,5,2,2,1,7,0
823396,676571,2,2,0,0,0,0,0
823396,690925,3,1,1,2,1,1,0
823396,672335,3,1,0,0,0,2,0
823396,687377,3,1,0,0,0,1,0
823396,681402,2,0,0,0,0,0,0
823396,687606,1,2,2,0,0,0,0
823396,656492,16,8,4,1,0,7,1
823383,681895,3,0,0,0,0,1,0
823383,682254,3,1,0,0,0,3,0
823383,670990,3,0,0,1,0,1,0
823383,669387,15,4,2,3,0,2,0
823383,642701,3,0,0,0,0,0,0
823383,680767,2,2,1,1,0,1,0
823383,801403,3,5,3,1,0,0,1
823383,657514,4,2,2,0,0,0,0
823383,675848,3,0,0,0,0,1,0
823383,685299,12,3,1,1,0,5,0
823057,700241,15,10,3,1,0,1,1
823057,694335,2,5,4,0,0,1,0
823057,690155,4,0,0,2,0,2,0
823057,677865,6,0,0,0,0,2,0
823057,681895,3,0,0,0,0,1,0
823057,670990,3,1,0,1,1,1,0
823057,669387,15,4,0,1,0,1,0
823057,642701,3,0,0,0,0,1,0
823057,664875,3,0,0,0,1,2,0
824993,669372,18,6,0,2,0,3,0
824993,686993,3,0,0,1,0,2,0
824993,686930,6,2,1,0,0,1,1
824993,683003,12,8,5,1,0,4,2
824993,669387,9,6,0,1,0,2,1
824993,642701,3,0,0,0,0,2,0
823371,681895,2,2,2,1,1,1,0
823371,656605,12,7,5,4,2,3,1
823371,670990,6,0,0,2,0,1,0
823371,642701,3,0,0,0,0,0,0
823371,684049,4,1,0,1,0,2,0
823371,681911,1,0,0,0,0,1,0
823371,683618,2,3,2,0,0,1,0
823371,656945,4,0,0,0,0,3,0
823371,694361,3,3,0,1,0,2,0
823371,680736,14,6,4,2,0,1,2
823371,676263,3,0,0,0,0,2,0
823356,685126,1,0,0,2,0,0,0
823356,682254,3,0,0,1,0,2,0
823356,670990,3,1,0,0,1,0,0
823356,676755,3,1,0,0,0,0,0
823356,696149,14,5,2,3,0,6,0
823356,642701,3,0,0,0,0,1,0
823356,682842,3,1,0,1,0,0,0
823356,681982,2,1,0,0,0,0,0
823356,675660,19,5,3,0,1,6,1
823365,682254,3,1,0,0,0,3,0
823365,656605,18,7,3,1,0,4,2
823365,676755,3,0,0,0,0,1,0
823365,642701,3,0,0,1,0,1,0
823365,678606,3,0,0,0,0,0,0
823365,669923,18,9,1,2,0,5,0
823365,662253,3,0,0,0,0,3,0
823365,660825,3,1,0,1,0,2,0
823806,681982,3,0,0,0,0,1,0
823806,676879,3,0,0,1,0,0,0
823806,694819,18,4,2,2,1,7,1
823806,669084,3,1,0,0,1,3,0
823806,669438,3,2,1,0,0,0,0
823806,693855,6,1,0,0,0,2,0
823806,643377,0,3,3,1,0,0,0
823806,656876,15,3,1,1,0,8,1
823594,643361,3,0,0,0,0,0,0
823594,650960,4,3,2,0,0,1,1
823594,702752,6,1,0,2,0,3,0
823594,804267,14,6,3,3,1,2,1
823594,669199,9,1,0,0,0,2,0
823594,663969,15,6,2,0,0,3,1
823594,667463,3,0,0,0,0,0,0
824766,687562,18,1,0,1,1,3,0
824766,687941,9,2,0,0,0,1,0
824766,688297,6,5,3,1,0,2,1
824766,643377,15,8,7,1,1,6,1
824766,810938,3,2,0,0,0,0,0
823149,678606,3,2,0,0,1,0,0
823149,668984,3,3,3,1,0,0,0
823149,666374,3,0,0,1,0,1,0
823149,681867,3,1,0,0,0,0,0
823149,676106,15,7,3,0,0,3,3
823149,669372,16,6,3,1,0,6,2
823149,669270,3,2,1,0,0,0,0
823149,663687,5,0,0,0,0,2,0
823149,643410,3,2,0,0,0,1,0
825013,686993,3,0,0,0,0,1,0
825013,669270,3,0,0,1,0,0,0
825013,650644,18,7,1,2,0,3,1
825013,643410,3,0,0,0,0,1,0
825013,670059,6,3,0,0,0,2,0
825013,688883,3,2,3,3,0,1,0
825013,800048,15,6,4,0,0,6,3
823147,678606,6,2,0,1,0,2,0
823147,666374,3,0,0,0,0,0,0
823147,669302,12,6,3,2,1,3,0
823147,681867,3,0,0,0,0,1,0
823147,662253,3,1,1,0,0,1,1
823147,686993,3,1,0,0,0,2,0
823147,669270,2,4,1,0,0,0,0
823147,669620,2,1,0,0,0,0,0
823147,650644,16,6,3,1,0,5,1
823147,643410,3,2,1,0,0,1,0
823803,694477,20,3,1,2,0,2,0
823803,682842,3,0,0,0,0,1,0
823803,676879,3,1,0,1,0,3,0
823803,669084,1,1,0,0,0,0,0
823803,656302,18,2,0,3,0,6,0
823803,689254,2,1,0,0,0,0,0
823803,680755,1,0,0,0,0,0,0
823803,643511,3,2,1,1,0,0,0
824982,686993,3,1,1,0,0,0,1
824982,686930,6,3,4,2,0,2,2
824982,660761,4,0,0,1,0,0,0
824982,643410,3,0,0,0,1,2,0
824982,678022,11,7,7,4,0,8,2
824982,676604,3,2,0,0,0,1,0
824982,669199,6,0,0,0,0,1,0
824982,663969,10,7,5,2,0,2,1
824982,676534,3,0,0,0,0,2,0
824982,656848,2,0,0,2,0,1,0
824982,687531,3,0,0,0,0,1,0
823547,656234,3,0,0,0,0,1,0
823547,693645,18,8,2,2,0,7,0
823547,672442,6,0,0,0,0,3,0
823547,686973,3,1,0,0,0,2,0
823547,656546,2,0,0,0,0,0,0
823547,702056,18,2,0,0,0,8,0
823547,689254,1,2,0,0,0,0,0
823547,643511,3,0,0,0,0,1,0
822823,686973,3,0,0,0,0,3,0
822823,656546,3,0,0,0,0,2,0
822823,702056,16,4,0,0,0,3,0
822823,689254,2,0,0,1,0,0,0
822823,643511,3,0,0,0,0,1,0
822823,677161,3,1,0,1,0,2,0
822823,701719,2,1,0,0,0,0,0
822823,801139,14,3,3,4,0,4,0
822823,670245,5,1,0,0,1,1,0
822812,671936,1,2,0,0,0,1,0
822812,681084,3,0,0,0,0,0,0
822812,702056,20,5,5,2,0,6,0
822812,689254,1,0,0,0,0,1,0
822812,643511,2,2,3,1,0,0,0
822812,669199,4,1,1,0,0,3,1
822812,667463,3,1,0,0,0,0,0
822812,806188,3,0,0,1,0,1,0
822812,676083,15,8,1,0,0,3,0
822812,677053,2,0,0,0,1,1,0
822800,686973,3,0,0,1,0,1,0
822800,656302,17,3,2,4,0,8,0
822800,680755,4,0,0,0,0,0,0
822800,643511,3,2,0,1,0,0,0
822800,686613,9,4,1,2,2,4,1
822800,660853,4,2,1,0,0,2,0
822800,805123,6,2,1,2,0,1,0
822800,701121,3,3,1,0,0,0,0
822800,687911,2,0,0,1,0,1,0
823202,657277,21,5,5,2,0,2,1
823202,676254,3,3,3,1,0,0,2
823202,702352,3,3,0,1,0,1,0
823202,656302,24,1,0,3,0,11,0
823202,643511,3,0,0,0,0,0,0
823868,694795,1,0,0,0,0,0,0
823868,645261,18,5,2,2,0,3,0
823868,676534,6,0,0,1,0,0,0
823868,677053,2,1,0,0,0,2,0
823868,676571,1,0,0,0,0,0,0
823868,676917,17,4,2,1,3,4,0
823868,687377,3,0,0,0,0,1,0
823868,681402,1,2,3,2,0,1,0
823868,687606,2,0,0,0,0,1,0
822790,669456,18,3,0,2,0,6,0
822790,686973,3,0,0,0,0,1,0
822790,656546,3,0,0,1,0,2,0
822790,643511,3,1,0,0,0,1,0
822790,663436,17,4,1,2,0,5,0
822790,656794,4,1,0,1,0,1,0
822790,663855,3,0,0,0,0,0,0
823864,664126,3,1,1,0,0,2,1
823864,645261,18,9,6,0,0,3,2
823864,806188,6,3,2,1,2,4,0
823864,675911,19,4,3,2,0,9,3
823864,689266,3,1,0,0,0,2,0
823864,669276,2,1,0,0,0,1,0
823864,663158,3,0,0,0,0,1,0
822785,669456,21,3,1,0,0,3,0
822785,686973,3,0,0,0,0,2,0
822785,643511,3,0,0,0,0,1,0
822785,668984,6,2,1,2,0,2,0
822785,693855,18,5,2,1,0,7,0
824160,837227,9,0,0,0,0,5,0
824160,664299,18,7,3,0,0,2,1
824160,669456,17,9,1,2,0,6,0
824160,663893,4,0,0,1,0,4,0
824160,680755,3,1,0,2,0,0,0
824160,643511,3,0,0,0,0,0,0
822811,693686,13,3,1,1,0,3,0
822811,671936,2,0,0,0,0,0,0
822811,681084,6,1,0,2,0,1,0
822811,684320,3,0,0,0,0,0,0
822811,680755,3,1,0,0,0,1,0
822811,645261,17,10,8,1,4,4,3
822811,806188,7,2,0,0,0,2,0
822730,663992,2,2,2,0,1,0,1
822730,669371,3,3,3,1,0,2,2
822730,676917,15,5,2,3,0,6,0
822730,687606,7,0,0,0,0,2,0
822730,664126,3,0,0,0,0,1,0
822730,645261,21,7,3,0,0,5,1
822730,656848,3,0,0,1,0,1,0
823370,696062,5,4,4,3,0,2,0
823370,699008,7,2,2,1,0,1,1
823370,677952,15,5,2,2,0,4,0
823370,645261,24,5,3,1,0,7,2
823370,667463,3,1,0,0,0,2,0
823845,645261,21,5,3,0,0,8,1
823845,687473,6,0,0,0,0,1,0
823845,670059,2,1,0,0,0,1,0
823845,671922,3,0,0,0,0,0,0
823845,800048,18,1,1,4,0,1,1
823845,681870,1,1,1,1,0,0,1
823845,683769,3,1,0,0,0,1,0
824983,660761,3,0,0,1,0,0,0
824983,665660,1,0,0,1,0,1,0
824983,650644,14,6,4,2,0,6,2
824983,695034,9,7,3,2,0,0,1
824983,676604,3,1,0,0,1,1,0
824983,645261,24,6,1,1,1,8,0
823766,694477,3,1,0,0,0,1,0
823766,701656,15,3,1,0,0,4,1
823766,682842,3,1,0,0,0,1,0
823766,684974,3,0,0,0,0,0,0
823766,676879,3,1,0,0,0,2,0
823766,656730,3,1,0,0,0,1,0
823766,669199,2,1,0,1,0,2,0
823766,664126,3,1,0,1,0,2,0
823766,645261,18,3,1,4,0,7,1
823766,676534,3,1,0,0,0,0,0
823766,656848,3,0,0,2,0,2,0
824290,657756,3,2,2,0,1,0,0
824290,672456,17,5,3,1,0,3,0
824290,668670,3,2,0,0,0,1,0
824290,646241,4,7,5,2,0,1,0
824290,681982,6,1,0,0,0,1,0
824290,690986,9,4,1,3,1,3,0
824290,676879,3,0,0,2,0,2,0
824290,663765,6,4,3,0,0,2,0
824290,656730,3,0,0,0,0,1,0
823834,664126,3,1,0,0,0,3,0
823834,645261,21,3,0,1,0,8,0
823834,806188,3,1,0,1,0,0,0
823834,695049,17,6,3,1,0,7,0
823834,700712,7,4,4,3,0,2,0
824277,664285,15,5,4,4,0,3,0
824277,676428,1,1,3,2,0,0,0
824277,657756,8,2,0,0,0,2,0
824277,646241,3,1,1,1,0,2,1
824277,677944,22,5,2,2,0,4,1
824277,670036,2,0,0,0,0,1,0
824277,688883,3,0,0,1,1,0,0
824255,672456,21,6,0,1,0,3,0
824255,646241,6,0,0,1,0,2,0
824255,650556,3,0,0,0,0,1,0
824255,676694,3,0,0,0,0,0,0
824255,663878,9,1,0,2,0,1,0
824255,681293,9,5,8,5,0,7,3
824241,664285,17,6,4,5,1,3,1
824241,680744,2,1,1,0,0,0,0
824241,663432,5,0,0,2,0,1,0
824241,646241,3,3,1,0,0,1,0
824241,670059,4,0,0,1,0,1,0
824241,671922,4,2,0,0,0,3,0
824241,681870,2,0,0,0,1,2,0
824241,683769,2,1,1,1,0,2,0
824241,656492,15,4,1,1,0,3,1
823341,682254,3,0,0,0,0,2,0
823341,677952,24,5,1,0,0,4,1
823341,680744,6,1,1,0,0,2,0
823341,672456,15,4,3,1,0,3,1
823341,646241,3,1,0,0,1,0,0
824508,663574,3,0,0,0,0,0,0
824508,657571,2,1,0,1,0,1,0
824508,695534,5,1,0,0,1,1,0
824508,695076,17,5,1,2,1,6,1
824508,666661,3,1,1,0,0,3,1
824508,647336,21,2,1,0,1,7,0
825074,656464,3,0,0,0,0,0,0
825074,647336,21,3,1,2,0,6,1
825074,664199,3,0,0,0,0,1,0
825074,683000,6,2,1,3,0,1,0
825074,676917,15,7,4,1,0,2,2
825074,681402,3,0,0,0,0,1,0
823154,678606,3,0,0,0,0,0,0
823154,669302,21,4,1,1,0,7,1
823154,681867,3,1,0,0,0,1,0
823154,675989,3,1,2,4,1,1,0
823154,650556,3,1,0,1,0,1,0
823154,685005,8,4,2,1,1,2,0
823154,660853,4,0,0,0,0,0,0
823154,681151,6,2,2,3,0,3,0
831505,650556,3,0,0,3,0,1,0
831505,701121,3,2,4,1,1,2,1
831505,702847,2,0,0,0,0,0,0
831505,687911,1,0,0,0,0,0,0
831505,685005,3,0,0,0,0,1,0
831505,686613,12,4,3,3,0,6,0
831505,660853,3,0,0,1,0,1,0
831505,669199,3,0,0,0,0,2,0
831505,806188,2,3,2,1,0,1,0
831505,656848,3,1,0,2,0,1,0
831505,689359,1,0,0,0,0,0,0
831505,682240,3,1,0,0,0,0,0
831505,691587,15,4,2,1,0,5,0
824180,650556,3,0,0,0,0,0,0
824180,805123,3,0,0,0,0,3,0
824180,663878,3,4,2,0,0,0,0
824180,681293,18,6,6,0,1,8,3
824180,670036,3,1,0,0,0,2,0
824180,676282,24,4,1,1,0,9,0
831887,694492,1,0,0,0,0,0,0
831887,691014,1,0,0,0,0,0,0
831887,675450,2,0,0,0,0,1,0
831887,811139,3,2,3,2,0,2,1
831887,694851,3,1,0,0,0,0,0
831887,666661,2,1,1,0,0,0,0
831887,647336,10,10,6,2,1,5,2
831887,801517,5,1,0,0,0,1,0
831887,687102,3,1,0,1,0,0,0
831887,807575,3,0,0,0,0,1,0
831887,671969,1,0,0,0,0,0,0
831887,806272,1,0,0,0,0,0,0
831887,689557,2,0,1,1,3,1,0
831887,800048,14,6,3,1,0,6,0
831887,682120,3,1,0,1,0,0,0
823288,650633,21,6,0,0,0,5,0
823288,695243,3,1,0,1,0,2,0
823288,670970,3,0,0,0,0,2,0
823288,689266,4,1,0,1,0,3,0
823288,675916,5,0,0,1,0,1,0
823288,800311,1,0,0,0,0,1,0
823288,656550,14,3,1,5,0,4,1
823933,683618,3,0,0,0,0,1,0
823933,656945,3,0,0,0,0,3,0
823933,669165,3,1,0,1,0,1,0
823933,660271,18,7,3,2,0,9,1
823933,650633,18,3,2,2,0,5,0
823933,699134,3,0,0,1,0,0,0
823933,670970,3,2,1,2,0,0,1
824399,684974,2,0,0,1,0,1,0
824399,670036,4,2,0,0,0,1,0
824399,670059,2,2,2,0,1,0,0
824399,680916,3,1,0,0,0,0,0
824399,668909,13,7,5,4,0,5,2
824399,682120,3,0,0,0,0,1,0
824399,673513,3,0,0,1,0,0,0
824399,650633,18,8,3,1,0,4,2
824399,699134,3,1,0,0,0,2,0
824399,669093,3,1,1,0,0,2,0
825019,686993,7,1,0,0,0,4,0
825019,665660,6,3,4,3,0,3,1
825019,650644,14,11,5,1,1,4,0
825019,663436,21,3,1,2,0,4,0
825019,680951,6,1,1,2,0,1,0
823267,650633,18,3,1,1,0,6,1
823267,695243,3,1,1,0,1,1,0
823267,669093,2,1,0,1,0,2,0
823267,670970,4,0,0,1,0,2,0
823267,660853,6,0,0,0,0,2,0
823267,663567,15,5,2,3,0,3,1
823267,687911,3,0,0,1,0,0,0
824652,650644,7,4,2,2,0,2,1
824652,656849,20,3,0,1,0,4,0
824652,664285,2,5,6,2,1,1,0
824652,656716,3,2,2,3,0,0,0
824652,680744,10,1,1,4,0,5,0
824652,668670,3,1,0,1,1,2,0
824652,669724,6,2,2,1,0,1,1
824011,820862,6,0,0,0,0,1,0
824011,691951,15,5,1,1,0,4,0
824011,666171,2,0,0,2,0,2,0
824011,696519,4,1,0,0,0,2,0
824011,665660,3,0,0,0,0,1,0
824011,650644,15,6,3,1,0,2,1
824011,660761,6,0,0,0,0,2,0
824575,680732,21,4,1,0,1,9,1
824575,699823,6,1,0,1,0,2,0
824575,686993,0,3,5,2,0,0,1
824575,686930,3,3,3,1,0,0,0
824575,666126,3,3,1,0,0,1,1
824575,682052,5,0,0,0,0,1,0
824575,665660,6,0,0,0,0,3,0
824575,650644,7,6,4,1,0,4,0
823481,650911,18,6,2,3,0,8,1
823481,686751,5,4,3,2,1,1,0
823481,689147,4,1,0,0,0,3,0
823481,665871,13,11,9,2,0,3,2
823481,657097,2,0,0,0,0,1,0
823481,656212,9,4,3,3,1,1,0
823461,650911,24,4,0,2,0,6,0
823461,661395,3,2,1,0,0,1,1
823461,671922,3,0,0,0,0,1,0
823461,668909,24,5,0,0,0,11,0
823382,681895,5,1,0,1,0,3,0
823382,670990,3,2,0,0,0,3,0
823382,676755,4,0,0,1,0,2,0
823382,696149,9,3,4,4,0,2,1
823382,664875,3,1,1,1,0,1,0
823382,684049,3,1,0,1,0,0,0
823382,650911,27,6,0,0,0,13,0
822736,663992,3,0,0,0,0,1,0
822736,695418,9,2,1,0,0,3,1
822736,656492,15,8,5,0,1,5,2
822736,650960,7,1,0,0,0,1,0
822736,690997,17,8,6,2,2,5,2
823590,681320,2,0,0,0,0,1,0
823590,673540,3,0,0,0,0,2,0
823590,650960,3,0,0,0,0,1,0
823590,681035,19,5,3,2,1,7,1
823590,668820,3,1,0,0,0,1,0
823590,663623,18,8,4,3,0,6,1
823590,656234,3,1,0,0,0,2,0
822905,683004,14,4,0,5,0,6,0
822905,656222,4,0,0,0,0,1,0
822905,686560,6,1,0,1,0,1,0
822905,668390,3,0,0,0,0,1,0
822905,665795,15,7,5,1,0,6,2
822905,681799,6,0,0,2,0,0,0
822905,657097,3,2,1,1,0,1,0
824985,669372,18,3,1,5,0,4,1
824985,663687,4,1,0,0,0,4,0
824985,665622,5,1,0,1,0,3,0
824985,656212,21,12,7,2,0,2,3
824985,676263,3,0,0,0,0,3,0
823548,657612,3,0,0,1,0,1,0
823548,687396,4,1,0,0,0,2,0
823548,701542,15,6,3,1,0,3,0
823548,656234,2,0,0,0,1,1,0
823548,666808,3,2,1,1,0,0,0
823548,695445,1,0,0,2,0,0,0
823548,671936,2,1,0,0,0,1,0
823548,686973,3,0,0,0,0,1,0
823548,656302,15,4,5,4,0,9,2
823548,689254,3,1,0,0,0,1,0
823534,687396,3,0,0,1,0,0,0
823534,656234,3,0,0,0,0,2,0
823534,670280,3,0,0,0,0,2,0
823534,693645,18,4,0,0,1,13,0
823534,657571,5,1,0,0,0,0,0
823534,695076,16,6,4,3,0,5,2
823534,687209,3,1,1,2,0,1,0
823523,657612,4,0,0,2,0,1,0
823523,656234,1,4,5,2,0,1,0
823523,666808,5,0,0,3,1,0,0
823523,683409,4,0,0,0,0,3,0
823523,693645,13,6,3,0,1,8,0
823523,808967,27,4,2,0,0,7,1
822860,677958,15,6,2,1,0,3,1
822860,682608,3,1,3,2,0,0,1
822860,656756,6,1,0,0,0,2,0
822860,668390,3,2,1,0,0,0,0
822860,702021,3,0,0,0,0,1,0
822860,668820,3,1,0,0,0,0,0
822860,676917,18,3,0,1,0,11,0
822860,656234,3,0,0,0,0,1,0
823049,681517,12,5,3,2,0,1,0
823049,690928,15,4,0,2,0,6,0
823049,682825,1,1,2,3,1,0,0
823049,663903,12,4,1,3,0,6,1
823049,685112,7,1,0,1,1,2,0
823049,687209,1,3,4,1,0,1,0
823049,656271,3,1,0,1,0,1,0
824005,681217,2,0,0,0,0,1,0
824005,815083,4,0,0,0,0,2,0
824005,666171,3,1,0,0,1,3,0
824005,700712,18,6,1,1,0,5,0
824005,694335,2,0,0,0,0,0,0
824005,656240,6,1,0,2,0,2,0
824005,669461,16,9,5,2,0,7,1
824727,670103,9,0,0,0,0,2,0
824727,801139,18,2,1,0,0,14,1
824727,666126,3,0,0,0,0,0,0
824727,660761,1,1,0,0,0,0,0
824727,656240,5,3,2,2,0,0,0
824727,696522,3,5,4,0,0,0,0
824727,665622,3,1,0,0,0,2,0
824727,678022,9,5,5,3,0,3,1
824505,657571,2,1,0,2,0,2,0
824505,695534,7,0,0,0,0,1,0
824505,656271,3,1,0,1,0,1,0
824505,695505,15,4,0,3,0,7,0
824505,668964,4,4,7,3,0,1,1
824505,702752,11,3,2,0,1,4,1
824505,656849,9,2,3,2,0,1,1
823884,663969,9,2,0,1,0,4,0
823884,676974,15,4,1,3,0,4,1
823884,669622,3,1,0,0,0,1,0
823884,683742,6,4,2,3,0,2,0
823884,695076,16,8,4,2,0,2,0
823884,656271,2,0,0,0,0,1,0
823789,681982,3,1,0,1,0,0,0
823789,690986,15,5,0,0,0,7,0
823789,702153,6,1,0,1,0,2,0
823789,669084,3,0,0,1,0,1,0
823789,673513,6,0,0,1,0,3,0
823789,656288,5,5,6,4,0,2,0
823789,663362,6,1,0,0,0,4,0
823789,676760,7,4,1,2,0,2,0
824088,669212,3,0,0,1,0,0,0
824088,694360,3,0,0,0,0,2,0
824088,663738,6,2,0,0,0,0,0
824088,677976,13,4,1,4,0,3,1
824088,674444,2,0,0,0,0,0,0
824088,666745,3,1,0,0,0,1,0
824088,656288,11,5,4,2,0,4,1
824088,663362,7,2,2,0,0,2,1
824088,676760,3,1,0,0,0,1,0
822782,693686,3,1,0,0,0,2,0
822782,686973,3,1,0,0,0,0,0
822782,656546,3,0,0,0,0,2,0
822782,656302,18,3,1,3,0,7,0
822782,681517,18,6,1,1,0,3,0
822782,700669,2,1,0,1,0,0,0
822782,677865,1,2,0,0,0,1,0
822782,657265,3,0,2,2,1,0,0
823812,681982,3,0,0,0,0,1,0
823812,676879,3,0,0,0,0,2,0
823812,663765,3,1,1,0,0,3,1
823812,694819,15,2,1,3,0,11,1
823812,669084,3,1,0,2,0,3,0
823812,681343,5,3,3,2,0,2,0
823812,699151,4,2,3,2,0,0,1
823812,673929,3,0,0,0,0,0,0
823812,656794,7,3,2,1,0,1,0
823812,663855,2,2,3,4,0,0,0
823812,656457,3,2,2,1,0,0,1
823724,690953,18,4,0,3,0,6,0
823724,670183,6,1,1,0,1,2,0
823724,679358,3,0,0,0,0,1,0
823724,676428,1,0,0,0,0,0,0
823724,663947,4,1,0,1,0,2,0
823724,656427,17,5,1,3,0,6,1
823724,676684,2,3,2,1,0,1,0
823926,689017,9,4,3,2,1,2,2
823926,808967,18,5,6,4,0,6,1
823926,666661,3,0,0,0,0,2,0
823926,694297,16,6,2,0,0,2,0
823926,656464,3,0,0,0,0,1,0
823926,691769,3,0,0,0,0,0,0
823926,805299,2,0,0,0,0,1,0
823858,676604,1,0,3,2,1,1,0
823858,664126,3,1,0,1,0,2,0
823858,676534,2,1,0,1,0,0,0
823858,676974,16,7,2,2,1,5,2
823858,656848,3,1,0,2,0,1,0
823858,669622,2,0,0,0,0,2,0
823858,656464,1,2,0,0,0,1,0
823858,664199,2,2,2,1,0,0,0
823858,668678,16,9,4,1,0,3,0
823858,657044,3,0,0,0,0,0,0
823858,805299,2,2,4,1,1,0,0
823805,681982,2,0,0,0,0,1,0
823805,690986,13,5,2,1,1,1,0
823805,687075,11,4,1,3,0,3,0
823805,669084,1,0,0,1,0,0,0
823805,690925,3,1,1,2,0,2,1
823805,695418,5,0,0,1,0,3,0
823805,672335,3,0,0,0,0,1,0
823805,656492,16,1,0,3,0,1,0
831796,691769,3,2,1,0,0,1,0
831796,668678,12,9,6,2,0,0,3
831796,694851,3,0,0,0,0,0,0
831796,656464,3,0,0,0,0,1,0
831796,686826,3,0,0,0,0,2,0
831796,657044,3,0,0,0,0,0,0
831796,701656,6,1,0,0,0,3,0
831796,694819,13,4,4,2,1,3,0
831796,823748,1,2,0,0,0,1,0
831796,703360,3,2,2,1,0,1,0
831796,695680,1,1,2,2,0,0,0
824978,669620,6,2,0,1,0,3,0
824978,665660,2,2,3,1,1,0,2
824978,664129,6,1,0,1,0,1,0
824978,682052,13,2,2,2,2,6,0
824978,690925,4,1,1,1,0,2,0
824978,656492,21,8,1,1,0,2,0
824978,676680,2,2,0,0,0,2,0
822746,695418,6,4,1,2,0,2,0
822746,687377,3,0,0,0,0,1,0
822746,656492,18,3,0,4,0,3,0
822746,682842,3,1,0,0,0,1,0
822746,681982,2,1,0,0,0,0,0
822746,690986,18,7,1,1,0,5,0
822746,669084,1,0,0,0,0,0,0
822746,656730,3,0,0,0,0,0,0
822710,664875,3,1,0,0,0,0,0
822710,687377,3,2,0,0,0,1,0
822710,656492,21,5,1,0,0,9,0
822710,695001,6,1,0,1,0,0,0
822710,664299,3,1,0,2,0,0,0
822710,663878,3,0,0,1,0,1,0
822710,681293,12,7,8,6,0,2,2
822704,690925,3,0,0,0,0,0,0
822704,656492,20,6,3,1,1,2,0
822704,678868,4,0,0,0,0,0,0
822704,672629,6,2,0,2,0,2,0
822704,683352,15,7,5,5,0,3,1
822704,664199,3,0,0,0,0,1,0
823871,663969,7,1,0,1,0,2,0
823871,702281,15,5,3,4,0,2,1
823871,667463,2,0,0,1,0,1,0
823871,669622,3,0,0,0,0,1,0
823871,676571,1,0,0,1,0,0,0
823871,695418,5,1,0,0,0,2,0
823871,656492,21,4,1,1,0,9,1
824398,684974,2,1,0,0,0,1,0
824398,670036,4,1,0,0,0,3,0
824398,682120,3,0,0,0,0,2,0
824398,656492,18,5,1,2,0,6,1
824398,805345,6,1,0,0,0,5,0
824398,665665,6,2,0,1,0,2,0
824398,687931,12,9,6,2,0,1,1
823782,682842,3,3,1,0,0,0,0
823782,690986,17,4,1,2,0,12,1
823782,676879,4,3,1,0,0,1,0
823782,656730,3,0,0,0,0,1,0
823782,686790,15,5,3,3,0,4,1
823782,668873,2,1,0,1,0,0,0
823782,656529,1,0,1,2,0,0,0
823782,663941,3,5,4,1,0,1,0
823782,669062,3,1,0,0,0,1,0
822714,690925,1,0,0,0,0,1,0
822714,664875,2,1,0,2,0,1,0
822714,687377,3,1,0,0,0,2,0
822714,687849,6,7,4,0,0,1,0
822714,656492,15,4,1,1,0,2,1
822714,656605,18,8,5,0,0,1,3
822714,676755,4,3,4,1,0,1,2
822714,682997,2,1,0,2,0,0,0
823207,657277,21,1,0,2,0,6,0
823207,676254,3,0,0,1,0,0,0
823207,656529,3,0,0,0,0,1,0
823207,656550,12,1,0,0,0,4,0
823207,693821,12,5,5,1,0,4,2
823853,676604,2,2,0,0,0,1,0
823853,669199,4,3,1,2,0,1,0
823853,664126,3,0,0,0,0,0,0
823853,676534,2,0,0,0,0,0,0
823853,667463,4,2,0,0,0,1,0
823853,806188,5,0,0,0,0,1,0
823853,656848,3,2,2,0,0,1,1
823853,669622,4,0,0,0,0,0,0
823853,681916,2,1,0,1,0,0,0
823853,676254,2,0,0,1,0,0,0
823853,656529,1,2,2,0,1,0,0
823853,669062,1,0,0,0,0,1,0
823853,694738,18,7,2,1,0,7,1
824395,671922,3,0,0,2,0,1,0
824395,681870,3,0,0,0,0,1,0
824395,668909,17,4,2,3,0,11,1
824395,683769,3,1,0,1,0,0,0
824395,682120,1,0,0,0,0,0,0
824395,664141,3,2,0,0,0,1,0
824395,693313,3,1,0,0,0,2,0
824395,656529,2,1,0,0,0,1,0
824395,694738,16,5,3,4,0,2,0
822703,690925,3,0,0,0,0,1,0
822703,676917,18,6,2,2,0,3,1
822703,687377,3,0,0,0,0,2,0
822703,681402,0,2,2,0,0,0,1
822703,676680,3,0,0,0,0,0,0
822703,669456,2,1,4,6,0,0,0
822703,669310,10,6,1,1,0,0,1
822703,663893,7,0,0,0,0,4,0
822703,656546,3,0,0,0,0,2,0
822703,689254,2,1,2,1,0,1,1
823752,694477,4,0,0,0,1,0,0
823752,682842,3,0,0,1,0,1,0
823752,676879,3,0,0,0,0,2,0
823752,688107,14,7,3,2,2,3,0
823752,656730,3,0,0,0,0,0,0
823752,671737,15,5,3,2,1,7,0
823752,656546,3,2,1,0,0,1,0
823752,681892,3,1,0,0,0,3,0
823752,701519,3,0,0,0,0,3,0
823393,656605,21,5,2,0,0,5,0
823393,676755,3,0,0,0,0,1,0
823393,696062,3,1,1,0,0,1,1
823393,663556,13,8,4,0,0,5,0
823393,669438,7,2,1,1,0,3,1
823393,693855,4,2,1,0,0,1,1
824265,689225,3,0,0,0,0,1,0
824265,663947,5,1,0,0,0,2,0
824265,672456,19,4,0,1,0,4,0
824265,689520,3,2,1,1,0,1,1
824265,805673,18,9,7,1,0,4,3
824265,656577,3,2,3,1,0,0,2
831789,690990,18,4,0,0,0,3,0
831789,676962,6,2,0,2,0,2,0
831789,656620,3,0,0,1,0,1,0
831789,657265,5,2,2,1,0,3,0
831789,823748,1,0,0,1,0,0,0
831789,691602,5,1,0,0,1,2,0
831789,694477,12,6,7,2,1,4,2
831789,828705,1,3,3,2,1,0,0
824110,669212,3,0,0,0,0,0,0
824110,683232,3,1,2,1,0,0,1
824110,702070,18,4,0,2,0,8,0
824110,656638,3,0,0,0,0,0,0
824110,666374,3,2,0,0,0,1,0
824110,669302,17,2,0,2,0,6,0
824110,662253,3,0,0,0,0,0,0
824110,660825,4,0,0,0,0,3,0
824118,666142,9,1,0,2,0,4,0
824118,679883,6,2,2,2,0,2,0
824118,672021,3,1,0,1,0,2,0
824118,656638,4,0,1,1,0,0,0
824118,670167,5,2,0,0,0,0,0
824118,670036,3,0,0,0,0,2,0
824118,671922,3,1,0,0,0,3,0
824118,676282,15,3,1,3,0,1,0
824118,681870,4,0,0,1,0,2,0
824118,683769,2,0,0,1,0,0,0
824132,679883,9,8,5,3,0,4,1
824132,663738,6,1,0,0,0,3,0
824132,656638,6,1,0,1,0,4,0
824132,674444,3,0,0,0,0,1,0
824132,670167,3,0,0,2,0,0,0
824132,694477,15,4,0,3,0,3,0
824132,682842,4,0,0,0,0,1,0
824132,676879,5,4,2,1,0,3,0
824132,656730,3,0,0,2,0,2,0
824075,696131,9,2,2,3,0,1,0
824075,679922,3,1,0,0,0,1,0
824075,663738,12,2,1,2,0,1,0
824075,656638,3,0,0,0,0,0,0
824075,680723,1,2,1,0,0,1,0
824075,669620,7,2,0,0,0,1,0
824075,665660,1,1,0,0,0,0,0
824075,663687,2,3,2,1,0,0,0
824075,665622,4,0,0,3,0,0,0
824075,678022,11,1,0,1,1,4,0
824582,685126,3,1,0,0,0,1,0
824582,689818,18,3,1,3,0,6,0
824582,670950,3,0,0,0,0,2,0
824582,663855,3,0,0,0,0,1,0
824582,686475,3,1,0,1,0,0,0
824582,687765,4,8,10,3,0,2,2
824582,668674,3,2,2,0,0,0,1
824582,694360,4,2,1,0,0,2,1
824582,663738,2,1,0,0,0,0,0
824582,656638,1,4,5,2,0,1,0
824582,674444,4,0,0,1,0,3,0
824582,670167,3,5,3,0,0,1,1
822903,656641,3,0,0,0,0,0,0
822903,669022,24,3,1,1,0,5,1
822903,686560,0,1,3,3,0,0,0
822903,694297,9,2,0,0,0,5,0
822903,668678,14,6,4,2,1,4,2
822903,657044,1,2,0,0,0,1,0
823808,694477,9,3,0,1,0,0,0
823808,682842,3,1,0,0,0,2,0
823808,676879,7,3,2,0,0,4,0
823808,668834,3,1,0,0,0,0,0
823808,672582,5,1,1,1,0,0,0
823808,656730,0,2,4,0,1,0,0
823808,676571,3,0,0,0,0,0,0
823808,690925,3,0,0,0,0,1,0
823808,672335,3,1,0,0,0,0,0
823808,663623,15,2,3,5,0,5,1
823808,687606,3,1,0,0,0,1,0
823883,664126,3,0,0,0,0,1,0
823883,663969,4,1,0,3,0,3,0
823883,676534,3,2,1,1,0,1,0
823883,667463,4,0,0,0,0,2,0
823883,676083,16,6,3,2,1,3,0
823883,689441,16,4,2,1,0,4,0
823883,682842,3,0,0,2,0,1,0
823883,681982,3,0,0,1,0,0,0
823883,669084,2,1,1,0,0,1,1
823883,672582,3,2,1,1,0,1,0
823883,656730,3,1,0,0,0,2,0
823797,682842,3,0,0,0,0,2,0
823797,690986,18,1,0,1,0,12,0
823797,676879,3,0,0,2,0,2,0
823797,656730,3,1,0,1,0,2,0
823797,681895,4,1,0,0,1,2,0
823797,669387,11,5,4,1,0,4,0
823797,664875,3,0,0,0,0,0,0
823797,676742,6,1,0,1,0,1,0
823785,682842,3,1,0,1,0,2,0
823785,681982,3,1,0,0,0,1,0
823785,690986,18,4,0,0,0,2,0
823785,656730,3,1,0,0,0,0,0
823785,700241,12,7,5,3,0,6,1
823785,690155,3,0,0,0,0,1,0
823785,681676,3,1,1,1,0,3,1
823785,677865,6,2,0,0,0,2,0
823063,694335,3,2,1,1,0,2,0
823063,669467,18,8,5,2,1,3,1
823063,694363,6,1,0,0,0,1,0
823063,682842,3,1,1,0,0,0,0
823063,676879,6,0,0,1,0,1,0
823063,687075,12,1,0,3,1,5,0
823063,669084,3,0,0,0,0,1,0
823063,656730,3,2,1,0,0,2,0
823763,682842,3,1,0,0,0,3,0
823763,684974,3,1,3,1,1,0,1
823763,675660,18,5,3,1,1,9,0
823763,656730,3,0,0,0,0,1,0
823763,676604,3,1,0,0,0,2,0
823763,676534,2,3,4,2,0,1,0
823763,676974,9,3,2,3,0,5,0
823763,806188,3,0,0,2,0,0,0
823763,687473,7,3,1,0,0,2,0
823775,682842,3,0,0,1,0,2,0
823775,669270,1,1,0,0,0,0,0
823775,676879,3,1,1,2,0,2,0
823775,688107,17,2,0,2,0,5,0
823775,656730,3,0,0,0,0,2,0
823775,677944,17,3,1,2,0,4,1
823775,670036,3,0,0,0,0,1,0
823775,670059,1,0,0,0,1,0,0
823775,683769,3,1,1,0,0,0,1
824187,695001,6,0,0,0,0,2,0
824187,837227,18,3,2,2,0,5,1
824187,663878,3,1,0,0,0,0,0
824187,682842,3,0,0,0,0,1,0
824187,694819,21,3,0,0,1,8,0
824187,656730,3,0,0,0,0,2,0
823999,696270,13,6,5,3,0,3,1
823999,820862,8,3,1,1,0,4,1
823999,696147,3,0,0,2,0,0,0
823999,684665,3,0,0,2,0,1,0
823999,682842,2,0,0,0,0,1,0
823999,681982,4,0,0,0,1,1,0
823999,675660,18,4,2,1,0,7,1
823999,656730,3,0,0,0,0,1,0
823783,694477,12,5,1,1,0,4,0
823783,675660,6,1,0,0,0,1,0
823783,676879,6,1,0,1,0,2,0
823783,656730,3,1,0,0,0,1,0
823783,668941,3,1,0,0,0,1,0
823783,669160,21,2,1,0,1,9,0
823890,669199,9,1,1,1,0,3,0
823890,667463,3,0,0,1,0,0,0
823890,656848,3,0,0,0,0,1,0
823890,663978,12,8,8,0,1,6,2
823890,663436,15,5,3,2,1,6,1
823890,656794,8,3,1,1,0,5,0
823890,663855,4,0,0,1,0,1,0
824618,681343,11,1,0,5,1,8,0
824618,669684,2,1,1,1,0,0,1
824618,673929,3,1,0,0,0,2,0
824618,663542,3,0,0,1,1,0,0
824618,656794,4,2,1,1,0,1,0
824618,663855,4,3,2,0,0,2,0
824618,669432,18,6,2,0,0,6,0
824618,689296,1,0,0,0,0,1,0
824618,664854,3,0,0,1,0,2,0
824618,664991,2,0,0,0,1,2,0
824618,666974,3,0,0,0,0,1,0
823134,678606,3,1,1,0,0,3,1
823134,666374,3,1,0,0,0,2,0
823134,681867,3,2,0,0,0,1,0
823134,660825,3,2,0,1,0,1,0
823134,676106,15,5,2,3,0,4,0
823134,685126,3,0,0,1,0,1,0
823134,680732,14,4,2,3,2,5,0
823134,656794,6,2,2,0,1,1,1
823134,663855,1,1,1,0,0,0,1
824584,680732,19,6,1,1,1,6,1
824584,656794,8,0,0,1,0,2,0
824584,670059,1,0,0,0,0,1,0
824584,800048,23,3,2,1,0,10,1
822983,668984,6,0,0,0,0,0,0
822983,693855,6,2,1,0,0,2,1
822983,669947,15,5,1,0,0,4,1
822983,656848,4,0,0,0,0,1,0
822983,676083,17,10,7,3,0,4,2
822983,677053,3,1,0,0,0,2,0
823878,669199,1,1,1,1,0,0,1
823878,664126,2,0,0,0,0,1,0
823878,656848,3,0,0,0,0,3,0
823878,669622,3,1,0,0,0,1,0
823878,676083,15,1,0,1,0,2,0
823878,677053,3,1,0,0,0,2,0
823878,694335,3,0,0,0,0,1,0
823878,681517,15,8,4,3,1,2,0
823878,681676,3,2,0,0,0,2,0
823878,700669,3,2,0,0,0,0,0
823881,664126,3,0,0,0,0,2,0
823881,676534,1,0,0,0,0,0,0
823881,656848,5,1,1,0,0,1,0
823881,677053,0,1,1,2,0,0,0
823881,691587,18,3,0,1,0,7,0
823881,692230,6,2,0,0,0,3,0
823881,681982,2,0,0,0,0,0,0
823881,694819,15,4,1,3,1,9,0
823881,669084,1,2,2,2,0,1,0
823961,681911,3,0,0,1,0,3,0
823961,683618,3,0,0,0,0,1,0
823961,656945,3,0,0,1,0,3,0
823961,671109,3,1,0,0,0,0,0
823961,808967,15,5,3,4,0,4,1
823961,664126,1,1,3,3,0,0,0
823961,663969,1,1,0,0,0,1,0
823961,676534,3,0,0,0,0,1,0
823961,667463,3,0,0,0,0,0,0
823961,656848,4,0,0,1,0,2,0
823961,663978,12,4,2,1,0,1,0
823961,677053,2,2,0,1,0,1,0
823859,676604,1,0,0,0,0,1,0
823859,669199,9,0,0,0,0,3,0
823859,664126,2,2,2,3,0,0,0
823859,676534,6,2,0,1,0,3,0
823859,667463,2,0,0,0,1,0,0
823859,656848,3,1,1,1,1,2,0
823859,669622,4,0,0,0,0,2,0
823859,663556,15,8,4,2,1,6,1
823859,668984,6,1,0,0,0,3,0
823859,687330,3,1,0,1,0,2,0
823852,669199,3,0,0,1,0,0,0
823852,676534,4,0,0,0,1,0,0
823852,667463,4,1,0,0,0,0,0
823852,687473,13,3,1,2,0,6,0
823852,656848,3,0,0,0,0,0,0
823852,657277,24,5,2,1,0,5,1
823039,700241,18,5,0,1,0,4,0
823039,668941,3,0,0,0,0,0,0
823039,677865,1,0,0,0,0,0,0
823039,666277,3,2,2,2,0,0,0
823039,691008,2,1,2,2,0,0,0
823039,676534,3,0,0,0,0,1,0
823039,676974,21,2,0,2,1,5,0
823039,656848,3,1,0,0,0,1,0
824980,686993,3,2,0,0,0,0,0
824980,686930,6,3,2,0,0,0,2
824980,695611,9,8,5,3,1,1,2
824980,665660,3,2,1,1,0,1,0
824980,663687,3,0,0,1,1,1,0
824980,665622,3,1,0,2,1,1,0
824980,669199,0,4,5,2,0,0,1
824980,664126,3,3,2,1,0,1,0
824980,656848,3,0,0,0,0,1,0
824980,691587,21,0,0,0,0,8,0
823764,694477,6,1,0,1,0,3,0
823764,681982,3,0,0,0,0,1,0
823764,676879,3,2,0,0,0,1,0
823764,688107,15,3,1,0,0,5,1
823764,664126,1,2,3,1,0,1,1
823764,806188,2,1,0,0,0,1,0
823764,656848,4,0,0,0,0,1,0
823764,691587,18,1,0,3,1,9,0
823848,664126,3,1,0,0,0,2,0
823848,663969,15,4,0,2,1,3,0
823848,806188,6,0,0,0,0,3,0
823848,656848,3,0,0,0,0,1,0
823848,689546,6,0,0,0,0,0,0
823848,669923,18,8,2,0,0,7,1
823832,664126,3,0,0,0,0,1,0
823832,656848,3,1,0,0,0,2,0
823832,691587,21,3,0,2,0,7,0
823832,694973,15,5,1,1,1,4,1
823832,670990,9,0,0,1,0,5,0
823621,656849,12,1,0,1,0,3,0
823621,690997,15,2,1,5,1,2,0
823621,687985,2,1,5,4,1,1,1
823621,676534,2,2,2,2,0,2,0
823621,667463,5,2,2,0,0,2,1
823621,691594,3,0,0,0,0,0,0
823621,806188,4,1,0,0,0,1,0
823621,687531,4,2,0,0,0,3,0
823621,669622,4,1,1,0,0,1,1
823618,681810,3,2,2,2,0,1,0
823618,672335,4,1,0,0,0,3,0
823618,702752,9,1,1,0,0,2,1
823618,656849,11,7,6,2,0,1,2
823618,694335,6,0,0,0,0,1,0
823618,668941,3,0,0,0,1,1,0
823618,669467,18,3,2,2,1,5,1
823025,690928,16,7,4,1,0,4,1
823025,669461,11,8,3,2,0,5,1
823025,657097,3,1,0,0,0,1,0
823025,668970,1,2,1,0,0,0,0
823025,656849,17,3,2,2,0,3,1
823025,669020,2,0,0,1,0,2,0
823025,663423,4,1,0,0,0,0,0
823786,692230,6,0,0,2,0,0,0
823786,675660,9,2,2,0,0,5,1
823786,687075,12,4,3,4,1,7,0
823786,656945,3,0,0,0,0,2,0
823786,694361,3,0,0,0,0,2,0
823786,808967,21,7,1,1,1,3,0
824445,671922,3,1,0,0,0,2,0
824445,681870,1,0,0,0,0,1,0
824445,668909,23,5,0,0,1,9,0
824445,668984,3,1,0,1,0,0,0
824445,672782,6,2,0,0,0,1,0
824445,656876,15,6,2,1,0,6,0
824771,813349,12,6,5,3,0,3,1
824771,701719,6,3,0,0,1,0,0
824771,670245,9,3,1,1,0,4,1
824771,678906,4,0,0,1,0,2,0
824771,660853,5,1,1,0,0,1,0
824771,656986,0,2,1,1,0,0,0
824771,687911,3,0,0,0,0,0,0
824771,681293,15,5,1,5,0,4,0
824161,669713,18,4,2,2,0,4,0
824161,660853,6,1,0,0,0,1,0
824161,656986,3,0,0,0,0,1,0
824161,689149,9,7,6,4,0,3,1
824161,663893,3,2,1,1,0,0,0
824161,702056,6,0,0,1,0,0,0
824161,689254,3,0,0,1,0,0,0
824161,680755,3,0,0,0,0,1,0
823186,664141,3,0,0,0,0,0,0
823186,693313,6,1,0,0,1,2,0
823186,665665,1,0,0,0,0,0,0
823186,687931,17,4,1,3,1,2,0
823186,686613,15,5,3,3,0,4,1
823186,660853,2,2,1,0,0,0,0
823186,805123,3,1,0,0,0,1,0
823186,656986,4,1,0,0,0,3,0
823132,695380,3,0,0,1,0,0,0
823132,693433,21,2,0,0,0,9,0
823132,681867,3,1,0,0,0,0,0
823132,669194,16,7,4,0,1,3,4
823132,664199,3,1,0,0,0,0,0
823132,657044,5,1,0,0,0,0,0
823042,700241,19,7,4,3,0,3,1
823042,694335,2,4,3,2,0,0,0
823042,700669,3,3,1,0,0,2,0
823042,677865,3,2,2,0,0,1,0
823042,694297,18,7,2,2,0,1,0
823042,664199,3,0,0,0,0,0,0
823042,657044,3,5,4,0,0,0,0
823042,805299,3,1,0,0,0,1,0
823054,690155,5,3,1,1,0,0,0
823054,681517,13,6,1,0,1,4,0
823054,681676,3,0,0,2,0,1,0
823054,700669,5,2,1,0,0,2,1
823054,677865,1,1,0,0,1,0,0
823054,694037,3,2,0,0,0,0,0
823054,657097,3,0,0,1,0,1,0
823054,676962,21,3,1,1,0,6,0
824336,663372,18,6,2,0,0,9,1
824336,687312,9,2,0,1,0,1,0
824336,664141,3,1,1,1,0,2,0
824336,657277,9,11,7,2,0,2,2
824336,676254,8,2,1,2,0,1,0
824336,657424,4,4,6,2,0,1,1
823780,694477,12,3,0,2,0,4,0
823780,688107,15,5,1,1,0,5,1
823780,657277,21,1,0,1,0,4,0
823780,676775,5,1,0,0,0,1,0
823780,669062,1,1,0,1,0,0,0
824372,663372,17,5,2,1,0,5,2
824372,680767,3,2,0,0,0,0,0
824372,657514,4,0,0,0,1,2,0
824372,677955,3,1,0,1,0,1,0
824372,681911,3,0,0,0,0,1,0
824372,683618,3,0,0,0,0,2,0
824372,694361,3,3,2,0,0,0,0
824372,686218,15,4,2,2,0,4,0
823781,694477,3,0,0,0,0,1,0
823781,681982,3,0,0,0,0,0,0
823781,675660,12,4,2,2,0,5,1
823781,663765,3,0,0,0,0,2,0
823781,669084,6,1,0,3,0,2,0
823781,671083,3,4,4,2,0,0,0
823781,678576,6,3,2,2,0,1,0
823781,694738,12,8,8,5,0,4,0
823781,657424,3,3,2,2,0,1,0
823854,676604,4,0,0,0,0,2,0
823854,664126,3,0,0,0,0,2,0
823854,676974,15,7,2,2,0,7,1
823854,806188,3,1,1,1,0,1,0
823854,669622,2,2,0,0,0,0,0
823854,664141,7,1,0,1,0,2,0
823854,686790,9,3,3,3,3,1,0
823854,663941,6,0,0,0,0,1,0
823854,657424,2,2,1,1,1,0,1
824368,663372,6,2,2,1,0,3,0
824368,680767,2,4,5,1,0,2,1
824368,657514,2,0,0,0,0,0,0
824368,675848,5,3,1,1,0,3,0
824368,688642,9,4,2,1,0,3,1
824368,678020,3,0,0,1,0,2,0
824368,695243,3,1,0,0,0,0,0
824368,670970,3,1,1,0,0,1,1
824368,663362,15,8,6,3,0,3,1
824368,676760,6,4,1,0,0,0,0
824351,669298,5,3,2,0,0,3,2
824351,680604,8,3,0,2,0,2,0
824351,657514,2,3,3,1,0,1,1
824351,675848,3,1,0,0,0,1,0
824351,688642,9,3,2,3,0,1,2
824351,680723,3,1,0,0,0,2,0
824351,681982,3,0,0,1,0,1,0
824351,694819,21,4,0,3,1,8,0
824997,686993,3,1,1,0,0,1,1
824997,686930,5,1,0,0,0,1,0
824997,695611,15,5,3,1,0,6,0
824997,663687,4,0,0,0,0,2,0
824997,807743,9,2,0,0,1,2,0
824997,657514,2,1,0,0,0,2,0
824997,688642,8,5,3,2,1,2,0
824997,678020,2,2,2,1,0,1,2
824997,676105,3,0,0,1,0,1,0
824498,663903,15,3,2,5,0,6,1
824498,657571,4,1,0,0,0,1,0
824498,695534,5,0,0,0,0,0,0
824498,670062,3,0,0,0,0,0,0
824498,669432,15,2,0,5,0,4,0
824498,669330,3,0,0,0,0,1,0
824498,670329,6,1,0,1,0,2,0
824498,666974,3,1,0,0,0,0,0
824667,665795,13,3,5,2,0,3,1
824667,668970,3,0,0,1,0,1,0
824667,669020,5,1,0,0,0,3,0
824667,663423,4,0,0,2,0,0,0
824667,664208,2,2,0,1,0,1,0
824667,663372,14,6,2,3,0,7,1
824667,680604,4,0,0,0,0,1,0
824667,680767,3,0,0,0,0,0,0
824667,657514,3,1,0,1,0,0,0
824667,677955,3,0,0,0,0,0,0
823768,694477,5,0,0,0,0,1,0
823768,681982,3,1,0,0,0,2,0
823768,687075,16,4,2,2,0,7,1
823768,657649,3,1,0,0,0,0,0
823768,657571,2,1,0,1,0,1,0
823768,695076,14,11,6,1,0,8,1
823768,670062,8,2,1,0,0,3,1
823032,700241,19,5,1,1,0,6,0
823032,668941,3,0,0,1,0,2,0
823032,676617,3,1,0,0,0,1,0
823032,703725,2,1,0,0,0,0,0
823032,681982,4,1,1,0,0,2,0
823032,690986,12,4,3,0,0,2,1
823032,668831,6,0,0,0,0,3,0
823032,657649,2,2,1,0,0,0,1
824773,813349,16,5,3,3,1,4,1
824773,701719,5,1,0,1,0,3,0
824773,681252,6,4,1,0,0,2,0
824773,657612,3,0,0,0,0,0,0
824773,687396,2,1,0,0,0,1,0
824773,661563,19,2,0,3,1,2,0
824773,670280,3,1,0,0,0,1,0
823018,700669,5,2,2,1,0,0,0
823018,690928,15,4,1,3,1,6,0
823018,657571,0,1,1,3,0,0,0
823018,677865,3,1,0,0,0,1,0
823018,703725,4,0,0,0,0,3,0
823018,680742,3,0,0,0,0,1,0
823018,660604,8,6,3,1,0,3,0
823018,691725,16,2,2,3,0,6,0
823358,694973,16,3,2,1,0,7,0
823358,685126,3,0,0,1,0,0,0
823358,676755,2,1,0,1,0,1,0
823358,699008,6,4,3,1,0,0,1
823358,684974,3,0,0,1,1,2,0
823358,681982,3,3,2,0,0,1,0
823358,688107,9,8,7,0,1,3,2
823358,657649,0,2,5,2,1,0,0
823358,669060,9,2,0,0,0,4,0
823703,672782,6,1,0,0,0,5,0
823703,657746,18,4,1,0,0,9,0
823703,702193,3,0,0,0,0,1,0
823703,805123,3,0,0,0,0,1,0
823703,681347,18,6,4,3,1,2,2
823703,663878,3,0,0,0,0,0,0
823677,696070,9,4,0,2,0,4,0
823677,657746,18,8,4,0,0,4,1
823677,663738,3,1,0,0,0,0,0
823677,677976,21,4,0,1,0,4,0
823677,674444,3,0,0,0,0,0,0
824184,695001,6,1,0,2,0,3,0
824184,805123,6,0,0,0,0,2,0
824184,837227,15,5,2,3,1,8,0
824184,666126,3,0,0,1,0,0,0
824184,660761,3,4,4,1,0,2,0
824184,665660,6,1,0,0,0,3,0
824184,695034,12,9,9,3,0,4,3
823702,681892,3,0,0,1,0,0,0
823702,701519,3,2,2,0,0,1,1
823702,672782,3,1,0,0,0,1,0
823702,657746,18,8,4,0,0,9,2
823702,685126,3,0,0,0,0,1,0
823702,689818,12,8,8,4,0,4,1
823702,670950,6,0,0,0,0,0,0
823702,699823,3,2,1,0,0,1,0
823682,667297,3,2,1,0,0,2,0
823682,808970,3,1,0,1,0,0,0
823682,672782,3,1,0,1,0,1,0
823682,657746,18,6,2,2,0,6,0
823682,696270,15,3,3,3,0,1,1
823682,815083,6,6,2,0,0,2,0
823682,820862,3,0,0,1,0,1,0
824200,663567,21,3,0,4,0,4,0
824200,687911,6,3,1,0,0,2,0
824200,681911,3,0,0,0,0,1,0
824200,660271,21,4,2,0,1,8,2
824981,686993,1,4,6,2,0,0,1
824981,666126,3,4,5,1,0,0,1
824981,660761,3,2,2,0,0,1,1
824981,669620,3,0,0,0,0,2,0
824981,695611,11,4,3,2,0,8,0
824981,814305,6,7,6,1,0,2,1
824981,676917,18,4,2,0,0,9,1
824981,683000,6,2,0,1,0,5,0
824981,678391,3,3,1,0,0,0,1
831820,681520,3,1,0,2,0,2,0
831820,660271,12,4,3,2,0,11,0
831820,680736,12,0,0,0,0,5,0
831820,696270,12,4,0,1,0,5,0
831820,680704,3,1,0,0,0,0,0
831820,686799,9,0,0,0,0,4,0
831820,815083,3,0,0,0,0,1,0
823680,681892,3,1,0,0,0,0,0
823680,701519,3,0,0,0,0,2,0
823680,681252,3,1,0,0,0,2,0
823680,805673,18,3,2,3,0,1,0
823680,664129,1,0,0,3,0,1,0
823680,660761,5,0,0,0,0,0,0
823680,682052,15,1,0,4,1,4,0
823680,665660,3,1,0,0,0,0,0
823680,663687,3,0,0,0,1,1,0
823162,666374,3,1,0,0,0,0,0
823162,669923,18,2,1,2,1,6,1
823162,662253,3,1,0,0,0,2,0
823162,660825,3,0,0,1,0,1,0
823162,670059,3,1,2,1,0,1,1
823162,688883,6,0,0,0,0,2,0
823162,668909,15,2,3,6,0,7,1
823137,678606,4,1,0,0,0,1,0
823137,693433,18,3,0,2,0,8,0
823137,662253,3,0,0,0,0,1,0
823137,660825,2,2,1,1,0,1,1
823137,685126,2,0,0,0,0,0,0
823137,670950,3,2,3,1,0,1,1
823137,702273,16,5,3,0,2,6,1
823137,663855,3,1,0,0,0,2,0
823119,662253,3,2,0,1,0,0,0
823119,682243,21,2,0,0,0,8,0
823119,660825,3,0,0,0,0,2,0
823119,696147,3,1,0,0,0,1,0
823119,700712,17,1,1,4,2,6,0
823119,696519,4,0,0,0,0,3,0
823125,693433,21,3,0,1,0,9,0
823125,662253,3,0,0,2,0,1,0
823125,660825,3,0,0,0,0,1,0
823125,670329,3,0,0,0,0,1,0
823125,669358,21,5,3,2,0,9,0
824154,660853,4,1,0,0,0,0,0
824154,805123,6,1,0,0,0,0,0
824154,664299,12,5,2,1,0,5,1
824154,687911,2,1,1,0,0,1,0
824154,699044,3,0,0,0,0,2,0
824154,690829,3,0,0,0,0,2,0
824154,820862,1,2,1,0,0,0,1
824154,691946,21,1,0,3,0,7,0
824154,670245,2,0,0,0,0,1,0
823201,664141,4,0,0,0,0,1,0
823201,668873,3,2,0,0,0,2,0
823201,687931,17,3,2,4,0,4,1
823201,669062,3,0,0,0,0,2,0
823201,663372,13,6,4,4,0,3,2
823201,669298,6,6,4,1,0,3,1
823201,680767,5,1,0,1,0,3,0
823841,690978,6,4,4,3,0,1,0
823841,691587,21,7,3,1,1,2,0
823841,673513,3,0,0,0,0,1,0
823841,663362,6,3,1,0,0,1,0
823841,676664,10,1,0,1,0,3,0
823841,681190,8,1,1,2,1,0,0
824681,694037,1,0,0,0,0,1,0
824681,684007,18,6,1,3,0,10,1
824681,668970,5,2,2,4,0,1,1
824681,663423,3,1,0,1,0,0,0
824681,682825,6,1,0,1,1,1,0
824681,683742,6,1,0,1,0,1,0
824681,695076,9,1,3,4,0,1,1
824681,683175,3,4,5,1,0,0,0
824601,691799,3,0,0,0,0,2,0
824601,805326,4,1,0,1,0,0,0
824601,670950,2,0,0,0,0,1,0
824601,680732,13,8,4,1,0,5,0
824601,663542,3,4,2,0,1,0,0
824601,663855,2,1,4,4,0,1,0
824601,665795,14,3,3,3,0,2,1
824601,665871,6,3,1,0,0,1,1
824601,669020,1,2,1,1,0,0,1
824601,663423,6,0,0,0,0,2,0
823265,673513,3,0,0,0,0,1,0
823265,695243,3,0,0,1,0,1,0
823265,663554,18,5,2,2,0,6,1
823265,670970,3,1,0,0,0,1,0
823265,701656,19,5,3,1,0,7,2
823265,680689,5,0,0,1,0,1,0
824397,670036,3,1,0,0,1,0,0
824397,671106,3,1,1,0,0,0,1
824397,671922,1,0,0,0,0,0,0
824397,676440,18,7,3,3,0,3,2
824397,682120,2,1,1,1,0,2,1
824397,673513,3,0,0,1,0,2,0
824397,663554,18,3,0,1,0,3,0
824397,669093,3,0,0,1,0,1,0
824397,670970,3,0,0,0,0,0,0
823053,690928,11,4,1,0,0,4,1
823053,669461,16,3,0,1,0,4,0
823053,696136,6,4,3,0,0,1,0
823053,681799,3,3,2,0,0,2,0
823053,669020,6,1,0,3,0,0,0
823053,663423,6,0,0,1,0,1,0
823053,664208,3,0,0,0,0,1,0
822786,702056,18,5,3,2,0,9,1
822786,689254,4,0,0,0,0,2,0
822786,680755,2,1,0,0,0,1,0
822786,681751,3,0,0,0,0,0,0
822786,691799,3,2,0,0,0,0,0
822786,680732,20,2,0,1,0,5,0
822786,663542,4,0,0,0,0,1,0
823035,663494,6,1,0,1,0,0,0
823035,700669,2,1,0,0,0,0,0
823035,690928,15,4,3,3,0,4,0
823035,694363,4,5,7,3,0,2,1
823035,684974,4,0,0,0,0,1,0
823035,688107,23,4,2,1,1,4,1
824020,681217,3,1,0,0,0,2,0
824020,815083,8,3,1,2,0,2,0
824020,691951,15,3,1,3,0,4,0
824020,666171,1,0,0,1,0,1,0
824020,663556,12,8,4,1,0,7,0
824020,669438,12,4,0,2,0,3,0
824212,686613,18,1,1,2,0,8,0
824212,675989,9,3,1,1,0,5,1
824212,663558,6,1,1,0,0,2,1
824212,678394,14,8,5,3,0,2,1
824212,670245,4,2,2,2,0,2,0
824740,687941,7,3,2,4,0,1,1
824740,801139,9,7,6,3,0,5,2
824740,663558,5,0,1,2,0,3,0
824740,670245,6,3,1,1,0,1,0
824740,683000,3,3,2,1,0,2,0
824740,687223,3,2,0,0,0,1,0
824740,695418,7,2,0,2,0,1,0
824740,674841,14,2,0,1,1,6,0
823058,694335,3,0,0,1,0,0,0
823058,690155,3,0,0,0,1,1,0
823058,677865,1,1,0,1,0,1,0
823058,669467,20,8,1,0,0,7,1
823058,668674,3,0,0,1,0,0,0
823058,663568,19,4,0,1,1,3,0
823058,663738,5,1,0,0,0,1,0
824153,837227,9,2,2,2,0,3,0
824153,663567,11,8,9,2,0,3,0
824153,687911,4,5,5,0,1,1,1
824153,664774,3,3,2,0,0,0,1
824153,680570,21,5,0,2,0,6,0
824153,676620,6,3,1,0,0,3,0
824976,695611,18,3,0,4,0,7,0
824976,663687,4,3,2,0,0,3,1
824976,665622,5,2,1,2,0,1,0
824976,687562,19,6,3,2,0,4,1
824976,663558,2,1,0,0,0,1,0
824976,670245,3,2,1,0,0,0,0
824190,805123,9,1,0,0,0,4,0
824190,701121,3,0,0,0,0,2,0
824190,663567,15,5,2,3,0,3,0
824190,692230,10,5,3,2,0,3,0
824190,687075,13,6,5,0,2,4,1
824190,663765,1,1,1,0,0,1,1
824119,668674,3,0,0,1,0,1,0
824119,663568,18,4,3,0,0,3,1
824119,683232,3,0,0,0,0,1,0
824119,663738,3,0,0,1,0,0,0
824119,670059,6,0,0,0,0,3,0
824119,668909,18,8,5,2,0,7,2
824176,663567,17,5,4,3,0,4,3
824176,699044,6,2,0,0,0,4,0
824176,663878,4,1,1,1,0,0,0
824176,701519,5,1,2,2,0,1,1
824176,672782,1,1,1,0,0,0,1
824176,805673,21,4,1,1,0,7,1
823060,681517,18,5,1,3,0,2,0
823060,700669,3,1,0,0,0,0,0
823060,677865,3,0,0,0,0,0,0
823060,666277,3,2,1,0,0,0,1
823060,663559,6,3,1,1,0,0,0
823060,702070,18,5,3,0,0,4,0
824109,663568,27,4,0,1,0,2,0
824109,689546,3,0,0,2,0,1,0
824109,695380,3,0,0,0,0,0,0
824109,669923,18,9,3,0,0,3,0
824099,663568,22,5,0,1,0,4,0
824099,663738,3,0,0,0,0,0,0
824099,674444,2,0,0,0,0,1,0
824099,695001,3,1,0,0,0,0,0
824099,663878,3,1,0,0,0,2,0
824099,681293,18,8,4,1,0,7,0
823875,694795,3,0,0,0,0,0,0
823875,663969,9,4,0,0,0,3,0
823875,676534,3,0,0,0,0,1,0
823875,667463,4,1,0,0,0,1,0
823875,663978,8,6,7,3,0,1,1
823875,666200,19,8,2,0,1,10,1
823875,689147,3,0,0,0,0,0,0
823875,663767,5,1,0,0,0,0,0
822744,701552,3,3,0,1,0,1,0
822744,672335,6,2,0,0,0,0,0
822744,663623,15,6,3,4,0,5,0
822744,687606,3,1,0,0,0,1,0
822744,676879,8,2,1,2,0,4,0
822744,668834,3,0,0,1,0,1,0
822744,694819,16,0,0,2,0,8,0
824726,670103,9,2,2,0,0,2,2
824726,687562,16,5,4,3,1,5,0
824726,686580,2,1,1,1,0,0,0
824726,686751,2,1,0,1,0,1,0
824726,695611,18,6,2,2,0,11,0
824726,663687,4,3,1,1,0,2,0
824726,665622,3,0,0,0,0,1,0
824613,674370,1,0,0,0,0,0,0
824613,691799,3,0,0,0,0,2,0
824613,702273,18,4,2,4,0,8,0
824613,673929,2,2,3,3,0,2,0
824613,663855,3,0,0,2,0,1,0
824613,699823,3,0,0,1,0,2,0
824613,695418,3,1,0,0,0,0,0
824613,672335,3,0,0,2,0,1,0
824613,663623,17,4,0,0,1,9,0
824613,681402,3,1,0,0,0,1,0
824613,680730,4,1,2,2,1,3,0
825010,669372,18,9,0,1,0,3,0
825010,686993,2,2,1,0,0,1,0
825010,663687,1,1,0,0,0,1,0
825010,665622,3,0,0,0,0,0,0
825010,678022,3,1,0,0,1,1,0
825010,694335,3,1,0,0,0,1,0
825010,700669,5,1,1,0,0,0,1
825010,677865,1,2,1,0,0,0,0
825010,669461,15,9,4,2,0,5,1
831503,670329,2,0,0,0,0,1,0
831503,664854,3,0,0,2,0,3,0
831503,702465,3,1,1,0,0,1,1
831503,663804,3,0,0,1,0,1,0
831503,680694,16,4,0,3,0,3,0
831503,680770,3,1,2,0,1,1,1
831503,680899,5,0,0,1,1,4,0
831503,682624,1,1,3,3,0,0,0
831503,695378,3,0,0,0,0,3,0
831503,680730,12,5,2,0,0,8,2
823188,805345,1,3,3,0,0,0,0
823188,676775,2,0,0,1,0,2,0
823188,693313,6,1,1,3,0,0,0
823188,665665,2,4,3,0,0,0,0
823188,694738,16,2,1,5,0,3,0
823188,680744,6,1,0,0,0,1,0
823188,663947,6,0,0,0,0,2,0
823188,695549,15,1,0,1,0,4,0
823829,663969,16,6,4,1,0,6,1
823829,667463,2,2,3,1,0,0,1
823829,691594,4,7,5,0,0,0,2
823829,806188,5,1,1,2,1,3,0
823829,677952,27,3,1,1,0,10,1
823879,664126,3,1,1,0,0,2,0
823879,676534,2,1,0,0,0,1,0
823879,676974,16,3,2,2,2,8,0
823879,669622,2,0,0,0,0,2,0
823879,677053,4,0,0,0,0,0,0
823879,700241,17,5,4,2,0,3,1
823879,694335,4,0,0,2,0,0,0
823879,681676,3,1,1,2,0,1,0
823830,694795,3,1,0,0,0,0,0
823830,676604,2,2,1,1,0,0,1
823830,664126,3,1,1,1,0,2,0
823830,676534,2,0,0,0,0,0,0
823830,806188,5,0,0,0,0,2,0
823830,687473,12,5,0,1,0,2,0
823830,702021,9,1,0,2,0,4,0
823830,690925,2,3,1,3,0,0,0
823830,695418,8,0,0,1,1,1,0
823830,687377,4,0,0,1,0,2,0
823830,676680,1,2,2,0,0,1,0
823368,694973,18,4,2,1,0,10,2
823368,681895,3,1,0,0,0,0,0
823368,676755,4,0,0,2,0,1,0
823368,684049,2,4,2,0,1,1,0
823368,676604,3,0,0,0,0,0,0
823368,664126,3,1,1,0,0,2,1
823368,676534,3,1,0,0,1,1,0
823368,676974,18,6,1,3,1,9,0
823837,676604,3,0,0,0,0,2,0
823837,664126,3,0,0,0,0,1,0
823837,687473,15,9,6,2,0,3,1
823837,690978,6,0,0,2,0,1,0
823837,666200,19,6,6,3,1,5,1
823837,686751,2,1,0,1,0,0,0
823837,680742,3,1,2,1,0,1,1
823593,673540,12,2,3,2,0,4,0
823593,675540,15,6,2,0,0,2,1
823593,676604,4,1,0,0,0,2,0
823593,664126,3,0,0,0,0,1,0
823593,676534,4,1,1,0,0,4,1
823593,806188,1,2,0,0,0,1,0
823593,676083,15,3,0,2,0,4,0
822727,690925,4,3,2,1,0,3,0
822727,695418,4,0,0,3,0,2,0
822727,687377,2,1,0,1,0,1,0
822727,681402,2,2,1,1,0,0,0
822727,687606,1,0,0,1,0,0,0
822727,674841,14,4,1,1,0,5,1
822727,664126,3,1,0,0,1,1,0
822727,676534,3,0,0,1,0,1,0
822727,676974,21,2,1,2,0,7,0
823193,664141,9,5,3,0,1,1,0
823193,676775,3,0,0,1,0,1,0
823193,671345,4,4,1,1,0,0,0
823193,694738,11,4,4,3,1,1,0
823193,701656,17,2,0,2,0,7,0
823193,682842,3,2,0,0,0,0,0
823193,684974,3,1,0,0,0,0,0
823193,681982,3,2,2,0,0,2,1
823193,676879,1,0,0,0,0,0,0
824168,678906,7,1,0,1,2,3,0
824168,686613,14,3,4,6,2,4,0
824168,664299,3,1,0,0,0,2,0
824168,687911,3,1,1,0,0,1,1
824168,670329,3,2,1,0,0,1,1
824168,687064,21,5,1,1,0,7,0
824168,664991,3,0,0,0,0,0,0
823400,694973,18,1,1,1,0,6,1
823400,681895,6,1,0,1,1,3,0
823400,664353,3,6,4,0,0,0,1
823400,686894,3,2,1,1,1,0,0
823400,695418,2,3,3,1,0,1,1
823400,676917,4,3,4,3,1,2,0
823400,687377,3,0,0,0,0,0,0
823400,687606,8,2,1,0,0,4,1
823400,671131,4,6,7,2,0,2,0
823118,677961,5,0,0,0,0,1,0
823118,669302,22,1,0,0,0,7,0
823118,669456,12,6,7,3,0,3,2
823118,667297,1,2,1,0,0,1,1
823118,671936,5,3,3,0,1,2,0
823118,680755,3,0,0,0,0,3,0
823118,664702,3,0,0,0,0,0,0
824539,683742,5,3,0,0,0,0,0
824539,683175,3,0,0,2,0,1,0
824539,668933,4,0,0,0,0,3,0
824539,695505,15,1,0,3,0,7,0
824539,676755,3,0,0,1,0,1,0
824539,664875,3,0,0,0,0,3,0
824539,677952,18,4,2,4,0,3,0
824317,815081,2,0,0,2,0,1,0
824317,688642,7,4,4,1,0,3,1
824317,685299,16,9,5,2,0,2,1
824317,664954,2,1,0,0,0,0,0
824317,684974,3,1,0,1,0,2,0
824317,670036,3,0,0,0,0,1,0
824317,670059,3,1,0,2,0,0,0
824317,676282,14,4,1,4,0,5,0
824317,682120,4,0,0,0,0,2,0
823696,689520,6,2,1,2,0,3,0
823696,687570,13,4,2,1,0,7,0
823696,664875,3,0,0,0,0,1,0
823696,702193,5,3,3,0,0,4,1
823696,696131,3,0,0,0,0,1,0
823696,668674,2,2,0,0,0,0,0
823696,694360,1,3,4,1,0,0,1
823696,702070,18,3,0,0,0,7,0
823696,670167,3,0,0,0,0,0,0
823872,690978,12,3,2,2,0,3,0
823872,691587,15,4,5,5,1,6,1
823872,670329,3,0,0,1,0,1,0
823872,687064,18,4,3,3,0,5,0
823872,689296,4,0,0,0,0,1,0
823872,664991,2,2,1,0,0,0,0
824824,669432,19,5,1,0,0,7,0
824824,669330,2,0,0,0,0,0,0
824824,664854,3,0,0,0,0,1,0
824824,664991,3,0,0,0,0,2,0
824824,695418,8,2,1,3,0,5,0
824824,687849,3,0,0,1,0,2,0
824824,674841,13,6,2,3,0,5,0
824831,687064,21,2,0,2,0,5,0
824831,664991,2,2,2,1,0,0,0
824831,666974,4,0,0,0,0,2,0
824831,682445,6,4,4,2,0,0,1
824831,669923,18,7,3,3,0,10,1
824822,670329,1,1,0,0,0,0,0
824822,669358,21,4,2,4,0,6,0
824822,677020,2,0,0,0,0,1,0
824822,664991,2,1,2,0,1,1,0
824822,666974,1,4,2,0,0,0,0
824822,685126,3,0,0,0,0,3,0
824822,691799,6,0,0,0,0,2,0
824822,669684,2,0,0,1,0,0,0
824822,680732,16,4,2,3,0,8,0
824813,669330,3,0,0,0,0,1,0
824813,680694,20,2,1,2,0,5,0
824813,664991,3,0,0,0,0,2,0
824813,666974,1,0,0,0,0,1,0
824813,669212,3,1,1,0,0,1,1
824813,702070,21,5,5,2,0,9,3
824811,670329,3,1,1,0,0,1,1
824811,687064,19,4,1,2,0,6,0
824811,664991,2,1,0,0,0,1,0
824811,666974,3,0,0,0,0,1,0
824811,682989,6,1,0,0,0,3,0
824811,800311,5,2,1,0,0,3,0
824811,693821,15,4,1,4,0,8,1
823355,694973,16,6,5,2,1,11,0
823355,685126,3,2,1,0,0,2,0
823355,676755,1,4,3,1,0,1,0
823355,682997,3,1,0,0,0,1,0
823355,676760,4,3,2,1,1,1,1
823355,665871,9,1,0,0,1,3,0
823355,684007,18,4,0,1,0,4,0
824999,669372,17,8,5,3,0,5,1
824999,686930,6,0,0,0,0,4,0
824999,665660,4,0,0,0,0,4,0
824999,689441,6,1,0,1,0,0,0
824999,669270,3,1,1,1,0,1,1
824999,688107,15,8,6,2,0,7,4
823709,696070,6,1,1,2,0,3,0
823709,805673,21,4,0,1,0,5,0
823709,669199,6,0,0,0,0,2,0
823709,666129,4,4,5,5,0,3,0
823709,676534,5,2,0,0,0,1,0
823709,667463,3,3,3,1,0,0,0
823709,669622,6,0,0,0,0,1,0
823556,677960,22,5,0,1,0,8,0
823556,683409,5,1,0,1,1,1,0
823556,666142,13,4,7,8,0,6,3
823556,669212,3,0,0,1,0,1,0
823556,696131,5,3,0,1,0,2,0
823556,670167,3,0,0,0,0,0,0
824438,670036,1,0,0,0,0,0,0
824438,671922,3,0,0,0,0,3,0
824438,800048,20,4,2,3,0,7,1
824438,681870,3,0,0,1,0,3,0
824438,696147,4,0,0,0,0,1,0
824438,666171,3,1,0,0,0,2,0
824438,672282,17,5,2,2,1,6,1
824035,681217,2,0,0,0,0,0,0
824035,696147,6,1,0,0,0,2,0
824035,666171,1,2,1,2,0,0,0
824035,700712,18,4,0,2,1,4,0
824035,669372,24,2,2,1,1,10,1
823681,671737,21,6,2,2,0,6,2
823681,702193,6,1,0,1,0,2,0
823681,681217,5,0,0,1,0,4,0
823681,667755,15,5,3,2,0,0,0
823681,666171,4,1,1,0,0,2,1
823996,696147,1,0,0,1,0,0,0
823996,666171,5,2,0,0,0,4,0
823996,684665,3,0,0,1,0,0,0
823996,700712,18,3,0,3,0,7,0
823996,694819,21,2,2,1,0,10,1
823996,669084,3,2,1,1,0,1,0
822754,676571,4,1,1,2,0,2,1
822754,690925,3,0,0,2,0,0,0
822754,669371,3,2,1,0,0,1,0
822754,676917,14,4,1,4,0,3,0
822754,681402,3,1,2,1,0,1,1
822754,687606,3,1,0,1,1,1,0
822754,700669,6,1,1,2,0,2,0
822754,676617,3,0,0,0,1,2,0
822754,666277,6,0,0,0,0,3,0
822754,669461,15,9,4,2,0,6,2
823066,694335,3,1,0,0,0,0,0
823066,700669,3,1,0,1,0,1,0
823066,666277,4,0,0,1,0,1,0
823066,669461,17,5,2,2,0,4,0
823066,683618,3,2,2,1,1,0,0
823066,669165,3,0,0,0,0,2,0
823066,686218,14,8,4,0,0,8,2
823066,676263,4,2,0,0,0,1,0
831449,691008,3,0,0,0,0,0,0
831449,676050,3,0,0,0,0,0,0
831449,822472,1,1,0,0,0,1,0
831449,695766,11,5,4,1,0,3,2
831449,690155,6,3,0,0,0,2,0
831449,813766,3,0,0,0,0,1,0
831449,694795,6,1,1,0,0,1,1
831449,667463,3,0,0,1,0,1,0
831449,667652,3,1,0,1,0,0,0
831449,694350,3,1,0,0,0,2,0
831449,676083,9,7,4,1,0,1,0
831743,696263,2,2,5,2,1,2,2
831743,676051,3,2,0,0,1,3,0
831743,670059,3,2,1,0,0,2,0
831743,807718,3,0,0,0,0,0,0
831743,681870,3,1,0,0,0,1,0
831743,807575,3,1,0,0,0,2,0
831743,670036,3,4,2,0,0,1,1
831743,671106,7,14,12,2,0,2,2
831743,678606,3,0,0,1,1,2,0
831743,806288,1,0,0,0,0,0,0
831743,666374,3,1,0,1,0,0,0
831743,682077,11,5,4,3,0,1,2
831743,688230,2,1,0,1,0,2,0
831743,668984,3,2,3,1,0,1,1
831743,672841,4,0,0,1,0,2,0
823038,694335,1,1,0,1,0,0,0
823038,677865,6,1,0,0,0,2,0
823038,669467,20,11,5,1,0,4,0
823038,676604,3,0,0,0,0,1,0
823038,669199,6,3,1,1,0,1,0
823038,667463,4,0,0,0,0,1,0
823038,687473,10,3,0,1,1,4,0
823038,669622,4,1,0,0,0,2,0
824194,687911,5,0,0,0,0,1,0
824194,681293,22,1,0,4,0,5,0
824194,683004,21,3,1,3,0,6,1
824194,668390,3,2,1,0,1,3,0
824419,670036,3,0,0,0,0,0,0
824419,670059,3,3,1,0,0,1,0
824419,676282,15,3,2,5,1,4,0
824419,681870,3,1,1,0,0,2,1
824419,683769,1,1,0,1,0,1,0
824419,682120,2,0,0,0,0,0,0
824419,669022,15,7,5,1,0,7,1
824419,692437,6,2,2,1,0,1,1
824419,668390,3,2,2,0,0,0,0
824414,676051,5,2,0,0,0,0,0
824414,670036,4,2,2,0,0,3,0
824414,668909,18,7,5,0,0,11,3
824414,683003,15,3,1,1,0,9,0
824414,676755,3,1,0,0,0,2,0
824414,669387,9,2,0,0,0,2,0
823073,681676,5,4,0,0,0,2,0
823073,700669,4,0,0,1,0,1,0
823073,677865,3,1,2,1,0,1,1
823073,669461,15,6,4,3,0,2,1
823073,671922,3,1,0,0,0,0,0
823073,681870,3,0,0,0,0,0,0
823073,668909,15,5,2,2,0,4,1
823073,683769,3,2,1,1,0,1,0
823073,682120,3,1,0,1,0,1,0
831767,668834,3,1,1,1,0,0,1
831767,669084,3,0,0,0,0,1,0
831767,676879,3,0,0,1,1,2,0
831767,688107,18,5,0,1,1,7,0
831767,670970,3,0,0,0,0,1,0
831767,695243,2,2,1,0,0,0,0
831767,688158,2,1,0,0,0,0,0
831767,681190,16,5,4,0,0,4,3
831767,676760,1,0,0,0,0,1,0
822934,688297,6,2,0,1,0,1,0
822934,668984,6,4,2,1,0,3,0
822934,693855,15,6,3,1,0,8,3
822934,669456,21,4,1,0,0,7,0
822934,693686,3,0,0,0,0,0,0
822934,686973,3,1,0,1,0,1,0
823912,669373,18,7,1,2,0,7,0
823912,681911,1,2,1,0,0,0,0
823912,683618,2,1,1,0,0,0,0
823912,669165,4,1,0,1,0,3,0
823912,676263,2,0,0,1,0,2,0
823912,694477,1,2,0,0,0,0,0
823912,701656,21,3,1,1,0,6,1
823912,676879,2,0,0,0,0,0,0
823912,669084,3,1,1,0,0,1,1
823230,669062,4,0,0,0,0,1,0
823230,694738,23,2,3,2,0,6,1
823230,676534,3,2,2,1,0,0,0
823230,676974,15,4,0,1,1,5,0
823230,669622,3,0,0,0,0,0,0
823230,677053,3,2,3,2,0,1,1
823056,694335,4,1,0,0,0,1,0
823056,690155,3,0,0,0,0,1,0
823056,700669,2,0,0,0,0,0,0
823056,677865,2,3,2,0,0,0,1
823056,669160,16,6,4,2,1,7,1
823056,682254,3,1,0,0,0,0,0
823056,696062,3,3,1,0,0,2,0
823056,677952,21,4,1,2,0,9,1
823931,669165,3,3,4,1,0,0,1
823931,686218,13,3,1,3,0,5,0
823931,676263,5,0,0,1,0,2,0
823931,801434,6,2,0,1,0,2,0
823931,673513,2,0,0,2,0,0,0
823931,695243,3,0,0,0,0,1,0
823931,699134,2,0,1,1,0,1,0
823931,670970,5,3,1,1,0,3,0
823931,676664,15,1,0,2,0,5,0
824453,671922,3,2,0,0,0,0,0
824453,800048,24,2,2,2,0,9,0
824453,669330,1,0,0,0,0,1,0
824453,669358,18,6,4,3,0,6,1
824453,671382,5,2,0,1,0,3,0
823772,680723,4,1,0,2,0,3,0
823772,684974,3,1,0,0,0,2,0
823772,681982,2,1,2,2,0,1,1
823772,675660,15,3,1,3,1,3,1
823772,669270,3,1,1,1,0,0,1
823772,670059,1,0,0,1,1,0,0
823772,671922,4,0,0,2,0,2,0
823772,800048,18,4,2,3,0,9,0
823772,683769,2,1,0,1,0,2,0
823772,682120,2,0,0,2,0,0,0
823784,676879,6,0,0,0,0,1,0
823784,694819,21,2,1,1,0,12,0
823784,669461,15,7,3,2,0,10,1
823784,802408,9,4,2,2,0,2,0
823034,694335,3,1,1,0,0,1,0
823034,700669,6,0,0,1,0,4,0
823034,669467,15,8,6,2,0,2,1
823034,703725,3,2,1,0,0,1,1
823034,694477,5,1,1,0,0,2,1
823034,701656,16,3,3,1,1,4,0
823034,682842,3,0,0,1,0,0,0
823034,676879,3,1,0,1,0,1,0
824832,669330,3,4,4,1,0,0,1
824832,670329,3,0,0,0,0,0,0
824832,680694,21,4,0,3,0,4,0
824832,693686,9,5,6,3,0,2,1
824832,671936,6,1,0,0,0,1,0
824832,696522,3,2,3,2,0,0,0
824832,689254,3,0,0,0,0,3,0
824832,684320,3,2,0,0,0,0,0
824098,696131,6,3,2,2,0,0,0
824098,694360,6,2,0,2,0,2,0
824098,702070,15,8,3,2,1,6,0
824098,700669,5,4,4,2,0,0,1
824098,677865,8,4,1,0,0,2,0
824098,669461,5,7,5,0,0,2,1
824098,691008,6,2,1,0,0,1,1
823121,678606,3,1,0,1,0,1,0
823121,669923,24,7,2,1,0,7,1
823121,696270,15,4,1,0,1,3,1
823121,815083,9,2,3,2,0,3,2
823160,681867,9,2,0,0,0,5,0
823160,676106,18,0,0,1,1,9,0
823160,677944,13,6,6,3,2,5,1
823160,670059,6,1,0,1,0,2,0
823160,688883,5,2,1,1,1,1,0
822699,690925,3,0,0,0,0,1,0
822699,676917,18,7,3,2,0,8,3
822699,687377,3,0,0,0,0,0,0
822699,672442,3,0,0,1,0,1,0
822699,682825,8,2,0,0,0,4,0
822699,695534,5,2,2,1,0,1,1
822699,685112,4,1,0,1,0,2,0
822699,670062,7,2,2,0,0,3,1
823706,687570,18,3,1,2,0,8,1
823706,672782,3,0,0,0,1,0,0
823706,679358,6,2,0,1,0,1,0
823706,694477,12,1,0,0,0,3,0
823706,701656,15,6,1,1,0,7,1
824889,689266,2,2,0,0,0,1,0
824889,800311,4,0,0,0,0,2,0
824889,693821,21,1,1,2,0,3,0
824889,694795,3,1,0,0,0,0,0
824889,676534,3,2,0,0,0,3,0
824889,806188,3,0,0,0,0,0,0
824889,691587,15,7,4,2,0,9,0
824411,702021,6,2,2,0,0,4,1
824411,680916,3,2,1,1,0,3,0
824411,676282,15,7,4,3,0,7,0
824411,683769,3,0,0,1,0,1,0
824411,694973,21,7,1,2,0,8,0
824411,682254,3,0,0,0,0,2,0
824411,676755,3,0,0,0,0,1,0
822724,690925,3,0,0,1,0,2,0
822724,695418,9,2,2,1,0,2,0
822724,681402,3,1,0,0,0,1,0
822724,674841,12,5,1,1,0,5,0
822724,696131,6,1,1,1,0,0,1
822724,687765,12,7,6,1,0,1,0
822724,694360,6,0,0,2,0,2,0
831448,701552,3,1,0,0,0,1,0
831448,676571,3,0,0,0,0,3,0
831448,690925,3,0,0,1,0,2,0
831448,681402,3,1,1,0,0,1,1
831448,676917,15,3,0,0,0,1,0
831448,809950,0,1,1,0,0,0,1
831448,676666,3,3,2,0,0,1,0
831448,814492,10,2,0,0,0,2,0
831448,680933,12,1,0,1,0,3,0
823373,684049,6,1,1,0,0,2,1
823373,676742,3,0,0,0,0,1,0
823373,677952,18,5,2,0,0,11,1
823373,702474,11,2,1,3,0,3,0
823373,805673,13,6,7,2,1,7,2
823390,682995,14,6,5,2,1,3,0
823390,677952,13,6,6,3,0,7,2
823390,694335,3,1,1,0,0,3,1
823390,681517,16,9,3,0,0,7,2
823390,700669,5,0,0,0,0,0,0
823390,677865,3,3,2,1,0,1,0
824587,685126,3,2,2,0,0,1,1
824587,697812,9,1,1,5,2,3,0
824587,680732,12,6,4,5,0,6,2
824587,699823,3,1,0,0,0,1,0
824587,681911,2,0,0,0,0,0,0
824587,808967,25,1,1,0,0,7,1
824197,805123,6,2,2,3,0,1,0
824197,837227,12,5,6,3,2,3,2
824197,681151,9,4,2,0,0,0,0
824197,695380,6,0,0,0,0,2,0
824197,682445,3,1,0,1,0,1,0
824197,693433,18,4,2,2,0,9,0
832077,690986,13,5,1,1,1,5,1
832077,702153,2,1,0,0,0,0,0
832077,687075,12,2,0,2,0,5,0
832077,695076,9,4,1,0,0,3,0
832077,695505,15,4,2,0,0,7,1
823910,669373,21,5,3,1,0,11,0
823910,656945,3,0,0,0,0,1,0
823910,623465,2,1,0,0,0,2,0
823910,676263,1,0,0,0,0,1,0
823910,683003,12,3,2,5,0,5,0
823910,670990,3,2,2,0,1,2,0
823910,666808,3,1,0,0,0,2,0
823910,489446,3,1,0,0,0,0,0
823910,699008,3,0,0,0,0,1,0
823100,621074,3,0,0,0,0,1,0
823100,622554,3,0,0,0,1,3,0
823100,807739,17,5,3,2,0,5,2
823100,672841,4,2,1,1,0,2,0
823100,657097,2,3,3,0,0,0,1
823100,656849,18,4,2,2,1,8,1
823100,669020,2,0,0,0,0,1,0
823100,663423,4,1,0,0,0,1,0
823743,694477,3,0,0,1,0,0,0
823743,701656,18,5,1,2,0,4,0
823743,676879,3,2,0,0,0,0,0
823743,669084,3,0,0,0,0,2,0
823743,682989,3,2,0,0,0,2,0
823743,608718,9,2,0,0,0,1,0
823743,527048,12,4,1,3,0,2,1
823509,677960,10,8,2,0,0,3,0
823509,690440,5,3,1,0,0,1,1
823509,518585,4,1,0,0,0,2,0
823509,660787,8,3,1,2,0,0,0
823509,693686,1,0,0,0,1,0,0
823509,686973,3,1,0,0,0,2,0
823509,656302,20,2,1,5,0,8,0
823509,643511,3,1,2,0,1,2,1
824798,670329,3,0,0,0,0,0,0
824798,687064,17,6,2,3,0,3,1
824798,695380,4,0,0,0,0,0,0
824798,677020,3,1,0,0,0,1,0
824798,552640,3,1,0,0,0,0,0
824798,669330,6,1,0,0,0,1,0
824798,663556,15,4,0,1,0,5,0
824798,664076,4,0,0,0,0,2,0
824798,687330,2,2,2,0,0,1,1
824798,641329,0,1,0,0,0,0,0
824073,518886,3,0,0,1,0,2,0
824073,608379,21,3,1,1,1,6,1
824073,656638,3,0,0,0,0,0,0
824073,623454,15,5,3,1,0,4,2
824073,663432,3,0,0,0,0,0,0
824073,805427,6,0,0,0,0,4,0
822858,682608,3,1,0,0,0,1,0
822858,695239,3,2,1,1,0,1,0
822858,674003,16,7,2,0,0,3,0
822858,668390,5,0,0,0,0,3,0
822858,696270,21,1,0,2,1,3,0
822858,605242,3,0,0,1,0,0,0
822858,670245,3,0,0,0,0,1,0
823261,695243,3,0,0,0,0,1,0
823261,663554,8,4,4,1,0,0,3
823261,656288,10,3,0,1,1,1,0
823261,670970,3,0,0,0,0,1,0
823261,606996,3,3,1,0,0,0,0
823261,665152,16,3,2,3,0,5,1
823261,667297,3,3,1,0,0,3,0
823261,621345,2,1,0,0,0,1,0
823261,702193,3,3,1,0,0,0,0
823422,621237,3,1,1,0,0,1,1
823422,663767,3,1,1,0,0,0,0
823422,691725,21,5,1,0,0,8,0
823422,681676,6,4,4,0,0,1,1
823422,687273,15,10,7,1,0,3,0
823422,686780,3,1,1,0,0,0,1
823831,694795,4,0,0,0,0,1,0
823831,676604,2,0,0,0,0,0,0
823831,676534,3,0,0,0,0,0,0
823831,656848,3,0,0,0,0,1,0
823831,691587,15,3,1,3,0,4,0
823831,680899,3,1,0,0,0,1,0
823831,663623,18,6,4,2,1,4,2
823831,656234,3,0,0,0,0,1,0
824560,623211,3,1,1,1,0,1,1
824560,805326,10,5,3,0,0,1,1
824560,670950,6,2,2,0,0,1,1
824560,622491,8,8,4,1,0,3,2
824560,681810,5,1,0,1,0,3,0
824560,673380,3,0,0,0,0,1,0
824560,673540,3,1,0,1,0,2,0
824560,702752,2,2,1,1,0,1,0
824560,681035,14,5,4,4,1,6,2
824151,650556,5,1,0,1,0,2,0
824151,686613,17,7,1,3,0,4,1
824151,805123,4,0,0,0,0,2,0
824151,656986,1,2,3,1,0,0,0
824151,682052,18,3,1,1,0,9,0
824151,665660,3,0,0,0,0,2,0
824151,663687,3,0,0,0,0,1,0
824151,665622,3,3,2,1,0,2,1
825044,656464,3,0,0,0,0,3,0
825044,647336,10,6,6,3,1,3,0
825044,642701,3,2,1,0,0,1,1
825044,641793,11,8,4,2,0,1,3
825044,682825,3,2,0,0,0,2,0
825044,622088,3,1,0,0,0,1,0
825044,663574,3,1,1,2,0,0,0
825044,695076,18,6,3,1,0,1,2
824316,657514,3,0,0,0,0,1,0
824316,675848,6,0,0,1,0,1,0
824316,687312,15,4,3,2,0,2,1
824316,693308,3,3,1,0,0,0,0
824316,671922,3,1,1,0,0,1,1
824316,681870,3,0,0,0,0,1,0
824316,683769,3,1,0,0,0,1,0
824316,676440,18,5,2,1,0,6,1
824718,663776,17,5,2,2,0,6,2
824718,669711,3,1,0,0,0,2,0
824718,681544,4,1,0,2,0,1,0
824718,663558,3,1,0,1,0,1,0
824718,681916,3,1,1,1,0,2,0
824718,693313,4,2,0,1,0,0,0
824718,656529,1,2,2,1,1,0,0
824718,694918,17,3,0,2,1,7,0
825041,686753,6,3,2,1,0,0,0
825041,518876,17,5,3,3,0,4,0
825041,664199,1,2,2,0,0,0,2
825041,686228,3,0,0,0,0,0,0
825041,573204,3,2,0,0,0,0,0
825041,592332,21,3,0,1,0,6,0
825041,666171,3,0,0,0,0,0,0
823097,669302,15,5,2,2,0,5,1
823097,622554,6,0,0,0,0,2,0
823097,642100,3,0,0,0,0,0,0
823097,672841,3,0,0,0,0,1,0
823097,621237,3,0,0,0,0,2,0
823097,554430,12,9,8,5,0,4,4
823097,663767,6,1,1,1,0,4,1
823097,686934,3,0,0,0,0,2,0
823828,694795,3,1,1,0,1,1,0
823828,676604,1,2,1,0,0,0,0
823828,664126,0,0,1,1,0,0,0
823828,645261,21,6,1,2,0,6,0
823828,806188,2,0,0,1,0,0,0
823828,678394,6,2,1,2,0,1,0
823828,624133,15,4,1,4,2,4,0
823828,669062,3,2,0,0,0,1,0
823828,547973,3,1,0,0,0,1,0
823099,678606,5,3,1,0,1,0,0
823099,621074,2,4,7,2,1,1,1
823099,642215,3,5,3,0,0,0,0
823099,640902,1,3,2,0,0,0,1
823099,682243,13,2,6,7,0,5,2
823099,660825,3,0,0,0,0,1,0
823099,573204,3,0,0,0,0,1,0
823099,684007,6,5,1,2,1,4,1
823099,608348,3,1,0,0,0,0,0
823099,650644,12,1,0,0,0,2,0
823099,663423,3,0,0,0,0,1,0
823258,673513,3,1,0,0,0,1,0
823258,593974,6,1,0,0,0,1,0
823258,621111,18,4,1,0,0,4,1
823258,656546,2,2,2,1,0,0,0
823258,573124,3,1,1,1,0,0,1
823258,641927,15,4,1,3,0,3,1
823258,681892,1,0,2,2,0,0,0
823258,701519,3,2,2,1,0,2,1
823260,673513,3,0,0,1,0,2,0
823260,695243,3,1,0,1,0,2,0
823260,699134,2,1,0,0,0,2,0
823260,669093,3,1,0,0,0,1,0
823260,670970,6,0,0,1,0,2,0
823260,606996,3,1,0,0,0,1,0
823260,592662,16,5,2,2,0,5,1
823260,642397,3,0,0,1,0,1,0
823260,596133,2,2,1,2,0,1,0
823260,682254,4,1,0,0,0,1,0
823260,670990,3,0,0,0,0,3,0
823260,666808,3,0,0,0,0,1,0
823260,489446,3,0,0,2,0,1,0
823260,677952,18,4,1,1,0,2,0
824720,687562,21,7,3,1,0,6,1
824720,594027,3,1,0,0,0,0,0
824720,547973,3,0,0,0,0,1,0
824720,664141,5,3,1,1,0,0,0
824720,683363,11,7,4,0,0,2,1
824720,805345,3,1,0,0,0,1,0
824720,656529,5,0,0,0,0,2,0
825043,666661,3,0,0,0,1,1,0
825043,672629,5,1,0,2,0,3,0
825043,656464,1,0,0,0,0,1,0
825043,642528,3,1,0,0,0,1,0
825043,683352,9,5,3,3,0,3,0
825043,664199,4,0,0,0,0,1,0
825043,805299,2,1,0,0,0,1,0
825043,572955,3,0,0,0,0,0,0
825043,682825,3,1,1,2,0,1,0
825043,671096,18,7,4,2,0,6,0
822856,682608,4,1,1,0,0,2,1
822856,641302,1,3,2,0,0,0,0
822856,681217,1,0,0,0,0,0,0
822856,656641,3,1,0,1,0,2,0
822856,615698,18,6,0,0,0,6,0
822856,820862,3,0,0,0,0,2,0
822856,579328,15,7,5,1,1,4,2
822856,684665,3,0,0,1,0,2,0
822856,671111,3,1,0,0,1,1,0
823421,650911,20,9,4,0,0,7,1
823421,641835,4,1,0,1,0,1,0
823421,686934,3,0,0,0,0,1,0
823421,681517,12,2,0,2,0,4,0
823421,677865,3,1,0,0,0,0,0
823421,676617,2,5,6,1,0,0,1
823421,666277,3,0,0,0,0,0,0
823421,592773,3,0,0,0,0,0,0
823421,703725,3,1,0,0,0,1,0
824799,669358,17,5,3,3,0,3,0
824799,689296,3,1,0,2,0,0,0
824799,664991,4,1,0,0,0,0,0
824799,676742,3,0,0,0,0,0,0
824799,607259,18,1,0,0,0,4,0
824799,592155,3,0,0,0,0,0,0
824799,687330,3,0,0,0,0,1,0
824799,641329,3,1,1,0,0,0,1
823183,681916,3,1,0,1,0,1,0
823183,676254,6,2,0,0,0,2,0
823183,671345,4,0,0,0,0,3,0
823183,693313,3,0,0,0,0,2,0
823183,665665,3,0,0,0,0,0,0
823183,687931,8,2,0,1,0,3,0
823183,641941,3,1,0,0,0,0,0
823183,594580,4,0,0,0,0,1,0
823183,670062,6,0,0,0,0,1,0
823183,695505,11,9,5,1,0,5,1
824150,678906,5,1,0,0,1,4,0
824150,623352,3,0,0,0,0,2,0
824150,660853,1,3,3,0,1,1,0
824150,595345,3,1,1,0,0,1,1
824150,805123,3,1,0,1,0,0,0
824150,664299,12,4,3,2,0,8,1
824150,656240,3,0,0,0,0,0,0
824150,669620,3,4,3,0,0,0,1
824150,663687,3,0,0,0,0,2,0
824150,665622,3,1,0,1,0,2,0
824150,678022,15,3,1,5,0,6,1
823909,681911,3,0,0,1,0,1,0
823909,683618,3,0,0,0,0,2,0
823909,605483,18,2,0,3,1,6,0
823909,592779,3,0,0,0,0,1,0
823909,694753,9,0,0,1,0,1,0
823909,669199,6,1,1,3,0,1,0
823909,669387,9,5,3,0,1,4,0
823827,667652,6,2,0,0,0,2,0
823827,664126,3,0,0,1,0,1,0
823827,676534,3,1,1,1,0,1,0
823827,656848,1,0,0,1,0,1,0
823827,676083,14,2,1,0,2,2,0
823827,592866,7,2,2,3,0,3,0
823827,668820,3,2,1,0,0,0,0
823827,800600,14,4,3,3,0,5,0
824964,680723,3,1,0,0,0,0,0
824964,696522,2,3,3,1,0,0,0
824964,695034,8,5,2,0,1,2,0
824964,605488,14,7,4,2,0,3,1
824964,667297,3,2,1,1,0,0,0
824964,672782,2,4,4,1,0,0,0
824964,805673,21,6,1,1,1,7,0
824964,702193,1,0,0,0,0,0,0
824315,623474,6,0,0,2,0,0,0
824315,815081,3,2,1,0,0,2,0
824315,608372,9,9,5,1,0,2,0
824315,605447,3,0,0,0,0,0,0
824315,693308,3,1,1,0,0,1,0
824315,677955,3,0,0,0,0,0,0
824315,684974,4,2,0,0,0,1,0
824315,670036,2,0,0,0,0,2,0
824315,671106,3,0,0,0,0,1,0
824315,682120,3,0,0,0,0,1,0
824315,656492,15,5,2,3,0,4,0
823507,621112,6,0,0,0,0,0,0
823507,607074,12,2,1,2,0,2,0
823507,642232,5,2,1,0,0,1,0
823507,687396,4,1,0,0,0,2,0
823507,667755,15,7,5,3,1,7,0
823507,663893,3,2,2,0,0,2,1
823507,680573,3,1,1,0,0,1,1
823507,689254,1,1,0,0,0,0,0
823507,680755,2,0,0,1,0,1,0
824558,691799,3,2,1,2,0,2,0
824558,696146,6,0,0,0,0,3,0
824558,607200,12,3,0,1,0,2,0
824558,656794,6,2,0,0,0,3,0
824558,673380,3,1,0,0,0,1,0
824558,673540,1,1,1,0,0,0,1
824558,650960,3,2,1,0,0,3,0
824558,690997,18,1,0,4,1,6,0
824235,664285,18,8,3,2,0,0,1
824235,663432,6,0,0,2,0,2,0
824235,663947,3,1,0,0,0,1,0
824235,664076,3,0,0,0,0,2,0
824235,641329,3,1,0,0,1,2,0
824235,655889,3,1,0,1,0,3,0
824235,656876,18,3,1,0,0,5,0
824557,682668,1,0,0,0,0,0,0
824557,623211,3,1,1,2,0,0,0
824557,805326,6,3,2,0,0,2,1
824557,670950,8,4,3,2,0,2,1
824557,664353,9,6,5,4,2,2,0
824557,677958,17,5,2,3,0,8,1
824557,695239,4,0,0,0,0,1,0
824557,656756,6,0,0,0,0,2,0
822695,690925,3,2,1,1,1,2,0
822695,676917,18,5,2,1,0,7,2
822695,680899,3,0,0,1,0,0,0
822695,656234,3,0,0,0,0,1,0
822695,687060,3,5,5,2,0,0,1
822695,663372,17,6,5,4,0,6,0
822695,687859,3,1,0,0,0,0,0
822695,675848,1,1,1,2,0,0,0
824071,621016,3,2,1,2,0,1,0
824071,696131,2,3,3,1,0,0,1
824071,671162,1,0,0,0,1,0,0
824071,663738,13,4,2,1,0,2,0
824071,663878,3,1,0,0,0,1,0
824071,674444,3,0,0,1,0,2,0
824071,670167,2,0,0,0,0,1,0
824071,680744,5,3,3,1,1,3,1
824071,621097,4,1,2,1,0,1,0
824071,640448,3,2,1,1,0,1,0
824071,808825,12,6,5,1,0,3,1
823745,681982,2,1,0,1,0,1,0
823745,675660,15,8,2,3,0,5,0
823745,676879,3,1,1,0,0,1,1
823745,669084,4,0,0,0,0,2,0
823745,669060,3,1,0,0,0,1,0
823745,669276,2,2,1,0,0,1,0
823745,800311,6,2,0,0,0,1,0
823745,641816,15,6,1,2,1,4,0
823745,628452,4,1,0,1,0,0,0
823992,684665,2,0,0,0,0,1,0
823992,691946,16,6,2,3,0,3,0
823992,676620,3,1,1,0,0,0,1
823992,671111,6,1,0,0,0,1,0
823992,670059,3,1,0,0,0,3,0
823992,671922,3,1,1,0,1,1,0
823992,800048,18,3,1,1,0,4,0
823992,683769,3,1,0,0,0,0,0
823016,681676,6,1,0,0,0,2,0
823016,657571,5,2,1,0,0,3,0
823016,669461,12,8,8,1,0,7,2
823016,686780,3,1,0,0,0,0,0
823016,657265,1,4,4,1,1,1,0
823016,605135,20,6,1,0,1,5,1
823016,689296,6,1,0,0,0,5,0
823016,666974,1,0,0,0,0,0,0
823826,667652,3,0,0,0,0,0,0
823826,694795,3,0,0,1,0,0,0
823826,676604,3,1,1,0,0,0,1
823826,680767,1,0,0,0,0,1,0
823826,663969,14,3,1,3,0,7,1
823826,676534,3,0,0,0,0,1,0
823826,806188,3,2,3,1,0,0,1
823826,656848,3,1,0,1,0,0,0
823826,594027,5,2,0,1,0,0,0
823826,687941,4,0,0,1,0,0,0
823826,669711,3,1,0,0,0,1,0
823826,681544,2,0,0,0,0,1,0
823826,801139,16,4,2,2,0,7,1
823826,669062,3,0,0,0,0,3,0
822773,663893,3,0,0,1,0,3,0
822773,623149,3,1,0,2,0,1,0
822773,453286,15,4,2,5,0,4,0
822773,689254,2,0,0,1,0,0,0
822773,680755,1,2,0,0,0,0,0
822773,643511,3,3,1,0,0,1,0
822773,671162,3,0,0,0,1,0,0
822773,663878,3,1,0,1,1,1,0
822773,607625,15,6,1,1,0,5,0
822773,674444,3,3,2,0,0,0,0
822773,670167,3,0,0,0,0,1,0
823181,805345,3,0,0,1,0,2,0
823181,693313,3,1,1,0,0,1,1
823181,656529,3,1,0,0,0,0,0
823181,605288,5,1,0,0,0,2,0
823181,683627,13,1,0,1,0,1,0
823181,622088,5,1,0,0,0,1,0
823181,663903,17,6,3,2,2,5,1
823181,594580,2,1,0,1,0,0,0
824233,621097,3,0,0,1,0,1,0
824233,663947,3,1,0,0,0,0,0
824233,445276,3,0,0,0,0,1,0
824233,805427,5,0,0,0,0,1,0
824233,695549,13,4,1,3,0,4,0
824233,668984,7,1,0,0,0,2,0
824233,693855,17,7,3,0,0,5,1
823098,678606,1,0,0,0,0,0,0
823098,669923,23,6,1,1,0,9,0
823098,662253,3,0,0,2,0,2,0
823098,689147,2,1,2,1,1,0,0
823098,680742,3,0,0,1,0,0,0
823098,605400,18,3,2,3,0,7,1
823098,548384,1,1,0,0,0,0,0
823505,690440,4,2,1,0,0,3,0
823505,687396,2,4,3,0,0,1,1
823505,701542,15,7,2,2,0,4,1
823505,518585,3,1,2,1,0,0,1
823505,660787,3,0,0,1,0,1,0
823505,650556,3,3,1,0,0,0,0
823505,623352,4,0,0,0,0,1,0
823505,595345,2,2,1,1,0,1,0
823505,814490,13,5,5,4,0,1,2
823505,656986,5,0,0,0,0,0,0
824556,641743,14,6,4,2,1,4,2
824556,691799,1,0,0,0,0,0,0
824556,696146,5,1,0,3,0,1,0
824556,663542,4,0,0,0,0,0,0
824556,663855,3,4,3,0,0,2,1
824556,682608,3,2,1,0,0,3,1
824556,641302,3,1,0,1,0,2,0
824556,594798,11,6,8,5,0,2,0
824556,656756,3,0,0,0,0,1,0
824556,668390,4,5,2,1,0,2,0
825042,694297,20,6,4,2,1,3,1
825042,679885,3,1,0,0,0,1,0
825042,642701,4,0,0,0,0,1,0
825042,694037,2,2,3,1,1,1,0
825042,657097,3,1,2,1,0,0,1
825042,605280,21,2,0,2,0,5,0
822693,668820,3,1,0,1,0,2,0
822693,695418,7,0,0,1,0,2,0
822693,656234,3,1,0,0,0,1,0
822693,674841,14,5,3,2,0,6,1
822693,623474,3,0,0,0,0,0,0
822693,815081,3,1,0,0,0,2,0
822693,657514,3,1,0,0,0,2,0
822693,605447,3,0,0,1,0,0,0
822693,677955,3,0,0,0,0,1,0
822693,690279,12,3,1,3,0,5,1
824881,689266,1,0,0,0,0,0,0
824881,669276,3,1,0,0,0,0,0
824881,682989,2,0,0,2,0,1,0
824881,628452,3,1,0,1,0,1,0
824881,693821,18,8,3,0,1,5,0
824881,607192,15,6,3,0,0,7,0
824881,681911,3,0,0,0,0,0,0
824881,656945,3,2,1,0,0,0,0
824881,623465,1,0,0,0,0,0,0
824881,676263,2,1,0,1,0,1,0
823585,681810,1,2,1,1,0,1,0
823585,642376,2,0,0,1,0,1,0
823585,681320,6,0,0,0,0,1,0
823585,702752,3,0,0,1,0,2,0
823585,804267,18,7,1,0,0,4,0
823585,694477,2,3,1,0,0,0,1
823585,690986,15,6,1,1,0,5,1
823585,676879,3,0,0,0,0,0,0
823585,622608,4,1,0,0,0,1,0
823585,656730,4,1,0,2,0,1,0
824962,695611,19,3,2,2,0,9,0
824962,665660,3,0,0,0,0,1,0
824962,663687,2,1,0,1,0,1,0
824962,665622,3,0,0,0,0,1,0
824962,671737,20,7,4,1,0,11,1
824962,621345,4,0,0,0,0,2,0
823259,650633,21,5,0,2,1,7,0
823259,695243,3,1,1,0,0,1,1
823259,670970,3,0,0,0,0,1,0
823259,694973,18,3,0,0,0,4,0
823259,642397,3,0,0,0,0,0,0
823259,682254,3,0,0,1,0,2,0
823259,666808,3,0,0,1,0,2,0
823989,690829,3,0,0,1,0,3,0
823989,820862,4,4,2,0,0,2,0
823989,642048,6,0,0,1,0,4,0
823989,700712,11,5,3,5,0,3,0
823989,676620,3,2,1,1,0,0,0
823989,670245,3,2,1,0,0,1,0
823989,684974,3,1,0,0,0,2,0
823989,670036,5,0,0,1,0,2,0
823989,670059,3,0,0,0,1,1,0
823989,671106,9,2,1,0,2,2,1
823989,671922,3,0,0,0,1,2,0
823989,681870,3,0,0,0,0,3,0
823989,668909,4,6,5,1,0,3,2
825039,593958,21,2,0,3,0,9,0
825039,666661,3,0,0,0,0,0,0
825039,805299,3,0,0,1,0,1,0
825039,666171,3,2,1,0,0,0,0
825039,663423,3,1,0,0,0,1,0
825039,571510,18,3,1,2,0,5,1
823015,700241,15,10,7,2,1,3,2
823015,676617,3,2,1,0,0,0,0
823015,666277,3,1,0,1,0,0,0
823015,592773,3,0,0,1,0,1,0
823015,703725,3,0,0,0,0,3,0
823015,670329,4,0,0,1,0,2,0
823015,695380,2,0,0,0,0,0,0
823015,680694,13,9,7,2,0,4,1
823015,677020,2,1,0,0,0,1,0
823015,552640,3,1,0,1,0,0,0
823015,664991,3,0,0,1,0,0,0
823584,476594,12,10,7,2,0,2,1
823584,642376,6,0,0,1,0,2,0
823584,673380,3,0,0,0,0,0,0
823584,694646,6,3,1,2,0,2,0
823584,681982,4,1,0,0,0,0,0
823584,688107,16,6,1,2,0,6,0
823584,669060,6,2,0,0,0,2,0
823584,669160,1,0,0,0,0,0,0
823825,680767,4,0,0,0,0,1,0
823825,687473,17,4,0,3,2,2,0
823825,676083,3,0,0,0,0,0,0
823825,690978,3,1,0,0,0,1,0
823825,543243,15,7,2,1,0,5,0
823825,681544,3,2,0,1,0,1,0
823825,663558,6,1,0,1,0,2,0
823255,673513,2,1,0,0,0,2,0
823255,656288,1,0,0,1,1,1,0
823255,699134,6,2,0,0,0,2,0
823255,606996,3,1,0,1,0,0,0
823255,681190,15,1,0,2,0,2,0
823255,669199,4,0,0,0,0,1,0
823255,696149,17,4,1,2,0,3,0
823255,668716,1,0,0,0,0,0,0
823255,489446,2,3,1,2,0,1,0
824878,689266,3,1,0,0,0,0,0
824878,669276,0,3,2,1,0,0,0
824878,700363,15,5,3,3,0,3,1
824878,682989,3,0,0,0,0,2,0
824878,800311,6,1,0,3,0,1,0
824878,683618,2,1,0,0,0,1,0
824878,641778,6,2,1,2,0,1,1
824878,656945,2,2,1,1,0,1,0
824878,623465,3,1,0,0,0,1,0
824878,592779,3,2,0,1,0,0,0
824878,808963,10,6,4,2,0,3,1
824555,686563,9,4,2,2,0,4,0
824555,680732,9,2,2,8,0,3,1
824555,656794,9,2,0,0,0,1,0
824555,682608,4,1,0,0,0,1,0
824555,681217,3,1,1,1,0,0,0
824555,695239,3,4,5,1,0,0,2
824555,669022,11,8,4,4,0,4,0
824555,596001,3,1,0,0,0,1,0
823506,621112,3,1,0,1,0,2,0
823506,695684,18,3,3,2,0,6,1
823506,657612,3,0,0,0,0,1,0
823506,605242,3,0,0,0,0,1,0
823506,678906,1,0,0,0,0,0,0
823506,660853,5,1,2,1,0,3,1
823506,656986,1,5,4,1,0,1,0
823506,663567,17,7,2,3,0,5,1
824234,640448,3,1,0,0,0,0,0
824234,641755,3,0,0,0,0,0,0
824234,675512,21,7,3,0,1,4,0
824234,669330,3,0,0,0,0,1,0
824234,687330,6,0,0,0,0,1,0
824234,642547,18,2,0,0,0,4,0
822772,693686,6,2,0,0,0,1,0
822772,689149,8,0,0,0,0,4,0
822772,686973,4,2,0,0,0,1,0
822772,663893,2,0,0,2,0,1,0
822772,623149,2,0,0,0,0,0,0
822772,689254,3,0,0,0,0,1,0
822772,643511,2,2,0,0,0,1,0
822772,696131,6,0,0,0,0,0,0
822772,677976,18,6,3,1,0,5,1
823096,678606,3,1,0,0,0,0,0
823096,693433,12,5,6,1,0,5,2
823096,642100,3,0,0,0,0,1,0
823096,660825,3,2,0,0,0,1,0
823096,672841,6,2,0,0,0,3,0
823096,666200,21,1,0,3,0,9,0
823096,661395,3,1,0,0,0,2,0
823096,641835,3,0,0,0,0,1,0
824963,669372,18,6,4,2,0,3,3
824963,669620,6,1,0,0,0,0,0
824963,665660,3,1,0,1,0,1,0
824963,656546,1,0,0,0,0,1,0
824963,687570,16,6,3,1,0,5,0
824963,681892,4,2,1,0,0,1,1
824963,702193,3,4,3,0,0,1,0
823180,681916,1,4,2,0,0,0,1
823180,657277,18,5,2,1,1,6,1
823180,676254,2,0,0,1,0,0,0
823180,671345,1,3,1,0,0,0,0
823180,702352,3,3,4,2,0,2,1
823180,665665,2,0,0,0,0,0,0
823180,641941,3,1,0,0,0,2,0
823180,663574,3,2,3,2,1,2,0
823180,666157,12,6,4,2,1,5,2
823180,656271,3,0,0,0,0,1,0
823180,670062,6,3,2,0,0,2,1
823988,680570,17,7,1,1,1,4,0
823988,684665,3,1,0,1,0,1,0
823988,671111,4,1,1,0,0,3,0
823988,670245,3,3,2,1,0,0,0
823988,676282,18,2,2,7,1,1,0
823988,681870,3,1,0,0,0,1,0
823988,683769,2,0,0,1,0,1,0
823988,682120,4,0,0,0,0,1,0
822692,691384,6,4,4,3,0,3,1
822692,702021,8,4,4,2,0,3,2
822692,678391,4,3,1,0,2,0,0
822692,690925,1,0,0,0,0,0,0
822692,663362,6,2,0,1,0,1,0
822692,687377,2,2,4,2,0,0,1
822692,688642,6,1,0,0,0,2,0
822692,685299,21,6,1,0,0,5,1
824879,519242,27,5,0,0,2,11,0
824879,683618,3,0,0,0,0,3,0
824879,676263,2,0,0,0,0,0,0
824879,808967,19,4,1,1,0,8,1
823503,623437,6,2,0,1,1,2,0
823503,660787,3,1,1,0,0,1,1
823503,543037,18,6,3,1,1,5,1
823503,669713,15,3,1,2,0,6,0
823503,623352,3,0,0,0,0,2,0
823503,595345,3,1,0,0,0,0,0
823503,805123,6,1,0,0,0,3,0
822694,690925,4,0,0,0,0,0,0
822694,680899,2,1,0,1,0,1,0
822694,663623,13,3,1,6,1,6,0
822694,687377,3,1,0,1,0,1,0
822694,676680,5,0,0,1,0,2,0
822694,623474,3,3,3,0,0,1,1
822694,675848,3,2,0,1,0,1,0
822694,687312,15,7,4,4,0,3,1
822694,693308,3,1,0,1,0,1,0
823179,676254,3,2,0,0,0,1,0
823179,805345,6,0,0,0,0,2,0
823179,693313,3,0,0,1,0,0,0
823179,694738,15,4,1,2,0,3,1
823179,703615,13,3,2,1,1,4,1
823179,656464,1,4,4,1,0,0,0
823179,642528,3,0,0,0,0,1,0
823179,664199,5,0,0,0,0,1,0
823179,686228,2,0,0,0,0,0,0
823014,700669,9,0,0,0,0,4,0
823014,657571,3,2,3,1,0,1,1
823014,677865,5,2,1,1,0,2,0
823014,676617,3,1,0,0,0,1,0
823014,666277,3,2,1,0,0,1,0
823014,703725,4,0,0,0,0,2,0
823014,669432,15,7,6,1,0,7,2
823014,689296,3,1,1,1,0,2,0
823014,676742,6,1,0,1,0,4,0
822771,680573,3,5,6,2,0,1,1
822771,680755,3,0,0,1,0,2,0
822771,547179,6,3,1,1,0,2,0
822771,664702,3,3,2,0,0,0,1
822771,681293,12,5,3,2,0,4,1
822771,621016,3,1,0,0,0,0,0
822771,702070,18,6,2,2,0,3,1
822771,656638,3,1,0,1,0,0,0
822771,543238,3,0,0,0,0,0,0
823581,640455,17,8,6,1,1,3,1
823581,681810,3,2,0,0,0,2,0
823581,675540,7,2,2,1,1,2,1
823581,694477,3,1,0,0,0,0,0
823581,694819,18,2,2,2,0,6,0
823581,669084,3,0,0,0,0,2,0
823581,622608,3,0,0,1,0,1,0
822935,571927,6,0,0,0,0,1,0
822935,663556,17,3,3,2,0,4,1
822935,687330,1,0,0,0,0,0,0
822935,655889,3,1,0,1,0,0,0
822935,663554,15,6,2,1,1,1,1
822935,688158,2,2,1,1,0,1,0
822935,593974,3,1,1,0,0,1,1
822935,656288,4,2,0,0,0,3,0
824960,656240,6,1,0,1,0,1,0
824960,682052,15,3,1,3,1,6,0
824960,669620,3,2,1,1,0,2,0
824960,663687,3,0,0,1,0,1,0
824960,665622,3,0,0,0,0,2,0
824960,670329,2,2,1,0,1,0,0
824960,687064,21,5,1,1,0,4,1
824960,695380,3,1,0,0,0,1,0
824960,552640,3,1,0,0,0,2,0
824960,666974,1,0,0,0,0,0,0
823504,621112,5,2,0,0,0,0,0
823504,687396,2,1,0,1,0,1,0
823504,670280,3,0,0,0,0,0,0
823504,693645,17,2,0,5,0,8,0
823504,594027,3,0,0,0,0,1,0
823504,663776,16,3,1,4,0,7,1
823504,669711,2,0,0,0,0,1,0
823504,681544,3,0,0,0,0,2,0
824877,689266,3,1,0,0,0,1,0
824877,682989,3,1,0,1,0,0,0
824877,678061,3,1,1,1,1,1,0
824877,628452,3,1,0,0,0,0,0
824877,656550,15,8,3,1,0,3,0
824877,815081,6,3,0,0,0,1,0
824877,657514,3,0,0,0,0,1,0
824877,675848,3,1,0,0,0,0,0
824877,608372,12,10,6,1,1,4,1
824231,623454,14,4,0,5,0,5,0
824231,621097,4,2,1,0,0,0,0
824231,663947,2,1,0,1,1,1,0
824231,805427,4,2,1,1,0,3,0
824231,641755,3,0,0,2,0,0,0
824231,669373,18,4,1,0,0,7,0
824231,681911,1,0,0,0,0,0,0
824231,656945,3,0,0,0,0,2,0
824231,623465,3,0,0,0,0,3,0
824231,592779,2,1,0,2,0,0,0
823666,665152,12,7,5,3,0,3,1
823666,573124,5,1,0,2,0,1,0
823666,681892,3,1,0,0,0,1,0
823666,701519,7,1,1,0,0,2,0
823666,691799,8,1,0,0,0,3,0
823666,696146,4,1,0,1,0,2,0
823666,622491,12,8,4,1,1,1,2
823666,663542,3,2,0,0,0,1,0
823013,681676,6,0,0,1,0,2,0
823013,657571,1,1,0,0,0,0,0
823013,687273,17,5,1,1,1,7,0
823013,592773,3,0,0,0,0,2,0
823013,683003,14,7,3,1,0,6,1
823013,681895,4,0,0,0,0,1,0
823013,642397,3,0,0,0,0,0,0
823013,670990,3,1,0,0,0,1,0
824638,694037,3,1,1,0,0,2,1
824638,650644,7,2,0,0,1,2,0
824638,656849,15,6,2,3,0,6,1
824638,663423,2,4,5,1,0,0,2
824638,682825,5,2,1,1,0,0,0
824638,641941,3,0,0,0,0,1,0
824638,622088,0,3,3,0,0,0,1
824638,695076,15,6,3,0,0,5,1
824638,594580,3,2,1,0,0,0,0
824638,656271,1,0,0,1,0,1,0
824396,684974,6,2,2,0,0,3,1
824396,676440,18,7,1,2,1,5,0
824396,682120,3,0,0,0,0,1,0
824396,608379,24,4,0,0,0,10,0
824396,674444,3,2,0,0,1,2,0
822769,669310,3,0,0,1,0,0,0
822769,656302,18,4,1,1,0,8,1
822769,623149,3,1,0,1,0,0,0
822769,689254,3,0,0,1,0,1,0
822769,621074,6,3,2,1,0,2,0
822769,622554,3,1,1,1,0,0,1
822769,676106,15,8,5,0,1,1,2
823583,681320,2,2,0,0,0,1,0
823583,673380,3,0,0,0,0,2,0
823583,673540,3,0,0,0,0,2,0
823583,702752,3,1,0,1,0,1,0
823583,681035,16,1,3,5,0,2,0
823583,650556,4,0,0,0,0,2,0
823583,686613,20,5,1,1,0,10,0
823583,623352,3,0,0,0,0,2,0
823178,694820,3,0,0,0,0,1,0
823178,702352,6,5,4,1,0,3,0
823178,665665,3,0,0,0,0,1,0
823178,694918,15,7,6,1,0,4,3
823178,666661,3,1,0,0,0,2,0
823178,672629,3,0,0,2,0,1,0
823178,642528,3,0,0,0,0,1,0
823178,642701,3,0,0,1,0,1,0
823178,684442,12,4,5,1,1,4,2
823178,805299,3,0,0,0,1,2,0
823985,690829,2,0,3,2,1,0,0
823985,820862,3,0,0,0,0,1,0
823985,642048,1,0,0,0,0,0,0
823985,672282,18,8,1,0,0,2,0
823985,671111,1,3,1,0,0,0,1
823985,670245,2,0,0,1,0,2,0
823985,621237,3,1,0,0,0,0,0
823985,680742,3,0,0,0,1,2,0
823985,686934,3,0,0,1,0,1,0
823985,691725,18,2,3,3,0,6,0
823744,701656,21,1,1,0,0,7,1
823744,676879,3,1,0,1,0,2,0
823744,669084,3,0,0,0,0,3,0
823744,671936,4,3,2,1,0,1,0
823744,641302,1,0,0,0,0,0,0
823744,681217,2,2,1,1,0,1,0
823744,674003,17,9,3,2,0,0,0
822691,668820,6,2,1,1,0,1,1
822691,800600,21,3,1,4,0,3,0
822691,676604,3,0,0,0,0,1,0
822691,687287,12,5,4,1,0,2,1
822691,691587,9,2,5,4,0,5,1
