game_date,game_pk,team,opponent,runs,plate_appearances,hits,home_runs,strikeouts,walks,iso,k_rate,bb_rate,hr_rate,runs_last14,k_rate_last14,bb_rate_last14,hr_rate_last14,iso_last14
2026-03-20,831931,ATH,CHC,6,76,17,5,24,6,0.21052631578947367,0.3157894736842105,0.07894736842105263,0.06578947368421052,,,,,
2026-03-21,831937,ATH,LAD,5,78,12,2,18,13,0.1282051282051282,0.23076923076923078,0.16666666666666666,0.02564102564102564,,,,,
2026-03-22,831945,ATH,COL,5,73,16,4,18,7,0.1917808219178082,0.2465753424657534,0.0958904109589041,0.0547945205479452,,,,,
2026-03-23,831915,ATH,CWS,10,92,23,1,15,17,0.14130434782608695,0.16304347826086957,0.18478260869565216,0.010869565217391304,5.333333333333333,0.26437801563973157,0.11383481534887446,0.04874167329106046,0.17683742197080335
2026-03-27,822839,ATH,TOR,2,68,10,2,19,6,0.14705882352941177,0.27941176470588236,0.08823529411764706,0.029411764705882353,6.5,0.23904438129501607,0.1315717636855689,0.03927364627264317,0.16795415343462425
2026-03-28,822838,ATH,TOR,7,97,22,2,26,13,0.08247422680412371,0.26804123711340205,0.13402061855670103,0.020618556701030927,5.6,0.24711785797718933,0.12290446977198452,0.037301269959291006,0.16377508745358177
2026-03-29,822837,ATH,TOR,2,65,11,4,22,4,0.2,0.3384615384615385,0.06153846153846154,0.06153846153846154,5.833333333333333,0.25060508783322477,0.12475716123610393,0.03452081774958099,0.15022494401200542
2026-03-30,824943,ATH,ATL,0,70,17,0,11,6,0.08571428571428572,0.15714285714285714,0.08571428571428572,0.0,5.285714285714286,0.2631560093515553,0.11572591842215503,0.038380481147992494,0.15733566629600462
2026-03-31,824942,ATH,ATL,5,74,14,2,17,7,0.10810810810810811,0.22972972972972974,0.0945945945945946,0.02702702702702703,4.625,0.24990436532546803,0.11197446433367136,0.033582921004493435,0.14838299372328978
2026-04-01,824940,ATH,ATL,1,65,11,1,16,5,0.07692307692307693,0.24615384615384617,0.07692307692307693,0.015384615384615385,4.666666666666667,0.24766273914816375,0.11004336769599615,0.0328544883403305,0.14390800643271404
2026-04-03,825026,ATH,HOU,11,80,19,2,16,12,0.125,0.2,0.15,0.025,4.3,0.247511849848732,0.10673133861870424,0.03110750104475899,0.1372095134817503
2026-04-04,825027,ATH,HOU,0,89,23,2,18,16,0.1348314606741573,0.20224719101123595,0.1797752808988764,0.02247191011235955,4.909090909090909,0.24319259077157457,0.11066485328973114,0.03055227367705363,0.1360995577106821
2026-04-05,825025,ATH,HOU,9,100,27,5,17,20,0.21,0.17,0.2,0.05,4.5,0.23978047412487968,0.11642405559049324,0.029878910046662457,0.1359938829576384
2026-04-07,823567,ATH,NYY,3,74,15,2,20,8,0.13513513513513514,0.2702702702702703,0.10810810810810811,0.02702702702702703,4.846153846153846,0.23441274534604278,0.12285297439122453,0.03142668619691919,0.1416866611916662
2026-04-08,823564,ATH,NYY,3,77,13,0,24,10,0.025974025974025976,0.3116883116883117,0.12987012987012986,0.0,4.714285714285714,0.23697399712634473,0.12179976965671621,0.031112424827641177,0.1412186950447711
2026-04-09,823565,ATH,NYY,1,66,9,0,16,3,0.045454545454545456,0.24242424242424243,0.045454545454545456,0.0,4.5,0.23668105698378053,0.12543710976022174,0.026413176707340426,0.128036388629382
2026-04-10,823643,ATH,NYM,4,70,15,0,14,4,0.02857142857142857,0.2,0.05714285714285714,0.0,4.214285714285714,0.2375135578162814,0.11677910110221308,0.024581674875838594,0.12212563271862609
2026-04-11,823644,ATH,NYM,11,86,25,6,21,8,0.22093023255813954,0.2441860465116279,0.09302325581395349,0.06976744186046512,4.142857142857143,0.23418674764015615,0.11401141868678114,0.020667780550985365,0.1104678189081704
2026-04-12,823642,ATH,NYM,1,65,8,1,15,4,0.06153846153846154,0.23076923076923078,0.06153846153846154,0.015384615384615385,4.214285714285714,0.23998264537235317,0.10745717919523123,0.02487477173977635,0.11615538210331701
2026-04-13,825024,ATH,TEX,1,76,16,3,20,7,0.14473684210526316,0.2631578947368421,0.09210526315789473,0.039473684210526314,4.142857142857143,0.2365081786625923,0.10555026258243227,0.023872832502542997,0.11004678481824914
2026-04-14,825022,ATH,TEX,2,69,8,0,19,12,0.043478260869565216,0.2753623188405797,0.17391304347826086,0.0,3.7142857142857144,0.23615936849283803,0.10255630862537468,0.025219627324649812,0.11449411448261625
2026-04-15,825021,ATH,TEX,6,74,12,4,19,11,0.1891891891891892,0.25675675675675674,0.14864864864864866,0.05405405405405406,3.7142857142857144,0.23165228137705526,0.11058306447821749,0.020824022929045418,0.10331399025901376
2026-04-16,825023,ATH,TEX,6,90,23,1,10,12,0.1,0.1111111111111111,0.13333333333333333,0.011111111111111112,4.142857142857143,0.23876755992090523,0.11507837611638627,0.02468502679004928,0.11070505479293544
2026-04-17,825019,ATH,CWS,2,79,19,1,16,8,0.11392405063291139,0.20253164556962025,0.10126582278481013,0.012658227848101266,4.214285714285714,0.2302948014481468,0.11784542888343905,0.02354817565319814,0.11012590421378486
2026-04-18,825020,ATH,CWS,6,103,18,5,13,18,0.1941747572815534,0.1262135922330097,0.17475728155339806,0.04854368932038835,4.285714285714286,0.22717892997784492,0.11958419644499142,0.023353433686304274,0.11276883090734446
2026-04-19,825018,ATH,CWS,4,78,15,5,22,6,0.2564102564102564,0.28205128205128205,0.07692307692307693,0.0641025641025641,3.9285714285714284,0.22190847228020275,0.12135257369880556,0.02503512578061773,0.11770988499888399
2026-04-20,823149,ATH,SEA,6,78,23,5,13,3,0.2564102564102564,0.16666666666666666,0.038461538461538464,0.0641025641025641,4.214285714285714,0.22760876449734893,0.11400598770053416,0.028008743922775192,0.12639408469431965
2026-04-21,823148,ATH,SEA,5,81,21,3,15,7,0.16049382716049382,0.18518518518518517,0.08641975308641975,0.037037037037037035,4.0,0.22737066925925367,0.10246752616207264,0.029016069930101203,0.12970910300933797
2026-04-22,823147,ATH,SEA,4,80,23,2,15,4,0.125,0.1875,0.05,0.025,4.142857142857143,0.2212931631817476,0.10091835794623774,0.029731070645101918,0.13152043815400644
2026-04-24,822909,ATH,TEX,8,72,17,5,12,2,0.2361111111111111,0.16666666666666666,0.027777777777777776,0.06944444444444445,4.214285714285714,0.21242256948972532,0.0952133486697999,0.0315167849308162,0.13859372201300457
2026-04-25,822910,ATH,TEX,3,70,12,1,15,5,0.07142857142857142,0.21428571428571427,0.07142857142857142,0.014285714285714285,4.714285714285714,0.2070113140784699,0.09395072240717363,0.036477102391133664,0.15221204813133069
2026-04-26,822911,ATH,TEX,2,79,16,0,15,9,0.0759493670886076,0.189873417721519,0.11392405063291139,0.0,4.642857142857143,0.20803172224173522,0.09497113057043895,0.03749751055439897,0.1552732726211266
2026-04-28,825017,ATH,KC,1,85,16,2,18,9,0.11764705882352941,0.21176470588235294,0.10588235294117647,0.023529411764705882,4.0,0.20415224875672747,0.0964640444860788,0.03251412185008003,0.14491749651616007
2026-04-29,825015,ATH,KC,5,72,17,1,16,9,0.08333333333333333,0.2222222222222222,0.125,0.013888888888888888,4.0,0.20279478269337906,0.09963146530055843,0.033095893020086496,0.14892525346509347
2026-04-30,825016,ATH,KC,6,80,21,2,11,7,0.15,0.1375,0.0875,0.025,4.285714285714286,0.1998708060851919,0.10198108936070881,0.031268407639969534,0.14453928855281276
2026-05-01,825012,ATH,CLE,5,87,20,2,15,14,0.14942528735632185,0.1724137931034483,0.16091954022988506,0.022988505747126436,4.571428571428571,0.19002349759657905,0.0958087291122616,0.03305412192568382,0.15214798420498665
2026-05-02,825014,ATH,CLE,6,90,28,5,13,8,0.2111111111111111,0.14444444444444443,0.08888888888888889,0.05555555555555555,4.5,0.18399900019277132,0.0966852213680642,0.030835154189474707,0.14930770550263903
2026-05-03,825013,ATH,CLE,7,74,18,4,14,6,0.17567567567567569,0.1891891891891892,0.08108108108108109,0.05405405405405406,4.5,0.1863799525737237,0.09351061819346103,0.03400975736407788,0.15724421343914693
2026-05-05,823469,ATH,PHI,1,77,18,3,18,7,0.16883116883116883,0.23376623376623376,0.09090909090909091,0.03896103896103896,4.857142857142857,0.18542691997512148,0.09206885092890894,0.03696660209307451,0.1616550437993444
2026-05-06,823470,ATH,PHI,3,75,19,2,14,5,0.14666666666666667,0.18666666666666668,0.06666666666666667,0.02666666666666667,4.5,0.19310925151320893,0.08607969445431558,0.036282127067406696,0.15984478748145975
2026-05-07,823467,ATH,PHI,12,76,19,5,16,6,0.23684210526315788,0.21052631578947367,0.07894736842105263,0.06578947368421052,4.428571428571429,0.18629606470002208,0.08534709372171485,0.03360813439341402,0.15200595964263194
2026-05-08,824846,ATH,BAL,4,73,12,2,21,6,0.1095890410958904,0.2876712328767123,0.0821917808219178,0.0273972602739726,4.857142857142857,0.1894288967802226,0.088238938718823,0.03372862793496019,0.15060823456069633
2026-05-09,824847,ATH,BAL,6,81,20,1,21,8,0.1111111111111111,0.25925925925925924,0.09876543209876543,0.012345679012345678,4.785714285714286,0.19674932875818882,0.08793694069993001,0.033040072451884166,0.14697217841322469
2026-05-10,824845,ATH,BAL,1,69,10,0,20,9,0.043478260869565216,0.2898550724637681,0.13043478260869565,0.0,4.928571428571429,0.20187499013385019,0.09142018584984182,0.03213619238133743,0.1459801149211612
2026-05-12,825011,ATH,STL,4,78,17,2,16,9,0.1282051282051282,0.20512820512820512,0.11538461538461539,0.02564102564102564,4.428571428571429,0.21067416197650027,0.09875282905205025,0.027175874921019964,0.13222062561819362
2026-05-13,825010,ATH,STL,6,77,26,2,12,3,0.11688311688311688,0.15584415584415584,0.03896103896103896,0.025974025974025976,4.5,0.21002005417953537,0.10189254647748196,0.027986968589256495,0.13627609395937623
2026-05-14,825008,ATH,STL,4,81,19,4,12,6,0.18518518518518517,0.14814814814814814,0.07407407407407407,0.04938271604938271,4.785714285714286,0.20758939261686657,0.09653804564377677,0.029842256158829777,0.13919993323041263
2026-05-15,825009,ATH,SF,5,73,20,3,16,3,0.1780821917808219,0.2191780821917808,0.0410958904109589,0.0410958904109589,5.0,0.20304535277870905,0.09426602572469804,0.03168892075059241,0.14402408511338802
2026-05-16,825007,ATH,SF,4,80,20,3,19,5,0.225,0.2375,0.0625,0.0375,5.0,0.20282791420510612,0.08827287503976654,0.033632278002168836,0.15079186071678005
2026-05-17,825006,ATH,SF,1,79,17,2,10,9,0.11392405063291139,0.12658227848101267,0.11392405063291139,0.02531645569620253,4.857142857142857,0.20997077134796327,0.08648716075405224,0.03452513514502598,0.15614900357392295
2026-05-18,824035,ATH,LAA,1,67,9,1,16,5,0.05970149253731343,0.23880597014925373,0.07462686567164178,0.014925373134328358,4.571428571428571,0.20669709173207498,0.08313034006855412,0.0346914172842457,0.15361320095082218
2026-05-19,824033,ATH,LAA,14,90,26,3,14,7,0.18888888888888888,0.15555555555555556,0.07777777777777778,0.03333333333333333,4.214285714285714,0.21343720071098995,0.08211162412446504,0.03178926139701519,0.1427982281955509
2026-05-20,824032,ATH,LAA,6,84,12,4,18,10,0.20238095238095238,0.21428571428571427,0.11904761904761904,0.047619047619047616,4.714285714285714,0.21103479830858757,0.08187567388851481,0.030309209916963707,0.14374202913935186
2026-05-21,824031,ATH,LAA,3,78,12,1,21,7,0.05128205128205128,0.2692307692307692,0.08974358974358974,0.01282051282051282,5.071428571428571,0.20964333263140755,0.08388556875555254,0.030927639106821468,0.14613844225005068
2026-05-22,823298,ATH,SD,3,71,15,3,13,8,0.15492957746478872,0.18309859154929578,0.11267605633802817,0.04225352112676056,5.071428571428571,0.2155407685288435,0.08553392040390419,0.02993862811781048,0.13932525543686386
2026-05-23,823300,ATH,SD,0,70,7,0,17,14,0.02857142857142857,0.24285714285714285,0.2,0.0,4.428571428571429,0.21358164536883079,0.08794311239797388,0.028257488649421198,0.13347436059412324
2026-05-24,823297,ATH,SD,5,81,19,2,18,11,0.12345679012345678,0.2222222222222222,0.13580246913580246,0.024691358024691357,4.142857142857143,0.21038063893886153,0.0963579851964083,0.026300541486994584,0.12768738827094736
2026-05-25,825005,ATH,SEA,2,76,19,5,20,3,0.25,0.2631578947368421,0.039473684210526314,0.06578947368421052,4.071428571428571,0.20773513629335888,0.09900348784191094,0.027182375702162132,0.1285692224861149
2026-05-26,825004,ATH,SEA,1,74,15,1,13,3,0.06756756756756757,0.17567567567567569,0.04054054054054054,0.013513513513513514,4.142857142857143,0.20582819502714989,0.092506266527756,0.03188162382246288,0.14332077528114598
2026-05-27,825003,ATH,SEA,1,80,21,2,17,6,0.125,0.2125,0.075,0.025,3.9285714285714284,0.20372444292339778,0.08716026118175066,0.031015372956212015,0.13898952094989164
2026-05-29,825002,ATH,NYY,2,79,20,4,10,6,0.189873417721519,0.12658227848101267,0.0759493670886076,0.05063291139240506,3.5714285714285716,0.2077712889345295,0.08973447268453359,0.030945799672353013,0.13956929831538328
2026-05-30,825000,ATH,NYY,6,76,14,3,19,12,0.13157894736842105,0.25,0.15789473684210525,0.039473684210526314,3.4285714285714284,0.20623086967259124,0.08986842218557169,0.031035099339711752,0.13990417206797856
2026-05-31,825001,ATH,NYY,8,87,23,2,16,10,0.16091954022988506,0.1839080459770115,0.11494252873563218,0.022988505747126436,3.5,0.2084324352303212,0.09821119693065358,0.030919227468252285,0.13658251175280708
2026-06-02,824675,ATH,CHC,2,67,10,1,14,3,0.04477611940298507,0.208955223880597,0.04477611940298507,0.014925373134328358,3.7857142857142856,0.20460443851439344,0.1019570918403416,0.029882692164475606,0.13200533605494172
2026-06-03,824671,ATH,CHC,5,79,19,3,15,4,0.21518987341772153,0.189873417721519,0.05063291139240506,0.0379746835443038,3.857142857142857,0.21048822032864947,0.09701795389534686,0.02914047198148459,0.127066198109947
2026-06-04,824672,ATH,CHC,6,73,18,6,18,4,0.3013698630136986,0.2465753424657534,0.0547945205479452,0.0821917808219178,4.142857142857143,0.2069930380123827,0.09530410001825852,0.030786851296482835,0.13817251102997613
2026-06-05,824186,ATH,HOU,1,68,11,2,23,9,0.1323529411764706,0.3382352941176471,0.1323529411764706,0.029411764705882353,3.5714285714285716,0.21349445136311113,0.09366243878755619,0.0342767404028103,0.14620686632460542
2026-06-06,824184,ATH,HOU,2,81,20,3,22,10,0.1728395061728395,0.2716049382716049,0.12345679012345678,0.037037037037037035,3.2142857142857144,0.22234799277967773,0.09461281893961701,0.03297622019472706,0.14120486552428527
2026-06-07,824183,ATH,HOU,5,72,12,2,15,6,0.1111111111111111,0.20833333333333334,0.08333333333333333,0.027777777777777776,3.142857142857143,0.22251757628259458,0.0970209046810361,0.034705971924478794,0.1498875408736273
2026-06-08,824998,ATH,MIL,14,116,34,11,35,11,0.31896551724137934,0.3017241379310345,0.09482758620689655,0.09482758620689655,3.2857142857142856,0.2243200578385973,0.09492499589498646,0.03367199025669431,0.1467576504197932
2026-06-09,824999,ATH,MIL,7,77,18,6,21,7,0.2727272727272727,0.2727272727272727,0.09090909090909091,0.07792207792207792,4.285714285714286,0.2285248432010181,0.0874126806240505,0.04044538927147263,0.1675000853247897
2026-06-10,824996,ATH,MIL,4,72,20,5,14,5,0.2638888888888889,0.19444444444444445,0.06944444444444445,0.06944444444444445,4.428571428571429,0.2321323468085217,0.08420601075071396,0.04424758354985738,0.17816226265363366
2026-06-12,824997,ATH,COL,6,75,17,3,18,5,0.17333333333333334,0.24,0.06666666666666667,0.04,4.571428571428571,0.22722424321620757,0.08634677933885096,0.044508652889874094,0.17915432614569715
2026-06-13,824995,ATH,COL,7,77,19,2,13,7,0.19480519480519481,0.16883116883116883,0.09090909090909091,0.025974025974025976,4.928571428571429,0.23181883781080218,0.08821293120500284,0.04640054478176599,0.18670902370039472
2026-06-14,824994,ATH,COL,9,98,38,8,11,7,0.37755102040816324,0.11224489795918367,0.07142857142857142,0.08163265306122448,5.357142857142857,0.22869963558445708,0.08934929484136647,0.04647011806562499,0.1916951090436229
2026-06-15,824993,ATH,PIT,11,80,22,4,14,5,0.2,0.175,0.0625,0.05,5.857142857142857,0.22767553697575504,0.08902638086564961,0.04868438532768351,0.2051006520926689
2026-06-16,824991,ATH,PIT,5,80,19,4,22,9,0.1875,0.275,0.1125,0.05,6.214285714285714,0.22231839411861218,0.08221247109121352,0.049436265026931644,0.2099878701377817
2026-06-17,824992,ATH,PIT,4,85,22,4,22,7,0.2,0.25882352941176473,0.08235294117647059,0.047058823529411764,6.0,0.22882496226311133,0.08203800475295407,0.05136565747356546,0.21188647440707561
2026-06-18,824989,ATH,LAA,5,71,12,2,16,7,0.11267605633802817,0.22535211267605634,0.09859154929577464,0.028169014084507043,6.142857142857143,0.2323869840867662,0.08472206345106018,0.05366090393035714,0.22297389444971955
2026-06-19,824990,ATH,LAA,11,92,23,9,22,14,0.34782608695652173,0.2391304347826087,0.15217391304347827,0.09782608695652174,6.142857142857143,0.23492117658351885,0.08814768044415801,0.05296049896894307,0.21565147894402717
2026-06-20,824988,ATH,LAA,0,79,17,1,20,6,0.13924050632911392,0.25316455696202533,0.0759493670886076,0.012658227848101266,6.5,0.23438939746329424,0.09510335133669609,0.05407723512141479,0.2189697806542288
2026-06-21,824987,ATH,LAA,7,78,17,4,18,8,0.16666666666666666,0.23076923076923078,0.10256410256410256,0.05128205128205128,6.428571428571429,0.22831291623789268,0.09107452461613444,0.052880553917287576,0.21946174959370332
2026-06-23,823210,ATH,SF,1,70,12,1,18,9,0.05714285714285714,0.2571428571428571,0.12857142857142856,0.014285714285714285,6.785714285714286,0.2253960799877231,0.08958218979046628,0.053898054934788595,0.21902083248611956
2026-06-24,823208,ATH,SF,1,66,9,3,20,6,0.16666666666666666,0.30303030303030304,0.09090909090909091,0.045454545454545456,6.5,0.22888247454554622,0.09281348230747308,0.05293433611392691,0.21516595720267287
2026-06-25,823209,ATH,SF,9,80,20,2,19,7,0.125,0.2375,0.0875,0.025,5.571428571428571,0.22897577205263683,0.09253358978620126,0.04940769034590183,0.20428746787590765
2026-06-26,824014,ATH,LAA,9,78,19,1,21,6,0.07692307692307693,0.2692307692307692,0.07692307692307693,0.01282051282051282,5.714285714285714,0.2264595382864031,0.09229008329269475,0.04562754192289627,0.19373551982395962
2026-06-27,824015,ATH,LAA,2,73,14,1,21,6,0.0958904109589041,0.2876712328767123,0.0821917808219178,0.0136986301369863,6.071428571428571,0.23180141862828343,0.09282427132688278,0.04158297537832972,0.18038081896925878
2026-06-28,824011,ATH,LAA,1,67,12,1,14,4,0.04477611940298507,0.208955223880597,0.05970149253731343,0.014925373134328358,5.785714285714286,0.2352065066909057,0.09393320805225787,0.03970430610240017,0.17484918165679955
2026-06-29,824986,ATH,LAD,4,86,28,4,17,5,0.16279069767441862,0.19767441860465115,0.05813953488372093,0.046511627906976744,5.357142857142857,0.23807251062300774,0.09170409388284519,0.038915116613850345,0.16413281912807026
2026-06-30,824984,ATH,LAD,3,79,21,3,18,6,0.1518987341772152,0.22784810126582278,0.0759493670886076,0.0379746835443038,5.0,0.24417461924054112,0.09075487698678444,0.036406471959975505,0.14879279607565993
2026-07-01,824985,ATH,LAD,7,74,17,4,16,8,0.21621621621621623,0.21621621621621623,0.10810810810810811,0.05405405405405406,4.428571428571429,0.24794948361667132,0.09171554606454213,0.03554752078456863,0.14535699137403243
2026-07-03,824982,ATH,MIA,5,86,20,6,20,11,0.23255813953488372,0.23255813953488372,0.12790697674418605,0.06976744186046512,4.571428571428571,0.24375064191782964,0.09140183950083557,0.035837096074143926,0.14740814967519075
2026-07-04,824983,ATH,MIA,2,80,20,3,16,7,0.1625,0.2,0.0875,0.0375,4.642857142857143,0.24187454264090955,0.09465569918424381,0.03745914024064773,0.14973373107053958
2026-07-05,824980,ATH,MIA,8,86,23,5,14,10,0.2558139534883721,0.16279069767441862,0.11627906976744186,0.05813953488372093,4.428571428571429,0.24006367744976267,0.09386344566311704,0.03812563923461152,0.15329258418925185
2026-07-07,824254,ATH,DET,2,75,15,2,23,6,0.12,0.30666666666666664,0.08,0.02666666666666667,4.214285714285714,0.23461083908489194,0.0912995282862573,0.03529088551512575,0.1467202889415269
2026-07-08,824253,ATH,DET,1,74,14,2,20,8,0.10810810810810811,0.2702702702702703,0.10810810810810811,0.02702702702702703,4.357142857142857,0.23843241834950918,0.09158885920849962,0.03629148828788042,0.14534596706087588
2026-07-09,824251,ATH,DET,1,68,11,3,20,4,0.1323529411764706,0.29411764705882354,0.058823529411764705,0.04411764705882353,3.9285714285714284,0.241253921171012,0.09198485960450001,0.03455898655537868,0.1411632128781217
2026-07-10,824575,ATH,CWS,1,74,20,3,20,5,0.24324324324324326,0.2702702702702703,0.06756756756756757,0.04054054054054054,3.9285714285714284,0.24389497759358103,0.08700286680738119,0.03668983889631506,0.14653536173766551
2026-07-11,824576,ATH,CWS,0,66,9,0,17,6,0.09090909090909091,0.25757575757575757,0.09090909090909091,0.0,3.9285714285714284,0.2415549752535787,0.08533561514012951,0.03633883854531471,0.152005117207421
2026-07-12,824574,ATH,CWS,1,71,15,3,17,3,0.15492957746478872,0.23943661971830985,0.04225352112676056,0.04225352112676056,3.2857142857142856,0.2429889579375614,0.08557912163363601,0.03455312425960042,0.14957005227235604
2026-07-17,824981,ATH,WSH,4,90,30,6,27,7,0.3,0.3,0.07777777777777778,0.06666666666666667,2.7142857142857144,0.2408608044009571,0.08310272479104198,0.03665548199576097,0.1551419451681926
2026-07-18,824979,ATH,WSH,15,82,17,3,17,11,0.15853658536585366,0.2073170731707317,0.13414634146341464,0.036585365853658534,2.857142857142857,0.24174143062404913,0.08278743885931769,0.04043891317645243,0.1697212015282709
2026-07-19,824978,ATH,WSH,2,79,18,2,16,7,0.13924050632911392,0.20253164556962025,0.08860759493670886,0.02531645569620253,3.857142857142857,0.24162441985905872,0.08810492806832491,0.04198605551354744,0.1778469490970472
2026-07-20,825058,ATH,AZ,5,78,22,3,14,3,0.14102564102564102,0.1794871794871795,0.038461538461538464,0.038461538461538464,3.7142857142857144,0.24197136464227081,0.09028121807210976,0.040472114641349276,0.1761647925723826
2026-07-21,825056,ATH,AZ,5,85,18,3,17,10,0.16470588235294117,0.2,0.11764705882352941,0.03529411764705882,3.857142857142857,0.23851701308665343,0.08760351602731911,0.040506889992580335,0.17538814306155584
2026-07-22,825055,ATH,AZ,5,85,27,6,13,11,0.29411764705882354,0.15294117647058825,0.12941176470588237,0.07058823529411765,3.7142857142857144,0.23735871192835228,0.0882848696498492,0.03916689453493782,0.17170883349989335
2026-07-24,823680,ATH,MIN,2,69,7,0,11,10,0.043478260869565216,0.15942028985507245,0.14492753623188406,0.0,3.7142857142857144,0.2316717859951883,0.08839235450425609,0.03922552263734157,0.17610594118017478
2026-07-25,823679,ATH,MIN,0,66,9,0,18,5,0.06060606060606061,0.2727272727272727,0.07575757575757576,0.0,3.7142857142857144,0.22877323527055066,0.0924943213779621,0.03654695120877014,0.16760438838514374
2026-07-26,823678,ATH,MIN,8,78,21,1,12,5,0.16666666666666666,0.15384615384615385,0.0641025641025641,0.01282051282051282,3.142857142857143,0.23662584777432594,0.08959992894868594,0.03239412728850436,0.15366096746497865
2026-07-27,824977,ATH,BOS,2,71,11,3,19,5,0.16901408450704225,0.2676056338028169,0.07042253521126761,0.04225352112676056,3.5714285714285716,0.22571009685857502,0.08846439781315481,0.03140511629949337,0.15699430079831195
2026-07-28,824976,ATH,BOS,4,72,17,2,16,8,0.125,0.2222222222222222,0.1111111111111111,0.027777777777777776,3.642857142857143,0.22551976568232832,0.08577257117766621,0.032492723020902906,0.16134472768395008
2026-07-29,824973,ATH,BOS,2,87,20,4,26,6,0.16091954022988506,0.2988505747126437,0.06896551724137931,0.04597701149425287,3.857142857142857,0.22038437819399967,0.08950739844190524,0.03132558950082821,0.1608195175999165
2026-07-30,824974,ATH,BOS,4,74,17,2,17,4,0.16216216216216217,0.22972972972972974,0.05405405405405406,0.02702702702702703,3.9285714285714284,0.22242582851131207,0.08960725199003464,0.0317139088546648,0.15493925309896234
2026-07-31,824975,ATH,DET,1,81,17,3,14,10,0.16049382716049382,0.1728395061728395,0.12345679012345678,0.037037037037037035,4.214285714285714,0.22043682652231006,0.08697474935753201,0.03364441078516674,0.16002875818846743
2026-08-01,824972,ATH,DET,6,87,30,4,20,5,0.1724137931034483,0.22988505747126436,0.05747126436781609,0.04597701149425287,4.214285714285714,0.21567988984049077,0.09277498285729602,0.033271804778757914,0.16042620459530352
2026-08-02,824971,ATH,DET,0,84,19,1,14,11,0.08333333333333333,0.16666666666666666,0.13095238095238096,0.011904761904761904,4.357142857142857,0.2106716796598668,0.09132451761372733,0.03179397226644264,0.15131290410269266
2026-08-04,824484,ATH,CIN,4,70,13,0,16,8,0.04285714285714286,0.22857142857142856,0.11428571428571428,0.0,3.2857142857142856,0.20776807919529072,0.09109637757722491,0.0300310719843786,0.14594124324322694
2026-08-05,824482,ATH,CIN,2,63,10,2,18,3,0.1111111111111111,0.2857142857142857,0.047619047619047616,0.031746031746031744,3.4285714285714284,0.2096280636954199,0.09293052895929675,0.02822275372036413,0.1390567172809433
2026-08-06,824481,ATH,CIN,5,73,17,5,19,7,0.2191780821917808,0.2602739726027397,0.0958904109589041,0.0684931506849315,3.2142857142857144,0.21721571414021318,0.09358463675626169,0.02774307466925651,0.13691996514419114
2026-08-07,824727,ATH,BOS,1,73,17,2,21,5,0.1643835616438356,0.2876712328767123,0.0684931506849315,0.0273972602739726,3.2142857142857144,0.22152099789755172,0.09203059048021701,0.030114434171961697,0.14081083656125112
2026-08-08,824726,ATH,BOS,7,82,18,2,22,8,0.15853658536585366,0.2682926829268293,0.0975609756097561,0.024390243902439025,2.9285714285714284,0.23114457335513203,0.08767926090729196,0.027029364527665627,0.13154411617446626
2026-08-09,824724,ATH,BOS,4,75,15,0,15,4,0.06666666666666667,0.2,0.05333333333333334,0.0,3.2857142857142856,0.23892117286025752,0.08429593514856852,0.028771524806411267,0.13976256792420116
2026-08-10,824969,ATH,TB,6,81,22,3,14,5,0.16049382716049382,0.1728395061728395,0.06172839506172839,0.037037037037037035,3.5714285714285716,0.23372636766545232,0.08269420354683694,0.028771524806411267,0.1401954683571016
2026-08-11,824970,ATH,TB,4,77,19,7,11,4,0.2857142857142857,0.14285714285714285,0.05194805194805195,0.09090909090909091,3.4285714285714284,0.23508303568878702,0.0825246200439201,0.030501276536162997,0.1397545512495178
2026-08-12,824967,ATH,TB,4,79,22,3,11,4,0.189873417721519,0.13924050632911392,0.05063291139240506,0.0379746835443038,3.5714285714285716,0.22617242919266745,0.08120501409654754,0.033976674377758025,0.14809027990717807
2026-08-14,824968,ATH,TEX,8,79,13,3,13,13,0.17721518987341772,0.16455696202531644,0.16455696202531644,0.0379746835443038,3.5714285714285716,0.22024516377173112,0.07688514268806854,0.03470502478965274,0.15272409545871515
2026-08-15,824966,ATH,TEX,3,74,19,2,17,4,0.16216216216216217,0.22972972972972974,0.05405405405405406,0.02702702702702703,4.0,0.21065276286549348,0.08371310302977833,0.034133429936084946,0.1538880704332532
2026-08-16,824965,ATH,TEX,5,73,20,4,17,5,0.1917808219178082,0.2328767123287671,0.0684931506849315,0.0547945205479452,3.9285714285714284,0.21065276286549348,0.08371310302977833,0.034133429936084946,0.1538880704332532
2026-08-17,824077,ATH,KC,5,77,21,4,10,7,0.2077922077922078,0.12987012987012986,0.09090909090909091,0.05194805194805195,4.214285714285714,0.21494113473377402,0.07978712878416938,0.03540182161543553,0.15612285577306137
2026-08-18,824075,ATH,KC,3,74,14,0,9,10,0.02702702702702703,0.12162162162162163,0.13513513513513514,0.0,4.142857142857143,0.20779721133369297,0.08217554496568902,0.03582832450499261,0.15864988539368705
2026-08-19,824076,ATH,KC,7,78,22,2,8,6,0.14102564102564102,0.10256410256410256,0.07692307692307693,0.02564102564102564,4.357142857142857,0.20457970811618975,0.08247431312160003,0.03497798436893819,0.154628006371808
2026-08-20,824074,ATH,KC,2,80,21,1,12,12,0.1,0.15,0.15,0.0125,4.571428571428571,0.19557918482995218,0.07980555330998307,0.036809486200440014,0.16164004195527215
2026-08-21,824152,ATH,HOU,0,70,12,0,15,8,0.05714285714285714,0.21428571428571427,0.11428571428571428,0.0,4.571428571428571,0.18588530727893177,0.0871184784800511,0.03543476964715203,0.16084639116162136
2026-08-22,824151,ATH,HOU,4,74,16,2,22,7,0.12162162162162163,0.2972972972972973,0.0945945945945946,0.02702702702702703,4.214285714285714,0.18260043168485854,0.0884324287176804,0.0305424017410855,0.1492724465152697
2026-08-23,824150,ATH,HOU,7,83,18,4,26,9,0.18072289156626506,0.3132530120481928,0.10843373493975904,0.04819277108433735,4.428571428571429,0.18328800771490034,0.09029681756837062,0.030515956509160815,0.1462180222279687
2026-08-24,824964,ATH,MIN,6,89,28,1,12,6,0.11235955056179775,0.1348314606741573,0.06741573033707865,0.011235955056179775,4.428571428571429,0.18649945979499769,0.0910734432347994,0.032216137022153556,0.14780275838514093
2026-08-25,824962,ATH,MIN,4,66,11,1,25,4,0.13636363636363635,0.3787878787878788,0.06060606060606061,0.015151515151515152,4.571428571428571,0.18184456412886613,0.09207932873506693,0.033018705240452105,0.15106653580622173
2026-08-26,824963,ATH,MIN,7,73,20,4,12,4,0.2328767123287671,0.1643835616438356,0.0547945205479452,0.0547945205479452,4.428571428571429,0.19655516217279745,0.09199916198823352,0.03145545367720055,0.14934295074930332
2026-08-28,824960,ATH,BAL,3,82,15,1,19,7,0.04878048780487805,0.23170731707317074,0.08536585365853659,0.012195121951219513,4.642857142857143,0.1980927635147041,0.09220248117394017,0.02887584150854728,0.14556883836462342
2026-08-29,824961,ATH,BAL,3,80,17,1,16,11,0.075,0.2,0.1375,0.0125,4.571428571428571,0.20469753571070815,0.094683405621521,0.027034444251898403,0.1354907719420062
2026-08-30,824959,ATH,BAL,5,74,16,4,20,4,0.22972972972972974,0.2702702702702703,0.05405405405405406,0.05405405405405406,4.214285714285714,0.2072291812803284,0.09275076547685554,0.025214823998733846,0.1281896869510478
2026-08-31,822855,ATH,TEX,1,67,12,1,14,5,0.08955223880597014,0.208955223880597,0.07462686567164178,0.014925373134328358,4.357142857142857,0.2101249341760813,0.09275076547685554,0.027145325929235777,0.13301594177730264
2026-09-01,822854,ATH,TEX,5,86,23,1,19,11,0.09302325581395349,0.22093023255813954,0.12790697674418605,0.011627906976744186,4.071428571428571,0.20841625642978343,0.09318888797590628,0.024297529685406,0.12571390012645706
2026-09-02,822851,ATH,TEX,9,81,22,7,18,7,0.2962962962962963,0.2222222222222222,0.08641975308641975,0.08641975308641975,4.071428571428571,0.214920549478927,0.0958315941069845,0.02141751933031259,0.11751611784229603
2026-09-03,823095,ATH,SEA,7,88,23,2,26,11,0.11363636363636363,0.29545454545454547,0.125,0.022727272727272728,4.5,0.2221063066646842,0.09235192396064769,0.02759035883648543,0.13674963707581528
2026-09-04,823093,ATH,SEA,7,78,21,5,14,7,0.2564102564102564,0.1794871794871795,0.08974358974358974,0.0641025641025641,4.5,0.23588419544257297,0.09578598989471362,0.02738223362836022,0.13479326011943832
2026-03-20,831451,ATL,PIT,8,74,15,1,20,8,0.0945945945945946,0.2702702702702703,0.10810810810810811,0.013513513513513514,,,,,
2026-03-21,831502,ATL,BOS,6,72,14,1,13,4,0.08333333333333333,0.18055555555555555,0.05555555555555555,0.013888888888888888,,,,,
2026-03-22,831492,ATL,MIN,3,72,18,2,12,5,0.125,0.16666666666666666,0.06944444444444445,0.027777777777777776,,,,,
2026-03-23,831447,ATL,PIT,5,70,13,4,13,5,0.21428571428571427,0.18571428571428572,0.07142857142857142,0.05714285714285714,5.666666666666667,0.20583083083083084,0.0777027027027027,0.01839339339339339,0.10097597597597598
2026-03-24,831545,ATL,TB,3,75,17,1,14,7,0.10666666666666667,0.18666666666666668,0.09333333333333334,0.013333333333333334,5.5,0.20080169455169455,0.07613416988416988,0.02808075933075933,0.12930341055341055
2026-03-27,824946,ATL,KC,6,72,16,3,18,7,0.1527777777777778,0.25,0.09722222222222222,0.041666666666666664,5.0,0.19797468897468898,0.07957400257400257,0.02513127413127413,0.12477606177606178
2026-03-28,824945,ATL,KC,2,70,14,2,16,7,0.1,0.22857142857142856,0.1,0.02857142857142857,5.166666666666667,0.20664557414557416,0.08251537251537251,0.02788717288717289,0.12944301444301445
2026-03-29,824944,ATL,KC,1,70,14,2,13,3,0.11428571428571428,0.18571428571428572,0.04285714285714286,0.02857142857142857,4.714285714285714,0.20977783906355335,0.08501317644174787,0.02798492369920941,0.1252368695225838
2026-03-30,824943,ATL,ATH,4,70,17,0,11,6,0.08571428571428572,0.15714285714285714,0.08571428571428572,0.0,4.25,0.2067698948948949,0.07974367224367225,0.028058236808236808,0.12386797511797512
2026-03-31,824942,ATL,ATH,2,74,14,2,17,7,0.10810810810810811,0.22972972972972974,0.0945945945945946,0.02702702702702703,4.222222222222222,0.20125577958911292,0.08040707374040706,0.02494065494065494,0.11962867629534296
2026-04-01,824940,ATL,ATH,5,65,11,1,16,5,0.07692307692307693,0.24615384615384617,0.07692307692307693,0.015384615384615385,4.0,0.2041031746031746,0.08182582582582583,0.025149292149292145,0.11847661947661947
2026-04-02,825105,ATL,AZ,17,87,22,5,11,10,0.26436781609195403,0.12643678160919541,0.11494252873563218,0.05747126436781609,4.090909090909091,0.2079259629259629,0.08138012138012139,0.024261594261594265,0.11469902469902471
2026-04-03,825103,ATL,AZ,2,65,8,2,10,4,0.09230769230769231,0.15384615384615385,0.06153846153846154,0.03076923076923077,5.166666666666667,0.20113519781623232,0.08417698865974728,0.027029066770446083,0.1271714239817688
2026-04-04,825104,ATL,AZ,1,61,8,0,16,4,0.01639344262295082,0.26229508196721313,0.06557377049180328,0.0,4.923076923076923,0.19749757904930318,0.08243556349657145,0.02731677169342952,0.12448959846837832
2026-04-05,825102,ATL,AZ,5,81,20,1,11,5,0.14814814814814814,0.13580246913580246,0.06172839506172839,0.012345679012345678,4.642857142857143,0.20212597211486819,0.08123114971051659,0.02536557371532741,0.11676844447941921
2026-04-06,824052,ATL,LAA,2,65,10,4,21,3,0.18461538461538463,0.3230769230769231,0.046153846153846156,0.06153846153846154,4.428571428571429,0.19252112917669192,0.0779183130643466,0.025282156965243992,0.12059369830467304
2026-04-07,824051,ATL,LAA,7,80,18,2,26,7,0.125,0.325,0.0875,0.025,4.142857142857143,0.2027012268567896,0.07724676239279593,0.028685697868784898,0.12782813053910527
2026-04-08,824050,ATL,LAA,8,78,15,2,19,9,0.15384615384615385,0.24358974358974358,0.11538461538461539,0.02564102564102564,4.428571428571429,0.2140107506663134,0.07853644493247848,0.028487285170372197,0.12782813053910527
2026-04-10,824941,ATL,CLE,11,80,23,4,10,8,0.1875,0.125,0.1,0.05,4.642857142857143,0.2181447119431318,0.08167616235791018,0.026237154348812804,0.12351101907913666
2026-04-11,824939,ATL,CLE,0,76,12,1,13,11,0.10526315789473684,0.17105263157894737,0.14473684210526316,0.013157894736842105,5.214285714285714,0.2137399500383699,0.08215235283410068,0.028856201967860425,0.12928482860294618
2026-04-12,824938,ATL,CLE,13,79,28,2,13,3,0.17721518987341772,0.16455696202531644,0.0379746835443038,0.02531645569620253,4.785714285714286,0.20810085229400901,0.08554625425431787,0.0268198611157301,0.12589092718272898
2026-04-13,824937,ATL,MIA,4,85,25,2,19,9,0.08235294117647059,0.2235294117647059,0.10588235294117647,0.023529411764705882,5.571428571428571,0.20352839039785814,0.08111587450748244,0.026587363053213953,0.13140629788797312
2026-04-14,824935,ATL,MIA,6,71,18,0,18,4,0.07042253521126761,0.2535211267605634,0.056338028169014086,0.0,5.785714285714286,0.20622947083003101,0.08561767522777054,0.02622721899559091,0.12912538552302713
2026-04-15,824936,ATL,MIA,6,75,19,4,19,4,0.21333333333333335,0.25333333333333335,0.05333333333333334,0.05333333333333334,5.928571428571429,0.21311363294558147,0.083519371117394,0.02622721899559091,0.1280331176299544
2026-04-17,823476,ATL,PHI,9,81,18,4,10,7,0.1728395061728395,0.12345679012345678,0.08641975308641975,0.04938271604938271,6.214285714285714,0.21479960463155318,0.08057213817016105,0.028106240874612783,0.1355492051460419
2026-04-18,823474,ATL,PHI,3,73,15,1,22,5,0.0821917808219178,0.3013698630136986,0.0684931506849315,0.0136986301369863,6.5,0.20603552920081106,0.08125047218182839,0.03053467663638188,0.14240037866388208
2026-04-19,823475,ATL,PHI,4,78,14,2,16,8,0.1282051282051282,0.20512820512820512,0.10256410256410256,0.02564102564102564,5.5,0.21853074930113273,0.07793265946392121,0.02740805990560832,0.12938780471602238
2026-04-20,822749,ATL,WSH,9,74,10,2,15,5,0.0945945945945946,0.20270270270270271,0.06756756756756757,0.02702702702702703,5.642857142857143,0.22219375296413638,0.08086306239432414,0.027041759539307954,0.13195190728012493
2026-04-21,822747,ATL,WSH,4,84,18,4,16,15,0.19047619047619047,0.19047619047619047,0.17857142857142858,0.047619047619047616,6.214285714285714,0.21793715444524273,0.08100547647116443,0.028972261469809885,0.13753770384952807
2026-04-22,822748,ATL,WSH,8,79,19,7,13,6,0.2911392405063291,0.16455696202531644,0.0759493670886076,0.08860759493670886,6.142857142857143,0.22184242025527048,0.08935140743614303,0.03149178779886002,0.14056113544438822
2026-04-23,822745,ATL,WSH,7,77,19,3,25,4,0.15584415584415584,0.3246753246753247,0.05194805194805195,0.03896103896103896,6.571428571428571,0.21051956589444143,0.09147965893148313,0.03342529732730626,0.1481699822937414
2026-04-24,824932,ATL,PHI,5,80,20,3,7,7,0.125,0.0875,0.0875,0.0375,6.571428571428571,0.2104963747998218,0.08894023407062969,0.034422514395951904,0.15037313628260968
2026-04-25,824933,ATL,PHI,5,85,20,0,16,7,0.11764705882352941,0.18823529411764706,0.08235294117647059,0.0,6.357142857142857,0.1993471074005544,0.08694847582887145,0.0352695839930215,0.14831269672217012
2026-04-26,824934,ATL,PHI,6,69,12,3,20,5,0.15942028985507245,0.2898550724637681,0.07246376811594203,0.043478260869565216,5.928571428571429,0.20386391412324345,0.08568797162719079,0.031698155421592926,0.14332320092385079
2026-04-28,824931,ATL,DET,5,73,15,2,17,7,0.1780821917808219,0.2328767123287671,0.0958904109589041,0.0273972602739726,6.357142857142857,0.2123498027578735,0.08052560919938213,0.033863895859644576,0.1471915674924462
2026-04-29,824930,ATL,DET,2,67,11,3,18,7,0.14925373134328357,0.26865671641791045,0.1044776119402985,0.04477611940298507,5.785714285714286,0.2172297849224057,0.08466244687185356,0.034012524758056724,0.1472534962001179
2026-04-30,824929,ATL,DET,2,82,20,0,21,9,0.07317073170731707,0.25609756097560976,0.10975609756097561,0.0,5.642857142857143,0.220453163826206,0.08456210822893373,0.03553014673221953,0.152032124069176
2026-05-01,824366,ATL,COL,8,79,17,3,11,9,0.17721518987341772,0.13924050632911392,0.11392405063291139,0.0379746835443038,5.357142857142857,0.22063719484156646,0.08837768461407383,0.03553014673221953,0.15222842381889382
2026-05-02,824365,ATL,COL,9,75,16,3,21,6,0.17333333333333334,0.28,0.08,0.04,5.5,0.21248770719840793,0.09270559299261513,0.034433100318717415,0.14964855642889985
2026-05-03,824364,ATL,COL,11,88,25,5,22,12,0.25,0.25,0.13636363636363635,0.056818181818181816,5.5,0.22366936504673246,0.09224703920072799,0.03376290631519008,0.14968382979750652
2026-05-04,823143,ATL,SEA,4,76,17,6,14,10,0.25,0.18421052631578946,0.13157894736842105,0.07894736842105263,6.071428571428571,0.22000008911718255,0.0970949310349212,0.03684287429241833,0.16167013116736956
2026-05-05,823142,ATL,SEA,3,67,9,2,25,5,0.1044776119402985,0.373134328358209,0.07462686567164178,0.029850746268656716,6.071428571428571,0.21850596920201001,0.09916741994951538,0.0406504702052774,0.17036976486700325
2026-05-06,823141,ATL,SEA,1,66,13,1,21,4,0.09090909090909091,0.3181818181818182,0.06060606060606061,0.015151515151515152,5.642857142857143,0.23067965674883187,0.09967165552837783,0.04085216443682237,0.17107569467741066
2026-05-08,823957,ATL,LAD,1,68,14,1,18,3,0.08823529411764706,0.2647058823529412,0.04411764705882353,0.014705882352941176,5.428571428571429,0.23980148729923387,0.09124555781656582,0.03853305497485577,0.16396375899404642
2026-05-09,823955,ATL,LAD,7,78,18,1,20,7,0.0641025641025641,0.2564102564102564,0.08974358974358974,0.01282051282051282,4.928571428571429,0.24695498160834992,0.0889718635287241,0.03325436121887237,0.1494706199662834
2026-05-10,823954,ATL,LAD,7,73,11,3,17,7,0.136986301369863,0.2328767123287671,0.0958904109589041,0.0410958904109589,4.928571428571429,0.24207890530370219,0.09167154479983394,0.031387180780263355,0.1429176491275983
2026-05-12,824927,ATL,CHC,5,68,12,3,14,7,0.14705882352941177,0.20588235294117646,0.10294117647058823,0.04411764705882353,5.071428571428571,0.2524629561843284,0.0922708598683271,0.03164403009533185,0.14377381351115995
2026-05-13,824928,ATL,CHC,4,64,12,2,17,5,0.109375,0.265625,0.078125,0.03125,5.071428571428571,0.25372346038600907,0.0937414481036212,0.03479529059953353,0.1458746538472944
2026-05-14,824926,ATL,CHC,0,70,11,1,23,4,0.04285714285714286,0.32857142857142857,0.05714285714285714,0.014285714285714285,4.928571428571429,0.25199274092431134,0.09414582180962536,0.03392184339456459,0.1422999902862178
2026-05-15,824925,ATL,BOS,2,74,14,3,20,4,0.17567567567567569,0.2702702702702703,0.05405405405405406,0.04054054054054054,4.571428571428571,0.2588280777987872,0.09137813939419344,0.03298530439540328,0.1326410582202407
2026-05-16,824924,ATL,BOS,2,69,11,2,8,3,0.15942028985507245,0.11594202898550725,0.043478260869565216,0.028985507246376812,4.571428571428571,0.2589433316453843,0.08777645668803312,0.03268276304808581,0.1345283399582687
2026-05-17,824923,ATL,BOS,8,75,17,2,12,7,0.16,0.16,0.09333333333333334,0.02666666666666667,4.571428571428571,0.24893222221751984,0.0830423254957895,0.03475315642282701,0.1406890226831084
2026-05-18,823867,ATL,MIA,0,76,13,2,17,10,0.09210526315789473,0.2236842105263158,0.13157894736842105,0.02631578947368421,4.571428571428571,0.2504150431940117,0.08157155997439107,0.03394544093156722,0.13945936626357855
2026-05-19,823865,ATL,MIA,8,86,18,2,24,12,0.12790697674418605,0.27906976744186046,0.13953488372093023,0.023255813953488372,3.9285714285714284,0.24639248680303424,0.08525577050070686,0.032967997322544663,0.13365736125104724
2026-05-20,823866,ATL,MIA,9,70,15,2,14,2,0.12857142857142856,0.2,0.02857142857142857,0.02857142857142857,3.7142857142857144,0.24846889876316713,0.085482288169085,0.030570685332209416,0.12493643101848909
2026-05-21,823864,ATL,MIA,9,74,19,6,22,3,0.2702702702702703,0.2972972972972973,0.04054054054054054,0.08108108108108109,4.071428571428571,0.24959671831203933,0.07812460825501412,0.026972403914379127,0.11626296163073399
2026-05-22,824922,ATL,WSH,4,90,21,2,16,5,0.1,0.17777777777777778,0.05555555555555555,0.022222222222222223,4.5,0.24417978752197422,0.07568987074564974,0.03063171354383801,0.1281052943685891
2026-05-23,824920,ATL,WSH,0,66,8,2,26,3,0.13636363636363635,0.3939393939393939,0.045454545454545456,0.030303030303030304,4.714285714285714,0.23415092749311417,0.07532912038489938,0.031136764048888512,0.12875464501793976
2026-05-24,824921,ATL,WSH,1,73,12,0,13,7,0.0273972602739726,0.1780821917808219,0.0958904109589041,0.0,4.642857142857143,0.24338189260643223,0.07542461312745094,0.03225084604532345,0.13219238374979614
2026-05-26,824758,ATL,BOS,7,79,18,5,18,7,0.24050632911392406,0.22784810126582278,0.08860759493670886,0.06329113924050633,4.214285714285714,0.23778703084718691,0.07586367178568768,0.03133509512957254,0.1295705763334682
2026-05-27,824756,ATL,BOS,0,76,20,1,11,5,0.05263157894736842,0.14473684210526316,0.06578947368421052,0.013157894736842105,4.214285714285714,0.2374278443426909,0.07534347064124516,0.03292047004596878,0.13696486402947253
2026-05-28,824757,ATL,BOS,10,82,19,3,21,8,0.18292682926829268,0.25609756097560976,0.0975609756097561,0.036585365853658534,3.857142857142857,0.23306030785441134,0.07268977758507533,0.03070905916582725,0.13022006084504087
2026-05-29,824515,ATL,CIN,8,79,23,3,16,5,0.1518987341772152,0.20253164556962025,0.06329113924050633,0.0379746835443038,4.285714285714286,0.23237977649552635,0.07407806155720076,0.031090156726802865,0.1354737629356332
2026-05-30,824513,ATL,CIN,5,71,12,5,11,8,0.2676056338028169,0.15492957746478872,0.11267605633802817,0.07042253521126761,4.857142857142857,0.22337693485254004,0.07451722456417571,0.03278222595955926,0.14326244802992408
2026-05-31,824512,ATL,CIN,4,77,17,3,18,9,0.18181818181818182,0.23376623376623376,0.11688311688311688,0.03896103896103896,5.071428571428571,0.2151383139378628,0.07870451044160243,0.03491665415032547,0.14982887361043415
2026-06-02,824918,ATL,TOR,4,68,15,2,18,3,0.14705882352941177,0.2647058823529412,0.04411764705882353,0.029411764705882353,5.214285714285714,0.22355432856505755,0.0839477144425704,0.0356291921299442,0.15142872303637053
2026-06-03,824917,ATL,TOR,7,73,17,4,9,6,0.1917808219178082,0.1232876712328767,0.0821917808219178,0.0547945205479452,4.928571428571429,0.23103332016169617,0.08043230828010542,0.03582527056131675,0.1505043532884714
2026-06-04,824919,ATL,TOR,2,80,20,1,15,6,0.0875,0.1875,0.075,0.0125,5.428571428571429,0.22386213878359337,0.07690465352678376,0.03785946563804967,0.15762403605703665
2026-06-05,824914,ATL,PIT,6,72,13,1,17,8,0.08333333333333333,0.2361111111111111,0.1111111111111111,0.013888888888888888,5.0,0.2173214411091748,0.07229501897528874,0.03709119321280051,0.1547378234324519
2026-06-06,824915,ATL,PIT,6,73,17,1,17,5,0.0958904109589041,0.2328767123287671,0.0684931506849315,0.0136986301369863,4.785714285714286,0.21990080618853988,0.07819071058526607,0.03604244037833339,0.1515065309154451
2026-06-07,824916,ATL,PIT,3,68,8,1,18,8,0.08823529411764706,0.2647058823529412,0.11764705882352941,0.014705882352941176,4.571428571428571,0.21529933583364486,0.08018732559557971,0.0312294081680409,0.13905082667891897
2026-06-09,824591,ATL,CWS,5,87,21,4,11,8,0.14942528735632185,0.12643678160919541,0.09195402298850575,0.04597701149425287,4.5,0.22150848616044225,0.08462243297186356,0.030692526748806542,0.13821049054446516
2026-06-10,824590,ATL,CWS,1,72,15,0,15,3,0.041666666666666664,0.20833333333333334,0.041666666666666664,0.0,4.857142857142857,0.20240115670828523,0.08794382422428929,0.03181209683389387,0.1391434656153713
2026-06-12,823617,ATL,NYM,5,74,17,4,21,7,0.1891891891891892,0.28378378378378377,0.0945945945945946,0.05405405405405406,4.857142857142857,0.20456195253346457,0.08407069963198663,0.03181209683389387,0.14016270892913513
2026-06-13,823616,ATL,NYM,3,67,13,2,20,2,0.14925373134328357,0.29850746268656714,0.029850746268656716,0.029850746268656716,4.714285714285714,0.20855735842760464,0.08449834246469275,0.03115230503486156,0.13649719893451123
2026-06-14,823615,ATL,NYM,1,76,17,2,12,10,0.09210526315789473,0.15789473684210525,0.13157894736842105,0.02631578947368421,4.928571428571429,0.21954097418341206,0.0819312905064389,0.03234465157284832,0.14339878124850516
2026-06-16,824912,ATL,SF,2,78,17,4,17,7,0.1794871794871795,0.21794871794871795,0.08974358974358974,0.05128205128205128,4.285714285714286,0.21252648674530464,0.08436114563205784,0.031611110402850154,0.1369115265263339
2026-06-17,824913,ATL,SF,5,80,21,4,13,5,0.1875,0.1625,0.0625,0.05,3.857142857142857,0.21362770620095445,0.08625060638227806,0.03256163666983212,0.1388821297627599
2026-06-19,824910,ATL,MIL,3,72,18,1,17,5,0.08333333333333333,0.2361111111111111,0.06944444444444445,0.013888888888888888,3.857142857142857,0.21416845066775528,0.08266660235813318,0.031102884154741575,0.1331602987768444
2026-06-20,824909,ATL,MIL,2,67,14,2,19,1,0.1044776119402985,0.2835820895522388,0.014925373134328358,0.029850746268656716,3.7857142857142856,0.2143359419066751,0.07927812575537088,0.029312016292445137,0.12612566674221237
2026-06-21,824908,ATL,MIL,4,77,20,2,18,4,0.12987012987012986,0.23376623376623376,0.05194805194805195,0.025974025974025976,3.642857142857143,0.21568424242091064,0.07719296333219264,0.029343372118357598,0.1230841516287043
2026-06-22,823288,ATL,SD,0,69,11,1,18,8,0.057971014492753624,0.2608695652173913,0.11594202898550725,0.014492753623188406,3.4285714285714284,0.22357556831615044,0.07503269698405937,0.02728476536307765,0.11866195933958441
2026-06-23,823286,ATL,SD,6,85,18,2,22,8,0.12941176470588237,0.25882352941176473,0.09411764705882353,0.023529411764705882,3.2857142857142856,0.2288162515459641,0.07795712762588132,0.02742710490759111,0.11655274608906682
2026-06-24,823284,ATL,SD,2,73,13,2,14,8,0.1232876712328767,0.1917808219178082,0.1095890410958904,0.0273972602739726,3.2857142857142856,0.23043856713886793,0.07674330876500364,0.02811571368443518,0.11984406261567745
2026-06-26,823206,ATL,SF,3,75,15,0,11,6,0.06666666666666667,0.14666666666666667,0.08,0.0,3.0,0.22750314639522798,0.07967872950864356,0.029094187265648486,0.12180100977810406
2026-06-27,823207,ATL,SF,0,61,7,2,15,4,0.13114754098360656,0.2459016393442623,0.06557377049180328,0.03278688524590164,3.0,0.2190717738462084,0.07698965387839148,0.028043767097581256,0.12026039353160548
2026-06-28,823204,ATL,SF,2,70,16,0,15,3,0.04285714285714286,0.21428571428571427,0.04285714285714286,0.0,2.642857142857143,0.22760497797014173,0.075105350128627,0.027101615222699025,0.11895484021926865
2026-06-30,824907,ATL,STL,3,79,12,2,18,12,0.08860759493670886,0.22784810126582278,0.1518987341772152,0.02531645569620253,2.7142857142857144,0.22803014803816893,0.07519038414223245,0.027101615222699025,0.11903987423287411
2026-07-01,824905,ATL,STL,5,65,9,1,16,5,0.07692307692307693,0.24615384615384617,0.07692307692307693,0.015384615384615385,2.5714285714285716,0.2240347421440289,0.07928353696956249,0.02504892962570963,0.11185547464341124
2026-07-02,824906,ATL,STL,5,82,23,3,10,6,0.13414634146341464,0.12195121951219512,0.07317073170731707,0.036585365853658534,2.7142857142857144,0.2202951981059774,0.08264584630202107,0.024015634562563826,0.10668899932768218
2026-07-03,824904,ATL,NYM,5,73,15,5,16,6,0.2191780821917808,0.2191780821917808,0.0821917808219178,0.0684931506849315,3.0,0.2177278040109838,0.0784738308976565,0.02474917573256199,0.10969193349236217
2026-07-04,824903,ATL,NYM,14,85,22,7,15,7,0.27058823529411763,0.17647058823529413,0.08235294117647059,0.08235294117647059,3.2142857142857144,0.21781561574263114,0.07793441597467994,0.02597853997562486,0.11252699797126227
2026-07-05,824902,ATL,NYM,9,83,24,3,16,6,0.1566265060240964,0.1927710843373494,0.07228915662650602,0.03614457831325301,3.857142857142857,0.218813514902295,0.0793524832015707,0.028289464345372765,0.1184618719208421
2026-07-06,824900,ATL,NYM,6,94,24,4,22,10,0.19148936170212766,0.23404255319148937,0.10638297872340426,0.0425531914893617,4.285714285714286,0.21571779870416916,0.0795556769288608,0.029879156447113055,0.1236970985416109
2026-07-07,823361,ATL,PIT,4,82,25,3,10,8,0.15853658536585366,0.12195121951219512,0.0975609756097561,0.036585365853658534,4.571428571428571,0.21217926039268706,0.08608836304236624,0.030786473962877696,0.1299122235245987
2026-07-08,823360,ATL,PIT,3,66,9,1,24,2,0.07575757575757576,0.36363636363636365,0.030303030303030304,0.015151515151515152,4.571428571428571,0.20419247366025575,0.08934642901820224,0.03154442681142288,0.13195982748857896
2026-07-09,823359,ATL,PIT,10,86,19,6,17,13,0.2558139534883721,0.19767441860465115,0.1511627906976744,0.06976744186046512,4.785714285714286,0.2115329592616109,0.0832293576837396,0.03159148120630336,0.13323029615035195
2026-07-10,823033,ATL,STL,1,62,8,1,18,4,0.08064516129032258,0.2903225806451613,0.06451612903225806,0.016129032258064516,5.071428571428571,0.20716516563253137,0.08730401080080039,0.03489419764171474,0.1422590239205298
2026-07-11,823030,ATL,STL,1,65,11,2,17,3,0.13846153846153847,0.26153846153846155,0.046153846153846156,0.03076923076923077,5.0,0.21420386268448513,0.08408451708196948,0.03408932421200701,0.1392131303532045
2026-07-12,823029,ATL,STL,4,79,11,0,15,11,0.05063291139240506,0.189873417721519,0.13924050632911392,0.0,4.857142857142857,0.22240899088961336,0.08166693466438708,0.03628712640980921,0.14434133548140962
2026-07-17,824901,ATL,TEX,15,81,24,3,12,6,0.19753086419753085,0.14814814814814814,0.07407407407407407,0.037037037037037035,5.142857142857143,0.2184069750594174,0.08692884436705213,0.033945206035101955,0.13859029051060953
2026-07-18,824899,ATL,TEX,6,84,21,4,18,5,0.16666666666666666,0.21428571428571427,0.05952380952380952,0.047619047619047616,6.071428571428571,0.2136828631924484,0.08915862516826148,0.0365907086806046,0.14963841346349435
2026-07-19,824897,ATL,TEX,8,82,25,5,16,5,0.24390243902439024,0.1951219512195122,0.06097560975609756,0.06097560975609756,6.285714285714286,0.2127141212652978,0.0825604162644468,0.03818375096080782,0.15521406144420566
2026-07-20,824898,ATL,SD,3,63,11,4,13,4,0.20634920634920634,0.20634920634920634,0.06349206349206349,0.06349206349206349,6.5,0.20906898591284537,0.08142131146680542,0.04144025055877083,0.1671411587371566
2026-07-21,824895,ATL,SD,3,81,17,4,20,14,0.2222222222222222,0.24691358024691357,0.1728395061728395,0.04938271604938271,6.357142857142857,0.21509741354406045,0.08072997802285874,0.04336215753294261,0.17229850622899887
2026-07-22,824896,ATL,SD,7,83,22,2,20,11,0.14457831325301204,0.24096385542168675,0.13253012048192772,0.024096385542168676,6.214285714285714,0.2170785205479985,0.08720481554792457,0.04199712648754627,0.17251594480260185
2026-07-23,824893,ATL,SD,6,72,18,5,23,1,0.20833333333333334,0.3194444444444444,0.013888888888888888,0.06944444444444445,5.714285714285714,0.2216851824898837,0.09078889978402864,0.03783594394223899,0.16351523608538002
2026-07-24,824812,ATL,BAL,7,86,20,3,23,7,0.1511627906976744,0.26744186046511625,0.08139534883720931,0.03488372093023256,5.5,0.23073327964039048,0.08661745208848456,0.04021450580875267,0.16720858089318263
2026-07-25,824811,ATL,BAL,2,72,13,2,23,6,0.125,0.3194444444444444,0.08333333333333333,0.027777777777777776,5.571428571428571,0.23311894444564957,0.0848326213823278,0.03966668648310058,0.16432811153572172
2026-07-26,824810,ATL,BAL,3,93,14,1,15,15,0.053763440860215055,0.16129032258064516,0.16129032258064516,0.010752688172043012,5.428571428571429,0.24722560336938162,0.08381636121972616,0.039037573049109105,0.16193264115244643
2026-07-27,823597,ATL,NYM,3,80,25,5,16,7,0.225,0.2,0.0875,0.0625,5.428571428571429,0.2327723147225446,0.09317259638241294,0.038723371122003955,0.16036163151692068
2026-07-29,823596,ATL,NYM,2,71,13,1,15,7,0.08450704225352113,0.2112676056338028,0.09859154929577464,0.014084507042253521,4.928571428571429,0.23293842767935521,0.0886252541897219,0.03820426813197073,0.1581606348391798
2026-07-29,823598,ATL,NYM,1,66,9,0,24,2,0.015151515151515152,0.36363636363636365,0.030303030303030304,0.0,5.0,0.22729164374997252,0.09105921277997309,0.03805823061655566,0.15843648347940828
2026-07-30,824894,ATL,WSH,5,69,11,5,9,7,0.2753623188405797,0.13043478260869565,0.10144927536231885,0.07246376811594203,5.0,0.23458435104267977,0.08992701164777196,0.03586042841875346,0.14962862467154947
2026-07-31,824892,ATL,WSH,6,78,21,4,14,7,0.1794871794871795,0.1794871794871795,0.08974358974358974,0.05128205128205128,5.071428571428571,0.2303387342489067,0.0872276380072866,0.04103641185560646,0.16568072520356192
2026-08-01,824890,ATL,WSH,8,74,14,3,12,7,0.1891891891891892,0.16216216216216217,0.0945945945945946,0.04054054054054054,4.428571428571429,0.23257723648740894,0.08834688912653772,0.04205391287310748,0.164391890581394
2026-08-02,824891,ATL,WSH,4,66,11,2,15,6,0.10606060606060606,0.22727272727272727,0.09090909090909091,0.030303030303030304,4.571428571428571,0.2288541256214409,0.09085194520302235,0.04154830522464269,0.1660006421901456
2026-08-04,824888,ATL,MIA,4,70,15,2,13,4,0.14285714285714285,0.18571428571428572,0.05714285714285714,0.02857142857142857,4.285714285714286,0.231150609625242,0.09299005099966474,0.03935740669228074,0.15615479697844672
2026-08-05,824889,ATL,MIA,4,69,13,0,18,4,0.043478260869565216,0.2608695652173913,0.057971014492753624,0.0,4.357142857142857,0.22967668672274763,0.09253653626043572,0.0368630756265211,0.15161964958615645
2026-08-06,824885,ATL,MIA,11,80,22,3,12,8,0.225,0.15,0.1,0.0375,4.428571428571429,0.2306735427920675,0.08433164399757244,0.03333573876585091,0.13885222377525241
2026-08-07,823515,ATL,NYY,2,81,14,2,26,9,0.1111111111111111,0.32098765432098764,0.1111111111111111,0.024691358024691357,4.714285714285714,0.22417612454766128,0.08200806396314904,0.03429313979855315,0.14459662997146583
2026-08-08,823514,ATL,NYY,4,72,17,3,23,5,0.2222222222222222,0.3194444444444444,0.06944444444444445,0.041666666666666664,4.428571428571429,0.22428635382455725,0.08895250840759349,0.031096490768570784,0.13765218552702138
2026-08-09,823513,ATL,NYY,2,68,8,2,23,3,0.11764705882352941,0.3382352941176471,0.04411764705882353,0.029411764705882353,4.214285714285714,0.22800082410879496,0.08809887237953885,0.03158098689260179,0.14272785920734624
2026-08-10,824887,ATL,NYM,5,85,21,2,19,11,0.12941176470588237,0.2235294117647059,0.12941176470588237,0.023529411764705882,4.214285714285714,0.2293430276568809,0.08529775193135958,0.03169770024460926,0.14220264912331262
2026-08-11,824886,ATL,NYM,4,64,7,2,9,9,0.09375,0.140625,0.140625,0.03125,4.357142857142857,0.2337886768843138,0.08302071208316224,0.03261032335837089,0.14760610082657455
2026-08-12,824883,ATL,NYM,6,70,19,6,14,3,0.3142857142857143,0.2,0.04285714285714286,0.08571428571428572,4.428571428571429,0.22954760545574238,0.0868153549403051,0.030378180501228036,0.13823110082657458
2026-08-14,824882,ATL,AZ,0,69,13,1,22,1,0.08695652173913043,0.3188405797101449,0.014492753623188406,0.014492753623188406,4.714285714285714,0.22874277648189928,0.08283432590897426,0.03549459326351605,0.15464386311458836
2026-08-15,824884,ATL,AZ,3,79,19,4,13,6,0.25316455696202533,0.16455696202531644,0.0759493670886076,0.05063291139240506,4.642857142857143,0.2255430776300265,0.08170502043184268,0.03652978995088665,0.15977279215656087
2026-08-16,824880,ATL,AZ,5,70,14,3,17,5,0.15714285714285714,0.24285714285714285,0.07142857142857142,0.04285714285714286,4.5,0.22798037615978517,0.07988359841229187,0.03497044304206258,0.15818723773666415
2026-08-17,823668,ATL,MIN,2,76,17,0,13,6,0.05263157894736842,0.17105263157894737,0.07894736842105263,0.0,4.428571428571429,0.23250680211478253,0.078575382818362,0.034368663868854836,0.15659121471206966
2026-08-18,823667,ATL,MIN,1,67,16,2,12,2,0.14925373134328357,0.1791044776119403,0.029850746268656716,0.029850746268656716,4.0,0.2331418356445529,0.07745772380596615,0.03147291097310194,0.14683709969479677
2026-08-19,823664,ATL,MIN,4,76,17,0,18,8,0.039473684210526314,0.23684210526315788,0.10526315789473684,0.0,3.7857142857142856,0.22970124638306813,0.07309641347450656,0.03144060497064668,0.14992232292927374
2026-08-20,824589,ATL,CWS,2,67,9,0,21,4,0.029850746268656716,0.31343283582089554,0.05970149253731343,0.0,3.7857142857142856,0.23335323349370185,0.07653357781392654,0.029399788644116073,0.14253779016880114
2026-08-21,823746,ATL,MIL,1,71,17,0,17,6,0.014084507042253521,0.23943661971830985,0.08450704225352113,0.0,3.642857142857143,0.23710775282252358,0.07665718338853796,0.029399788644116073,0.14156439626873624
2026-08-22,823743,ATL,MIL,1,71,15,1,11,6,0.08450704225352113,0.15492957746478872,0.08450704225352113,0.014084507042253521,2.9285714285714284,0.24349608280240287,0.07555054354950375,0.02672121721554464,0.1264990039146115
2026-08-23,823745,ATL,MIL,4,80,22,1,16,7,0.1,0.2,0.0875,0.0125,2.857142857142857,0.23163479159838868,0.07365025291681875,0.02596358500251337,0.1245987132819265
2026-08-25,824881,ATL,LAD,4,75,19,0,15,4,0.04,0.2,0.05333333333333334,0.0,2.857142857142857,0.2231030455666426,0.07493993545650128,0.02388025166918004,0.11586855455176774
2026-08-26,824878,ATL,LAD,5,88,24,3,13,13,0.18181818181818182,0.14772727272727273,0.14772727272727273,0.03409090909090909,3.0,0.2132290959868107,0.07559819876182342,0.021779411333045586,0.1103223360643728
2026-08-27,824879,ATL,LAD,1,62,9,1,22,1,0.06451612903225806,0.3548387096774194,0.016129032258064516,0.016129032258064516,3.0,0.20781465748413688,0.07690644933477987,0.022533803999202955,0.1140656515723942
2026-08-28,824877,ATL,COL,6,80,26,1,11,4,0.0875,0.1375,0.05,0.0125,2.7857142857142856,0.2231156367468097,0.06801388021035591,0.02145373487477899,0.11197751793184119
2026-08-29,824874,ATL,COL,2,71,14,0,13,7,0.028169014084507043,0.18309859154929578,0.09859154929577464,0.0,2.7857142857142856,0.218651351032524,0.06852408429198856,0.016224143038044297,0.09577853834000447
2026-08-30,824876,ATL,COL,2,75,17,2,23,4,0.10666666666666667,0.30666666666666664,0.05333333333333334,0.02666666666666667,2.9285714285714284,0.2089554947353205,0.07453114112574473,0.015188946350673697,0.09157943065038851
2026-08-31,824911,ATL,SF,3,77,20,4,17,4,0.19480519480519481,0.22077922077922077,0.05194805194805195,0.05194805194805195,2.857142857142857,0.21910618792398834,0.07291571014322513,0.01347707172740667,0.08111529562929146
2026-09-01,822687,ATL,WSH,5,78,20,3,22,8,0.1794871794871795,0.28205128205128205,0.10256410256410256,0.038461538461538464,2.7142857142857144,0.21752919348985109,0.07152424446604518,0.01412642237675732,0.08380546260517273
2026-09-02,822686,ATL,WSH,9,75,13,2,17,8,0.10666666666666667,0.22666666666666666,0.10666666666666667,0.02666666666666667,2.9285714285714284,0.22545766852358926,0.0732111540476916,0.016873675124010067,0.09286657692944496
2026-09-04,823418,ATL,PHI,5,73,14,2,16,5,0.1506849315068493,0.2191780821917808,0.0684931506849315,0.0273972602739726,3.5,0.228854967741784,0.0786980055046923,0.016646240866725063,0.08982464373825802
2026-03-20,831796,AZ,MIL,8,77,21,3,12,7,0.23376623376623376,0.15584415584415584,0.09090909090909091,0.03896103896103896,,,,,
2026-03-21,831734,AZ,TEX,5,75,17,2,17,8,0.16,0.22666666666666666,0.10666666666666667,0.02666666666666667,,,,,
2026-03-22,831947,AZ,SD,11,81,21,5,22,6,0.2716049382716049,0.2716049382716049,0.07407407407407407,0.06172839506172839,,,,,
2026-03-23,831885,AZ,CLE,0,71,12,3,16,8,0.15492957746478872,0.22535211267605634,0.11267605633802817,0.04225352112676056,8.0,0.2180385869274758,0.09054994388327721,0.04245203356314468,0.22179039067927955
2026-03-24,831887,AZ,CLE,5,87,23,3,17,8,0.16091954022988506,0.19540229885057472,0.09195402298850575,0.034482758620689655,6.0,0.21986696836462094,0.09608147199696496,0.04240240545404865,0.20507518737565686
2026-03-26,823974,AZ,LAD,2,71,16,3,12,5,0.15492957746478872,0.16901408450704225,0.07042253521126761,0.04225352112676056,5.8,0.21497403446181168,0.09525598219527312,0.04081847608737685,0.1962440579465025
2026-03-27,823971,AZ,LAD,4,68,12,3,17,7,0.20588235294117646,0.25,0.10294117647058823,0.04411764705882353,5.166666666666667,0.20731404280268348,0.09111707436460553,0.04105765026060747,0.18935831119955018
2026-03-28,823973,AZ,LAD,2,65,11,1,13,4,0.07692307692307693,0.2,0.06153846153846154,0.015384615384615385,5.0,0.2134120366880144,0.09280623180831735,0.041494792660352615,0.19171888859121108
2026-03-30,825108,AZ,DET,9,83,21,2,17,10,0.18072289156626506,0.20481927710843373,0.12048192771084337,0.024096385542168676,4.625,0.2117355321020126,0.08889776052458537,0.03823102050088546,0.17736941213269433
2026-03-31,825107,AZ,DET,7,68,14,2,21,6,0.16176470588235295,0.3088235294117647,0.08823529411764706,0.029411764705882353,5.111111111111111,0.21096705932494828,0.0924071124341696,0.036660505505472486,0.1777420209586466
2026-04-01,825106,AZ,DET,1,62,13,1,8,2,0.12903225806451613,0.12903225806451613,0.03225806451612903,0.016129032258064516,5.3,0.22075270633362992,0.09198993060251734,0.035935631425513474,0.17614428945101726
2026-04-02,825105,AZ,ATL,2,87,22,5,11,10,0.26436781609195403,0.12643678160919541,0.11494252873563218,0.05747126436781609,4.909090909090909,0.21241448376371047,0.08655976095830022,0.03413503150119993,0.1718613775067899
2026-04-03,825103,AZ,ATL,0,65,8,2,10,4,0.09230769230769231,0.15384615384615385,0.06153846153846154,0.03076923076923077,4.666666666666667,0.20524967525083423,0.08892499160641121,0.03607971757341794,0.1795702473888869
2026-04-04,825104,AZ,ATL,2,61,8,0,16,4,0.01639344262295082,0.26229508196721313,0.06557377049180328,0.0,4.3076923076923075,0.20129555821970496,0.08681833544733818,0.03567121858848047,0.17285774315187194
2026-04-05,825102,AZ,ATL,5,81,20,1,11,5,0.14814814814814814,0.13580246913580246,0.06172839506172839,0.012345679012345678,4.142857142857143,0.20565266705881272,0.08530086652194281,0.03312327440358901,0.16168172168552042
2026-04-07,823648,AZ,NYM,3,83,17,0,17,7,0.03614457831325301,0.20481927710843373,0.08433734939759036,0.0,3.9285714285714284,0.20422111800821602,0.08321653110427407,0.03122217726439663,0.15556614414137143
2026-04-08,823646,AZ,NYM,7,78,18,0,15,5,0.07692307692307693,0.19230769230769232,0.0641025641025641,0.0,3.7857142857142856,0.20266059018262794,0.08162157987076861,0.029317415359634724,0.14671932830660378
2026-04-09,823645,AZ,NYM,7,73,14,1,15,5,0.1506849315068493,0.2054794520547945,0.0684931506849315,0.0136986301369863,3.5,0.19699650118520565,0.0809093291585179,0.024908244283796982,0.13281348106742324
2026-04-10,823482,AZ,PHI,5,75,14,1,26,5,0.10666666666666667,0.3466666666666667,0.06666666666666667,0.013333333333333334,4.0,0.19557702542654407,0.07775340732615386,0.02286860921309882,0.13251029207042755
2026-04-11,823480,AZ,PHI,3,71,12,3,22,7,0.15492957746478872,0.30985915492957744,0.09859154929577464,0.04225352112676056,4.0,0.2063816231276935,0.07594716758887964,0.021357935978287657,0.12863508681591196
2026-04-12,823479,AZ,PHI,4,74,19,1,16,4,0.12162162162162163,0.21621621621621623,0.05405405405405406,0.013513513513513514,4.071428571428571,0.21644198530073172,0.07795924002348728,0.021357935978287657,0.12863508681591196
2026-04-13,824856,AZ,BAL,7,75,18,7,20,5,0.3466666666666667,0.26666666666666666,0.06666666666666667,0.09333333333333334,4.071428571428571,0.2140288578876043,0.07446730270802056,0.01917192643933694,0.12261646315022948
2026-04-14,824853,AZ,BAL,4,76,17,2,18,7,0.11842105263157894,0.23684210526315788,0.09210526315789473,0.02631578947368421,4.428571428571429,0.21879076264950909,0.07483360307432092,0.024739692007102514,0.14188386241762874
2026-04-15,824855,AZ,BAL,8,86,20,2,16,5,0.1511627906976744,0.18604651162790697,0.05813953488372093,0.023255813953488372,4.071428571428571,0.22107810751770365,0.07280669846339602,0.024898220859353618,0.13743373106515117
2026-04-17,825101,AZ,TOR,6,72,18,2,13,2,0.1388888888888889,0.18055555555555555,0.027777777777777776,0.027777777777777776,4.142857142857143,0.2123083205331424,0.07065700137525845,0.024458510091325474,0.1366764514091027
2026-04-18,825098,AZ,TOR,6,70,20,1,10,2,0.07142857142857142,0.14285714285714285,0.02857142857142857,0.014285714285714285,4.5,0.21598855606821665,0.07033698089394763,0.02529056334273357,0.13738049646798647
2026-04-19,825100,AZ,TOR,4,79,24,2,12,5,0.17721518987341772,0.1518987341772152,0.06329113924050633,0.02531645569620253,4.785714285714286,0.2171614390144986,0.06416761659650451,0.02220588119401201,0.12359912184917342
2026-04-21,825099,AZ,CWS,5,87,22,6,14,13,0.27586206896551724,0.16091954022988506,0.14942528735632185,0.06896551724137931,5.071428571428571,0.2170223376095744,0.06429280786093629,0.02181639726022428,0.1296639431038681
2026-04-22,825097,AZ,CWS,11,86,27,6,13,11,0.313953488372093,0.1511627906976744,0.12790697674418605,0.06976744186046512,5.285714285714286,0.20978122748547953,0.07028220192268761,0.026742505634608515,0.1481974164140514
2026-04-23,825096,AZ,CWS,1,73,18,1,22,4,0.0684931506849315,0.3013698630136986,0.0547945205479452,0.0136986301369863,5.714285714285714,0.21087839331132754,0.07500924347143459,0.030844060123759905,0.16004065500147605
2026-04-25,825093,AZ,SD,4,76,13,3,14,7,0.13157894736842105,0.18421052631578946,0.09210526315789473,0.039473684210526314,5.571428571428571,0.21777486373313218,0.07289904141074566,0.03182253370497321,0.1623512673137388
2026-04-26,825094,AZ,SD,12,81,26,6,14,5,0.2962962962962963,0.1728395061728395,0.06172839506172839,0.07407407407407407,5.357142857142857,0.21719649473371055,0.07489923420041213,0.03464208257715366,0.1662552580598348
2026-04-28,823798,AZ,MIL,2,79,18,1,10,11,0.06329113924050633,0.12658227848101267,0.13924050632911392,0.012658227848101266,5.714285714285714,0.21486507002785663,0.07441603737018333,0.038954614286945646,0.17665606983050958
2026-04-29,823796,AZ,MIL,6,78,17,4,20,8,0.20512820512820512,0.2564102564102564,0.10256410256410256,0.05128205128205128,5.5,0.1991447565860242,0.07959988306035813,0.038906392466571925,0.17355781787149813
2026-04-30,823795,AZ,MIL,1,77,20,2,19,8,0.12987012987012986,0.24675324675324675,0.1038961038961039,0.025974025974025976,5.714285714285714,0.1953269781203584,0.0798836368652387,0.03955128747766412,0.17714343413317074
2026-05-01,824686,AZ,CHC,5,77,19,1,18,6,0.1038961038961039,0.23376623376623376,0.07792207792207792,0.012987012987012988,5.5,0.19750819458728916,0.08344378328252798,0.04044132408198644,0.17773261329377846
2026-05-02,824685,AZ,CHC,0,65,9,1,13,5,0.12307692307692308,0.2,0.07692307692307693,0.015384615384615385,5.357142857142857,0.19515816366582966,0.08424774122934307,0.03470230120010641,0.16039185881016685
2026-05-03,824687,AZ,CHC,4,79,19,3,16,9,0.21518987341772153,0.20253164556962025,0.11392405063291139,0.0379746835443038,5.071428571428571,0.19252658471846124,0.08316329935542752,0.03392150305088721,0.16072442098483425
2026-05-05,825092,AZ,PIT,9,73,11,0,13,10,0.1095890410958904,0.1780821917808219,0.136986301369863,0.0,4.785714285714286,0.19370409428572646,0.08714790762322681,0.0349728508788026,0.16529778403626622
2026-05-06,825091,AZ,PIT,0,66,9,1,15,3,0.07575757575757576,0.22727272727272727,0.045454545454545456,0.015151515151515152,5.0,0.19352742544467402,0.09494851645123292,0.032988723894675616,0.16320493776533776
2026-05-07,825090,AZ,PIT,2,72,12,3,14,7,0.125,0.19444444444444445,0.09722222222222222,0.041666666666666664,4.571428571428571,0.19955711004578722,0.09615445337145555,0.03305056681366139,0.16351415236026662
2026-05-08,825088,AZ,NYM,1,74,10,2,20,4,0.12162162162162163,0.2702702702702703,0.05405405405405406,0.02702702702702703,4.428571428571429,0.20259608935058931,0.09857810215586382,0.034218439025837405,0.1597844959407368
2026-05-09,825089,AZ,NYM,2,66,9,0,16,7,0.06060606060606061,0.24242424242424243,0.10606060606060606,0.0,4.142857142857143,0.2104068557820454,0.09176587120570183,0.031222832581955098,0.14876732113045854
2026-05-10,825085,AZ,NYM,5,70,9,0,11,8,0.05714285714285714,0.15714285714285714,0.11428571428571428,0.0,3.5,0.2169255309053717,0.09020541615687469,0.02623944387763616,0.13067107629002764
2026-05-11,822901,AZ,TEX,1,66,10,0,15,3,0.06060606060606061,0.22727272727272727,0.045454545454545456,0.0,3.7857142857142856,0.20662360191459728,0.09445478713814391,0.025260970296422852,0.12986034103702235
2026-05-12,822903,AZ,TEX,4,73,14,3,15,6,0.1643835616438356,0.2054794520547945,0.0821917808219178,0.0410958904109589,3.5714285714285716,0.20969947341152143,0.0911225930164761,0.022441421424242405,0.12479084912542517
2026-05-13,822900,AZ,TEX,5,81,18,1,16,9,0.1111111111111111,0.19753086419753085,0.1111111111111111,0.012345679012345678,3.0,0.21203089811737535,0.09258426342791821,0.020085836876877032,0.11536851093596369
2026-05-15,824360,AZ,COL,9,75,17,1,8,5,0.12,0.10666666666666667,0.06666666666666667,0.013333333333333334,3.2142857142857144,0.21709865423998378,0.0905750209123466,0.020063511960037344,0.11878422321243545
2026-05-16,824359,AZ,COL,2,74,21,0,11,6,0.06756756756756757,0.14864864864864866,0.08108108108108109,0.0,3.4285714285714284,0.20640268354401312,0.08801091834824402,0.017352889249414635,0.11270363713184937
2026-05-17,824358,AZ,COL,8,84,20,3,19,8,0.15476190476190477,0.2261904761904762,0.09523809523809523,0.03571428571428571,3.5,0.1993952122508275,0.08638127386145666,0.015497601679841351,0.10825345411023778
2026-05-18,825087,AZ,SF,12,77,24,3,10,3,0.19480519480519481,0.12987012987012986,0.03896103896103896,0.03896103896103896,3.7142857142857144,0.19885408670970198,0.0876181322411722,0.017120978303217977,0.11188672560065213
2026-05-19,825086,AZ,SF,2,75,18,3,11,7,0.2,0.14666666666666667,0.09333333333333334,0.04,4.571428571428571,0.19384481027185416,0.08490655810102662,0.018805008558676804,0.11701017358124297
2026-05-20,825084,AZ,SF,6,70,17,2,15,2,0.14285714285714285,0.21428571428571427,0.02857142857142857,0.02857142857142857,4.428571428571429,0.18985445463592887,0.0834357925796282,0.01894967401979796,0.11592518262283427
2026-05-21,825083,AZ,COL,1,72,10,0,14,10,0.013888888888888888,0.19444444444444445,0.1388888888888889,0.0,4.214285714285714,0.1924404205291355,0.07569187309402572,0.020990490346328574,0.11830147560578089
2026-05-22,825082,AZ,COL,2,74,16,0,7,3,0.05405405405405406,0.0945945945945946,0.04054054054054054,0.0,4.285714285714286,0.19009554318425811,0.0823657547679074,0.019908239264077494,0.11388228368658897
2026-05-23,825080,AZ,COL,5,76,19,2,15,6,0.10526315789473684,0.19736842105263158,0.07894736842105263,0.02631578947368421,4.285714285714286,0.18296341105212602,0.07831706321921586,0.016932048787887014,0.1088147161190214
2026-05-24,825081,AZ,COL,9,70,19,0,10,3,0.14285714285714285,0.14285714285714285,0.04285714285714286,0.0,4.571428571428571,0.17775613610800892,0.0800951571025729,0.016881246105505385,0.10764625442424391
2026-05-25,823219,AZ,SF,6,75,16,1,14,6,0.12,0.18666666666666668,0.08,0.013333333333333334,5.071428571428571,0.17064420042464468,0.07558062401661125,0.016881246105505385,0.11352133172789265
2026-05-26,823216,AZ,SF,7,77,17,5,17,9,0.2727272727272727,0.22077922077922077,0.11688311688311688,0.06493506493506493,5.142857142857143,0.17275304396205965,0.07313164442477452,0.017833627057886336,0.11801112764626
2026-05-27,823217,AZ,SF,3,69,12,0,13,3,0.028985507246376812,0.18840579710144928,0.043478260869565216,0.0,5.571428571428571,0.17228922206966632,0.07823368524110104,0.022471845981819543,0.13316264279777515
2026-05-29,823135,AZ,SEA,6,88,26,5,16,6,0.23863636363636365,0.18181818181818182,0.06818181818181818,0.056818181818181816,5.5,0.1710696752872845,0.075468433815933,0.01953642523817962,0.12349135319795666
2026-05-30,823132,AZ,SEA,1,65,12,4,12,1,0.2153846153846154,0.18461538461538463,0.015384615384615385,0.06153846153846154,5.571428571428571,0.16994734083161675,0.07240205574955494,0.022713032581453633,0.13260029980690327
2026-05-31,823133,AZ,SEA,2,80,14,2,18,7,0.0875,0.225,0.0875,0.025,5.0,0.17551510639938228,0.06873905208655127,0.026156256024677076,0.1394134866200901
2026-06-01,825078,AZ,LAD,4,62,11,3,9,1,0.1935483870967742,0.14516129032258066,0.016129032258064516,0.04838709677419355,5.0,0.18096877435305023,0.06919754629504547,0.027941970310391362,0.14083723179383525
2026-06-02,825079,AZ,LAD,5,84,21,2,14,9,0.13095238095238096,0.16666666666666666,0.10714285714285714,0.023809523809523808,4.714285714285714,0.1751809753624863,0.063546898939329,0.028847171100384778,0.1436076948177545
2026-06-03,825077,AZ,LAD,0,79,18,1,15,7,0.0759493670886076,0.189873417721519,0.08860759493670886,0.012658227848101266,4.214285714285714,0.17780929941938178,0.06841702880945887,0.027764920018133694,0.1390467795425535
2026-06-04,825076,AZ,LAD,2,70,17,2,13,3,0.14285714285714285,0.18571428571428572,0.04285714285714286,0.02857142857142857,4.071428571428571,0.18089549592329981,0.06807947606684284,0.025811936292998074,0.13018602004888263
2026-06-05,825073,AZ,WSH,1,87,22,6,14,7,0.21839080459770116,0.16091954022988506,0.08045977011494253,0.06896551724137931,3.7857142857142856,0.17885467959676918,0.06909988423010814,0.025811936292998074,0.13018602004888263
2026-06-06,825075,AZ,WSH,1,69,10,2,13,7,0.13043478260869565,0.18840579710144928,0.10144927536231885,0.028985507246376812,3.7857142857142856,0.17646004358144354,0.06492637574625483,0.030738044667382308,0.14479329974236924
2026-06-07,825074,AZ,WSH,5,68,12,3,11,6,0.17647058823529413,0.16176470588235295,0.08823529411764706,0.04411764705882353,3.7142857142857144,0.18316084376050457,0.06927699966209613,0.03280843804212351,0.15024906606770075
2026-06-09,823858,AZ,MIA,6,89,25,2,15,11,0.14606741573033707,0.16853932584269662,0.12359550561797752,0.02247191011235955,3.7142857142857144,0.1806177212483418,0.0699404229261386,0.03407999929820489,0.15533531109202628
2026-06-10,823856,AZ,MIA,0,75,16,2,14,6,0.13333333333333333,0.18666666666666668,0.08,0.02666666666666667,3.5,0.18245216289016705,0.07570744883762678,0.035685135734802,0.15556461629725443
2026-06-11,823855,AZ,MIA,0,64,8,0,17,6,0.015625,0.265625,0.09375,0.0,3.0714285714285716,0.18245216289016705,0.07570744883762678,0.03663751668718295,0.1565169972496354
2026-06-12,824507,AZ,CIN,5,83,11,1,14,14,0.07228915662650602,0.1686746987951807,0.1686746987951807,0.012048192771084338,2.5714285714285716,0.18565543283450844,0.07405508334597558,0.031999297763249744,0.13815254919768735
2026-06-13,824508,AZ,CIN,1,67,10,2,18,3,0.13432835820895522,0.26865671641791045,0.04477611940298507,0.029850746268656716,2.7142857142857144,0.18424606866977497,0.0829976860549481,0.03285988296118434,0.14124566701055372
2026-06-14,824506,AZ,CIN,5,76,15,5,14,8,0.21052631578947367,0.18421052631578946,0.10526315789473684,0.06578947368421052,2.357142857142857,0.19044882114118417,0.08132585042788862,0.03093363756478969,0.13379509519431027
2026-06-15,825071,AZ,LAA,4,71,18,3,10,3,0.16901408450704225,0.14084507042253522,0.04225352112676056,0.04225352112676056,2.642857142857143,0.1904199026912131,0.08774574632146871,0.031237281289486045,0.13344807379465726
2026-06-16,825070,AZ,LAA,0,73,19,2,16,2,0.1643835616438356,0.2191780821917808,0.0273972602739726,0.0273972602739726,2.7857142857142856,0.18440883629282273,0.08451385497338017,0.032469675655683226,0.13927050840230315
2026-06-17,825072,AZ,LAA,8,72,17,2,10,7,0.18055555555555555,0.1388888888888889,0.09722222222222222,0.027777777777777776,2.5,0.18969574999776562,0.08531872840308789,0.030970401619953163,0.1371873065842361
2026-06-19,825069,AZ,MIN,9,80,23,4,14,9,0.2125,0.175,0.1125,0.05,2.7142857142857144,0.18771162301363864,0.08461011162304254,0.0312538483319713,0.14073039048446287
2026-06-20,825068,AZ,MIN,8,95,28,2,11,14,0.16842105263157894,0.11578947368421053,0.14736842105263157,0.021052631578947368,3.357142857142857,0.18664923603353012,0.08631671198470621,0.03392111777139264,0.15048400712099091
2026-06-21,825067,AZ,MIN,2,76,17,0,9,6,0.039473684210526314,0.11842105263157894,0.07894736842105263,0.0,3.7857142857142856,0.18165460660281046,0.09378180328438397,0.033384060843358265,0.1523100006763078
2026-06-22,823040,AZ,STL,2,68,15,1,6,4,0.07352941176470588,0.08823529411764706,0.058823529411764705,0.014705882352941176,3.857142857142857,0.1786190003457886,0.09367377459196326,0.02845795246897403,0.13953020636293814
2026-06-23,823043,AZ,STL,4,76,13,0,14,10,0.07894736842105263,0.18421052631578946,0.13157894736842105,0.0,3.9285714285714284,0.17146396441837417,0.09062907845263797,0.027437979262300054,0.13546553701693884
2026-06-24,823041,AZ,STL,9,82,20,3,12,7,0.1951219512195122,0.14634146341463414,0.08536585365853659,0.036585365853658534,3.857142857142857,0.17306723730647677,0.09372505368483611,0.024286718758098378,0.12849959274449302
2026-06-26,822962,AZ,TB,1,68,14,3,4,3,0.20588235294117646,0.058823529411764705,0.04411764705882353,0.04411764705882353,4.071428571428571,0.17148167570447231,0.09099436425916176,0.02529482273961973,0.13200348813657697
2026-06-27,822960,AZ,TB,2,65,15,3,15,4,0.18461538461538463,0.23076923076923078,0.06153846153846154,0.046153846153846156,4.142857142857143,0.1623500230434079,0.08843133904907771,0.02654132133905951,0.13718556096570864
2026-06-28,822959,AZ,TB,1,69,15,4,14,3,0.2028985507246377,0.2028985507246377,0.043478260869565216,0.057971014492753624,4.285714285714286,0.15986032524121008,0.08613051487325353,0.02983802463576281,0.14925630272395038
2026-06-29,825065,AZ,SF,5,71,15,3,6,7,0.18309859154929578,0.08450704225352113,0.09859154929577464,0.04225352112676056,4.0,0.16230488609331412,0.07718791216428102,0.03311822618731061,0.15858554515953122
2026-06-30,825066,AZ,SF,8,73,14,4,8,9,0.2191780821917808,0.1095890410958904,0.1232876712328767,0.0547945205479452,4.285714285714286,0.1491513379387149,0.0810318714423374,0.03400413867717517,0.1620691332552698
2026-07-01,825064,AZ,SF,4,74,18,2,16,2,0.12162162162162163,0.21621621621621623,0.02702702702702703,0.02702702702702703,4.5,0.14382123185157927,0.08231933668077597,0.03321878488172765,0.16268711656972035
2026-07-03,825062,AZ,MIL,4,95,21,1,17,8,0.05263157894736842,0.17894736842105263,0.08421052631578947,0.010526315789473684,4.5,0.14920488512255647,0.08123172995936644,0.03213117816031811,0.15930194064933315
2026-07-04,825063,AZ,MIL,4,70,16,3,19,4,0.18571428571428572,0.2714285714285714,0.05714285714285714,0.04285714285714286,4.785714285714286,0.14633126271036162,0.08528982039092478,0.03092611069713962,0.1513196561710141
2026-07-05,825061,AZ,MIL,2,73,14,1,11,6,0.0958904109589041,0.1506849315068493,0.0821917808219178,0.0136986301369863,4.5,0.1557983828917675,0.08242700859954157,0.03200320820280855,0.15168813689663765
2026-07-06,823282,AZ,SD,8,75,19,3,20,1,0.16,0.26666666666666666,0.013333333333333334,0.04,4.0,0.1540615922851139,0.08026213580110711,0.029410253212593284,0.14335888053655937
2026-07-07,823280,AZ,SD,1,65,11,1,13,6,0.07692307692307693,0.2,0.09230769230769231,0.015384615384615385,4.0,0.1648385346410036,0.07068820096401439,0.030763636671239904,0.14275737677716088
2026-07-08,823279,AZ,SD,4,78,23,2,8,4,0.15384615384615385,0.10256410256410256,0.05128205128205128,0.02564102564102564,3.9285714285714284,0.17066560231017652,0.07164250981306007,0.031862537770141,0.14543233339948594
2026-07-09,823277,AZ,SD,3,67,11,2,19,5,0.08955223880597014,0.2835820895522388,0.07462686567164178,0.029850746268656716,4.071428571428571,0.17168908862778048,0.07110383280379483,0.03264361943357561,0.15116924354816078
2026-07-10,823927,AZ,LAD,9,79,18,3,21,6,0.1518987341772152,0.26582278481012656,0.0759493670886076,0.0379746835443038,4.0,0.17878705743038403,0.0670358269683106,0.03477581559562252,0.1519267342899406
2026-07-11,823926,AZ,LAD,9,76,15,3,14,6,0.15789473684210525,0.18421052631578946,0.07894736842105263,0.039473684210526314,4.0,0.18732143753006206,0.06636322078474424,0.03487505257352575,0.14883936164406225
2026-07-12,823925,AZ,LAD,5,70,8,2,15,8,0.12857142857142856,0.21428571428571427,0.11428571428571428,0.02857142857142857,4.571428571428571,0.19627765159463526,0.06885105802490346,0.03454334094150452,0.14541167477984285
2026-07-17,825060,AZ,STL,4,77,16,3,13,8,0.16883116883116883,0.16883116883116883,0.1038961038961039,0.03896103896103896,4.785714285714286,0.19510025756009836,0.07261871893542152,0.033287453971331836,0.14140853506241743
2026-07-18,825059,AZ,STL,5,73,16,1,15,7,0.0684931506849315,0.2054794520547945,0.0958904109589041,0.0136986301369863,5.0,0.1926668731391363,0.07693427915160286,0.031929598576209355,0.13897515064145535
2026-07-19,825057,AZ,STL,7,90,23,2,14,12,0.13333333333333333,0.15555555555555556,0.13333333333333333,0.022222222222222223,5.0,0.20130775955351296,0.07674134069896923,0.029889963505511197,0.13078904772257222
2026-07-20,825058,AZ,ATH,2,78,22,3,14,3,0.14102564102564102,0.1794871794871795,0.038461538461538464,0.038461538461538464,4.928571428571429,0.20459108201491763,0.07745888799185899,0.027563370767959554,0.12465727994696882
2026-07-21,825056,AZ,ATH,5,85,18,3,17,10,0.16470588235294117,0.2,0.11764705882352941,0.03529411764705882,4.785714285714286,0.20196757939141502,0.07827563880860981,0.02838012158471037,0.12604328133297021
2026-07-22,825055,AZ,ATH,15,85,27,6,13,11,0.29411764705882354,0.15294117647058825,0.12941176470588237,0.07058823529411765,4.857142857142857,0.20347133878991122,0.08066396255916267,0.030149250288823596,0.13404858871908254
2026-07-23,823042,AZ,STL,10,87,29,1,8,7,0.12643678160919541,0.09195402298850575,0.08045977011494253,0.011494252873563218,5.642857142857143,0.1950079534357696,0.08582602738509304,0.03213004260575037,0.14179168595797811
2026-07-24,822707,AZ,WSH,3,76,15,1,16,9,0.06578947368421052,0.21052631578947367,0.11842105263157894,0.013157894736842105,6.214285714285714,0.1908128885416022,0.08570231233459481,0.031972587086934436,0.14397356957585603
2026-07-25,822704,AZ,WSH,3,72,15,1,8,8,0.125,0.1111111111111111,0.1111111111111111,0.013888888888888888,5.857142857142857,0.18680286347894554,0.09320857799875522,0.030055293853851726,0.13724424626758538
2026-07-26,822706,AZ,WSH,7,85,24,6,6,10,0.3176470588235294,0.07058823529411765,0.11764705882352941,0.07058823529411765,6.0,0.1804536571297392,0.09455167934185657,0.02994845624701412,0.1406783122016513
2026-07-27,823353,AZ,PIT,2,79,17,0,17,3,0.05063291139240506,0.21518987341772153,0.0379746835443038,0.0,6.214285714285714,0.17816966661045458,0.0992920370233907,0.033158971222234976,0.1523783768428924
2026-07-28,823350,AZ,PIT,8,109,29,2,21,6,0.1559633027522936,0.1926605504587156,0.05504587155963303,0.01834862385321101,6.142857142857143,0.1732845083151319,0.09667402401429515,0.031026775060188066,0.14959842488478065
2026-07-29,823351,AZ,PIT,3,66,11,1,10,4,0.07575757575757576,0.15151515151515152,0.06060606060606061,0.015151515151515152,6.071428571428571,0.16805863443288824,0.09518091719079695,0.02962491365368144,0.14988875121157194
2026-07-31,824407,AZ,CLE,4,69,9,0,9,7,0.014492753623188406,0.13043478260869565,0.10144927536231885,0.0,5.642857142857143,0.165723250518557,0.09387082377544038,0.02788761586375207,0.14402181113410556
2026-08-01,824405,AZ,CLE,12,93,30,5,18,5,0.22580645161290322,0.1935483870967742,0.053763440860215055,0.053763440860215055,5.571428571428571,0.1597338982559128,0.09295393528091213,0.025846799537221462,0.1358733343520884
2026-08-02,824404,AZ,CLE,0,70,10,1,21,9,0.05714285714285714,0.3,0.12857142857142856,0.014285714285714285,6.142857142857143,0.1614994138463132,0.08937303077834866,0.026904113958591182,0.13994299740792657
2026-08-03,825095,AZ,SD,5,70,15,1,12,6,0.07142857142857142,0.17142857142857143,0.08571428571428572,0.014285714285714285,5.785714285714286,0.168250881556685,0.09170738917924326,0.02694604854064318,0.13913226215492125
2026-08-04,825054,AZ,SD,4,80,22,2,9,4,0.125,0.1125,0.05,0.025,5.642857142857143,0.16938466840475758,0.08830602863502557,0.0263791551166069,0.13471049344743827
2026-08-05,825052,AZ,SD,10,78,18,2,17,9,0.14102564102564102,0.21794871794871795,0.11538461538461539,0.02564102564102564,5.785714285714286,0.16459986986995903,0.08913020445920139,0.025417616655068438,0.13356580480274963
2026-08-06,825053,AZ,SD,1,76,20,0,14,4,0.07894736842105263,0.18421052631578946,0.05263157894736842,0.0,6.142857142857143,0.16588192115201034,0.08896860135642182,0.024728110083208927,0.13187435899365677
2026-08-07,825051,AZ,LAD,2,72,14,3,16,8,0.19444444444444445,0.2222222222222222,0.1111111111111111,0.041666666666666664,5.142857142857143,0.16811544614095325,0.08348430237367081,0.019686093276486235,0.11650505337667309
2026-08-08,825049,AZ,LAD,1,83,13,1,14,12,0.08433734939759036,0.1686746987951807,0.14457831325301204,0.012048192771084338,4.571428571428571,0.17742031751479015,0.08567368387339715,0.021841265690279336,0.1213627435791909
2026-08-09,825050,AZ,LAD,4,68,12,1,18,5,0.11764705882352941,0.2647058823529412,0.07352941176470588,0.014705882352941176,4.428571428571429,0.1744309163009121,0.08754205963207094,0.021762001264153785,0.12268759184443231
2026-08-10,825048,AZ,COL,9,73,15,1,11,9,0.1095890410958904,0.1506849315068493,0.1232876712328767,0.0136986301369863,4.5,0.18540197138961423,0.08485765253589914,0.02182035794015752,0.1221623817603987
2026-08-11,825046,AZ,COL,2,67,14,3,14,2,0.22388059701492538,0.208955223880597,0.029850746268656716,0.04477611940298507,4.642857142857143,0.1911231639762379,0.08526055342228109,0.017756814714648135,0.10730109477985307
2026-08-12,825047,AZ,COL,4,85,19,3,10,14,0.16470588235294117,0.11764705882352941,0.16470588235294117,0.03529411764705882,4.642857142857143,0.1906778318664433,0.08468027218830629,0.0209551089577185,0.11967592946717595
2026-08-14,824882,AZ,ATL,2,69,13,1,22,1,0.08695652173913043,0.3188405797101449,0.014492753623188406,0.014492753623188406,4.357142857142857,0.18531972532107285,0.09251313010211402,0.022165501371564773,0.12030039943865077
2026-08-15,824884,AZ,ATL,10,79,19,4,13,6,0.25316455696202533,0.16455696202531644,0.0759493670886076,0.05063291139240506,4.285714285714286,0.19727154162071522,0.08921932246048028,0.022118446976684292,0.12110032415161896
2026-08-16,824880,AZ,ATL,3,70,14,3,17,5,0.15714285714285714,0.24285714285714285,0.07142857142857142,0.04285714285714286,4.714285714285714,0.19970884015047388,0.08739790044092947,0.025735083504713225,0.13814831010439302
2026-08-17,824725,AZ,BOS,1,77,20,2,8,4,0.18181818181818182,0.1038961038961039,0.05194805194805195,0.025974025974025976,4.071428571428571,0.20323089413335735,0.08865969548152637,0.024956062218779496,0.13324376764224688
2026-08-18,824723,AZ,BOS,4,78,20,3,9,9,0.14102564102564102,0.11538461538461539,0.11538461538461539,0.038461538461538464,4.142857142857143,0.18922347298307907,0.08318659715128518,0.02579094162508747,0.14214914797619865
2026-08-19,824722,AZ,BOS,7,87,19,4,20,10,0.1839080459770115,0.22988505747126436,0.11494252873563218,0.04597701149425287,4.071428571428571,0.18522033326565362,0.08530590641345158,0.027517786209074913,0.1471203672331322
2026-08-21,825045,AZ,CIN,9,77,19,1,12,8,0.09090909090909091,0.15584415584415584,0.1038961038961039,0.012987012987012988,4.285714285714286,0.19360498022788677,0.08994465846599674,0.029016144172950117,0.15132808480291873
2026-08-22,825044,AZ,CIN,5,90,26,6,12,8,0.2777777777777778,0.13333333333333333,0.08888888888888889,0.06666666666666667,4.214285714285714,0.1891689400775609,0.08912405050253162,0.02811228612623493,0.14774833122316514
2026-08-23,825043,AZ,CIN,5,75,16,0,18,9,0.12,0.24,0.12,0.0,4.5,0.18553485486452834,0.09171385835549738,0.03287419088813969,0.16195050332007407
2026-08-24,825041,AZ,CHC,0,73,15,2,10,5,0.1506849315068493,0.136986301369863,0.0684931506849315,0.0273972602739726,4.714285714285714,0.18680469613436962,0.09234877899041802,0.029898000411949212,0.15663304300261377
2026-08-25,825042,AZ,CHC,3,71,12,2,11,6,0.1267605633802817,0.15492957746478872,0.08450704225352113,0.028169014084507043,4.642857142857143,0.18454123917541837,0.08691412452126941,0.030994362376441233,0.16137215601041796
2026-08-26,825039,AZ,CHC,2,61,8,1,16,6,0.06557377049180328,0.26229508196721313,0.09836065573770492,0.01639344262295082,4.571428571428571,0.1767000745405503,0.0876982409847562,0.03195601464298165,0.16202312062161456
2026-08-27,823179,AZ,SF,1,69,13,2,12,5,0.10144927536231885,0.17391304347826086,0.07246376811594203,0.028985507246376812,4.071428571428571,0.184672228144862,0.08591773987795824,0.032148501249121976,0.15887917272132263
2026-08-28,823178,AZ,SF,10,81,17,5,20,6,0.2345679012345679,0.24691358024691357,0.07407407407407407,0.06172839506172839,4.0,0.1821692152589809,0.08896152715276431,0.031020600380792813,0.15013407831756503
2026-08-29,823176,AZ,SF,2,75,15,0,17,9,0.02666666666666667,0.22666666666666666,0.12,0.0,4.428571428571429,0.19140253821779402,0.08248782656141666,0.03290876305326921,0.1551242225233955
2026-08-29,823177,AZ,SF,7,73,13,1,15,8,0.0547945205479452,0.2054794520547945,0.1095890410958904,0.0136986301369863,4.428571428571429,0.184818687286117,0.09002405844547465,0.03187356636589861,0.15081780430393382
2026-08-31,825040,AZ,PHI,1,75,15,1,12,7,0.06666666666666667,0.16,0.09333333333333334,0.013333333333333334,4.214285714285714,0.18774172228822258,0.09242689230313769,0.029235403419082984,0.13664851598864236
2026-09-01,825038,AZ,PHI,1,78,19,1,14,6,0.0641025641025641,0.1794871794871795,0.07692307692307693,0.01282051282051282,4.071428571428571,0.1818233549412838,0.09399151815347784,0.027126559881668018,0.13018593095462877
2026-09-02,825037,AZ,PHI,1,59,6,1,17,2,0.06779661016949153,0.288135593220339,0.03389830508474576,0.01694915254237288,4.071428571428571,0.1872227174835035,0.09577544850883676,0.026187023227845652,0.12177767254637036
2026-09-04,824146,AZ,HOU,1,66,10,2,19,7,0.12121212121212122,0.2878787878787879,0.10606060606060606,0.030303030303030304,3.857142857142857,0.199562073043198,0.08995499777313179,0.024650424233619538,0.11654702748521682
2026-03-20,831603,BAL,NYY,1,62,9,0,21,5,0.14516129032258066,0.3387096774193548,0.08064516129032258,0.0,,,,,
2026-03-21,831499,BAL,PHI,10,88,20,1,14,15,0.10227272727272728,0.1590909090909091,0.17045454545454544,0.011363636363636364,,,,,
2026-03-22,831503,BAL,WSH,8,75,12,4,25,10,0.17333333333333334,0.3333333333333333,0.13333333333333333,0.05333333333333334,,,,,
2026-03-23,831546,BAL,WSH,2,62,8,1,18,3,0.04838709677419355,0.2903225806451613,0.04838709677419355,0.016129032258064516,6.333333333333333,0.2770446399478657,0.12814434669273378,0.021565656565656566,0.1402557836428804
2026-03-26,824865,BAL,MIN,2,67,10,0,17,7,0.04477611940298507,0.2537313432835821,0.1044776119402985,0.0,5.25,0.2803641251221896,0.10820503421309872,0.020206500488758557,0.1172886119257087
2026-03-28,824862,BAL,MIN,1,74,9,1,26,10,0.05405405405405406,0.35135135135135137,0.13513513513513514,0.013513513513513514,4.6,0.2750375687544681,0.10745954975853869,0.016165200391006846,0.10278611342116398
2026-03-29,824864,BAL,MIN,8,81,24,2,17,10,0.1728395061728395,0.20987654320987653,0.12345679012345678,0.024691358024691357,4.0,0.28775653252061534,0.11207214732130476,0.01572325257809129,0.09466410352664566
2026-03-30,824863,BAL,TEX,2,79,17,1,22,6,0.0759493670886076,0.27848101265822783,0.0759493670886076,0.012658227848101266,4.571428571428571,0.2766308197619384,0.11369852486446932,0.017004410499034155,0.10583201819038764
2026-03-31,824861,BAL,TEX,5,81,22,4,22,4,0.2222222222222222,0.2716049382716049,0.04938271604938271,0.04938271604938271,4.25,0.27686209387397454,0.10897988014248661,0.016461137667667543,0.10209668680266513
2026-04-01,824860,BAL,TEX,8,78,20,3,12,8,0.15384615384615385,0.15384615384615385,0.10256410256410256,0.038461538461538464,4.333333333333333,0.27627796547371125,0.10235797302103061,0.02011909082119145,0.11544396851594925
2026-04-03,823406,BAL,PIT,4,73,15,1,19,11,0.1232876712328767,0.2602739726027397,0.1506849315068493,0.0136986301369863,4.7,0.2640347843109555,0.10237858597533782,0.021953335585226153,0.1192841870489697
2026-04-04,823404,BAL,PIT,2,79,14,0,15,13,0.0379746835443038,0.189873417721519,0.16455696202531644,0.0,4.636363636363637,0.26369289233748133,0.10677007193274796,0.02120290781720435,0.11964814015659762
2026-04-05,823405,BAL,PIT,2,73,18,2,17,5,0.1232876712328767,0.2328767123287671,0.0684931506849315,0.0273972602739726,4.416666666666667,0.2575412694528178,0.11158564610712866,0.01943599883243732,0.1128420187722398
2026-04-06,824619,BAL,CWS,2,67,11,1,13,6,0.05970149253731343,0.19402985074626866,0.08955223880597014,0.014925373134328358,4.230769230769231,0.2556439958278908,0.10827083876695966,0.020048403558709262,0.1136455304999811
2026-04-07,824618,BAL,CWS,4,81,14,1,25,9,0.08641975308641975,0.30864197530864196,0.1111111111111111,0.012345679012345678,4.071428571428571,0.2512429854649178,0.10693379591260326,0.019682472814110626,0.10979238493121912
2026-04-08,824617,BAL,CWS,5,80,14,0,19,11,0.0875,0.2375,0.1375,0.0,4.285714285714286,0.24909529245700976,0.10910993518551672,0.020564307029278174,0.1055965608429219
2026-04-10,824858,BAL,SF,3,80,20,3,12,7,0.225,0.15,0.0875,0.0375,3.9285714285714284,0.25469594180765914,0.10675603908162061,0.019752618717589866,0.10454136603772711
2026-04-11,824857,BAL,SF,6,73,19,2,17,5,0.1232876712328767,0.2328767123287671,0.0684931506849315,0.0273972602739726,3.5714285714285716,0.24160070371242104,0.10348222955781108,0.018621666336637484,0.10823184222820328
2026-04-12,824859,BAL,SF,6,72,18,2,14,5,0.1388888888888889,0.19444444444444445,0.06944444444444445,0.027777777777777776,3.857142857142857,0.23749742740410712,0.10491837626572095,0.019426539766345206,0.11358188326096638
2026-04-13,824856,BAL,AZ,9,75,18,7,20,5,0.3466666666666667,0.26666666666666666,0.06666666666666667,0.09333333333333334,4.142857142857143,0.2332626489155973,0.10241600715887424,0.02141066675047219,0.12030422393853094
2026-04-14,824853,BAL,AZ,3,76,17,2,18,7,0.11842105263157894,0.23684210526315788,0.09210526315789473,0.02631578947368421,4.714285714285714,0.22721374286669124,0.09752540226826933,0.02711208245188789,0.14120512483943184
2026-04-15,824855,BAL,AZ,5,86,20,2,16,5,0.1511627906976744,0.18604651162790697,0.05813953488372093,0.023255813953488372,4.357142857142857,0.22913985444192567,0.09528600748501491,0.02722811326967309,0.13731809244362753
2026-04-16,824453,BAL,CLE,2,67,12,1,19,6,0.07462686567164178,0.2835820895522388,0.08955223880597014,0.014925373134328358,4.571428571428571,0.22253739008261703,0.0940138766132373,0.027985083705772167,0.14269047984427516
2026-04-17,824454,BAL,CLE,6,82,14,2,18,13,0.0975609756097561,0.21951219512195122,0.15853658536585366,0.024390243902439025,4.357142857142857,0.2233929008883766,0.09688312823870782,0.025523844926125434,0.13214795437637655
2026-04-18,824451,BAL,CLE,2,62,7,4,24,3,0.20967741935483872,0.3870967741935484,0.04838709677419355,0.06451612903225806,4.214285714285714,0.22808333240807638,0.10088116272454718,0.02451875245761833,0.12812758450234815
2026-04-19,824452,BAL,CLE,4,75,13,3,24,8,0.13333333333333333,0.32,0.10666666666666667,0.04,4.071428571428571,0.23714210395027702,0.09357417452935748,0.028148573807280603,0.134298280796774
2026-04-20,824125,BAL,KC,7,101,20,2,27,14,0.07920792079207921,0.26732673267326734,0.13861386138613863,0.019801980198019802,4.214285714285714,0.24643685982731137,0.08943915343231108,0.031005716664423456,0.14110961292456184
2026-04-21,824127,BAL,KC,5,77,18,3,11,9,0.22077922077922077,0.14285714285714285,0.11688311688311688,0.03896103896103896,4.571428571428571,0.24889757556620423,0.09444777562525443,0.03046319665899826,0.1379610593216477
2026-04-22,824123,BAL,KC,8,78,21,5,13,5,0.2692307692307692,0.16666666666666666,0.0641025641025641,0.0641025641025641,4.785714285714286,0.2452423821455524,0.0963999812021935,0.03218002993233473,0.14946661133892683
2026-04-24,824854,BAL,BOS,10,81,30,7,11,4,0.2962962962962963,0.13580246913580246,0.04938271604938271,0.08641975308641975,5.071428571428571,0.2351012886711256,0.09304222784444013,0.03587695029592176,0.1625245410635232
2026-04-25,824851,BAL,BOS,1,85,23,3,16,7,0.18823529411764706,0.18823529411764706,0.08235294117647059,0.03529411764705882,5.428571428571429,0.22783717932368291,0.08674813613368175,0.0420497898020946,0.17743856222754437
2026-04-26,824852,BAL,BOS,3,71,13,3,13,6,0.16901408450704225,0.18309859154929578,0.08450704225352113,0.04225352112676056,5.285714285714286,0.23056827176065767,0.08638048907485822,0.04189222677688452,0.17481251180737628
2026-04-28,824849,BAL,HOU,5,74,20,2,20,4,0.17567567567567569,0.2702702702702703,0.05405405405405406,0.02702702702702703,5.071428571428571,0.2270126917049812,0.08752433847261464,0.042953388266369366,0.17807868418410241
2026-04-30,824848,BAL,HOU,10,77,18,2,12,8,0.1038961038961039,0.15584415584415584,0.1038961038961039,0.025974025974025976,5.0,0.23242882212111157,0.08642502487330103,0.042899763212744316,0.18070631181173002
2026-04-30,824850,BAL,HOU,5,87,20,2,21,11,0.11494252873563218,0.2413793103448276,0.12643678160919541,0.022988505747126436,5.071428571428571,0.22451292849093224,0.0890842703896894,0.03808838411565093,0.1633655573281184
2026-05-01,823557,BAL,NYY,2,72,14,3,20,8,0.16666666666666666,0.2777777777777778,0.1111111111111111,0.041666666666666664,5.214285714285714,0.22483701456819438,0.09153652170763946,0.03785072099232538,0.16311709133555077
2026-05-02,823554,BAL,NYY,4,75,15,4,16,12,0.22666666666666666,0.21333333333333335,0.16,0.05333333333333334,5.0,0.23138924786461373,0.0953202057238816,0.039165781900409535,0.16422451104762167
2026-05-03,823555,BAL,NYY,3,79,24,3,12,6,0.189873417721519,0.1518987341772152,0.0759493670886076,0.0379746835443038,5.142857142857143,0.22637147956326334,0.1003521886663123,0.04190920762890989,0.17508449683298058
2026-05-04,823552,BAL,NYY,1,79,20,1,12,11,0.11392405063291139,0.1518987341772152,0.13924050632911392,0.012658227848101266,4.928571428571429,0.22154194663863933,0.09445310164650901,0.04287952474618595,0.18167824269810648
2026-05-05,823873,BAL,MIA,9,84,19,2,20,10,0.13095238095238096,0.23809523809523808,0.11904761904761904,0.023809523809523808,4.857142857142857,0.20474208663747268,0.1009426309004319,0.03917538894731761,0.17483871636082599
2026-05-06,823872,BAL,MIA,7,76,13,1,16,11,0.14473684210526316,0.21052631578947367,0.14473684210526316,0.013157894736842105,5.214285714285714,0.19889174650141825,0.1018269846419285,0.038018926362283594,0.1746686483336151
2026-05-07,823870,BAL,MIA,3,73,15,1,12,6,0.0821917808219178,0.1643835616438356,0.0821917808219178,0.0136986301369863,5.214285714285714,0.19483457386686154,0.10226434040758024,0.03754434882934233,0.1793492855702711
2026-05-08,824846,BAL,ATH,3,73,12,2,21,6,0.1095890410958904,0.2876712328767123,0.0821917808219178,0.0273972602739726,5.071428571428571,0.19637217520876818,0.09978638783178032,0.03573989105619572,0.169450182716178
2026-05-09,824847,BAL,ATH,2,81,20,1,21,8,0.1111111111111111,0.25925925925925924,0.09876543209876543,0.012345679012345678,4.714285714285714,0.20501535850948574,0.10107847474030558,0.03311808363986775,0.15804720213511522
2026-05-10,824845,BAL,ATH,2,69,10,0,20,9,0.043478260869565216,0.2898550724637681,0.13043478260869565,0.0,4.142857142857143,0.21383370066116122,0.10460581160097578,0.027827078348862454,0.14481968890760202
2026-05-11,824844,BAL,NYY,3,65,8,2,20,6,0.12307692307692308,0.3076923076923077,0.09230769230769231,0.03076923076923077,4.214285714285714,0.22109225625731274,0.10804022884613472,0.025306069945501112,0.13447990081845332
2026-05-12,824843,BAL,NYY,2,75,15,2,15,7,0.12,0.2,0.09333333333333334,0.02666666666666667,4.214285714285714,0.229991807410385,0.10859741813571835,0.02448576349139184,0.13119867500201624
2026-05-13,824841,BAL,NYY,7,67,11,1,14,8,0.07462686567164178,0.208955223880597,0.11940298507462686,0.014925373134328358,4.0,0.22497250239108,0.11140308094138118,0.024460023465651817,0.12722184102518225
2026-05-15,822739,BAL,WSH,2,72,12,1,15,8,0.08333333333333333,0.20833333333333334,0.1111111111111111,0.013888888888888888,3.7857142857142856,0.22876615010796866,0.11251071531127567,0.023670833977101985,0.1251311811520064
2026-05-16,822737,BAL,WSH,3,81,23,5,17,6,0.25925925925925924,0.20987654320987653,0.07407407407407407,0.06172839506172839,3.5714285714285716,0.22640572317857616,0.11141602456141252,0.023020861344370733,0.12287338148041362
2026-05-17,822738,BAL,WSH,7,79,20,4,20,5,0.21518987341772153,0.25316455696202533,0.06329113924050633,0.05063291139240506,3.642857142857143,0.22155563499515465,0.10877052191590986,0.024453841944018,0.12948713809417023
2026-05-18,822980,BAL,TB,6,91,30,3,15,10,0.23076923076923078,0.16483516483516483,0.10989010989010989,0.03296703296703297,3.857142857142857,0.22440072239720407,0.10186274614737459,0.02426095466252312,0.128667367147817
2026-05-19,822979,BAL,TB,1,66,11,2,19,5,0.13636363636363635,0.2878787878787879,0.07575757575757576,0.030303030303030304,4.071428571428571,0.22532475315848619,0.10428708491891046,0.02390326533557521,0.131588496651225
2026-05-20,822977,BAL,TB,3,72,15,3,15,7,0.1388888888888889,0.20833333333333334,0.09722222222222222,0.041666666666666664,4.071428571428571,0.23503761413716998,0.09975258987808633,0.025163608368070137,0.13319132420341964
2026-05-22,824842,BAL,DET,7,76,21,3,22,3,0.2236842105263158,0.2894736842105263,0.039473684210526314,0.039473684210526314,3.642857142857143,0.23291176379703393,0.09819363296198655,0.026439118572151775,0.1337582176274559
2026-05-24,824839,BAL,DET,2,75,12,2,12,9,0.10666666666666667,0.16,0.12,0.02666666666666667,3.642857142857143,0.23855086154139485,0.09067483596950533,0.02831881782027207,0.13939731537181682
2026-05-24,824840,BAL,DET,1,72,10,1,12,8,0.041666666666666664,0.16666666666666666,0.1111111111111111,0.013888888888888888,3.5714285714285716,0.23823774999540656,0.09337542305365408,0.029245106143820667,0.1411455215035846
2026-05-25,824838,BAL,TB,7,109,24,3,19,10,0.11926605504587157,0.1743119266055046,0.09174311926605505,0.027522935779816515,3.4285714285714284,0.22959456669468903,0.09544108950288217,0.028280222473457545,0.1362939233300686
2026-05-26,824837,BAL,TB,6,71,17,1,19,4,0.056338028169014086,0.2676056338028169,0.056338028169014086,0.014084507042253521,3.7857142857142856,0.22352690007656367,0.09493949572911713,0.029364312242562605,0.13687641932540864
2026-05-27,824836,BAL,TB,11,80,26,3,9,7,0.1625,0.1125,0.0875,0.0375,4.071428571428571,0.22193765445792432,0.08964687041199702,0.03037034845986643,0.13779497413251213
2026-05-28,824834,BAL,TOR,1,74,14,2,13,6,0.12162162162162163,0.17567567567567569,0.08108108108108109,0.02702702702702703,4.642857142857143,0.20799534676561662,0.08930346381859045,0.03085111769063566,0.14061090819844618
2026-05-29,824835,BAL,TOR,5,76,18,5,8,5,0.27631578947368424,0.10526315789473684,0.06578947368421052,0.06578947368421052,4.571428571428571,0.20625789502816488,0.08842830294342956,0.030876857716375685,0.14072673831427632
2026-05-30,824833,BAL,TOR,5,80,18,0,16,14,0.0875,0.2,0.175,0.0,4.428571428571429,0.1988513188863177,0.08459876641554268,0.03451000775565298,0.1551330900144222
2026-05-31,824832,BAL,TOR,9,76,18,2,10,9,0.11842105263157894,0.13157894736842105,0.11842105263157894,0.02631578947368421,4.642857142857143,0.19825608079107965,0.08916225847903474,0.03351794426358949,0.15543070906204126
2026-06-02,824754,BAL,BOS,4,70,14,2,20,4,0.14285714285714285,0.2857142857142857,0.05714285714285714,0.02857142857142857,5.071428571428571,0.1926633953738328,0.09232989980457082,0.03098847243587205,0.14537083716006408
2026-06-03,824755,BAL,BOS,1,81,24,1,14,7,0.16049382716049382,0.1728395061728395,0.08641975308641975,0.012345679012345678,4.857142857142857,0.1949883759989943,0.09189073679759585,0.029412652234373726,0.14020421354859416
2026-06-04,824753,BAL,BOS,8,77,17,1,14,7,0.09090909090909091,0.18181818181818182,0.09090909090909091,0.012987012987012988,4.5,0.19556011466597106,0.09021428274018942,0.027939698380467493,0.13518454186225584
2026-06-05,822810,BAL,TOR,13,80,21,3,14,4,0.1625,0.175,0.05,0.0375,5.0,0.18798435709021347,0.0912965338224405,0.026702840000751966,0.13193778861550257
2026-06-06,822808,BAL,TOR,4,71,18,4,18,5,0.22535211267605634,0.2535211267605634,0.07042253521126761,0.056338028169014086,5.714285714285714,0.18560340470926104,0.08792351794942463,0.026405220953132923,0.13362429655201052
2026-06-07,822807,BAL,TOR,4,72,18,4,15,3,0.25,0.20833333333333334,0.041666666666666664,0.05555555555555555,5.5,0.18303536489140657,0.09013415016376328,0.027609816950167763,0.13374343241984912
2026-06-08,824829,BAL,SEA,3,77,15,1,11,9,0.05194805194805195,0.14285714285714285,0.11688311688311688,0.012987012987012988,5.642857142857143,0.18648774584378752,0.0845389120685252,0.029673309013659825,0.14398152765794436
2026-06-09,824830,BAL,SEA,5,86,19,3,13,4,0.12790697674418605,0.1511627906976744,0.046511627906976744,0.03488372093023256,5.785714285714286,0.1847870655716787,0.08495119819509703,0.029608889306382974,0.14471591232090047
2026-06-10,824831,BAL,SEA,7,73,15,2,17,8,0.136986301369863,0.2328767123287671,0.1095890410958904,0.0273972602739726,5.642857142857143,0.18313355586397653,0.0817203773837343,0.030134659674269836,0.1453331210136372
2026-06-11,824827,BAL,SEA,7,74,16,5,16,7,0.21621621621621623,0.21621621621621623,0.0945945945945946,0.06756756756756757,5.714285714285714,0.1806529186158301,0.08552402116422546,0.031085570619392627,0.15109371195655497
2026-06-12,824826,BAL,SD,7,75,15,2,17,10,0.12,0.22666666666666666,0.13333333333333333,0.02666666666666667,5.428571428571429,0.1880612197741313,0.08603077792098222,0.03323325401707603,0.1549305845434276
2026-06-13,824828,BAL,SD,3,83,20,6,15,9,0.2891566265060241,0.18072289156626506,0.10843373493975904,0.07228915662650602,5.857142857142857,0.19170343341634494,0.08976308165328595,0.033207513991336,0.15481475442759748
2026-06-14,824823,BAL,SD,2,76,18,2,17,5,0.10526315789473684,0.2236842105263158,0.06578947368421052,0.02631578947368421,5.714285714285714,0.19709341439288264,0.09280910031439657,0.03367177705864283,0.1557319570727646
2026-06-16,823128,BAL,SEA,1,66,9,0,14,7,0.015151515151515152,0.21212121212121213,0.10606060606060606,0.0,5.5,0.1987851437161909,0.08500834843469732,0.03555147630676313,0.1570007540652458
2026-06-17,823127,BAL,SEA,5,72,17,4,23,5,0.20833333333333334,0.3194444444444444,0.06944444444444445,0.05555555555555555,4.928571428571429,0.20453816262710459,0.08412545939391354,0.03367177705864282,0.14962435853095554
2026-06-18,823125,BAL,SEA,0,64,8,0,21,5,0.03125,0.328125,0.078125,0.0,5.0,0.20694745967925873,0.08500414420116978,0.03559921470036618,0.15430122927925485
2026-06-19,823936,BAL,LAD,5,78,19,3,23,8,0.15384615384615385,0.2948717948717949,0.10256410256410256,0.038461538461538464,4.928571428571429,0.21803928066691308,0.08441166183785409,0.03471738048519863,0.14506952733921957
2026-06-20,823937,BAL,LAD,3,72,11,1,20,7,0.05555555555555555,0.2777777777777778,0.09722222222222222,0.013888888888888888,4.714285714285714,0.22611453874217116,0.08524416267035492,0.03653698944766474,0.14956503183472408
2026-06-21,823934,BAL,LAD,12,83,20,4,15,9,0.21686746987951808,0.18072289156626506,0.10843373493975904,0.04819277108433735,4.0,0.233455808583441,0.0886171785433708,0.0348504815111568,0.1419261429458352
2026-06-22,824016,BAL,LAA,6,73,18,3,22,2,0.1643835616438356,0.3013698630136986,0.0273972602739726,0.0410958904109589,4.571428571428571,0.22825593464099114,0.09133226423826303,0.03426867743367989,0.14132009703179674
2026-06-23,824017,BAL,LAA,1,64,11,1,21,4,0.0625,0.328125,0.0625,0.015625,4.714285714285714,0.2349014010467315,0.09031302092449918,0.03323584420906584,0.13520463714921355
2026-06-24,824018,BAL,LAA,6,88,18,3,27,10,0.13636363636363635,0.3068181818181818,0.11363636363636363,0.03409090909090909,4.571428571428571,0.24813481941407844,0.0864285125757051,0.03342427185285063,0.1359583477243527
2026-06-26,824824,BAL,WSH,3,71,13,0,22,7,0.08450704225352113,0.30985915492957744,0.09859154929577464,0.0,4.642857142857143,0.2592530616369718,0.09122313655637561,0.033367642435756094,0.13656239484002772
2026-06-27,824825,BAL,WSH,3,86,20,1,26,6,0.08139534883720931,0.3023255813953488,0.06976744186046512,0.011627906976744186,4.357142857142857,0.2647518075370297,0.0904376014277959,0.03141069527332948,0.13281387633171757
2026-06-28,824821,BAL,WSH,4,73,12,4,11,9,0.1917808219178082,0.1506849315068493,0.1232876712328767,0.0547945205479452,4.071428571428571,0.2709024764783963,0.08866423337535809,0.02741500523112781,0.12318381437607424
2026-06-29,824822,BAL,CWS,2,76,14,0,21,8,0.09210526315789473,0.27631578947368424,0.10526315789473684,0.0,3.857142857142857,0.26547520968126653,0.08794668608246832,0.029424137651219134,0.12831101594163194
2026-06-30,824819,BAL,CWS,3,82,20,2,19,9,0.13414634146341464,0.23170731707317074,0.10975609756097561,0.024390243902439025,3.7857142857142856,0.27230327381751074,0.08772021629353817,0.024260626463611563,0.11423591855962274
2026-07-01,824818,BAL,CWS,6,68,11,3,18,8,0.17647058823529413,0.2647058823529412,0.11764705882352941,0.04411764705882353,3.857142857142857,0.2728763528565718,0.09086068942759282,0.02412308749423691,0.11629900310024256
2026-07-03,824498,BAL,CIN,3,70,8,1,14,11,0.05714285714285714,0.2,0.15714285714285714,0.014285714285714285,4.214285714285714,0.2766324007302667,0.09168829319637305,0.02727434799843859,0.1278217940347982
2026-07-04,824499,BAL,CIN,8,84,21,1,15,13,0.11904761904761904,0.17857142857142858,0.15476190476190477,0.011904761904761904,4.071428571428571,0.2681006546985207,0.09795246553197397,0.024326502193449926,0.11702247430690706
2026-07-05,824497,BAL,CIN,2,68,12,1,12,5,0.07352941176470588,0.17647058823529413,0.07352941176470588,0.014705882352941176,4.642857142857143,0.25741825673933705,0.1034265301578243,0.025176842329504345,0.12329373281030842
2026-07-07,824820,BAL,CHC,2,75,16,0,17,6,0.02666666666666667,0.22666666666666666,0.08,0.0,4.428571428571429,0.2489610276938727,0.10135262367215311,0.023480009750318828,0.11755682266163356
2026-07-08,824815,BAL,CHC,7,80,22,9,10,6,0.3625,0.125,0.075,0.1125,4.357142857142857,0.24531023404307903,0.10012246494199438,0.022487946258255335,0.11549333059814149
2026-07-09,824816,BAL,CHC,3,71,12,2,10,9,0.14084507042253522,0.14084507042253522,0.1267605633802817,0.028169014084507043,4.0,0.24133002750263152,0.09773434101772586,0.02708131975223124,0.12589565417817591
2026-07-10,824817,BAL,KC,5,69,18,4,14,4,0.21739130434782608,0.2028985507246377,0.057971014492753624,0.057971014492753624,3.7857142857142856,0.229863970888977,0.10483171981103367,0.02615797144319896,0.12421433337665447
2026-07-11,824813,BAL,KC,6,63,8,4,19,4,0.20634920634920634,0.30158730158730157,0.06349206349206349,0.06349206349206349,4.071428571428571,0.22091922451216542,0.10450822084623036,0.02918268676410993,0.13527799797292775
2026-07-12,824814,BAL,KC,8,79,22,2,21,4,0.1518987341772152,0.26582278481012656,0.05063291139240506,0.02531645569620253,4.071428571428571,0.2205455902099597,0.10092648512163749,0.03128276922133525,0.14027696725761132
2026-07-17,824170,BAL,HOU,3,76,11,1,21,13,0.06578947368421052,0.27631578947368424,0.17105263157894737,0.013157894736842105,4.428571428571429,0.21740013520142748,0.09750086812853967,0.03309108748534972,0.14509065953787517
2026-07-18,824169,BAL,HOU,4,88,14,0,25,8,0.022727272727272728,0.2840909090909091,0.09090909090909091,0.0,4.428571428571429,0.21554229292130858,0.10473552453700267,0.033200372325356706,0.14397595416980383
2026-07-19,824168,BAL,HOU,5,77,13,2,18,8,0.11688311688311688,0.23376623376623376,0.1038961038961039,0.025974025974025976,4.428571428571429,0.22507129132017,0.1024227687995894,0.02928647800050348,0.13190070065619416
2026-07-20,824736,BAL,BOS,5,75,20,2,24,2,0.17333333333333334,0.32,0.02666666666666667,0.02666666666666667,4.642857142857143,0.22203203734106639,0.10232512208540134,0.031141765570076762,0.13367054735085288
2026-07-22,824732,BAL,BOS,5,75,14,0,13,5,0.06666666666666667,0.17333333333333334,0.06666666666666667,0.0,4.785714285714286,0.22833865755012564,0.09639016273580783,0.03130436719609302,0.13646961819870423
2026-07-22,824735,BAL,BOS,3,72,20,2,11,2,0.16666666666666666,0.1527777777777778,0.027777777777777776,0.027777777777777776,4.714285714285714,0.22181204690586795,0.09274870615317478,0.028153106691891343,0.12862648094380227
2026-07-24,824812,BAL,ATL,6,86,20,3,23,7,0.1511627906976744,0.26744186046511625,0.08139534883720931,0.03488372093023256,4.714285714285714,0.21843903103285206,0.08350834334138342,0.029116825512753023,0.13644961019550292
2026-07-25,824811,BAL,ATL,2,72,13,2,23,6,0.125,0.3194444444444444,0.08333333333333333,0.027777777777777776,4.571428571428571,0.2247869190252583,0.07826787506104801,0.03075817972885807,0.13874355102764974
2026-07-26,824810,BAL,ATL,2,93,14,1,15,15,0.053763440860215055,0.16129032258064516,0.16129032258064516,0.010752688172043012,4.571428571428571,0.23499933732591188,0.07896815517309283,0.03169188654491783,0.14242002161588505
2026-07-27,824245,BAL,DET,8,80,23,3,13,5,0.1875,0.1625,0.0625,0.0375,4.571428571428571,0.23032959846262466,0.08477460678599606,0.03245993570006376,0.1443555054868528
2026-07-28,824243,BAL,DET,0,76,22,3,14,6,0.18421052631578946,0.18421052631578946,0.07894736842105263,0.039473684210526314,4.642857142857143,0.2330081698911961,0.08388174964313891,0.027102792842920897,0.1318555054868528
2026-07-29,824242,BAL,DET,10,101,19,1,20,8,0.1188118811881188,0.19801980198019803,0.07920792079207921,0.009900990099009901,4.428571428571429,0.23610570245499996,0.08046652143176543,0.027910269280493703,0.13495303805065667
2026-07-31,824809,BAL,PHI,6,71,12,3,16,9,0.18309859154929578,0.22535211267605634,0.1267605633802817,0.04225352112676056,4.785714285714286,0.23575722040182567,0.08198344331028869,0.02447669610951201,0.12791165068210614
2026-08-01,824808,BAL,PHI,0,76,13,0,21,9,0.02631578947368421,0.27631578947368424,0.11842105263157894,0.0,4.785714285714286,0.2303118497653082,0.08650262187373282,0.02295965736913323,0.12625089248211255
2026-08-02,824807,BAL,PHI,0,50,13,2,11,7,0.14,0.22,0.14,0.04,4.214285714285714,0.2310613500984194,0.09134463196224525,0.021151339105118763,0.11728068214614604
2026-08-04,824805,BAL,LAA,3,68,14,1,18,4,0.11764705882352941,0.2647058823529412,0.058823529411764705,0.014705882352941176,4.0,0.227038793707442,0.08912658684946329,0.02306863233820147,0.1225814340258453
2026-08-05,824806,BAL,LAA,5,64,10,4,23,2,0.203125,0.359375,0.03125,0.0625,3.9285714285714284,0.22565414894044428,0.08683476102822571,0.024119052506268696,0.12936141874700646
2026-08-06,824804,BAL,LAA,1,77,13,2,16,13,0.1038961038961039,0.2077922077922078,0.16883116883116883,0.025974025974025976,3.9285714285714284,0.23462620367142759,0.08164575360707542,0.026728050650981126,0.13552155325535528
2026-08-07,822863,BAL,TEX,1,64,10,1,15,4,0.078125,0.234375,0.0625,0.015625,3.642857142857143,0.22661136137087098,0.09180036090453988,0.026678576315792506,0.13056175115269603
2026-08-08,822864,BAL,TEX,1,65,12,2,19,5,0.13846153846153847,0.2923076923076923,0.07692307692307693,0.03076923076923077,3.357142857142857,0.23097148041849005,0.09150274185692082,0.027794647744363934,0.1313802035336484
2026-08-09,822862,BAL,TEX,10,87,23,5,16,10,0.2413793103448276,0.1839080459770115,0.11494252873563218,0.05747126436781609,3.2142857142857144,0.2409379028849125,0.09501312036729934,0.02800832295803915,0.1293655515189964
2026-08-10,823675,BAL,MIN,5,78,21,2,18,5,0.15384615384615385,0.23076923076923078,0.0641025641025641,0.02564102564102564,3.5,0.23497120185004788,0.09740934750290098,0.029621718917866545,0.13580958863665019
2026-08-11,823673,BAL,MIN,5,78,18,3,16,7,0.14102564102564102,0.20512820512820512,0.08974358974358974,0.038461538461538464,3.7142857142857144,0.22863725801610407,0.0960357211292746,0.029469093765241393,0.13787002819708977
2026-08-12,823672,BAL,MIN,5,77,21,2,16,7,0.12987012987012986,0.2077922077922078,0.09090909090909091,0.025974025974025976,3.9285714285714284,0.23176853534092975,0.09092524021234206,0.03144829735734821,0.1441030424946202
2026-08-14,822942,BAL,TB,6,81,21,2,12,9,0.09876543209876543,0.14814814814814814,0.1111111111111111,0.024691358024691357,3.7142857142857144,0.2350036930403732,0.09295446099156283,0.030625013498350062,0.13998662319962946
2026-08-15,822941,BAL,TB,4,86,20,2,20,7,0.11627906976744186,0.23255813953488372,0.08139534883720931,0.023255813953488372,4.142857142857143,0.23242780888554165,0.09525187118370988,0.02956913305650471,0.13388340218412773
2026-08-16,822940,BAL,TB,10,80,18,2,17,8,0.1375,0.2125,0.1,0.025,3.7142857142857144,0.23489483299659067,0.09540811604407631,0.030523049046110313,0.1337024870826508
2026-08-17,822939,BAL,TB,6,81,26,6,18,4,0.25925925925925924,0.2222222222222222,0.04938271604938271,0.07407407407407407,4.0,0.2339768249483009,0.09349664723119906,0.029290654679913132,0.1304454448291297
2026-08-18,824803,BAL,NYY,1,72,9,2,23,7,0.08333333333333333,0.3194444444444444,0.09722222222222222,0.027777777777777776,4.428571428571429,0.23011299871605365,0.0885653374753279,0.03458165997091842,0.14708426409952788
2026-08-19,824801,BAL,NYY,3,76,16,3,21,6,0.14473684210526316,0.27631578947368424,0.07894736842105263,0.039473684210526314,4.5,0.2372161733192282,0.08550978191977233,0.03370864409790255,0.14303664505190886
2026-08-20,824802,BAL,NYY,1,70,15,3,21,3,0.17142857142857143,0.3,0.04285714285714286,0.04285714285714286,4.5,0.23804545239928127,0.08694719899186433,0.03547777280201577,0.1449716295720327
2026-08-21,824800,BAL,TB,5,65,15,3,16,2,0.16923076923076924,0.24615384615384617,0.03076923076923077,0.046153846153846156,4.214285714285714,0.23380438097070985,0.08777628062451738,0.03407471157752598,0.14270759895978777
2026-08-22,824798,BAL,TB,2,74,16,2,13,4,0.13513513513513514,0.17567567567567569,0.05405405405405406,0.02702702702702703,4.5,0.23654449799654118,0.07791471362009325,0.03551612730465599,0.14737436076940674
2026-08-23,824799,BAL,TB,1,67,9,1,8,5,0.05970149253731343,0.11940298507462686,0.07462686567164178,0.014925373134328358,4.571428571428571,0.23235168911623227,0.07731143176681139,0.0363305578065865,0.15144651327905925
2026-08-25,823016,BAL,STL,13,80,24,3,23,2,0.1625,0.2875,0.025,0.0375,4.571428571428571,0.22000135288529907,0.07714741667742317,0.03519885368980775,0.14582079571304316
2026-08-26,823015,BAL,STL,8,86,24,3,14,9,0.16279069767441862,0.16279069767441862,0.10465116279069768,0.03488372093023256,4.785714285714286,0.22740077817265533,0.07072295033916372,0.033772334806392315,0.14018655925984122
2026-08-27,823014,BAL,STL,5,72,16,3,24,5,0.18055555555555555,0.3333333333333333,0.06944444444444445,0.041666666666666664,5.0,0.22254516866588306,0.07361927881688755,0.034432527327049954,0.14082545524757442
2026-08-28,824960,BAL,ATH,4,82,15,1,19,7,0.04878048780487805,0.23170731707317074,0.08536585365853659,0.012195121951219513,5.0,0.2317026778233922,0.07216933986694861,0.034661465055987675,0.14364902057113976
2026-08-29,824961,BAL,ATH,5,80,17,1,16,11,0.075,0.2,0.1375,0.0125,4.928571428571429,0.23341089991488959,0.07177339434905186,0.033677257625787216,0.1378569032807646
2026-08-30,824959,BAL,ATH,8,74,16,4,20,4,0.22972972972972974,0.2702702702702703,0.05405405405405406,0.05405405405405406,4.857142857142857,0.2371146036185933,0.07365831498397249,0.032806446338309266,0.1361593724165671
2026-08-31,824314,BAL,COL,2,72,12,0,13,10,0.05555555555555555,0.18055555555555555,0.1388888888888889,0.0,5.142857142857143,0.23980832724254947,0.07170536535660428,0.03500632063120681,0.14426299098530193
2026-09-01,824313,BAL,COL,2,74,17,3,15,6,0.1891891891891892,0.20270270270270271,0.08108108108108109,0.04054054054054054,4.571428571428571,0.23752658121080342,0.07448314313438205,0.03322060634549252,0.13840981638212732
2026-09-02,824312,BAL,COL,5,90,22,0,24,5,0.08888888888888889,0.26666666666666666,0.05555555555555555,0.0,4.285714285714286,0.23613232981655202,0.07674731206521765,0.030825353950240133,0.13340481137712232
2026-09-03,824796,BAL,BOS,5,73,14,7,23,4,0.3013698630136986,0.3150684931506849,0.0547945205479452,0.0958904109589041,4.571428571428571,0.23236248854671077,0.07377112158902717,0.02884122696611315,0.1338016367739477
2026-09-04,824797,BAL,BOS,0,71,11,1,15,5,0.04225352112676056,0.2112676056338028,0.07042253521126761,0.014084507042253521,4.714285714285714,0.2351305388093537,0.07204591816951948,0.03287099316242585,0.14498970969597882
2026-03-20,831602,BOS,TB,0,65,12,0,14,4,0.015384615384615385,0.2153846153846154,0.06153846153846154,0.0,,,,,
2026-03-21,831502,BOS,ATL,1,72,14,1,13,4,0.08333333333333333,0.18055555555555555,0.05555555555555555,0.013888888888888888,,,,,
2026-03-22,831552,BOS,PIT,6,74,15,2,21,4,0.13513513513513514,0.28378378378378377,0.05405405405405406,0.02702702702702703,,,,,
2026-03-23,832036,BOS,MIN,6,90,28,4,17,8,0.16666666666666666,0.18888888888888888,0.08888888888888889,0.044444444444444446,2.3333333333333335,0.2265746515746516,0.05704935704935705,0.013638638638638638,0.07795102795102794
2026-03-24,832037,BOS,MIN,6,83,25,6,13,6,0.2891566265060241,0.1566265060240964,0.07228915662650602,0.07228915662650602,3.25,0.2171532109032109,0.06500924000924001,0.02134009009009009,0.10012993762993763
2026-03-26,824541,BOS,CIN,3,75,16,0,19,6,0.04,0.25333333333333335,0.08,0.0,3.8,0.20504786992738802,0.06646522333269321,0.03152990339737328,0.1379352754051549
2026-03-28,824540,BOS,CIN,5,97,18,4,27,12,0.15463917525773196,0.27835051546391754,0.12371134020618557,0.041237113402061855,3.6666666666666665,0.21309544716171222,0.06872101944391101,0.026274919497811064,0.12161272950429576
2026-03-29,824538,BOS,CIN,2,71,14,2,16,10,0.14084507042253522,0.22535211267605634,0.14084507042253522,0.028169014084507043,3.857142857142857,0.22241759977631298,0.07657677955280738,0.02841237576984689,0.12633079318335808
2026-03-30,824214,BOS,HOU,1,70,17,4,18,4,0.22857142857142856,0.2571428571428571,0.05714285714285714,0.05714285714285714,3.625,0.2227844138887809,0.08461031591152335,0.02838195555917941,0.1281450778382552
2026-03-31,824212,BOS,HOU,2,74,15,3,19,8,0.17567567567567569,0.25675675675675674,0.10810810810810811,0.04054054054054054,3.3333333333333335,0.22660201869478935,0.08155837604833821,0.031577611290699165,0.13930356125305227
2026-04-01,824211,BOS,HOU,4,74,15,4,22,5,0.20270270270270271,0.2972972972972973,0.06756756756756757,0.05405405405405406,3.2,0.22961749250098612,0.0842133492543152,0.032473904215683295,0.1429407726953146
2026-04-03,824786,BOS,SD,5,65,13,2,14,2,0.16923076923076924,0.2153846153846154,0.03076923076923077,0.03076923076923077,3.272727272727273,0.2357702020279235,0.08270009637370178,0.03443573601917155,0.14837367542325897
2026-04-04,824782,BOS,SD,2,73,15,0,17,6,0.0684931506849315,0.2328767123287671,0.0821917808219178,0.0,3.4166666666666665,0.23407140314098115,0.07837252423999587,0.034130193915009814,0.15011176657388484
2026-04-05,824781,BOS,SD,6,79,21,2,17,7,0.189873417721519,0.21518987341772153,0.08860759493670886,0.02531645569620253,3.3076923076923075,0.23397950384773392,0.07866631320783601,0.03150479438308598,0.1438334115055038
2026-04-06,824783,BOS,MIL,6,88,22,1,15,11,0.09090909090909091,0.17045454545454544,0.125,0.011363636363636364,3.5,0.23263738738844733,0.07937640475989836,0.03106277019116574,0.14712198337807633
2026-04-07,824780,BOS,MIL,3,67,8,0,19,8,0.014925373134328358,0.2835820895522388,0.11940298507462686,0.0,3.9285714285714284,0.22942809667915662,0.0839093717928654,0.03187445850285405,0.15251658877268173
2026-04-08,824779,BOS,MIL,5,73,11,0,13,11,0.0136986301369863,0.1780821917808219,0.1506849315068493,0.0,4.071428571428571,0.23678713482177685,0.08846990247279907,0.03088239501079056,0.1476303059013242
2026-04-10,823076,BOS,STL,2,73,13,0,16,6,0.0410958904109589,0.2191780821917808,0.0821917808219178,0.0,4.0,0.2292370211072796,0.09537210800514159,0.028951893080288626,0.13895626983002787
2026-04-11,823074,BOS,STL,7,78,15,1,14,8,0.05128205128205128,0.1794871794871795,0.10256410256410256,0.01282051282051282,3.7142857142857144,0.231400534914629,0.09489374314321507,0.025777289905685452,0.1299869286689059
2026-04-12,823075,BOS,STL,9,78,18,3,8,5,0.14102564102564102,0.10256410256410256,0.0641025641025641,0.038461538461538464,3.7857142857142856,0.23303344016199207,0.09705623928161482,0.021529529633828794,0.11299588758147926
2026-04-13,823725,BOS,MIN,6,81,21,5,14,9,0.24691358024691357,0.1728395061728395,0.1111111111111111,0.06172839506172839,4.214285714285714,0.2222642093927613,0.0959207081460837,0.024276782381081545,0.12021200479759649
2026-04-14,823723,BOS,MIN,0,72,16,3,20,3,0.1388888888888889,0.2777777777777778,0.041666666666666664,0.041666666666666664,4.285714285714286,0.21472770872911287,0.09502069178214981,0.02574044535677201,0.12680303372539517
2026-04-15,823722,BOS,MIN,9,81,19,3,14,8,0.14814814814814814,0.1728395061728395,0.09876543209876543,0.037037037037037035,4.142857142857143,0.21847239909352154,0.08793652008530205,0.02670456339835484,0.12666330647299187
2026-04-17,824778,BOS,DET,0,69,8,0,15,5,0.043478260869565216,0.21739130434782608,0.07246376811594203,0.0,4.714285714285714,0.21245073116709173,0.0909095611535812,0.02526843339079626,0.12091878644275754
2026-04-18,824775,BOS,DET,1,72,13,1,19,6,0.08333333333333333,0.2638888888888889,0.08333333333333333,0.013888888888888888,4.571428571428571,0.20963891313788235,0.08836353686842649,0.022372680495043366,0.1114761139566068
2026-04-19,824777,BOS,DET,2,75,18,3,18,6,0.18666666666666668,0.24,0.08,0.04,4.357142857142857,0.20725259825156753,0.08948966299455262,0.01950374012610299,0.10294973043022326
2026-04-20,824776,BOS,DET,8,85,22,0,14,12,0.08235294117647059,0.16470588235294117,0.1411764705882353,0.0,4.142857142857143,0.20901084000980924,0.09300614651103613,0.020163080785443654,0.10419515167564451
2026-04-21,824773,BOS,NYY,0,73,14,1,13,7,0.0821917808219178,0.1780821917808219,0.0958904109589041,0.0136986301369863,4.571428571428571,0.20414149501153595,0.09721933863720167,0.020163080785443654,0.10518513671075444
2026-04-22,824774,BOS,NYY,1,68,11,1,18,4,0.10294117647058823,0.2647058823529412,0.058823529411764705,0.014705882352941176,4.142857142857143,0.20149094632318598,0.09773953978164418,0.019333236102642492,0.09749359121792579
2026-04-23,824770,BOS,NYY,2,70,14,2,22,3,0.11428571428571428,0.3142857142857143,0.04285714285714286,0.02857142857142857,3.7857142857142856,0.20822318467307138,0.09301264902534166,0.01957196795902141,0.09835302590088987
2026-04-24,824854,BOS,BAL,3,81,30,7,11,4,0.2962962962962963,0.13580246913580246,0.04938271604938271,0.08641975308641975,3.7142857142857144,0.2104163007254625,0.08754508886694994,0.021612784285552022,0.10545019312598887
2026-04-25,824851,BOS,BAL,17,85,23,3,16,7,0.18823529411764706,0.18823529411764706,0.08235294117647059,0.03529411764705882,3.5714285714285716,0.20739632053653254,0.08030921633427376,0.027785623791724858,0.12563574070879674
2026-04-26,824852,BOS,BAL,5,71,13,3,13,6,0.16901408450704225,0.18309859154929578,0.08450704225352113,0.04225352112676056,4.642857142857143,0.2051861213883801,0.08032072778817038,0.030306632195086204,0.1361456981164173
2026-04-27,822825,BOS,TOR,5,69,11,1,18,5,0.08695652173913043,0.2608695652173913,0.07246376811594203,0.014492753623188406,4.5,0.205444079392817,0.079030937765986,0.03240898993124676,0.14455512906105955
2026-04-28,822823,BOS,TOR,0,66,10,0,16,6,0.030303030303030304,0.24242424242424243,0.09090909090909091,0.0,4.214285714285714,0.21675161243948046,0.07962816662408442,0.03069693387136461,0.14069304911202304
2026-04-29,822821,BOS,TOR,1,74,19,3,9,5,0.13513513513513514,0.12162162162162163,0.06756756756756757,0.04054054054054054,3.7857142857142856,0.22172195074315212,0.07818516518108298,0.02628776279552687,0.12522086697317425
2026-05-01,824772,BOS,HOU,3,71,21,2,10,3,0.1267605633802817,0.14084507042253522,0.04225352112676056,0.028169014084507043,3.857142857142857,0.21056793958914097,0.08003522953114735,0.026207325215089287,0.12495274170504898
2026-05-02,824771,BOS,HOU,3,82,20,2,14,11,0.10975609756097561,0.17073170731707318,0.13414634146341464,0.024390243902439025,3.4285714285714284,0.2082826227498335,0.07599866446171842,0.02557389500419429,0.12342505707877281
2026-05-03,824769,BOS,HOU,1,86,19,1,20,9,0.09302325581395349,0.23255813953488372,0.10465116279069768,0.011627906976744186,3.642857142857143,0.20494979439049404,0.08040456255796645,0.02731605528293993,0.1281591882710164
2026-05-04,824283,BOS,DET,5,76,15,1,22,5,0.07894736842105263,0.2894736842105263,0.06578947368421052,0.013157894736842105,3.642857142857143,0.2027118837223508,0.08192726466206392,0.0271545565749296,0.1288513255910607
2026-05-05,824281,BOS,DET,10,79,19,4,23,5,0.1518987341772152,0.2911392405063291,0.06329113924050633,0.05063291139240506,3.857142857142857,0.20624571830881697,0.08091222706807895,0.02523726334184689,0.12115709000208827
2026-05-06,824282,BOS,DET,4,74,8,0,22,12,0.02702702702702703,0.2972972972972973,0.16216216216216217,0.0,4.0,0.2152766724626304,0.07534898911466974,0.028853899869875823,0.12612464664499862
2026-05-07,824767,BOS,TB,4,76,20,1,9,5,0.09210526315789473,0.11842105263157894,0.06578947368421052,0.013157894736842105,4.285714285714286,0.22379203714237864,0.08008268562918817,0.02787542628866252,0.12218430708822069
2026-05-08,824768,BOS,TB,2,66,9,2,19,5,0.09090909090909091,0.2878787878787879,0.07575757575757576,0.030303030303030304,4.5,0.21334312073370992,0.08058025307722003,0.027764855744655443,0.12141031328017116
2026-05-10,824765,BOS,TB,1,72,15,1,13,4,0.09722222222222222,0.18055555555555555,0.05555555555555555,0.013888888888888888,4.5,0.21145691170464373,0.08293028399867951,0.02788854158262699,0.1197405544675552
2026-05-12,824764,BOS,PHI,1,68,12,1,16,3,0.058823529411764705,0.23529411764705882,0.04411764705882353,0.014705882352941176,4.357142857142857,0.2146535607346261,0.08337120110626328,0.022707765568517647,0.10552097774797849
2026-05-13,824763,BOS,PHI,3,63,11,3,18,3,0.14285714285714285,0.2857142857142857,0.047619047619047616,0.047619047619047616,3.2142857142857144,0.21801490527244122,0.0806401086692885,0.021237177333223528,0.09627728026898688
2026-05-14,824762,BOS,PHI,1,76,16,1,24,3,0.10526315789473684,0.3157894736842105,0.039473684210526314,0.013157894736842105,3.0714285714285716,0.22534459771279766,0.07800525190968323,0.021620429225529748,0.09440892729399407
2026-05-15,824925,BOS,ATL,2,74,14,3,20,4,0.17567567567567569,0.2702702702702703,0.05405405405405406,0.04054054054054054,2.7857142857142856,0.22926744831757048,0.0756488173450107,0.021525082162219294,0.09571654416225166
2026-05-16,824924,BOS,ATL,3,69,11,2,8,3,0.15942028985507245,0.11594202898550725,0.043478260869565216,0.028985507246376812,2.9285714285714284,0.23125645030657244,0.07301631471250805,0.02442083505797219,0.10610030454601205
2026-05-17,824923,BOS,ATL,1,75,17,2,12,7,0.16,0.16,0.09333333333333334,0.02666666666666667,3.0714285714285716,0.23085076511827857,0.07129564994836504,0.023595475536960498,0.10783495845457901
2026-05-18,824114,BOS,KC,3,73,15,1,21,4,0.1232876712328767,0.2876712328767123,0.0547945205479452,0.0136986301369863,2.9285714285714284,0.23221897437381173,0.07494420796312022,0.023488165007114755,0.11020920392741602
2026-05-19,824112,BOS,KC,7,76,21,1,19,7,0.10526315789473684,0.25,0.09210526315789473,0.013157894736842105,2.9285714285714284,0.2405717976280717,0.06927622075487241,0.022724478309582418,0.1111757449039804
2026-05-20,824111,BOS,KC,4,77,19,3,18,4,0.19480519480519481,0.23376623376623376,0.05194805194805195,0.03896103896103896,3.357142857142857,0.24181764480415144,0.06838008506681506,0.022833763149589414,0.11205002362403635
2026-05-22,824761,BOS,MIN,6,84,17,2,18,9,0.11904761904761904,0.21428571428571427,0.10714285714285714,0.023809523809523808,3.2857142857142856,0.23783854120098766,0.06739141208566088,0.02467684487988919,0.12032558265147508
2026-05-23,824760,BOS,MIN,2,77,17,0,20,7,0.05194805194805195,0.2597402597402597,0.09090909090909091,0.0,3.0,0.23234900361380093,0.07052367765011451,0.022760888623969102,0.11797907442793247
2026-05-24,824759,BOS,MIN,5,81,23,2,19,6,0.18518518518518517,0.2345679012345679,0.07407407407407407,0.024691358024691357,2.857142857142857,0.2296663580740125,0.06543417256060942,0.022760888623969102,0.11975914763657712
2026-05-26,824758,BOS,ATL,6,79,18,5,18,7,0.24050632911392406,0.22784810126582278,0.08860759493670886,0.06329113924050633,2.9285714285714284,0.23796256154565457,0.06602592973131395,0.023584707430244045,0.12640771349566932
2026-05-27,824756,BOS,ATL,8,76,20,1,11,5,0.05263157894736842,0.14473684210526316,0.06578947368421052,0.013157894736842105,3.2142857142857144,0.2336746553590142,0.06694378824410918,0.02594100092577805,0.13709323051030023
2026-05-28,824757,BOS,ATL,2,82,19,3,21,8,0.18292682926829268,0.25609756097560976,0.0975609756097561,0.036585365853658534,3.7142857142857144,0.23111617582685046,0.06767478239615596,0.025888787057774705,0.13390818456209638
2026-05-29,824433,BOS,CLE,3,70,21,0,15,0,0.04285714285714286,0.21428571428571427,0.0,0.0,3.7857142857142856,0.23260213606460414,0.07149216300693687,0.027451607307825948,0.14277270598041983
2026-05-30,824431,BOS,CLE,9,83,17,1,21,9,0.14457831325301204,0.25301204819277107,0.10843373493975904,0.012048192771084338,3.7857142857142856,0.22750009524827755,0.06809080246271917,0.02405024676360826,0.13562984883756268
2026-05-31,824430,BOS,CLE,9,83,23,1,24,6,0.12048192771084337,0.2891566265060241,0.07228915662650602,0.012048192771084338,4.357142857142857,0.22301599342746045,0.07301652037195008,0.023970982337482707,0.1384380742202966
2026-06-02,824754,BOS,BAL,2,70,14,2,20,4,0.14285714285714285,0.2857142857142857,0.05714285714285714,0.02857142857142857,4.857142857142857,0.22436501887287144,0.0743190276985538,0.021935814639664403,0.13449566365138002
2026-06-03,824755,BOS,BAL,8,81,24,1,14,7,0.16049382716049382,0.1728395061728395,0.08641975308641975,0.012345679012345678,4.785714285714286,0.23649160863921276,0.07529507028950322,0.02190623759145382,0.13331258172295649
2026-06-04,824753,BOS,BAL,2,77,17,1,14,7,0.09090909090909091,0.18181818181818182,0.09090909090909091,0.012987012987012988,5.285714285714286,0.237408716222987,0.07480124312900939,0.02088330990185946,0.1333478550915632
2026-06-05,823538,BOS,NYY,5,72,15,4,13,5,0.18055555555555555,0.18055555555555555,0.06944444444444445,0.05555555555555555,5.214285714285714,0.22984778400452055,0.07738085529766266,0.020832480105432795,0.1310350993541499
2026-06-07,823537,BOS,NYY,1,68,16,2,16,2,0.14705882352941177,0.23529411764705882,0.029411764705882353,0.029411764705882353,5.071428571428571,0.22488746654420308,0.07576222538955905,0.02386088444962661,0.1364131277584941
2026-06-08,822972,BOS,TB,1,71,11,2,20,8,0.08450704225352113,0.28169014084507044,0.11267605633802817,0.028169014084507043,4.857142857142857,0.22499660110711917,0.07415249058654695,0.02317879343140114,0.13300267266736673
2026-06-09,822969,BOS,TB,3,69,18,0,7,1,0.10144927536231885,0.10144927536231885,0.014492753623188406,0.0,4.5,0.22981120300421604,0.07454771910048774,0.023490185593899943,0.13053548861064548
2026-06-10,822970,BOS,TB,5,74,19,4,20,4,0.20270270270270271,0.2702702702702703,0.05405405405405406,0.05405405405405406,4.571428571428571,0.21850470412007741,0.06908940929435184,0.023490185593899943,0.13407129028309311
2026-06-12,824752,BOS,TEX,10,74,17,3,12,3,0.21621621621621623,0.16216216216216217,0.04054054054054054,0.04054054054054054,4.571428571428571,0.2210548733369133,0.06765940786435042,0.025587521024568707,0.13532254153434436
2026-06-13,824749,BOS,TEX,6,75,21,2,20,3,0.09333333333333334,0.26666666666666666,0.04,0.02666666666666667,4.857142857142857,0.2163630205437947,0.06422604683605268,0.023962478260285438,0.13358753347022237
2026-06-14,824751,BOS,TEX,4,79,22,4,15,4,0.20253164556962025,0.189873417721519,0.05063291139240506,0.05063291139240506,4.714285714285714,0.22507229372675205,0.06238394157289478,0.02492739054098719,0.13649480164064845
2026-06-16,824750,BOS,TOR,1,79,15,4,19,10,0.189873417721519,0.24050632911392406,0.12658227848101267,0.05063291139240506,4.857142857142857,0.22034199778003133,0.059031936985941134,0.025930786650897653,0.13789514566217184
2026-06-17,824746,BOS,TOR,0,76,15,0,16,7,0.05263157894736842,0.21052631578947367,0.09210526315789473,0.0,4.714285714285714,0.22221489883918916,0.06807352830601347,0.02954742317892659,0.14839630815248442
2026-06-18,824748,BOS,TOR,3,68,15,4,12,1,0.2647058823529412,0.17647058823529413,0.014705882352941176,0.058823529411764705,4.071428571428571,0.21918020366752503,0.06690720889302317,0.028686837980991996,0.14182868427350986
2026-06-19,823124,BOS,SEA,6,68,12,2,19,4,0.14705882352941177,0.27941176470588236,0.058823529411764705,0.029411764705882353,3.642857142857143,0.21113120093390148,0.06279411787348281,0.032027933455326306,0.152130395319374
2026-06-20,823126,BOS,SEA,5,70,8,1,21,6,0.04285714285714286,0.3,0.08571428571428572,0.014285714285714285,3.9285714285714284,0.21068102086187265,0.0629141658926905,0.03208795746493014,0.15243051536739322
2026-06-21,823123,BOS,SEA,1,64,11,2,17,5,0.109375,0.265625,0.078125,0.03125,3.7142857142857144,0.21976391327809844,0.0628637753661095,0.032226531413027906,0.14402789506001099
2026-06-22,824344,BOS,COL,2,69,17,0,11,6,0.07246376811594203,0.15942028985507245,0.08695652173913043,0.0,3.642857142857143,0.22575011457679972,0.06195062601546015,0.03353103048538412,0.14534688856650452
2026-06-23,824340,BOS,COL,5,79,19,3,16,9,0.17721518987341772,0.20253164556962025,0.11392405063291139,0.0379746835443038,3.4285714285714284,0.22424045274105092,0.06320148867936629,0.029562776517130154,0.13762604660653213
2026-06-24,824341,BOS,COL,6,80,25,2,19,2,0.1875,0.2375,0.025,0.025,3.7142857142857144,0.22190027616409105,0.06923808053129694,0.030174413577017396,0.1397800727739611
2026-06-25,824747,BOS,NYY,6,77,15,2,20,6,0.1038961038961039,0.2597402597402597,0.07792207792207792,0.025974025974025976,4.071428571428571,0.21874383753230028,0.06297550507858063,0.029948055428124037,0.1471367126129953
2026-06-26,824743,BOS,NYY,6,68,12,1,9,6,0.1323529411764706,0.1323529411764706,0.08823529411764706,0.014705882352941176,4.285714285714286,0.23005033641643893,0.06750617109992989,0.03180334299769732,0.14731148607969424
2026-06-27,824745,BOS,NYY,4,65,10,3,15,5,0.15384615384615385,0.23076923076923078,0.07692307692307693,0.046153846153846156,4.357142857142857,0.22019909862402468,0.06994768824732939,0.02899275930476069,0.1422865031135348
2026-06-28,824744,BOS,NYY,4,74,9,0,20,6,0.013513513513513514,0.2702702702702703,0.08108108108108109,0.0,3.9285714285714284,0.22509960352452957,0.07254644084608199,0.029393709705711087,0.13783149865853037
2026-06-29,824741,BOS,WSH,6,68,16,3,16,3,0.16176470588235295,0.23529411764705882,0.04411764705882353,0.04411764705882353,3.7857142857142856,0.22535700378192983,0.07548080378044493,0.027488947800949185,0.13213008295711465
2026-06-30,824742,BOS,WSH,1,72,16,1,21,5,0.09722222222222222,0.2916666666666667,0.06944444444444445,0.013888888888888888,3.9285714285714284,0.22860133949089695,0.07501542775661767,0.027023571777121936,0.1292181586937384
2026-07-01,824740,BOS,WSH,2,88,22,3,20,14,0.18181818181818182,0.22727272727272727,0.1590909090909091,0.03409090909090909,3.9285714285714284,0.23225564931609283,0.07093415389686279,0.024398998741156492,0.12260021615807437
2026-07-03,824013,BOS,LAA,5,73,18,2,17,3,0.136986301369863,0.2328767123287671,0.0410958904109589,0.0273972602739726,4.071428571428571,0.2334518215648967,0.0757188428920781,0.026834063676221424,0.13182783064884673
2026-07-04,824012,BOS,LAA,8,74,11,3,15,9,0.16216216216216217,0.20270270270270271,0.12162162162162163,0.04054054054054054,4.214285714285714,0.23748083042871618,0.07760384346765081,0.024589330166379132,0.12270500343576973
2026-07-05,824010,BOS,LAA,7,79,19,3,24,4,0.13924050632911392,0.3037974683544304,0.05063291139240506,0.0379746835443038,4.357142857142857,0.23200161171420336,0.08208942148264058,0.025384242725997576,0.12378381333810906
2026-07-07,824579,BOS,CWS,8,78,15,2,18,9,0.11538461538461539,0.23076923076923078,0.11538461538461539,0.02564102564102564,4.5,0.2322728594538055,0.07958360903107767,0.027076311958753967,0.1306683393003927
2026-07-08,824578,BOS,CWS,5,72,14,0,17,4,0.041666666666666664,0.2361111111111111,0.05555555555555555,0.0,5.0,0.2297831616516077,0.08224501012997877,0.026675670933112943,0.13109759754215095
2026-07-09,824577,BOS,CWS,2,70,11,1,15,5,0.04285714285714286,0.21428571428571427,0.07142857142857142,0.014285714285714285,5.214285714285714,0.23526107745561048,0.08000208397400914,0.026675670933112943,0.12889780458148842
2026-07-10,823604,BOS,NYM,6,80,21,3,13,6,0.1625,0.1625,0.075,0.0375,5.0,0.23610065379247433,0.07696669260227058,0.02498360170035655,0.11930080122318307
2026-07-11,823603,BOS,NYM,4,74,9,2,17,12,0.12162162162162163,0.22972972972972974,0.16216216216216217,0.02702702702702703,5.0,0.23074351093533146,0.08053812117369914,0.02587645884321369,0.11751508693746879
2026-07-12,823602,BOS,NYM,3,74,10,1,20,5,0.0945945945945946,0.2702702702702703,0.06756756756756757,0.013513513513513514,4.857142857142857,0.22859990164886504,0.08655527004799089,0.02595167320414234,0.11878119534643435
2026-07-17,824737,BOS,TB,5,70,15,4,14,5,0.2,0.2,0.07142857142857142,0.05714285714285714,4.642857142857143,0.23845113944127933,0.08507900386584234,0.02586650400132608,0.11608417059058605
2026-07-17,824766,BOS,TB,10,73,18,2,12,3,0.1232876712328767,0.1643835616438356,0.0410958904109589,0.0273972602739726,4.714285714285714,0.2362533372434771,0.08468653918766338,0.026651433357684003,0.11938087388728934
2026-07-18,824738,BOS,TB,7,73,16,5,15,6,0.3013698630136986,0.2054794520547945,0.0821917808219178,0.0684931506849315,5.142857142857143,0.2286900009130175,0.0818304541397975,0.028608380520110617,0.12722188515295813
2026-07-19,824739,BOS,TB,6,74,14,2,13,9,0.12162162162162163,0.17567567567567569,0.12162162162162163,0.02702702702702703,5.214285714285714,0.22656038194214148,0.08455003512287565,0.030349487921975473,0.1371936820909114
2026-07-20,824736,BOS,BAL,6,75,20,2,24,2,0.17333333333333334,0.32,0.02666666666666667,0.02666666666666667,5.571428571428571,0.2182753111570707,0.08827697634981689,0.03128792636041391,0.13893649633372565
2026-07-22,824732,BOS,BAL,1,75,14,0,13,5,0.06666666666666667,0.17333333333333334,0.06666666666666667,0.0,5.857142857142857,0.2248986877804473,0.07881810189094243,0.030757623330110884,0.13833043572766504
2026-07-22,824735,BOS,BAL,6,72,20,2,11,2,0.16666666666666666,0.1527777777777778,0.027777777777777776,0.027777777777777776,5.571428571428571,0.22064558928077346,0.08064458590920727,0.02880067616768427,0.13330760467743671
2026-07-24,824733,BOS,TOR,6,82,21,3,21,7,0.17073170731707318,0.25609756097560976,0.08536585365853659,0.036585365853658534,5.428571428571429,0.2170795232147074,0.07394145420607558,0.027889050256058357,0.13362935499918704
2026-07-25,824734,BOS,TOR,0,71,16,1,21,4,0.09859154929577464,0.29577464788732394,0.056338028169014086,0.014084507042253521,5.357142857142857,0.21367238697336305,0.0764223786536564,0.027789813278155124,0.135878726498327
2026-07-26,824730,BOS,TOR,6,71,19,0,16,3,0.056338028169014086,0.22535211267605634,0.04225352112676056,0.0,4.785714285714286,0.21831563105322685,0.07220476528111344,0.02696434766395711,0.1346792217776955
2026-07-27,824977,BOS,ATH,4,71,11,3,19,5,0.16901408450704225,0.2676056338028169,0.07042253521126761,0.04225352112676056,4.857142857142857,0.21754713116500865,0.07125461996477093,0.02696434766395711,0.13572717617072033
2026-07-28,824976,BOS,ATH,3,72,17,2,16,8,0.125,0.2222222222222222,0.1111111111111111,0.027777777777777776,5.0,0.2213556968448017,0.07118276023496353,0.028962048152603274,0.14473838628857028
2026-07-29,824973,BOS,ATH,4,87,20,4,26,6,0.16091954022988506,0.2988505747126437,0.06896551724137931,0.04597701149425287,4.785714285714286,0.22562156986067475,0.0737621253143286,0.028267603708158832,0.14205981485999886
2026-07-30,824974,BOS,ATH,5,74,17,2,17,4,0.16216216216216217,0.22972972972972974,0.05405405405405406,0.02702702702702703,4.785714285714286,0.23055877307374,0.06710522210570126,0.029621174027246393,0.1448668090463034
2026-07-31,823922,BOS,LAD,9,84,22,2,14,8,0.10714285714285714,0.16666666666666666,0.09523809523809523,0.023809523809523808,4.928571428571429,0.22766302017798715,0.06613997114045031,0.03058642499249736,0.1496930638725582
2026-08-01,823920,BOS,LAD,3,67,14,3,13,3,0.16417910447761194,0.19402985074626866,0.04477611940298507,0.04477611940298507,5.214285714285714,0.22528206779703472,0.06784065141255914,0.02820547261154498,0.14306041081133375
2026-08-02,823919,BOS,LAD,8,82,18,4,17,8,0.17073170731707318,0.2073170731707317,0.0975609756097561,0.04878048780487805,4.714285714285714,0.22739965987577992,0.06810352491198958,0.029446819692188726,0.14598122747167194
2026-08-04,824731,BOS,CWS,14,76,21,4,10,8,0.21052631578947367,0.13157894736842105,0.10526315789473684,0.05263157894736842,4.785714285714286,0.2275309185269183,0.06920132453969231,0.028038772343613478,0.1366499306361987
2026-08-05,824728,BOS,CWS,4,68,11,1,22,7,0.07352941176470588,0.3235294117647059,0.10294117647058823,0.014705882352941176,5.357142857142857,0.22438115221925728,0.06803286284491483,0.029867668909352146,0.14300026593390244
2026-08-06,824729,BOS,CWS,11,121,29,3,25,14,0.1322314049586777,0.2066115702479339,0.11570247933884298,0.024793388429752067,5.214285714285714,0.2246332530595934,0.07348104211662351,0.02901332717265747,0.13587141439328618
2026-08-07,824727,BOS,ATH,13,73,17,2,21,5,0.1643835616438356,0.2876712328767123,0.0684931506849315,0.0273972602739726,5.928571428571429,0.22701026998206486,0.07698360016463611,0.030784283489068334,0.1405546099855727
2026-08-08,824726,BOS,ATH,3,82,18,2,22,8,0.15853658536585366,0.2682926829268293,0.0975609756097561,0.024390243902439025,6.428571428571429,0.23664551677484594,0.07989184108657567,0.030757103667367964,0.14039153105537047
2026-08-09,824724,BOS,ATH,3,75,15,0,15,4,0.06666666666666667,0.2,0.05333333333333334,0.0,6.214285714285714,0.23751659691421875,0.08076292122594848,0.029886023527995142,0.13952045091599766
2026-08-10,822780,BOS,TOR,1,71,13,1,12,6,0.07042253521126761,0.16901408450704225,0.08450704225352113,0.014084507042253521,6.428571428571429,0.23067555063655276,0.08054830016625701,0.028879987310691323,0.13724010215677565
2026-08-11,822778,BOS,TOR,3,76,17,2,14,10,0.11842105263157894,0.18421052631578946,0.13157894736842105,0.02631578947368421,6.071428571428571,0.22665140576733744,0.08356640881816846,0.029886023527995142,0.13824613837407945
2026-08-12,822779,BOS,TOR,4,75,20,1,10,7,0.09333333333333334,0.13333333333333333,0.09333333333333334,0.013333333333333334,6.0,0.2206946123754069,0.08793472397225087,0.028747614124203975,0.13463235038297494
2026-08-13,822776,BOS,TOR,7,73,12,1,11,8,0.0547945205479452,0.1506849315068493,0.1095890410958904,0.0136986301369863,6.071428571428571,0.21434540602620053,0.08666488270240959,0.027715868092457942,0.13237044562107017
2026-08-14,823346,BOS,PIT,4,74,18,2,18,5,0.13513513513513514,0.24324324324324326,0.06756756756756757,0.02702702702702703,6.285714285714286,0.20376214579721524,0.08956656297773181,0.02541026942408176,0.1247900870723602
2026-08-15,823347,BOS,PIT,4,70,15,1,21,5,0.11428571428571428,0.3,0.07142857142857142,0.014285714285714285,6.214285714285714,0.20472739676246623,0.09053181394298278,0.02541026942408176,0.12285958514185827
2026-08-16,823344,BOS,PIT,3,72,16,1,20,7,0.09722222222222222,0.2777777777777778,0.09722222222222222,0.013888888888888888,5.857142857142857,0.21425120628627575,0.08883113367087393,0.02472999731523822,0.12336978922349093
2026-08-17,824725,BOS,AZ,11,77,20,2,8,4,0.18181818181818182,0.1038961038961039,0.05194805194805195,0.025974025974025976,5.857142857142857,0.2202332010742407,0.09257728387224802,0.022523766564231353,0.11858715477667736
2026-08-18,824723,BOS,AZ,9,78,20,3,9,9,0.14102564102564102,0.11538461538461539,0.11538461538461539,0.038461538461538464,6.071428571428571,0.21284598898319582,0.08931921789641202,0.020894733576313346,0.11937904581247084
2026-08-19,824722,BOS,AZ,6,87,19,4,20,10,0.1839080459770115,0.22988505747126436,0.11494252873563218,0.04597701149425287,5.714285714285714,0.2116892509843526,0.09004217914568904,0.019882587827325493,0.1144147119007685
2026-08-21,824721,BOS,SF,6,76,18,3,15,8,0.19736842105263158,0.19736842105263158,0.10526315789473684,0.039473684210526314,5.857142857142857,0.20500036853482104,0.09089941859319219,0.022116239908847757,0.12229890005879032
2026-08-22,824718,BOS,SF,2,79,16,2,19,10,0.10126582278481013,0.24050632911392406,0.12658227848101267,0.02531645569620253,5.5,0.20434014359229943,0.09015375277575603,0.023164832464617344,0.12695154406550133
2026-08-23,824720,BOS,SF,5,71,19,2,12,2,0.16901408450704225,0.16901408450704225,0.028169014084507043,0.028169014084507043,4.714285714285714,0.20097122189495745,0.09430297618976183,0.0230162035662052,0.1224431341469995
2026-08-24,823828,BOS,MIA,4,84,18,0,14,10,0.08333333333333333,0.16666666666666666,0.11904761904761904,0.0,4.857142857142857,0.19387989343640122,0.0893464075093869,0.023286115722067197,0.12319152694279868
2026-08-25,823826,BOS,MIA,7,90,14,4,21,10,0.14444444444444443,0.23333333333333334,0.1111111111111111,0.044444444444444446,4.928571428571429,0.19149894105544882,0.0940402850604073,0.023286115722067197,0.12438200313327488
2026-08-26,823825,BOS,MIA,0,74,15,0,12,6,0.013513513513513514,0.16216216216216217,0.08108108108108109,0.0,5.357142857142857,0.19609317311446964,0.09594057569309232,0.02545468267936655,0.1296692823642161
2026-08-28,823504,BOS,NYY,0,68,8,1,20,10,0.08823529411764706,0.29411764705882354,0.14705882352941177,0.014705882352941176,5.142857142857143,0.1945182899606391,0.09233358524399658,0.023574983431246248,0.1221758867129257
2026-08-29,823501,BOS,NYY,2,75,19,1,15,3,0.08,0.2,0.04,0.013333333333333334,4.857142857142857,0.20600288379817414,0.0961711202580022,0.023673022646932523,0.1218117410546624
2026-08-29,823539,BOS,NYY,6,71,13,1,17,3,0.07042253521126761,0.23943661971830985,0.04225352112676056,0.014084507042253521,4.5,0.20952538869054202,0.0912004744654386,0.02364693001810017,0.12361213244409489
2026-08-30,823502,BOS,NYY,1,80,25,5,11,8,0.2125,0.1375,0.1,0.0625,4.642857142857143,0.20925348701018961,0.08939232829109524,0.022722464304902063,0.11898980387810433
2026-08-31,824719,BOS,SEA,8,89,23,4,17,8,0.24719101123595505,0.19101123595505617,0.0898876404494382,0.0449438202247191,4.428571428571429,0.19764634415304677,0.09143314461762585,0.02616634185592247,0.1260051100005533
2026-09-01,824716,BOS,SEA,6,87,25,5,18,7,0.25287356321839083,0.20689655172413793,0.08045977011494253,0.05747126436781609,4.785714285714286,0.19144873402285237,0.09090924591956985,0.028384551237053197,0.1367171663586771
2026-09-02,824717,BOS,SEA,3,81,24,1,10,6,0.1111111111111111,0.12345679012345678,0.07407407407407407,0.012345679012345678,4.428571428571429,0.19880590886771193,0.09294579721720488,0.030634353979466778,0.1417925507444063
2026-09-03,824796,BOS,BAL,6,73,14,7,23,4,0.3013698630136986,0.3150684931506849,0.0547945205479452,0.0958904109589041,4.0,0.19938249277762918,0.08999504426645193,0.028768935447381575,0.13965579860765417
2026-09-04,824797,BOS,BAL,1,71,11,1,15,5,0.04225352112676056,0.2112676056338028,0.07042253521126761,0.014084507042253521,4.0,0.20546702389758778,0.08569875796733144,0.032334178266285235,0.14804592839598896
2026-03-20,831902,CHC,CIN,6,85,25,5,15,8,0.23529411764705882,0.17647058823529413,0.09411764705882353,0.058823529411764705,,,,,
2026-03-20,831931,CHC,ATH,2,76,17,5,24,6,0.21052631578947367,0.3157894736842105,0.07894736842105263,0.06578947368421052,,,,,
2026-03-21,831923,CHC,SEA,7,75,20,1,19,6,0.10666666666666667,0.25333333333333335,0.08,0.013333333333333334,,,,,
2026-03-22,831789,CHC,MIL,12,79,18,2,15,9,0.1518987341772152,0.189873417721519,0.11392405063291139,0.02531645569620253,5.0,0.248531131750946,0.08435500515995871,0.045982112143102855,0.18416236670106637
2026-03-23,831780,CHC,NYY,15,88,31,6,18,8,0.2840909090909091,0.20454545454545456,0.09090909090909091,0.06818181818181818,6.75,0.23386670324358927,0.09174726652819688,0.04081569803137777,0.1760964585701036
2026-03-24,831779,CHC,NYY,3,78,18,5,16,6,0.2692307692307692,0.20512820512820512,0.07692307692307693,0.0641025641025641,8.4,0.22800245350396234,0.0915796314043757,0.046288922061465856,0.1976953486742647
2026-03-26,824704,CHC,WSH,4,80,19,3,21,8,0.15,0.2625,0.1,0.0375,7.5,0.22419007877466945,0.08913687232415923,0.049257862401648894,0.20961791876701544
2026-03-28,824701,CHC,WSH,10,73,14,3,13,10,0.136986301369863,0.1780821917808219,0.136986301369863,0.0410958904109589,7.0,0.22966292466400237,0.0906887477064222,0.047578167772841906,0.20110107322887036
2026-03-29,824700,CHC,WSH,3,74,15,5,19,5,0.25675675675675674,0.25675675675675674,0.06756756756756757,0.06756756756756757,7.375,0.22321533305360483,0.0964759419143523,0.04676788310260653,0.19308672674649446
2026-03-30,824702,CHC,LAA,7,71,14,2,14,8,0.09859154929577464,0.19718309859154928,0.11267605633802817,0.028169014084507043,6.888888888888889,0.2269421579095106,0.0932639003202651,0.049078959154268874,0.2001611745254125
2026-03-31,824699,CHC,LAA,0,73,9,0,17,11,0.0273972602739726,0.2328767123287671,0.1506849315068493,0.0,6.9,0.22396625197771444,0.09520511592204142,0.04698796464729269,0.1900042120024487
2026-04-01,824698,CHC,LAA,6,73,14,0,26,7,0.0410958904109589,0.3561643835616438,0.0958904109589041,0.0,6.2727272727272725,0.22477629382781014,0.10024873552066031,0.04271633149753881,0.17522176184531452
2026-04-03,824458,CHC,CLE,1,67,14,2,15,6,0.13432835820895522,0.22388059701492538,0.08955223880597014,0.029850746268656716,6.25,0.23572530130562963,0.09988554180718062,0.03915663720607724,0.16404460589245154
2026-04-05,824459,CHC,CLE,1,66,3,0,15,8,0.015151515151515152,0.22727272727272727,0.12121212121212122,0.0,5.846153846153846,0.23481417020634468,0.09909067234554905,0.038440799441660276,0.16175874068602875
2026-04-05,824460,CHC,CLE,5,77,16,4,16,10,0.19480519480519481,0.2077922077922078,0.12987012987012986,0.05194805194805195,5.5,0.23427549571108633,0.1006707758360185,0.03569502805297026,0.1512867960049921
2026-04-06,823002,CHC,TB,4,68,13,4,14,5,0.23529411764705882,0.20588235294117646,0.07352941176470588,0.058823529411764705,5.428571428571429,0.23651275425086585,0.10322452460825467,0.03520392251984792,0.14839473008771606
2026-04-07,822999,CHC,TB,9,81,22,2,10,6,0.12345679012345678,0.12345679012345678,0.07407407407407407,0.024691358024691357,5.571428571428571,0.22866224562636342,0.1028375277042299,0.034706355071816075,0.15016385879182928
2026-04-08,823000,CHC,TB,6,72,13,1,14,6,0.08333333333333333,0.19444444444444445,0.08333333333333333,0.013888888888888888,5.714285714285714,0.21938534968280082,0.10241424728094947,0.035517642549770224,0.15136315332445713
2026-04-10,824695,CHC,PIT,0,69,9,1,17,8,0.043478260869565216,0.2463768115942029,0.11594202898550725,0.014492753623188406,5.285714285714286,0.2197118515915812,0.10022919604526533,0.03470138777781924,0.14646562469275132
2026-04-11,824697,CHC,PIT,3,98,20,0,26,13,0.02040816326530612,0.2653061224489796,0.1326530612244898,0.0,4.214285714285714,0.22269980566649178,0.10201726305072363,0.03086645459505997,0.12927900696265532
2026-04-12,824696,CHC,PIT,6,80,17,5,22,10,0.225,0.275,0.125,0.0625,4.214285714285714,0.2269982283322614,0.10599797621511027,0.026287700016305395,0.11150596367940795
2026-04-13,823481,CHC,PHI,7,89,26,3,17,10,0.14606741573033707,0.19101123595505617,0.11235955056179775,0.033707865168539325,4.357142857142857,0.22789108547511855,0.10778369050082455,0.02807341430201968,0.11686310653655083
2026-04-14,823478,CHC,PHI,10,82,23,2,19,7,0.10975609756097561,0.23170731707317074,0.08536585365853659,0.024390243902439025,4.142857142857143,0.22881458863042098,0.10602463687167704,0.02754569821327543,0.11751175756229895
2026-04-15,823477,CHC,PHI,11,76,20,4,20,3,0.21052631578947367,0.2631578947368421,0.039473684210526314,0.05263157894736842,4.642857142857143,0.22702534293873627,0.10729594302103196,0.024461603665766243,0.107011710476886
2026-04-17,824693,CHC,NYM,12,80,28,3,12,6,0.175,0.15,0.075,0.0375,4.928571428571429,0.23173782837768578,0.10206720215478182,0.026208929727399195,0.11500705094072165
2026-04-18,824694,CHC,NYM,4,69,12,3,10,7,0.14492753623188406,0.14492753623188406,0.10144927536231885,0.043478260869565216,5.785714285714286,0.22581806321134526,0.0966611356185783,0.028887501155970628,0.12555010377829504
2026-04-19,824691,CHC,NYM,1,74,13,1,17,3,0.0945945945945946,0.22972972972972974,0.04054054054054054,0.013513513513513514,5.642857142857143,0.21072971697350526,0.09705819736167935,0.03199309121808243,0.13296664990836113
2026-04-20,824692,CHC,PHI,5,74,14,1,15,10,0.08108108108108109,0.20270270270270271,0.13513513513513514,0.013513513513513514,5.642857142857143,0.21114751216741987,0.09355736177129152,0.03082614602128649,0.13012852393590682
2026-04-21,824690,CHC,PHI,7,85,18,4,9,12,0.1411764705882353,0.10588235294117647,0.1411764705882353,0.047058823529411764,5.928571428571429,0.2093925104124181,0.09455186276579251,0.03179139698653745,0.13483777864516153
2026-04-22,824688,CHC,PHI,7,74,22,2,19,1,0.16216216216216217,0.25675675675675674,0.013513513513513514,0.02702702702702703,6.071428571428571,0.20211323506591589,0.0953594585313715,0.03144216638520601,0.13100715548680728
2026-04-23,824689,CHC,PHI,7,96,26,6,14,10,0.22916666666666666,0.14583333333333334,0.10416666666666667,0.0625,6.285714285714286,0.20574712105274304,0.09107260865628632,0.02917098764343903,0.1257834443807432
2026-04-24,823962,CHC,LAD,6,74,17,3,19,5,0.20270270270270271,0.25675675675675674,0.06756756756756757,0.04054054054054054,6.142857142857143,0.2073454455677342,0.09322207955575722,0.03187160492738965,0.13333414984811537
2026-04-25,823960,CHC,LAD,4,82,23,4,18,8,0.2073170731707317,0.21951219512195122,0.0975609756097561,0.04878048780487805,6.142857142857143,0.21179632501861367,0.09209595342963109,0.03377529433107906,0.14186053337449886
2026-04-26,823959,CHC,LAD,0,73,11,1,16,9,0.1095890410958904,0.2191780821917808,0.1232876712328767,0.0136986301369863,6.428571428571429,0.20987742384202426,0.09078302104564887,0.036224418201199746,0.15356330568172508
2026-04-27,823311,CHC,SD,7,80,22,3,16,7,0.175,0.2,0.0875,0.0375,6.214285714285714,0.20658256382365292,0.0901140646176765,0.037202891782413046,0.15993336838390967
2026-04-28,823310,CHC,SD,8,79,14,2,17,7,0.10126582278481013,0.21518987341772153,0.08860759493670886,0.02531645569620253,6.285714285714286,0.20122542096651005,0.08743549318910507,0.035417177496698767,0.1563619398124811
2026-04-29,823312,CHC,SD,5,74,12,4,11,9,0.20270270270270271,0.14864864864864866,0.12162162162162163,0.05405405405405406,6.357142857142857,0.20295246649955762,0.08573892493017017,0.034817791105817564,0.15316182603065773
2026-05-01,824686,CHC,AZ,6,77,19,1,18,6,0.1038961038961039,0.23376623376623376,0.07792207792207792,0.012987012987012988,6.0,0.19701970446923459,0.08832862264181908,0.03693663468807578,0.15980086925506679
2026-05-02,824685,CHC,AZ,2,65,9,1,13,5,0.12307692307692308,0.2,0.07692307692307693,0.015384615384615385,5.642857142857143,0.19492030011419112,0.09107493647835849,0.03410487997662182,0.15218442554839753
2026-05-03,824687,CHC,AZ,8,79,19,3,16,9,0.21518987341772153,0.20253164556962025,0.11392405063291139,0.0379746835443038,4.928571428571429,0.19849172868561973,0.09121229911572114,0.03252520964695149,0.1484756343396063
2026-05-04,824684,CHC,CIN,4,77,16,4,17,10,0.19480519480519481,0.22077922077922077,0.12987012987012986,0.05194805194805195,5.214285714285714,0.20260630792402942,0.09210335449219202,0.03213209698086139,0.15349437271002328
2026-05-05,824682,CHC,CIN,2,81,14,3,16,9,0.1111111111111111,0.19753086419753085,0.1111111111111111,0.037037037037037035,5.428571428571429,0.20196698585613593,0.09848403944430555,0.03487742115475699,0.16065227272506613
2026-05-06,824683,CHC,CIN,6,85,20,4,18,8,0.15294117647058825,0.21176470588235294,0.09411764705882353,0.047058823529411764,5.214285714285714,0.20159756882005223,0.09676803772830382,0.03655767283500867,0.1627972748700683
2026-05-07,824681,CHC,CIN,8,83,16,3,15,15,0.1566265060240964,0.18072289156626506,0.18072289156626506,0.03614457831325301,5.142857142857143,0.20916059403013626,0.0934066931904887,0.03655767283500867,0.1636376110045221
2026-05-08,822904,CHC,TEX,7,75,11,1,10,11,0.08,0.13333333333333333,0.14666666666666667,0.013333333333333334,5.214285714285714,0.20372960365938683,0.10535022019425667,0.03720892649831053,0.16324220699466022
2026-05-09,822905,CHC,TEX,0,72,14,2,16,10,0.125,0.2222222222222222,0.1388888888888889,0.027777777777777776,5.214285714285714,0.20283674651652972,0.10838593447997094,0.03369702173640577,0.15258744508989833
2026-05-10,822902,CHC,TEX,0,63,10,1,18,2,0.07936507936507936,0.2857142857142857,0.031746031746031744,0.015873015873015872,4.785714285714286,0.20036999404977723,0.11348031457435105,0.03278539582477986,0.14703725203970527
2026-05-12,824927,CHC,ATL,2,68,12,3,14,7,0.14705882352941177,0.20588235294117646,0.10294117647058823,0.04411764705882353,4.5,0.20509871480637257,0.10877924715551358,0.030434862115361127,0.1378978239107301
2026-05-13,824928,CHC,ATL,1,64,12,2,17,5,0.109375,0.265625,0.078125,0.03125,4.642857142857143,0.2041490198599008,0.10732592610106441,0.0326076490383495,0.14057423694169593
2026-05-14,824926,CHC,ATL,2,70,11,1,23,4,0.04285714285714286,0.32857142857142857,0.05714285714285714,0.014285714285714285,4.214285714285714,0.20883651985990084,0.10665628324392155,0.03216122046692093,0.13588673694169592
2026-05-15,824601,CHC,CWS,10,85,22,3,14,10,0.17647058823529413,0.16470588235294117,0.11764705882352941,0.03529411764705882,3.7857142857142856,0.2169352023708799,0.10440880197293215,0.03137331036617177,0.13171468837543399
2026-05-16,824600,CHC,CWS,3,70,16,7,15,4,0.34285714285714286,0.21428571428571427,0.05714285714285714,0.1,4.142857142857143,0.2180821476354722,0.10412490463021129,0.030033314908529254,0.12984096591347624
2026-05-17,824599,CHC,CWS,8,93,21,4,15,12,0.17204301075268819,0.16129032258064516,0.12903225806451613,0.043010752688172046,3.9285714285714284,0.21669068195829227,0.10264067457455264,0.03624852826659975,0.14690961155355042
2026-05-18,824680,CHC,MIL,3,78,20,3,14,7,0.1794871794871795,0.1794871794871795,0.08974358974358974,0.038461538461538464,4.357142857142857,0.2139257049997669,0.1063627589417983,0.03822182378828237,0.15040718924467653
2026-05-19,824677,CHC,MIL,2,78,17,1,20,5,0.0641025641025641,0.2564102564102564,0.0641025641025641,0.01282051282051282,4.0,0.212279671708164,0.1046355831639896,0.03825659913951342,0.14785699682106637
2026-05-20,824678,CHC,MIL,0,69,10,0,22,6,0.043478260869565216,0.3188405797101449,0.08695652173913043,0.0,3.857142857142857,0.21482474568180937,0.09993789989487778,0.03546177491611777,0.13852109462802134
2026-05-22,824679,CHC,HOU,2,80,13,2,16,9,0.0875,0.2,0.1125,0.025,3.7142857142857144,0.2234897253612818,0.09821257208259346,0.03281627227061513,0.13369017675362518
2026-05-23,824674,CHC,HOU,0,66,9,2,14,7,0.10606060606060606,0.21212121212121213,0.10606060606060606,0.030303030303030304,3.4285714285714284,0.22264938922682803,0.09952559729267747,0.031240642018514283,0.12901580700572604
2026-05-24,824676,CHC,HOU,5,77,16,4,13,9,0.18181818181818182,0.16883116883116883,0.11688311688311688,0.05194805194805195,2.857142857142857,0.22489212640932424,0.09419257689941611,0.03082338858921266,0.12540395700833387
2026-05-25,823380,CHC,PIT,1,69,14,2,16,5,0.10144927536231885,0.2318840579710145,0.07246376811594203,0.028985507246376812,2.7142857142857144,0.22742768608774108,0.09206518048630542,0.03358158277597828,0.13267668428106114
2026-05-26,823379,CHC,PIT,1,82,23,2,17,4,0.13414634146341464,0.2073170731707317,0.04878048780487805,0.024390243902439025,2.7857142857142856,0.22811781721265484,0.0873205290025235,0.033667849166592496,0.13099448966408392
2026-05-27,823376,CHC,PIT,10,86,21,4,19,11,0.18604651162790697,0.22093023255813954,0.12790697674418605,0.046511627906976744,2.857142857142857,0.22251801631668666,0.08853727586386968,0.03427622259726558,0.13490743695682214
2026-05-28,823378,CHC,PIT,7,79,14,2,22,11,0.10126582278481013,0.27848101265822783,0.13924050632911392,0.02531645569620253,3.4285714285714284,0.22359286486075547,0.09032054731198379,0.03444722122927652,0.13769227182100036
2026-05-29,823055,CHC,STL,5,75,20,4,13,2,0.21333333333333335,0.17333333333333334,0.02666666666666667,0.05333333333333334,3.857142857142857,0.22451115147920034,0.09468594062120621,0.03402339663614813,0.13711304487705825
2026-05-30,823054,CHC,STL,6,78,17,1,14,5,0.07692307692307693,0.1794871794871795,0.0641025641025641,0.01282051282051282,4.071428571428571,0.21342271610505065,0.09250906987290688,0.03681251228240663,0.14928991562535754
2026-05-31,823053,CHC,STL,1,69,15,1,13,5,0.057971014492753624,0.18840579710144928,0.07246376811594203,0.014492753623188406,3.7857142857142856,0.21447852304321052,0.08868446310712366,0.03520725479479621,0.14217937910305634
2026-06-02,824675,CHC,ATH,1,67,10,1,14,3,0.04477611940298507,0.208955223880597,0.04477611940298507,0.014925373134328358,3.642857142857143,0.21262995753004876,0.08977881389091545,0.02909959433930966,0.12183036993417139
2026-06-03,824671,CHC,ATH,4,79,19,3,15,4,0.21518987341772153,0.189873417721519,0.05063291139240506,0.0379746835443038,3.142857142857143,0.21603459333718816,0.08376051827223464,0.0270934957997494,0.11273987769490687
2026-06-04,824672,CHC,ATH,6,73,18,6,18,4,0.3013698630136986,0.2465753424657534,0.0547945205479452,0.0821917808219178,3.2142857142857144,0.21677646749678386,0.08096689839000717,0.02705872044851835,0.11529007011851701
2026-06-05,824673,CHC,SF,3,88,27,8,16,8,0.3181818181818182,0.18181818181818182,0.09090909090909091,0.09090909090909091,3.5,0.2160739736436051,0.08030203813610583,0.03201381102004728,0.1322377343264552
2026-06-06,824669,CHC,SF,2,78,13,3,19,7,0.11538461538461539,0.24358974358974358,0.08974358974358974,0.038461538461538464,3.7142857142857144,0.20628665950846486,0.08058436450538872,0.038507317513553775,0.15185941699161612
2026-06-07,824670,CHC,SF,1,77,11,0,19,9,0.025974025974025976,0.24675324675324675,0.11688311688311688,0.0,3.7142857142857144,0.20940021262201797,0.07895890662993085,0.03946885597509223,0.15385117523337438
2026-06-09,824347,CHC,COL,3,79,20,3,10,10,0.189873417721519,0.12658227848101267,0.12658227848101267,0.0379746835443038,3.7857142857142856,0.21187392938144903,0.07973194311725304,0.037304353810590066,0.14813070522719007
2026-06-10,824348,CHC,COL,2,71,14,2,22,7,0.1267605633802817,0.30985915492957744,0.09859154929577464,0.028169014084507043,3.642857142857143,0.208856151499295,0.0804247403742456,0.036306256067465195,0.14870607922028561
2026-06-11,824346,CHC,COL,9,80,22,6,19,5,0.2625,0.2375,0.0625,0.075,3.7142857142857144,0.21442580128204947,0.08229101045851936,0.03624793512733165,0.1505140283644258
2026-06-12,823211,CHC,SF,5,66,10,2,14,3,0.15151515151515152,0.21212121212121213,0.045454545454545456,0.030303030303030304,4.285714285714286,0.21658172462699724,0.0832709756153138,0.039862917705728855,0.15968214683132473
2026-06-13,823213,CHC,SF,6,82,18,3,19,8,0.1951219512195122,0.23170731707317074,0.0975609756097561,0.036585365853658534,3.9285714285714284,0.21595250888150241,0.07738151623748231,0.038705160734018404,0.15721562110898507
2026-06-14,823212,CHC,SF,1,71,16,1,11,5,0.08450704225352113,0.15492957746478872,0.07042253521126761,0.014084507042253521,3.857142857142857,0.2126115306254269,0.07440440690038533,0.0395100828881224,0.16391963028289233
2026-06-15,824666,CHC,COL,4,82,17,2,17,13,0.13414634146341464,0.2073170731707317,0.15853658536585366,0.024390243902439025,3.5714285714285716,0.21129697663481656,0.07752982608214254,0.03670659529590241,0.15471775234862006
2026-06-16,824667,CHC,COL,2,76,13,2,16,10,0.11842105263157894,0.21052631578947367,0.13157894736842105,0.02631578947368421,3.4285714285714284,0.21328482618364175,0.08427511331523466,0.03753300465889714,0.1588051283872156
2026-06-17,824668,CHC,COL,8,76,21,6,9,6,0.3157894736842105,0.11842105263157894,0.07894736842105263,0.07894736842105263,3.5,0.2148648632327863,0.08849762611898315,0.03837750721964684,0.16312298825427457
2026-06-19,824663,CHC,TOR,16,87,23,2,11,11,0.13793103448275862,0.12643678160919541,0.12643678160919541,0.022988505747126436,4.0,0.20839813671499935,0.0909384296202737,0.04295050688298429,0.18248108498864782
2026-06-20,824665,CHC,TOR,6,81,18,4,13,8,0.16049382716049382,0.16049382716049382,0.09876543209876543,0.04938271604938271,4.857142857142857,0.2038669484212619,0.09635299177861587,0.041880065611757326,0.1769625964932933
2026-06-23,823614,CHC,NYM,9,80,14,4,19,14,0.1875,0.2375,0.175,0.05,4.857142857142857,0.19771826875660053,0.09949377117510302,0.039536560985147684,0.16690002250377867
2026-06-24,823611,CHC,NYM,10,84,20,4,19,8,0.25,0.2261904761904762,0.09523809523809523,0.047619047619047616,5.285714285714286,0.20169554148387325,0.1055002646815965,0.03661448306306976,0.1575656069193631
2026-06-24,823613,CHC,NYM,10,77,16,5,23,7,0.24675324675324675,0.2987012987012987,0.09090909090909091,0.06493506493506493,5.857142857142857,0.20045273666963986,0.10589272935977548,0.0372685908600347,0.16718099153474772
2026-06-25,823612,CHC,NYM,4,85,15,2,20,8,0.10588235294117647,0.23529411764705882,0.09411764705882353,0.023529411764705882,6.5,0.20416331180878644,0.1040374417902022,0.041906809783967915,0.1829509358761206
2026-06-26,823773,CHC,MIL,2,75,14,3,16,12,0.18666666666666668,0.21333333333333335,0.16,0.04,6.571428571428571,0.21192844317778972,0.10171853954576013,0.04087500465685378,0.17695157410609613
2026-06-27,823770,CHC,MIL,8,71,14,4,16,6,0.2112676056338028,0.22535211267605634,0.08450704225352113,0.056338028169014086,6.571428571428571,0.20503374163520088,0.10610485745320478,0.04172007507938898,0.1812305814836951
2026-06-28,823769,CHC,MIL,4,83,14,1,24,10,0.07228915662650602,0.2891566265060241,0.12048192771084337,0.012048192771084338,6.5,0.2041660353977763,0.10767678904274201,0.04038707709146142,0.17757112474325246
2026-06-29,824662,CHC,SD,2,78,21,0,16,6,0.05128205128205128,0.20512820512820512,0.07692307692307693,0.0,6.428571428571429,0.20966856499669145,0.11303588777533471,0.03908316012489386,0.17191212510834916
2026-06-30,824661,CHC,SD,9,85,26,9,9,8,0.32941176470588235,0.10588235294117647,0.09411764705882353,0.10588235294117647,6.142857142857143,0.20777005700062248,0.11156175215485763,0.036469919706775385,0.16163784654138771
2026-07-01,824660,CHC,SD,23,90,28,9,17,10,0.3888888888888889,0.18888888888888888,0.1111111111111111,0.1,6.714285714285714,0.20426668382036448,0.11325426014396878,0.0430269086995556,0.17913104100227062
2026-07-03,824659,CHC,STL,1,87,24,3,13,5,0.19540229885057472,0.14942528735632185,0.05747126436781609,0.034482758620689655,8.071428571428571,0.20295038494308998,0.10986672626863002,0.04842760556366709,0.19732693724694736
2026-07-04,824658,CHC,STL,0,72,13,1,25,8,0.06944444444444445,0.3472222222222222,0.1111111111111111,0.013888888888888888,8.0,0.19858602576929346,0.10457332034001536,0.04901096050273891,0.20282559769116135
2026-07-05,824656,CHC,STL,6,73,14,1,12,5,0.0547945205479452,0.1643835616438356,0.0684931506849315,0.0136986301369863,7.428571428571429,0.21492896645433937,0.10687073053216241,0.0443639262504415,0.18522952417403518
2026-07-07,824820,CHC,BAL,5,75,16,0,17,6,0.02666666666666667,0.22666666666666666,0.08,0.0,6.714285714285714,0.21763945074252797,0.10273189975185784,0.04370036370686007,0.17929120175011998
2026-07-08,824815,CHC,BAL,9,80,22,9,10,6,0.3625,0.125,0.075,0.1125,6.642857142857143,0.222366082135826,0.10139151174480318,0.040173026846189876,0.16973211885770373
2026-07-09,824816,CHC,BAL,2,71,12,2,10,9,0.14084507042253522,0.14084507042253522,0.1267605633802817,0.028169014084507043,6.642857142857143,0.21433036785011175,0.09424865460194605,0.04463731256047558,0.18223211885770377
2026-07-10,824493,CHC,CIN,0,69,17,2,24,2,0.13043478260869565,0.34782608695652173,0.028985507246376812,0.028985507246376812,6.071428571428571,0.20823426743811593,0.09650025946924508,0.04324802445086555,0.1744353381735991
2026-07-11,824492,CHC,CIN,5,78,20,5,15,8,0.21794871794871795,0.19230769230769232,0.10256410256410256,0.0641025641025641,5.357142857142857,0.2117431808849176,0.09207714635047978,0.04068019890167353,0.16612687644898833
2026-07-12,824491,CHC,CIN,8,79,18,2,13,6,0.13924050632911392,0.16455696202531644,0.0759493670886076,0.02531645569620253,5.428571428571429,0.20867272193210568,0.09268046460085685,0.043578281211520555,0.17413161680666986
2026-07-17,824655,CHC,MIN,2,72,13,1,19,7,0.05555555555555555,0.2638888888888889,0.09722222222222222,0.013888888888888888,5.857142857142857,0.20518869541010448,0.08667684796432883,0.04252945661839216,0.17074403392541607
2026-07-18,824657,CHC,MIN,6,72,19,3,18,5,0.18055555555555555,0.25,0.06944444444444445,0.041666666666666664,5.428571428571429,0.2079413222824497,0.08758507510495031,0.03949737524124036,0.1596217446341127
2026-07-19,824653,CHC,MIN,10,78,20,1,13,9,0.11538461538461539,0.16666666666666666,0.11538461538461539,0.01282051282051282,5.571428571428571,0.20514442038916222,0.08393954058592182,0.04161298051949624,0.16735505884333055
2026-07-20,824654,CHC,DET,6,93,23,6,21,9,0.22580645161290322,0.22580645161290322,0.0967741935483871,0.06451612903225806,6.142857142857143,0.2023971676419095,0.08668679333317457,0.04252873143524715,0.1719338134220851
2026-07-21,824652,CHC,DET,11,84,18,2,15,14,0.11904761904761904,0.17857142857142858,0.16666666666666666,0.023809523809523808,5.928571428571429,0.21096317468988995,0.08687654665385769,0.0395740011560387,0.16453343391544376
2026-07-22,824650,CHC,DET,1,69,13,3,24,2,0.17391304347826086,0.34782608695652173,0.028985507246376812,0.043478260869565216,5.071428571428571,0.21022621323864282,0.09084480062211164,0.0341318242852904,0.1452590574982102
2026-07-24,823352,CHC,PIT,3,78,14,1,17,6,0.05128205128205128,0.21794871794871795,0.07692307692307693,0.01282051282051282,5.071428571428571,0.22439769892437136,0.088810103684866,0.034774360160210085,0.14372411068590205
2026-07-25,823355,CHC,PIT,11,83,21,1,23,5,0.08433734939759036,0.27710843373493976,0.060240963855421686,0.012048192771084338,5.285714285714286,0.21516387719054966,0.08636810124286355,0.03469804758389751,0.14242679688858825
2026-07-26,823354,CHC,PIT,7,76,23,4,17,5,0.23684210526315788,0.2236842105263158,0.06578947368421052,0.05263157894736842,5.642857142857143,0.22321565376848565,0.08577865932647,0.03458015920061879,0.14453699894927716
2026-07-27,823025,CHC,STL,7,79,22,3,15,6,0.17721518987341772,0.189873417721519,0.0759493670886076,0.0379746835443038,5.785714285714286,0.223002621187032,0.08476362173248501,0.03833955769685939,0.159549530277598
2026-07-28,823026,CHC,STL,10,82,24,0,12,6,0.07317073170731707,0.14634146341463414,0.07317073170731707,0.0,5.642857142857143,0.2276364367385691,0.08483143366738556,0.03301632080716681,0.14631490098284214
2026-07-29,823022,CHC,STL,2,78,10,1,18,9,0.08974358974358974,0.23076923076923078,0.11538461538461539,0.01282051282051282,6.214285714285714,0.22802903623800472,0.08100358854788811,0.031004248372559162,0.14148101964604082
2026-07-30,823023,CHC,STL,4,84,21,1,14,7,0.09523809523809523,0.16666666666666666,0.08333333333333333,0.011904761904761904,6.357142857142857,0.2196678322246268,0.08717495341490514,0.029849605913568878,0.1385745058699618
2026-07-31,824651,CHC,NYY,0,63,9,2,18,3,0.1111111111111111,0.2857142857142857,0.047619047619047616,0.031746031746031744,6.285714285714286,0.217836330393125,0.08580132704127875,0.02612119147086872,0.12980946139063163
2026-08-01,824649,CHC,NYY,5,70,15,2,16,7,0.12857142857142856,0.22857142857142856,0.1,0.02857142857142857,5.714285714285714,0.2264904249423371,0.08377773279345305,0.026580446902999377,0.12780021887506002
2026-08-02,824648,CHC,NYY,1,70,9,1,19,7,0.05714285714285714,0.2714285714285714,0.1,0.014285714285714285,5.928571428571429,0.2239677492053756,0.08397614549186576,0.0276291997374665,0.1330156383761938
2026-08-03,824647,CHC,LAD,10,75,20,6,14,8,0.25333333333333335,0.18666666666666668,0.10666666666666667,0.08,5.571428571428571,0.22549836145027355,0.08615868517440543,0.025673417424541326,0.12420044563242962
2026-08-04,824645,CHC,LAD,5,67,13,3,12,5,0.16417910447761194,0.1791044776119403,0.07462686567164178,0.04477611940298507,5.571428571428571,0.226926932878845,0.08553597455169482,0.030471952223076127,0.13405392548590947
2026-08-05,824646,CHC,LAD,7,83,29,5,17,0,0.24096385542168675,0.20481927710843373,0.0,0.060240963855421686,5.5,0.22359107759306193,0.0839540225604987,0.029061951535270913,0.12965197211910295
2026-08-06,824664,CHC,TOR,2,85,16,1,19,7,0.058823529411764705,0.2235294117647059,0.08235294117647059,0.011764705882352941,5.214285714285714,0.22546592391713371,0.07204926065573682,0.03166419725283505,0.13836027471725065
2026-08-07,824081,CHC,KC,6,77,16,2,12,7,0.11688311688311688,0.15584415584415584,0.09090909090909091,0.025974025974025976,5.285714285714286,0.2165875899748612,0.0758612202221721,0.029398943325177028,0.13013959514107235
2026-08-08,824079,CHC,KC,3,73,17,3,11,7,0.2054794520547945,0.1506849315068493,0.0958904109589041,0.0410958904109589,5.5,0.2121515498245353,0.07686022122117309,0.030338479978999393,0.13482538554114845
2026-08-09,824078,CHC,KC,10,82,24,3,14,6,0.17073170731707318,0.17073170731707318,0.07317073170731707,0.036585365853658534,4.928571428571429,0.20312129966538597,0.07940661029999325,0.03241331552470472,0.1434783928738059
2026-08-11,822697,CHC,WSH,8,84,20,6,17,6,0.2619047619047619,0.20238095238095238,0.07142857142857142,0.07142857142857142,5.142857142857143,0.19933897800758293,0.07993384301592944,0.03126715744658259,0.1387562215919427
2026-08-12,822698,CHC,WSH,12,89,24,6,19,10,0.24719101123595505,0.21348314606741572,0.11235955056179775,0.06741573033707865,5.214285714285714,0.20023237334039962,0.07961092904021258,0.03365672086688742,0.14480547673703872
2026-08-13,822696,CHC,WSH,0,64,11,1,19,3,0.0625,0.296875,0.046875,0.015625,5.357142857142857,0.2050282078155983,0.0824101303869612,0.038472130176678755,0.15723549670337
2026-08-14,824643,CHC,STL,3,64,9,1,12,5,0.0625,0.1875,0.078125,0.015625,5.214285714285714,0.20975004847493897,0.07751658643091723,0.03867245068949926,0.1552895260073993
2026-08-15,824644,CHC,STL,4,73,15,6,10,5,0.273972602739726,0.136986301369863,0.0684931506849315,0.0821917808219178,5.142857142857143,0.21123814371303418,0.07714456262139344,0.03893818198201627,0.15295109063324966
2026-08-16,824642,CHC,STL,4,83,19,4,20,10,0.21686746987951808,0.24096385542168675,0.12048192771084337,0.04819277108433735,5.428571428571429,0.20061471625986113,0.07863556998324227,0.04254144977315099,0.1645840543210079
2026-08-17,824641,CHC,CWS,5,89,18,5,20,13,0.19101123595505617,0.2247191011235955,0.14606741573033707,0.056179775280898875,5.357142857142857,0.20149988960630813,0.08009856481973109,0.04394297423835876,0.17089091441444282
2026-08-18,824639,CHC,CWS,3,77,18,3,16,8,0.15584415584415584,0.2077922077922078,0.1038961038961039,0.03896103896103896,5.642857142857143,0.19816349887023846,0.08338909451475517,0.04693540716658623,0.18045294147245702
2026-08-19,824640,CHC,CWS,0,70,11,0,15,9,0.05714285714285714,0.21428571428571427,0.12857142857142856,0.0,5.142857142857143,0.1996724660934914,0.08319119717400068,0.044004052806660435,0.17348942879465865
2026-08-21,823101,CHC,SEA,5,87,20,5,18,6,0.20689655172413793,0.20689655172413793,0.06896551724137931,0.05747126436781609,4.785714285714286,0.20218541157018952,0.08704438023827117,0.04080575856359008,0.16584398255646188
2026-08-22,823100,CHC,SEA,4,73,15,4,21,5,0.2328767123287671,0.2876712328767123,0.0684931506849315,0.0547945205479452,4.642857142857143,0.2023337883284541,0.0919704886126554,0.040607922885903966,0.16341060372092267
2026-08-23,823099,CHC,SEA,19,90,24,5,15,11,0.16666666666666666,0.16666666666666666,0.12222222222222222,0.05555555555555555,4.785714285714286,0.20691534697931172,0.09098050357754547,0.043681481076303416,0.17584297392927997
2026-08-24,825041,CHC,AZ,7,73,15,2,10,5,0.1506849315068493,0.136986301369863,0.0684931506849315,0.0273972602739726,5.714285714285714,0.2076883834666339,0.09321715581419769,0.0457944474749841,0.1793989417709621
2026-08-25,825042,CHC,AZ,4,71,12,2,11,6,0.1267605633802817,0.15492957746478872,0.08450704225352113,0.028169014084507043,6.0,0.20670990988542062,0.09126020865177109,0.044815973893770795,0.17548504744610888
2026-08-26,825039,CHC,AZ,0,61,8,1,16,6,0.06557377049180328,0.26229508196721313,0.09836065573770492,0.01639344262295082,5.571428571428571,0.20558118632454314,0.09206994511935708,0.04421480591025997,0.17234425145062376
2026-08-28,824638,CHC,CIN,8,88,26,6,17,6,0.25,0.19318181818181818,0.06818181818181818,0.06818181818181818,5.0,0.20986076700927606,0.09399366542715235,0.04028372528128706,0.15832060920684102
2026-08-29,824637,CHC,CIN,17,87,26,8,15,9,0.3218390804597701,0.1724137931034483,0.10344827586206896,0.09195402298850575,4.714285714285714,0.2084106721603048,0.09083811311429665,0.0403384458416256,0.15852125126141564
2026-08-30,824636,CHC,CIN,5,78,20,6,20,3,0.2692307692307692,0.2564102564102564,0.038461538461538464,0.07692307692307693,5.928571428571429,0.19952058595340824,0.09487906139015871,0.04579051891223316,0.17704547129425638
2026-08-31,824635,CHC,MIL,17,88,29,10,14,9,0.38636363636363635,0.1590909090909091,0.10227272727272728,0.11363636363636363,6.071428571428571,0.20444274712556942,0.09204595699455433,0.050168952978167224,0.1918119548107399
2026-09-01,824633,CHC,MIL,4,78,19,2,13,8,0.15384615384615385,0.16666666666666666,0.10256410256410256,0.02564102564102564,7.0,0.2060216476770727,0.0944587838936826,0.0524149946077705,0.19983988578387635
2026-09-02,824634,CHC,MIL,5,84,20,2,18,10,0.11904761904761904,0.21428571428571427,0.11904761904761904,0.023809523809523808,7.0,0.2007147056231427,0.09317893924034396,0.05080415564753394,0.19533836321006465
2026-09-03,824632,CHC,MIL,2,61,8,2,17,2,0.11475409836065574,0.2786885245901639,0.03278688524590164,0.03278688524590164,7.0,0.19996946370615118,0.09124895376300697,0.04849199482815002,0.1901981048595334
2026-09-04,823824,CHC,MIA,6,74,13,1,14,8,0.08108108108108109,0.1891891891891892,0.10810810810810811,0.013513513513513514,6.928571428571429,0.2050334863345766,0.0861697238594211,0.048050983848497354,0.18726310075356908
2026-03-20,831902,CIN,CHC,8,85,25,5,15,8,0.23529411764705882,0.17647058823529413,0.09411764705882353,0.058823529411764705,,,,,
2026-03-21,831916,CIN,CWS,7,84,20,4,16,8,0.20238095238095238,0.19047619047619047,0.09523809523809523,0.047619047619047616,,,,,
2026-03-22,831896,CIN,CLE,2,79,20,3,15,7,0.1518987341772152,0.189873417721519,0.08860759493670886,0.0379746835443038,,,,,
2026-03-23,832078,CIN,MIL,1,73,16,3,14,6,0.2054794520547945,0.1917808219178082,0.0821917808219178,0.0410958904109589,5.666666666666667,0.18560673214433454,0.09265444574454255,0.04813908685837204,0.19652460140174213
2026-03-24,832077,CIN,MIL,1,71,16,2,20,3,0.09859154929577464,0.28169014084507044,0.04225352112676056,0.028169014084507043,4.5,0.18715025458770296,0.09003877951388636,0.046378287746518754,0.19876331406500522
2026-03-26,824541,CIN,BOS,0,75,16,0,19,6,0.04,0.25333333333333335,0.08,0.0,3.8,0.20605823183917646,0.0804817278364612,0.042736433014116414,0.1787289611111591
2026-03-28,824540,CIN,BOS,5,97,18,4,27,12,0.15463917525773196,0.27835051546391754,0.12371134020618557,0.041237113402061855,3.1666666666666665,0.2139374154215359,0.08040143986371766,0.03561369417843035,0.15560746759263258
2026-03-29,824538,CIN,BOS,3,71,14,2,16,10,0.14084507042253522,0.22535211267605634,0.14084507042253522,0.028169014084507043,3.4285714285714284,0.22313928685616188,0.08658856848407023,0.03641703978180628,0.1554691401162182
2026-03-30,824539,CIN,PIT,2,67,8,0,18,10,0.029850746268656716,0.26865671641791045,0.14925373134328357,0.0,3.375,0.22341589008364868,0.09337063122637834,0.03538603656964387,0.15364113140450783
2026-03-31,824537,CIN,PIT,3,78,14,6,19,11,0.23076923076923078,0.24358974358974358,0.14102564102564102,0.07692307692307693,3.2222222222222223,0.22844264856523333,0.09957986457270114,0.03145425472857233,0.13988664416719104
2026-04-01,824536,CIN,PIT,3,76,14,3,19,8,0.14473684210526316,0.25,0.10526315789473684,0.039473684210526314,3.2,0.22995735806768436,0.10372444221799512,0.03600113694802279,0.14897490282739503
2026-04-03,822919,CIN,TEX,5,74,18,3,20,2,0.24324324324324326,0.2702702702702703,0.02702702702702703,0.04054054054054054,3.1818181818181817,0.2317794164251676,0.1038643254613353,0.036316823062795836,0.1485896245799285
2026-04-04,822920,CIN,TEX,2,72,12,0,14,6,0.013888888888888888,0.19444444444444445,0.08333333333333333,0.0,3.3333333333333335,0.23498698757892614,0.09746121725847627,0.03666879951927456,0.15647742613520474
2026-04-05,822917,CIN,TEX,2,75,15,1,27,7,0.06666666666666667,0.36,0.09333333333333334,0.013333333333333334,3.230769230769231,0.23186833041473526,0.0963744569565422,0.03384812263317652,0.14550907711625735
2026-04-06,823886,CIN,MIA,2,67,10,1,10,4,0.08955223880597014,0.14925373134328357,0.05970149253731343,0.014925373134328358,3.142857142857143,0.24102059252796845,0.09615723384059871,0.03238278054033058,0.139877476369858
2026-04-07,823887,CIN,MIA,6,83,12,0,15,12,0.03614457831325301,0.18072289156626506,0.14457831325301204,0.0,2.7142857142857144,0.23907653132139628,0.09369893708906227,0.029247197949085122,0.1294673421669231
2026-04-08,823885,CIN,MIA,4,77,21,3,17,4,0.15584415584415584,0.22077922077922077,0.05194805194805195,0.03896103896103896,2.642857142857143,0.23837986711354445,0.09722323837584204,0.025845837404867435,0.11759331544780173
2026-04-09,823884,CIN,MIA,1,79,19,1,14,9,0.12658227848101267,0.17721518987341772,0.11392405063291139,0.012658227848101266,2.7857142857142856,0.24058742447480883,0.09460469959093798,0.025916291363205664,0.11787513128115464
2026-04-10,824534,CIN,LAA,2,81,14,4,11,13,0.18518518518518517,0.13580246913580246,0.16049382716049382,0.04938271604938271,2.7857142857142856,0.2395470221859238,0.09687129029172324,0.023885029751572976,0.11223961888302735
2026-04-11,824535,CIN,LAA,7,81,13,1,13,18,0.09876543209876543,0.16049382716049382,0.2222222222222222,0.012345679012345678,2.857142857142857,0.22912647420669038,0.1053170264369899,0.025400294177635525,0.11842487858941382
2026-04-12,824533,CIN,LAA,6,86,16,2,15,15,0.09302325581395349,0.1744186046511628,0.1744186046511628,0.023255813953488372,3.357142857142857,0.2224950809086304,0.11547575659572007,0.026282128392803073,0.12262240945361134
2026-04-14,824531,CIN,SF,2,65,10,3,14,6,0.15384615384615385,0.2153846153846154,0.09230769230769231,0.046153846153846156,3.4285714285714284,0.21507137299343365,0.11909770405607557,0.024997749860762107,0.11822127235048432
2026-04-15,824532,CIN,SF,8,75,19,4,16,8,0.18666666666666668,0.21333333333333335,0.10666666666666667,0.05333333333333334,3.357142857142857,0.21435940890118785,0.11563074847644395,0.02628238072285776,0.11914992116645708
2026-04-16,824530,CIN,SF,0,65,7,0,21,5,0.015384615384615385,0.3230769230769231,0.07692307692307693,0.0,3.7857142857142856,0.21040773868086093,0.11258881528525702,0.03009190453238157,0.1303510583377435
2026-04-17,823720,CIN,MIN,2,69,9,0,12,6,0.028985507246376812,0.17391304347826086,0.08695652173913043,0.0,3.5714285714285716,0.21608539435851662,0.10801006070650244,0.024597399037876076,0.1149664429531281
2026-04-18,823721,CIN,MIN,5,82,20,0,19,7,0.07317073170731707,0.23170731707317074,0.08536585365853659,0.0,3.5,0.21065061174982097,0.10670244383824483,0.021777850165695622,0.10669849046320767
2026-04-19,823718,CIN,MIN,7,90,16,0,19,13,0.05555555555555555,0.2111111111111111,0.14444444444444443,0.0,3.5,0.2078961150928853,0.11086950288335266,0.01888209726994273,0.09455045392492722
2026-04-20,822994,CIN,TB,6,75,16,1,13,5,0.12,0.17333333333333334,0.06666666666666667,0.013333333333333334,3.857142857142857,0.20908659128336146,0.11523458224843201,0.01888209726994273,0.09752664440111769
2026-04-21,822995,CIN,TB,12,91,18,6,23,17,0.23076923076923078,0.25274725274725274,0.18681318681318682,0.06593406593406594,4.142857142857143,0.19575325795002813,0.11332982034367012,0.018882097269942725,0.10133616821064151
2026-04-22,822993,CIN,TB,1,68,14,1,11,4,0.058823529411764705,0.16176470588235295,0.058823529411764705,0.014705882352941176,4.857142857142857,0.20314565233602594,0.12240922707766108,0.022525575327066838,0.11142309620801726
2026-04-24,824529,CIN,DET,7,84,22,8,19,12,0.3333333333333333,0.2261904761904762,0.14285714285714285,0.09523809523809523,4.5,0.20179149621574652,0.11628388537471483,0.023575995495134065,0.11304302128648237
2026-04-25,824527,CIN,DET,9,78,20,6,18,9,0.2692307692307692,0.23076923076923078,0.11538461538461539,0.07692307692307693,4.714285714285714,0.2021780144594076,0.12277739186822133,0.027595785229209517,0.1257208196785665
2026-04-26,824528,CIN,DET,3,80,19,5,19,7,0.3,0.2375,0.0875,0.0625,5.285714285714286,0.20600330309482281,0.12288171792191448,0.03218613159170778,0.1359099975892634
2026-04-28,824526,CIN,COL,7,74,22,3,19,3,0.16216216216216217,0.25675675675675674,0.04054054054054054,0.04054054054054054,5.357142857142857,0.21326741244226552,0.11766787312473635,0.0331230804453233,0.14411105579032157
2026-04-29,824525,CIN,COL,2,86,25,3,20,9,0.18604651162790697,0.23255813953488372,0.10465116279069768,0.03488372093023256,5.357142857142857,0.22014333598485572,0.10469061014747336,0.03513699912590864,0.14863939365199277
2026-04-30,824524,CIN,COL,6,75,16,3,16,8,0.16,0.21333333333333335,0.10666666666666667,0.04,5.071428571428571,0.2242961599051215,0.09970722144315444,0.0359675639099618,0.15528391192441804
2026-05-01,823389,CIN,PIT,1,76,15,4,13,9,0.21052631578947367,0.17105263157894737,0.11842105263157894,0.05263157894736842,5.357142857142857,0.22414963975860136,0.10073286246879544,0.03552800347040136,0.15572347236397846
2026-05-02,823388,CIN,PIT,7,94,30,2,22,13,0.19148936170212766,0.23404255319148937,0.13829787234042554,0.02127659574468085,4.857142857142857,0.22112958963328808,0.10157246146628918,0.03547787815711815,0.15742773301560753
2026-05-03,823387,CIN,PIT,0,61,9,0,15,5,0.04918032786885246,0.2459016393442623,0.08196721311475409,0.0,5.357142857142857,0.2147699917843285,0.10595637542467122,0.036997634996023925,0.17000664346685843
2026-05-04,824684,CIN,CHC,4,77,16,4,17,10,0.19480519480519481,0.22077922077922077,0.12987012987012986,0.05194805194805195,5.214285714285714,0.21991203434618575,0.10559999623721579,0.036997634996023925,0.1714491306541781
2026-05-05,824682,CIN,CHC,2,81,14,3,16,9,0.1111111111111111,0.19753086419753085,0.1111111111111111,0.037037037037037035,5.142857142857143,0.21913145603947504,0.10877887310947244,0.040708210135170494,0.18013730658974078
2026-05-06,824683,CIN,CHC,6,85,20,4,18,8,0.15294117647058825,0.21176470588235294,0.09411764705882353,0.047058823529411764,4.785714285714286,0.21816143840279076,0.10639792072852006,0.04335371278067314,0.1841055605579948
2026-05-07,824681,CIN,CHC,3,83,16,3,15,15,0.1566265060240964,0.18072289156626506,0.18072289156626506,0.03614457831325301,4.785714285714286,0.22090653644200645,0.10835870504224555,0.04576267636610731,0.18645850173446535
2026-05-08,824522,CIN,HOU,0,73,18,4,13,3,0.2328767123287671,0.1780821917808219,0.0410958904109589,0.0547945205479452,4.142857142857143,0.21576193921479306,0.10792368395317972,0.04363485582176353,0.1811625928240986
2026-05-09,824523,CIN,HOU,3,64,9,1,12,6,0.078125,0.1875,0.09375,0.015625,4.071428571428571,0.2169274739218265,0.10665742402455072,0.04649832997854953,0.19359496303245596
2026-05-10,824520,CIN,HOU,5,68,12,1,16,6,0.10294117647058823,0.23529411764705882,0.08823529411764706,0.014705882352941176,3.7857142857142856,0.21416386847964966,0.10314977096332624,0.04081168031868559,0.17536579636578928
2026-05-12,824521,CIN,WSH,4,87,23,6,20,8,0.2413793103448276,0.22988505747126436,0.09195402298850575,0.06896551724137931,3.5,0.2144870746852088,0.10121053372997135,0.03636759499224733,0.16348796831149062
2026-05-13,824519,CIN,WSH,7,89,17,3,18,11,0.1797752808988764,0.20224719101123595,0.12359550561797752,0.033707865168539325,3.5714285714285716,0.21394315021887053,0.10152867822915035,0.03682941765234584,0.15930077619326405
2026-05-14,824517,CIN,WSH,15,76,17,4,19,7,0.2236842105263158,0.25,0.09210526315789473,0.05263157894736842,3.5714285714285716,0.21004960980847617,0.10746117573468154,0.03634136941148862,0.16055885610302933
2026-05-15,824439,CIN,CLE,7,84,19,2,10,11,0.15476190476190477,0.11904761904761904,0.13095238095238096,0.023809523809523808,4.5,0.21129545698455593,0.10656504004662419,0.03760907355556975,0.16324726316720142
2026-05-16,824435,CIN,CLE,4,79,15,2,16,12,0.10126582278481013,0.20253164556962025,0.1518987341772152,0.02531645569620253,4.571428571428571,0.2045607631070049,0.10829973392417523,0.03645261097053574,0.16287311350733744
2026-05-17,824436,CIN,CLE,3,78,23,7,21,6,0.32051282051282054,0.2692307692307692,0.07692307692307693,0.08974358974358974,4.785714285714286,0.20680926410633868,0.11069099689172067,0.034501530738309596,0.15506879257843292
2026-05-18,823465,CIN,PHI,4,70,11,3,9,9,0.15714285714285714,0.12857142857142856,0.12857142857142856,0.04285714285714286,4.5,0.20932270810914438,0.10630708293333861,0.03939203030966023,0.16428475392205383
2026-05-19,823464,CIN,PHI,4,67,10,1,22,6,0.1044776119402985,0.3283582089552239,0.08955223880597014,0.014925373134328358,4.785714285714286,0.2009419787682277,0.10963595546595821,0.04245325479945615,0.17199636315591132
2026-05-20,823462,CIN,PHI,9,79,21,3,17,3,0.21518987341772153,0.21518987341772153,0.0379746835443038,0.0379746835443038,4.785714285714286,0.2086261922093708,0.10675610610423254,0.03980877774133303,0.16554439295127585
2026-05-23,824516,CIN,STL,6,93,19,4,22,10,0.17204301075268819,0.23655913978494625,0.10752688172043011,0.043010752688172046,5.285714285714286,0.20988755001081297,0.1015320755637463,0.039875752491852094,0.1729785902588909
2026-05-23,824518,CIN,STL,1,77,14,3,13,11,0.14285714285714285,0.16883116883116883,0.14285714285714285,0.03896103896103896,5.285714285714286,0.21165858100385535,0.10248987803957534,0.03958660457462069,0.17434300699332658
2026-05-25,823625,CIN,NYM,7,77,15,3,27,4,0.15584415584415584,0.35064935064935066,0.05194805194805195,0.03896103896103896,5.142857142857143,0.21080917223706272,0.09978518170320946,0.03978778033517682,0.17335948105282992
2026-05-26,823624,CIN,NYM,7,77,20,1,22,7,0.09090909090909091,0.2857142857142857,0.09090909090909091,0.012987012987012988,5.642857142857143,0.2231353978705291,0.1005603360987161,0.038656817364683516,0.1678571555896434
2026-05-27,823626,CIN,NYM,2,80,16,2,13,11,0.0875,0.1625,0.1375,0.025,5.928571428571429,0.23015070399297807,0.10035741402079403,0.03846838972089873,0.16877030494029274
2026-05-29,824515,CIN,ATL,3,79,23,3,16,5,0.1518987341772152,0.20253164556962025,0.06329113924050633,0.0379746835443038,5.714285714285714,0.22495112416104532,0.10387632158381924,0.03920368383854579,0.16766736376382216
2026-05-30,824513,CIN,ATL,2,71,12,5,11,8,0.2676056338028169,0.15492957746478872,0.11267605633802817,0.07042253521126761,5.642857142857143,0.22299730902521359,0.10182897274467642,0.03699005286018325,0.16127589403756412
2026-05-31,824512,CIN,ATL,6,77,17,3,18,9,0.18181818181818182,0.23376623376623376,0.11688311688311688,0.03896103896103896,5.285714285714286,0.21961747948618165,0.10104901208182292,0.039612529291806704,0.1675494906735599
2026-06-01,824510,CIN,KC,2,83,19,4,19,11,0.18072289156626506,0.2289156626506024,0.13253012048192772,0.04819277108433735,4.642857142857143,0.21845792475519835,0.10281885877648163,0.03863606214992603,0.1645590600515503
2026-06-02,824511,CIN,KC,3,78,9,3,22,10,0.11538461538461539,0.28205128205128205,0.1282051282051282,0.038461538461538464,4.285714285714286,0.22630564215541144,0.10293155445716354,0.040377722669555575,0.16641341625186176
2026-06-03,824509,CIN,KC,2,77,17,3,24,6,0.15584415584415584,0.3116883116883117,0.07792207792207792,0.03896103896103896,4.214285714285714,0.23198561618981586,0.1012391540305859,0.041316657152793854,0.16742190143756214
2026-06-05,823049,CIN,STL,3,84,19,1,17,13,0.08333333333333333,0.20238095238095238,0.15476190476190477,0.011904761904761904,4.142857142857143,0.235018297793926,0.10131051124480026,0.037689332096897364,0.15565985396122892
2026-06-06,823048,CIN,STL,5,77,22,3,13,6,0.12987012987012986,0.16883116883116883,0.07792207792207792,0.03896103896103896,4.071428571428571,0.24029040663746343,0.10318125954411998,0.035478447743155866,0.15038774511769154
2026-06-07,823047,CIN,STL,3,78,16,4,16,8,0.19230769230769232,0.20512820512820512,0.10256410256410256,0.05128205128205128,4.142857142857143,0.2288956180571738,0.10235053376669911,0.03719528101649234,0.15220149639839375
2026-06-08,823289,CIN,SD,2,75,18,1,17,6,0.09333333333333334,0.22666666666666666,0.08,0.013333333333333334,3.7142857142857144,0.2281769274650655,0.10696406369668475,0.03814580728347431,0.15056705489053454
2026-06-09,823290,CIN,SD,5,97,20,1,29,12,0.09278350515463918,0.29896907216494845,0.12371134020618557,0.010309278350515464,3.4285714285714284,0.22747032224233124,0.10499785785951114,0.036025991615271535,0.14494493507486633
2026-06-10,823287,CIN,SD,4,77,21,4,11,5,0.23376623376623376,0.14285714285714285,0.06493506493506493,0.05194805194805195,3.7142857142857144,0.23676588676617263,0.10363030052729992,0.033979437285948426,0.14136824666754463
2026-06-12,824507,CIN,AZ,2,83,11,1,14,14,0.07228915662650602,0.1686746987951807,0.1686746987951807,0.012048192771084338,3.5,0.22192358620958635,0.10455794431208656,0.03490708107073507,0.14693410937626447
2026-06-13,824508,CIN,AZ,2,67,10,2,18,3,0.13432835820895522,0.26865671641791045,0.04477611940298507,0.029850746268656716,3.142857142857143,0.21356361571536456,0.1101126305896644,0.03484002248388302,0.14560411407036558
2026-06-14,824506,CIN,AZ,3,76,15,5,14,8,0.21052631578947367,0.18421052631578946,0.10526315789473684,0.06578947368421052,3.142857142857143,0.22114623831664387,0.10348949626130619,0.03518650436021565,0.14894899679957666
2026-06-15,824505,CIN,NYM,12,78,15,3,17,11,0.15384615384615385,0.21794871794871795,0.14102564102564102,0.038461538461538464,3.142857142857143,0.21983758694137026,0.10648749759375123,0.0371732750844947,0.15313668120045226
2026-06-16,824504,CIN,NYM,5,74,13,3,24,11,0.13513513513513514,0.32432432432432434,0.14864864864864866,0.04054054054054054,3.857142857142857,0.22433895411879376,0.10851246792858071,0.03489034674522833,0.14501100406069062
2026-06-17,824503,CIN,NYM,1,81,20,0,13,5,0.09876543209876543,0.16049382716049382,0.06172839506172839,0.0,3.7857142857142856,0.23080738915865737,0.11078143448326157,0.035003168286621304,0.1416765007261873
2026-06-19,823534,CIN,NYY,0,69,12,2,23,6,0.11594202898550725,0.3333333333333333,0.08695652173913043,0.028985507246376812,3.7142857142857144,0.2259201151950782,0.10572416838181875,0.03156082749488292,0.13582239647850874
2026-06-20,823532,CIN,NYY,10,85,23,2,18,6,0.15294117647058825,0.21176470588235294,0.07058823529411765,0.023529411764705882,3.5,0.22958311885808186,0.1027778393485332,0.030883968122371375,0.13586221173571528
2026-06-21,823531,CIN,NYY,4,73,14,2,16,7,0.0958904109589041,0.2191780821917808,0.0958904109589041,0.0273972602739726,4.071428571428571,0.22244571844337052,0.10225399344653603,0.02978170903691901,0.13565485606617475
2026-06-22,824502,CIN,MIL,1,68,5,0,25,3,0.014705882352941176,0.36764705882352944,0.04411764705882353,0.0,4.142857142857143,0.22364551342985828,0.0980488867463217,0.030888316063291205,0.13655179018228694
2026-06-23,824501,CIN,MIL,0,64,6,0,27,4,0.03125,0.421875,0.0625,0.0,3.857142857142857,0.2378466484293126,0.09563428454180353,0.02810538470893128,0.12832577250248775
2026-06-24,824500,CIN,MIL,5,90,22,3,14,15,0.2,0.15555555555555556,0.16666666666666666,0.03333333333333333,3.642857142857143,0.2533285623487265,0.09277256293008193,0.024442381045927615,0.11682165162336688
2026-06-26,823363,CIN,PIT,6,76,17,4,23,4,0.17105263157894737,0.3026315789473684,0.05263157894736842,0.05263157894736842,3.857142857142857,0.24824919726936143,0.09896303912055812,0.025870952474499043,0.12444069924241451
2026-06-27,823364,CIN,PIT,9,83,21,4,21,7,0.1927710843373494,0.25301204819277107,0.08433734939759036,0.04819277108433735,3.9285714285714284,0.24851080489667715,0.09388591331635689,0.02889397394570283,0.1300313511298651
2026-06-28,823362,CIN,PIT,4,82,19,4,17,12,0.18292682926829268,0.2073170731707317,0.14634146341463414,0.04878048780487805,4.285714285714286,0.2563790124206506,0.09527179077796584,0.028625739598294644,0.12710312617065905
2026-06-29,823771,CIN,MIL,3,74,16,3,16,7,0.17567567567567569,0.21621621621621623,0.0945945945945946,0.04054054054054054,4.428571428571429,0.25913918201890423,0.09367655967935538,0.031249474957851336,0.1350058170736438
2026-06-30,823768,CIN,MIL,2,73,20,3,22,4,0.1780821917808219,0.3013698630136986,0.0547945205479452,0.0410958904109589,4.5,0.2553934320044975,0.09723502219304178,0.03201303169155732,0.13795919689269528
2026-07-01,823767,CIN,MIL,2,74,16,1,14,8,0.14864864864864866,0.1891891891891892,0.10810810810810811,0.013513513513513514,4.428571428571429,0.26376195605434816,0.0936301195254138,0.030249204314896493,0.13564175946350587
2026-07-02,823765,CIN,MIL,7,75,15,4,20,5,0.17333333333333334,0.26666666666666666,0.06666666666666667,0.05333333333333334,3.7142857142857144,0.2617077040000961,0.09127886717416145,0.028467202532894708,0.1352705090922555
2026-07-03,824498,CIN,BAL,0,70,8,1,14,11,0.05714285714285714,0.2,0.15714285714285714,0.014285714285714285,3.857142857142857,0.257589299881692,0.08542301131830558,0.029380973446665626,0.13799895182069824
2026-07-04,824499,CIN,BAL,5,84,21,1,15,13,0.11904761904761904,0.17857142857142858,0.15476190476190477,0.011904761904761904,3.7857142857142856,0.2604111693702281,0.09223833003838622,0.030401381609930934,0.13502591075241907
2026-07-05,824497,CIN,BAL,3,68,12,1,12,5,0.07352941176470588,0.17647058823529413,0.07352941176470588,0.014705882352941176,4.142857142857143,0.24935674760152066,0.0970815716828701,0.02918132837124415,0.1352477386139985
2026-07-07,824495,CIN,PHI,1,72,13,2,27,5,0.09722222222222222,0.375,0.06944444444444445,0.027777777777777776,3.642857142857143,0.2468357391981593,0.09729165571648354,0.028551076270403816,0.12957546970643546
2026-07-08,824496,CIN,PHI,11,84,19,7,17,15,0.34523809523809523,0.20238095238095238,0.17857142857142858,0.08333333333333333,3.4285714285714284,0.25796587618446065,0.09540265810830785,0.028578256092104185,0.12967059908238676
2026-07-09,824494,CIN,PHI,0,68,8,0,21,3,0.014705882352941176,0.3088235294117647,0.04411764705882353,0.0,4.142857142857143,0.24616115429570518,0.1050064996449225,0.034530637044485134,0.15328004285989774
2026-07-10,824493,CIN,CHC,4,69,17,2,24,2,0.13043478260869565,0.34782608695652173,0.028985507246376812,0.028985507246376812,4.142857142857143,0.23808604925368834,0.10369347443483846,0.034530637044485134,0.15209832017082214
2026-07-11,824492,CIN,CHC,3,78,20,5,15,8,0.21794871794871795,0.19230769230769232,0.10256410256410256,0.0641025641025641,4.071428571428571,0.2518196586394717,0.09385910590481775,0.03422007803827396,0.14712937607144322
2026-07-12,824491,CIN,CHC,4,79,18,2,13,6,0.13924050632911392,0.16455696202531644,0.0759493670886076,0.02531645569620253,3.857142857142857,0.24393938102235194,0.09742571473458449,0.035039434120787936,0.15047909652642685
2026-07-17,824332,CIN,COL,7,74,17,5,17,3,0.24324324324324326,0.22972972972972974,0.04054054054054054,0.06756756756756757,3.5,0.23762116058181945,0.09682657314108571,0.033405411593064024,0.14665548381155288
2026-07-18,824331,CIN,COL,3,76,23,3,14,4,0.23684210526315788,0.18421052631578946,0.05263157894736842,0.039473684210526314,3.7142857142857144,0.23922206462174792,0.08926936436436474,0.03474734586182755,0.15096379909547794
2026-07-19,824330,CIN,COL,9,77,18,8,15,5,0.33766233766233766,0.19480519480519481,0.06493506493506493,0.1038961038961039,3.7142857142857144,0.23693594391457456,0.08627200610384858,0.034671141838255114,0.15533282978029808
2026-07-20,823112,CIN,SEA,0,72,16,1,16,5,0.05555555555555555,0.2222222222222222,0.06944444444444445,0.013888888888888888,4.214285714285714,0.22932418189968146,0.08699633070292857,0.03915687137290833,0.16673141162897778
2026-07-21,823114,CIN,SEA,4,74,11,5,13,9,0.20270270270270271,0.17567567567567569,0.12162162162162163,0.06756756756756757,4.071428571428571,0.2316836842591838,0.08423464044123831,0.03918368389972086,0.1600819049794711
2026-07-22,823110,CIN,SEA,5,71,15,2,11,3,0.1267605633802817,0.15492957746478872,0.04225352112676056,0.028169014084507043,3.857142857142857,0.2251843277598273,0.08815999436659223,0.04020041491645187,0.16217971707728324
2026-07-24,823031,CIN,STL,4,73,13,1,20,6,0.0821917808219178,0.273972602739726,0.0821917808219178,0.0136986301369863,4.214285714285714,0.22196501186445508,0.07995361322258533,0.04119207918779421,0.1671524103799564
2026-07-25,823027,CIN,STL,0,69,13,0,18,5,0.028985507246376812,0.2608695652173913,0.07246376811594203,0.0,4.142857142857143,0.22877938144790488,0.0747700329411577,0.041320212632953095,0.16451985050669204
2026-07-26,823028,CIN,STL,5,84,16,3,21,8,0.11904761904761904,0.25,0.09523809523809523,0.03571428571428571,3.9285714285714284,0.23480787980376897,0.07469391553767457,0.04026979246488587,0.16133814304109712
2026-07-28,824489,CIN,CLE,2,64,6,1,22,6,0.046875,0.34375,0.09375,0.015625,4.214285714285714,0.22587930837519754,0.07653631916579248,0.04083668588892215,0.16289709995719687
2026-07-28,824490,CIN,CLE,5,77,20,2,15,5,0.1038961038961039,0.19480519480519481,0.06493506493506493,0.025974025974025976,3.5714285714285716,0.23597709749084378,0.07047764569640472,0.03600037636511262,0.14158545029733294
2026-07-29,824487,CIN,CLE,1,85,19,1,22,10,0.058823529411764705,0.25882352941176473,0.11764705882352941,0.011764705882352941,3.9285714285714284,0.22783293073323166,0.07196460411613625,0.03785566393468591,0.14795618040755884
2026-07-30,824488,CIN,PIT,2,78,16,1,22,11,0.11538461538461539,0.28205128205128205,0.14102564102564102,0.01282051282051282,3.7142857142857144,0.22147560519432044,0.07829757208593287,0.036625606694398495,0.14284109089349234
2026-07-31,824486,CIN,PIT,8,85,24,3,20,10,0.16470588235294117,0.23529411764705882,0.11764705882352941,0.03529411764705882,3.642857142857143,0.22788586160457688,0.08104482483318562,0.032962603031394824,0.135515083567485
2026-08-01,824485,CIN,PIT,1,72,9,1,13,9,0.06944444444444445,0.18055555555555555,0.125,0.013888888888888888,3.9285714285714284,0.23293851557755849,0.08402323138568003,0.0336752931707417,0.1373340389977584
2026-08-02,824483,CIN,PIT,10,76,14,3,22,10,0.18421052631578946,0.2894736842105263,0.13157894736842105,0.039473684210526314,3.5,0.22942607456511746,0.09005604991849857,0.02984110183655037,0.12491983908355848
2026-08-04,824484,CIN,ATH,5,70,13,0,16,8,0.04285714285714286,0.22857142857142856,0.11428571428571428,0.0,4.0,0.23694487155759866,0.09569514766285947,0.02984110183655037,0.12116044058731788
2026-08-05,824482,CIN,ATH,3,63,10,2,18,3,0.1111111111111111,0.2857142857142857,0.047619047619047616,0.031746031746031744,3.7142857142857144,0.23935674539804389,0.0992201940450487,0.022419951558257236,0.1001029266726611
2026-08-06,824481,CIN,ATH,6,73,17,5,19,7,0.2191780821917808,0.2602739726027397,0.0958904109589041,0.0684931506849315,3.9285714285714284,0.24389189279033419,0.09766123712894892,0.023695461762338867,0.10407118064091507
2026-08-07,822699,CIN,WSH,3,68,14,5,20,5,0.2647058823529412,0.29411764705882354,0.07352941176470588,0.07352941176470588,4.071428571428571,0.24993462828512444,0.0958232935101834,0.023761574842150576,0.10524799346156352
2026-08-08,822701,CIN,WSH,2,73,15,1,13,7,0.0958904109589041,0.1780821917808219,0.0958904109589041,0.0136986301369863,3.9285714285714284,0.2598766332561269,0.09805728569860805,0.027001603247879067,0.11510123053103918
2026-08-09,822700,CIN,WSH,1,70,17,1,16,2,0.07142857142857142,0.22857142857142856,0.02857142857142857,0.014285714285714285,3.7857142857142856,0.2530273181876338,0.09903575927982136,0.027001603247879067,0.11607970411225248
2026-08-11,824563,CIN,CWS,5,75,13,4,21,1,0.21333333333333335,0.28,0.013333333333333334,0.05333333333333334,3.857142857142857,0.2507203084272079,0.09590059216949896,0.028022011411144375,0.11911135155383783
2026-08-12,824562,CIN,CWS,0,68,13,2,19,6,0.11764705882352941,0.27941176470588236,0.08823529411764706,0.029411764705882353,3.857142857142857,0.252863165570065,0.09005025203344455,0.029280514812504915,0.12584604543138883
2026-08-13,824561,CIN,CWS,9,88,20,3,18,11,0.14772727272727273,0.20454545454545456,0.125,0.03409090909090909,3.7142857142857144,0.2482675773347709,0.08965634447041936,0.030265283720067936,0.13090119249021237
2026-08-14,824479,CIN,MIA,1,64,10,0,14,4,0.03125,0.21875,0.0625,0.0,4.0,0.24896331017336087,0.09394669697505756,0.030845061085559594,0.1340319902638673
2026-08-15,824480,CIN,MIA,4,83,22,4,21,4,0.1927710843373494,0.25301204819277107,0.04819277108433735,0.04819277108433735,4.0,0.2461009152153777,0.09000762134480546,0.030004724951105812,0.13206245244874124
2026-08-16,824477,CIN,MIA,1,78,12,3,16,12,0.1282051282051282,0.20512820512820512,0.15384615384615385,0.038461538461538464,4.142857142857143,0.24402668422548404,0.08337670206328376,0.032531314827093274,0.13759005737393654
2026-08-17,824478,CIN,STL,5,81,24,2,21,5,0.12345679012345678,0.25925925925925924,0.06172839506172839,0.024691358024691357,3.642857142857143,0.2418719761884231,0.08596235170775693,0.03275755917098468,0.13498286064909276
2026-08-17,824514,CIN,STL,1,71,10,1,24,7,0.11267605633802817,0.3380281690140845,0.09859154929577464,0.014084507042253521,3.9285714285714284,0.24749366931011618,0.08144295135502325,0.033529164109256285,0.13884088534045078
2026-08-18,824475,CIN,STL,0,68,10,1,17,3,0.10294117647058823,0.25,0.04411764705882353,0.014705882352941176,3.2857142857142856,0.25096184679608463,0.07908670863554852,0.031715651454379656,0.13373128034203924
2026-08-19,824476,CIN,STL,5,75,16,2,24,8,0.12,0.32,0.10666666666666667,0.02666666666666667,2.9285714285714284,0.2524924590409826,0.07407470383362776,0.032766071622446886,0.13802299702871393
2026-08-20,824474,CIN,STL,9,84,15,2,15,14,0.07142857142857142,0.17857142857142858,0.16666666666666666,0.023809523809523808,3.0714285714285716,0.2549414386328194,0.07829239090845767,0.032403259831063666,0.13865791766363456
2026-08-21,825045,CIN,AZ,0,77,19,1,12,8,0.09090909090909091,0.15584415584415584,0.1038961038961039,0.012987012987012988,3.2857142857142856,0.24910554263058282,0.08334783774472643,0.02921157219710597,0.12810438118054818
2026-08-22,825044,CIN,AZ,11,90,26,6,12,8,0.2777777777777778,0.13333333333333333,0.08888888888888889,0.06666666666666667,3.0714285714285716,0.239228864686678,0.08551688718268344,0.024887115141556476,0.11569032464884459
2026-08-23,825043,CIN,AZ,3,75,16,0,18,9,0.12,0.24,0.12,0.0,3.7142857142857144,0.2360325176547145,0.08501677846339664,0.02867054632224793,0.12868227942162128
2026-08-24,823183,CIN,SF,0,67,15,1,18,3,0.11940298507462686,0.26865671641791045,0.04477611940298507,0.014925373134328358,3.857142857142857,0.23684884418532676,0.09154739070829458,0.027650138158982627,0.1321516671767233
2026-08-25,823181,CIN,SF,1,69,12,2,12,5,0.11594202898550725,0.17391304347826086,0.07246376811594203,0.028985507246376812,3.5,0.23603860964374895,0.093793303998984,0.02490671243048227,0.1254423565868157
2026-08-26,823180,CIN,SF,10,90,27,6,20,8,0.25555555555555554,0.2222222222222222,0.08888888888888889,0.06666666666666667,3.5714285714285716,0.22850298669891883,0.09266676642743364,0.02487626546908902,0.1253205687412427
2026-08-28,824638,CIN,CHC,10,88,26,6,17,6,0.25,0.19318181818181818,0.06818181818181818,0.06818181818181818,3.642857142857143,0.2297656129615451,0.09008740134806857,0.027203105295928842,0.13302258894326288
2026-08-29,824637,CIN,CHC,5,87,26,8,15,9,0.3218390804597701,0.1724137931034483,0.10344827586206896,0.09195402298850575,4.285714285714286,0.22793931426024638,0.09049324550391272,0.032073235166058714,0.14864758894326288
2026-08-30,824636,CIN,CHC,7,78,20,6,20,3,0.2692307692307692,0.2564102564102564,0.038461538461538464,0.07692307692307693,4.357142857142857,0.22218229603958048,0.09444006727375069,0.03519903887349931,0.1578667315234358
2026-08-31,824473,CIN,SD,0,80,20,0,21,4,0.05,0.2625,0.05,0.0,4.785714285714286,0.22584529970258413,0.08619830903199244,0.03794629162075206,0.16793999159669587
2026-09-01,824472,CIN,SD,4,73,15,2,17,8,0.1780821917808219,0.2328767123287671,0.1095890410958904,0.0273972602739726,4.428571428571429,0.22607678118406563,0.08536056652758328,0.036182623190416964,0.16269307801644897
2026-09-02,824470,CIN,SD,7,73,17,4,17,6,0.1917808219178082,0.2328767123287671,0.0821917808219178,0.0547945205479452,4.642857142857143,0.2185659628494001,0.08614610165616297,0.037133534135539756,0.16736494483379136
2026-09-04,824471,CIN,MIL,7,84,20,2,22,10,0.17857142857142858,0.2619047619047619,0.11904761904761904,0.023809523809523808,5.142857142857143,0.21734287087288345,0.08886568263924113,0.03999700829232576,0.17371063379430707
2026-03-20,831743,CLE,SEA,8,104,35,8,21,12,0.27884615384615385,0.20192307692307693,0.11538461538461539,0.07692307692307693,,,,,
2026-03-21,831873,CLE,SF,7,80,24,5,15,3,0.25,0.1875,0.0375,0.0625,,,,,
2026-03-22,831896,CLE,CIN,8,79,20,3,15,7,0.1518987341772152,0.189873417721519,0.08860759493670886,0.0379746835443038,,,,,
2026-03-23,831885,CLE,AZ,7,71,12,3,16,8,0.15492957746478872,0.22535211267605634,0.11267605633802817,0.04225352112676056,7.666666666666667,0.19309883154819865,0.08049740344044141,0.05913258682246025,0.22691496267445635
2026-03-24,831887,CLE,AZ,10,87,23,3,17,8,0.16091954022988506,0.19540229885057472,0.09195402298850575,0.034482758620689655,7.5,0.20116215183016306,0.0885420666648381,0.054912820398535324,0.20891861637203946
2026-03-26,823163,CLE,SEA,6,75,18,6,25,4,0.32,0.3333333333333333,0.05333333333333334,0.08,8.0,0.2000101812342454,0.08922445792957164,0.05082680804296619,0.19931880114360856
2026-03-27,823162,CLE,SEA,1,67,7,3,19,10,0.16417910447761194,0.2835820895522388,0.14925373134328357,0.04477611940298507,7.666666666666667,0.22223070658409338,0.08324260383019859,0.05568900670247182,0.21943233428634046
2026-03-28,823161,CLE,SEA,6,86,17,2,25,10,0.12790697674418605,0.29069767441860467,0.11627906976744186,0.023255813953488372,6.714285714285714,0.230995189865257,0.09267276490349644,0.05413002280254515,0.21153901574223638
2026-03-29,823160,CLE,SEA,0,71,11,1,22,6,0.08450704225352113,0.30985915492957744,0.08450704225352113,0.014084507042253521,6.625,0.23845800043442547,0.09562355301148961,0.05027074669641305,0.2010850108674801
2026-03-30,823972,CLE,LAD,4,72,18,0,14,3,0.06944444444444445,0.19444444444444445,0.041666666666666664,0.0,5.888888888888889,0.2463914620449979,0.09438838514949312,0.04625005340150643,0.18813190324370688
2026-03-31,823969,CLE,LAD,1,73,12,1,21,8,0.0547945205479452,0.2876712328767123,0.1095890410958904,0.0136986301369863,5.7,0.24119676028494258,0.08911621330121047,0.04162504806135579,0.17626315736378065
2026-04-01,823970,CLE,LAD,4,66,11,3,17,6,0.16666666666666666,0.25757575757575757,0.09090909090909091,0.045454545454545456,5.2727272727272725,0.2454217123387398,0.09097737946436318,0.03908628279550402,0.1652205540168865
2026-04-03,824458,CLE,CHC,4,67,14,2,15,6,0.13432835820895522,0.22388059701492538,0.08955223880597014,0.029850746268656716,5.166666666666667,0.24643454944182464,0.09097168875142385,0.03961697135042414,0.1653410634043682
2026-04-05,824459,CLE,CHC,0,66,3,0,15,8,0.015151515151515152,0.22727272727272727,0.12121212121212122,0.0,5.076923076923077,0.24469963002437084,0.09086250029408124,0.038865723267211265,0.1629554706970287
2026-04-05,824460,CLE,CHC,6,77,16,4,16,10,0.19480519480519481,0.2077922077922078,0.12987012987012986,0.05194805194805195,4.714285714285714,0.2434548512563963,0.09303033035965554,0.03608960017669617,0.1523980453009206
2026-04-06,824456,CLE,KC,2,73,15,4,13,6,0.2054794520547945,0.1780821917808219,0.0821917808219178,0.0547945205479452,4.571428571428571,0.24387407488990562,0.09406500996576371,0.034305669821337245,0.14639511965513785
2026-04-07,824457,CLE,KC,1,71,9,1,22,11,0.056338028169014086,0.30985915492957744,0.15492957746478872,0.014084507042253521,4.214285714285714,0.2432013743028215,0.09725728002447212,0.033755278431904755,0.1432150805161946
2026-04-08,824455,CLE,KC,10,76,21,1,23,7,0.15789473684210525,0.3026315789473684,0.09210526315789473,0.013157894736842105,3.7142857142857144,0.2517717841033971,0.10199456449076354,0.032048837253186885,0.13638931580132307
2026-04-10,824941,CLE,ATL,5,80,23,4,10,8,0.1875,0.125,0.1,0.05,3.9285714285714284,0.2572917459799194,0.100525222120754,0.029970578225335564,0.13660111289970284
2026-04-11,824939,CLE,ATL,6,76,12,1,13,11,0.10526315789473684,0.17105263157894737,0.14473684210526316,0.013157894736842105,3.5714285714285716,0.2522630103477355,0.10109993476443216,0.031078952609572018,0.13849971716899676
2026-04-12,824938,CLE,ATL,1,79,28,2,13,3,0.17721518987341772,0.16455696202531644,0.0379746835443038,0.02531645569620253,3.5714285714285716,0.24067153165099361,0.10762875681957003,0.02630451651934645,0.1231613713043351
2026-04-13,823073,CLE,STL,9,82,20,3,12,9,0.14634146341463414,0.14634146341463414,0.10975609756097561,0.036585365853658534,3.5714285714285716,0.23216973682764203,0.09968025340535717,0.024914540540290554,0.12409252026117837
2026-04-14,823072,CLE,STL,5,77,17,5,14,6,0.24675324675324675,0.18181818181818182,0.07792207792207792,0.06493506493506493,3.7857142857142856,0.221858578898787,0.099214326819181,0.025866651390302708,0.1254092693090675
2026-04-15,823071,CLE,STL,3,75,17,0,15,9,0.06666666666666667,0.2,0.12,0.0,4.142857142857143,0.2127127951051159,0.09874397222407792,0.0294988340969321,0.13699828391619076
2026-04-16,824453,CLE,BAL,4,67,12,1,19,6,0.07462686567164178,0.2835820895522388,0.08955223880597014,0.014925373134328358,4.071428571428571,0.2131096205019413,0.10433921031931602,0.0294988340969321,0.13679987121777806
2026-04-17,824454,CLE,BAL,4,82,14,2,18,13,0.0975609756097561,0.21951219512195122,0.15853658536585366,0.024390243902439025,4.285714285714286,0.21281753883590745,0.10290801015575028,0.029586458596742245,0.1382164672980421
2026-04-18,824451,CLE,BAL,4,62,7,4,24,3,0.20967741935483872,0.3870967741935484,0.04838709677419355,0.06451612903225806,4.285714285714286,0.21009871294634985,0.10773854547409048,0.02808186562873464,0.1332803465082628
2026-04-19,824452,CLE,BAL,8,75,13,3,24,8,0.13333333333333333,0.32,0.10666666666666667,0.04,4.285714285714286,0.2217570113162515,0.10479817818610646,0.03055796439756331,0.13866242230439732
2026-04-20,824450,CLE,HOU,2,84,21,3,10,9,0.15476190476190477,0.11904761904761904,0.10714285714285714,0.03571428571428571,4.857142857142857,0.22838038793962814,0.10375921714714541,0.033415107254706165,0.14710398074595576
2026-04-21,824448,CLE,HOU,8,80,21,1,12,11,0.1,0.15,0.1375,0.0125,4.571428571428571,0.22204148874358606,0.10213584052376878,0.032255552523722864,0.1442437457428636
2026-04-22,824449,CLE,HOU,0,71,11,1,16,7,0.056338028169014086,0.22535211267605634,0.09859154929577464,0.014084507042253521,5.0,0.2200356179020988,0.10608642760791752,0.029234515341726778,0.13670949916752115
2026-04-24,822827,CLE,TOR,8,78,19,5,13,6,0.2564102564102564,0.16666666666666666,0.07692307692307693,0.0641025641025641,4.928571428571429,0.21399940059827588,0.10206228273870221,0.029234515341726774,0.13670949916752115
2026-04-25,822826,CLE,TOR,3,73,18,2,17,4,0.1643835616438356,0.2328767123287671,0.0547945205479452,0.0273972602739726,4.785714285714286,0.2042876211496543,0.10097784086478667,0.0328734202964212,0.14374632199381768
2026-04-26,822824,CLE,TOR,2,70,14,1,18,6,0.08571428571428572,0.2571428571428571,0.08571428571428572,0.014285714285714285,4.642857142857143,0.2119931006017091,0.09774887804678276,0.03125893888741925,0.14209514782552018
2026-04-27,824446,CLE,TB,2,71,13,2,17,5,0.09859154929577464,0.23943661971830985,0.07042253521126761,0.028169014084507043,4.357142857142857,0.21814240242770264,0.09353298116171292,0.0313394974266244,0.14069879981263084
2026-04-28,824447,CLE,TB,0,72,9,0,14,9,0.05555555555555555,0.19444444444444445,0.125,0.0,4.428571428571429,0.2234909494057736,0.09585068485221034,0.03154325159721758,0.13508282548565634
2026-04-29,824445,CLE,TB,3,71,15,0,19,2,0.028169014084507043,0.2676056338028169,0.028169014084507043,0.0,3.7857142857142856,0.2269268766221886,0.09693953502642637,0.02893001117909912,0.12859811778143643
2026-05-01,825012,CLE,ATH,8,87,20,2,15,14,0.14942528735632185,0.1724137931034483,0.16091954022988506,0.022988505747126436,3.642857142857143,0.23305455176394826,0.09338574475231418,0.024291792255165905,0.11298495830509789
2026-05-02,825014,CLE,ATH,14,90,28,5,13,8,0.2111111111111111,0.14444444444444443,0.08888888888888889,0.05555555555555555,4.0,0.23108410841419458,0.09630856905444882,0.02593382837996065,0.11889628835435898
2026-05-03,825013,CLE,ATH,1,74,18,4,14,6,0.17567567567567569,0.1891891891891892,0.08108108108108109,0.05405405405405406,4.714285714285714,0.22114570519220927,0.09626118691751444,0.028835984267191167,0.1286451630286068
2026-05-04,824120,CLE,KC,2,68,12,3,10,5,0.16176470588235295,0.14705882352941177,0.07352941176470588,0.04411764705882353,4.5,0.21897977619701198,0.09072865089717354,0.030954827849449383,0.13422478446188674
2026-05-05,824119,CLE,KC,3,66,12,3,15,4,0.16666666666666666,0.22727272727272727,0.06060606060606061,0.045454545454545456,4.357142857142857,0.2018342082924308,0.09252453053935299,0.029497793422775486,0.13080244778528063
2026-05-06,824118,CLE,KC,3,72,10,0,16,11,0.027777777777777776,0.2222222222222222,0.1527777777777778,0.0,4.0,0.19521083166905417,0.0892344872493097,0.029887403812385877,0.133183400166233
2026-05-07,824117,CLE,KC,8,87,23,3,18,13,0.16091954022988506,0.20689655172413793,0.14942528735632185,0.034482758620689655,4.071428571428571,0.20258044618152585,0.0924941244375183,0.027336383404222613,0.1241131053816525
2026-05-08,824443,CLE,MIN,6,78,21,2,17,5,0.11538461538461539,0.21794871794871795,0.0641025641025641,0.02564102564102564,4.071428571428571,0.20664448559039283,0.09334593067725559,0.028906580448557588,0.12846450111235858
2026-05-09,824444,CLE,MIN,1,84,4,1,24,12,0.047619047619047616,0.2857142857142857,0.14285714285714285,0.011904761904761904,4.5,0.20611567168129724,0.09088243173488342,0.029732046062755597,0.13268211448490153
2026-05-10,824440,CLE,MIN,4,82,24,0,17,8,0.06097560975609756,0.2073170731707317,0.0975609756097561,0.0,4.0,0.21461907304184144,0.09559200787303097,0.026003631620055444,0.1177684567141009
2026-05-11,824441,CLE,LAA,7,81,16,0,13,13,0.06172839506172839,0.16049382716049382,0.16049382716049382,0.0,4.071428571428571,0.2127933845305532,0.09864675466316032,0.02404668445762883,0.11038217443640531
2026-05-12,824442,CLE,LAA,3,70,12,2,17,8,0.14285714285714285,0.24285714285714285,0.11428571428571428,0.02857142857142857,4.428571428571429,0.20588988238895584,0.10398815048074662,0.02302627629436352,0.10866889653265123
2026-05-13,824438,CLE,LAA,4,66,10,2,22,6,0.09090909090909091,0.3333333333333333,0.09090909090909091,0.030303030303030304,4.5,0.20613420547030104,0.10712123470034995,0.023055020186286485,0.11183072464417754
2026-05-15,824439,CLE,CIN,6,84,19,2,10,11,0.15476190476190477,0.11904761904761904,0.13095238095238096,0.023809523809523808,4.785714285714286,0.21605484039093595,0.10468616976528503,0.02521952235078865,0.11435597716943006
2026-05-16,824435,CLE,CIN,7,79,15,2,16,12,0.10126582278481013,0.20253164556962025,0.1518987341772152,0.02531645569620253,5.0,0.20544355362270753,0.112027838827276,0.02692020262289749,0.1233983265035299
2026-05-17,824436,CLE,CIN,10,78,23,7,21,6,0.32051282051282054,0.2692307692307692,0.07692307692307693,0.08974358974358974,4.928571428571429,0.20759482879886268,0.1113834955377996,0.027086484762117218,0.11995836474842192
2026-05-18,824277,CLE,DET,8,76,14,2,12,10,0.14473684210526316,0.15789473684210525,0.13157894736842105,0.02631578947368421,4.642857142857143,0.2165081377121716,0.11052879468309873,0.029528487204119658,0.12777277256282973
2026-05-19,824276,CLE,DET,4,74,11,2,17,10,0.0945945945945946,0.22972972972972974,0.13513513513513514,0.02702702702702703,5.142857142857143,0.2142728196873799,0.11413578513219444,0.027547182591236095,0.12556285587922883
2026-05-20,824273,CLE,DET,3,78,13,0,20,7,0.038461538461538464,0.2564102564102564,0.08974358974358974,0.0,5.285714285714286,0.22017788441597402,0.11853619394436797,0.026326424017536345,0.1207649907872461
2026-05-21,824274,CLE,DET,3,71,12,2,20,5,0.14084507042253522,0.28169014084507044,0.07042253521126761,0.028169014084507043,5.285714285714286,0.22225913649722612,0.12061744602562005,0.0230796707707831,0.11160748162973692
2026-05-22,823461,CLE,PHI,1,62,11,1,19,2,0.06451612903225806,0.3064516129032258,0.03225806451612903,0.016129032258064516,5.285714285714286,0.22650684497028667,0.11473492869944076,0.02509174320539075,0.11968371681864819
2026-05-23,823458,CLE,PHI,0,68,10,0,19,7,0.04411764705882353,0.27941176470588236,0.10294117647058823,0.0,4.785714285714286,0.23361792076879295,0.1063658413537127,0.023780762750917523,0.11279775887596055
2026-05-24,823459,CLE,PHI,3,71,15,1,15,6,0.11267605633802817,0.2112676056338028,0.08450704225352113,0.014084507042253521,4.357142857142857,0.23800813839430468,0.1091400279514287,0.021949260919415688,0.10770726113840398
2026-05-25,824437,CLE,WSH,2,76,22,7,18,4,0.32894736842105265,0.23684210526315788,0.05263157894736842,0.09210526315789473,4.5,0.23269051838855592,0.10497216362259858,0.02210495700066509,0.11235419033261687
2026-05-26,824434,CLE,WSH,3,79,19,1,18,8,0.0759493670886076,0.22784810126582278,0.10126582278481013,0.012658227848101266,4.357142857142857,0.23479944925230067,0.1017629210038566,0.02868390436908614,0.13149503023725653
2026-05-27,824432,CLE,WSH,3,70,16,0,10,5,0.07142857142857142,0.14285714285714285,0.07142857142857142,0.0,4.071428571428571,0.23961046883125273,0.09753234926273634,0.029588063501093376,0.13251081395346218
2026-05-29,824433,CLE,BOS,4,70,21,0,15,0,0.04285714285714286,0.21428571428571427,0.0,0.0,4.071428571428571,0.23246761168839555,0.09447112477294042,0.027547247174562767,0.12740877313713567
2026-05-30,824431,CLE,BOS,1,83,17,1,21,9,0.14457831325301204,0.25301204819277107,0.10843373493975904,0.012048192771084338,4.071428571428571,0.22396421032785138,0.08797761827943393,0.0253827450100606,0.12397649113342508
2026-05-31,824430,CLE,BOS,4,83,23,1,24,6,0.12048192771084337,0.2891566265060241,0.07228915662650602,0.012048192771084338,3.7142857142857144,0.23353309812393366,0.08636914356424664,0.02454264993588635,0.12324909173993275
2026-06-02,823541,CLE,NYY,9,81,20,2,23,5,0.16049382716049382,0.2839506172839506,0.06172839506172839,0.024691358024691357,3.5,0.23972059676224822,0.08068274516776743,0.02359491686980648,0.12462167066322083
2026-06-03,823540,CLE,NYY,5,69,14,5,17,2,0.2898550724637681,0.2463768115942029,0.028985507246376812,0.07246376811594203,3.4285714285714284,0.2407720144803326,0.07959741074909966,0.01894832888988517,0.11319174256662608
2026-06-04,823542,CLE,NYY,1,62,7,0,15,6,0.016129032258064516,0.24193548387096775,0.0967741935483871,0.0,3.2142857142857144,0.24709216267691098,0.07226930788323936,0.02224461307861787,0.12355733044937642
2026-06-05,822892,CLE,TEX,2,66,12,3,17,3,0.19696969696969696,0.25757575757575757,0.045454545454545456,0.045454545454545456,3.0,0.247964002258428,0.06952924062704309,0.02031411114811594,0.11795264742533855
2026-06-06,822891,CLE,TEX,6,72,12,2,8,6,0.09722222222222222,0.1111111111111111,0.08333333333333333,0.027777777777777776,2.9285714285714284,0.24804725234167807,0.06636573746353992,0.023560864394869187,0.12927465874734986
2026-06-07,822890,CLE,TEX,0,77,22,4,16,5,0.2077922077922078,0.2077922077922078,0.06493506493506493,0.05194805194805195,3.142857142857143,0.23586303593210958,0.06728793732940175,0.023532918944388526,0.1261587410187561
2026-06-08,824427,CLE,NYY,5,87,17,3,22,12,0.11494252873563218,0.25287356321839083,0.13793103448275862,0.034482758620689655,3.0714285714285716,0.22881593556703686,0.06962200878789718,0.026091420350816196,0.1363927466444668
2026-06-09,824429,CLE,NYY,2,81,18,2,17,8,0.07407407407407407,0.20987654320987653,0.09876543209876543,0.024691358024691357,3.4285714285714284,0.22692034974650174,0.07212128436019505,0.02855447453800832,0.14145166676423884
2026-06-10,824428,CLE,NYY,4,81,17,1,17,10,0.13580246913580246,0.20987654320987653,0.12345679012345678,0.012345679012345678,3.357142857142857,0.2268209881447927,0.0731397407777125,0.02931210675103959,0.13869438231681355
2026-06-12,824425,CLE,DET,3,66,11,2,17,4,0.16666666666666666,0.25757575757575757,0.06060606060606061,0.030303030303030304,3.5,0.22489487656955834,0.07819868443314738,0.02361499359778609,0.1248983180821528
2026-06-13,824426,CLE,DET,3,72,17,1,16,3,0.09722222222222222,0.2222222222222222,0.041666666666666664,0.013888888888888888,3.5,0.22701828059169651,0.07529441570609385,0.02487533663028102,0.13137812519487133
2026-06-16,823775,CLE,MIL,1,66,8,2,16,7,0.10606060606060606,0.24242424242424243,0.10606060606060606,0.030303030303030304,3.5,0.23268721483205934,0.0731685653659578,0.025867400122344508,0.13322052882298924
2026-06-17,823774,CLE,MIL,4,70,14,3,22,5,0.18571428571428572,0.3142857142857143,0.07142857142857142,0.04285714285714286,3.2857142857142856,0.23469710969909707,0.08074432294171538,0.028031902286846676,0.13773506190895088
2026-06-18,823772,CLE,MIL,4,83,12,3,22,17,0.14457831325301204,0.26506024096385544,0.20481927710843373,0.03614457831325301,3.5,0.2390738001343073,0.07810109697663055,0.030232541578708,0.14067334565618472
2026-06-19,824179,CLE,HOU,3,73,19,4,26,3,0.2602739726027397,0.3561643835616438,0.0410958904109589,0.0547945205479452,3.5,0.23735262973843813,0.08756753415391108,0.031953711974577186,0.14239451605205392
2026-06-20,824180,CLE,HOU,8,68,15,3,22,1,0.1323529411764706,0.3235294117647059,0.014705882352941176,0.04411764705882353,3.0714285714285716,0.2425107559011305,0.08609378382171329,0.03410393786909532,0.14952166929792862
2026-06-21,824177,CLE,HOU,1,65,11,1,13,4,0.09230769230769231,0.2,0.06153846153846154,0.015384615384615385,3.2857142857142856,0.24802165591330927,0.0850738106150393,0.032079214936443994,0.13827151706312166
2026-06-22,824585,CLE,CWS,5,79,18,1,28,8,0.08860759493670886,0.35443037974683544,0.10126582278481013,0.012658227848101266,3.2857142857142856,0.24502626420824014,0.08255697261433034,0.033178116035345095,0.14371284992380937
2026-06-23,824584,CLE,CWS,1,64,9,2,19,3,0.140625,0.296875,0.046875,0.03125,3.5,0.2519444515061743,0.08654349242363495,0.03083552192059908,0.1359726997785959
2026-06-24,824583,CLE,CWS,4,87,18,2,17,10,0.08045977011494253,0.19540229885057472,0.11494252873563218,0.022988505747126436,3.142857142857143,0.2652133007125235,0.08393932575696827,0.031083537793614953,0.13907289819129434
2026-06-26,824423,CLE,SEA,1,67,10,1,20,7,0.07462686567164178,0.29850746268656714,0.1044776119402985,0.014925373134328358,3.4285714285714284,0.26432830721669254,0.0875112874570088,0.029014998779263137,0.12997772407148966
2026-06-27,824421,CLE,SEA,4,72,15,1,16,3,0.08333333333333333,0.2222222222222222,0.041666666666666664,0.013888888888888888,3.142857142857143,0.2675878714644194,0.08512175727540451,0.02761804267309447,0.1270980338526332
2026-06-28,824422,CLE,SEA,6,88,25,0,16,10,0.03409090909090909,0.18181818181818182,0.11363636363636363,0.0,3.2857142857142856,0.268469705679587,0.08104327403025459,0.026846437734822867,0.12775940951400888
2026-06-29,824420,CLE,TEX,3,76,21,1,15,2,0.11842105263157894,0.19736842105263158,0.02631578947368421,0.013157894736842105,3.4285714285714284,0.26646553700875164,0.08034181499546224,0.025964603519655318,0.12049429808223078
2026-06-30,824418,CLE,TEX,2,65,11,3,17,0,0.15384615384615385,0.26153846153846155,0.0,0.046153846153846156,3.4285714285714284,0.26216501297138556,0.07789250991457819,0.024739950979213304,0.11704818279401022
2026-07-01,824419,CLE,TEX,9,78,19,3,16,8,0.1794871794871795,0.20512820512820512,0.10256410256410256,0.038461538461538464,3.357142857142857,0.26497331577968836,0.07491631943838772,0.027044590783853108,0.12109274933857676
2026-07-02,824416,CLE,CWS,4,80,19,3,10,11,0.2,0.125,0.1375,0.0375,3.9285714285714284,0.2623093131156856,0.07466656918863747,0.027627341366603688,0.126337504583332
2026-07-03,824417,CLE,CWS,3,75,12,1,24,7,0.04,0.32,0.09333333333333334,0.013333333333333334,3.9285714285714284,0.24878890495242034,0.07938595694373951,0.0272446883053792,0.12735791274659733
2026-07-04,824415,CLE,CWS,1,75,16,2,21,5,0.14666666666666667,0.28,0.06666666666666667,0.02666666666666667,3.857142857142857,0.2527131734550021,0.07142267524551806,0.025615313663956363,0.11988803322852504
2026-07-05,824413,CLE,CWS,6,83,21,5,13,9,0.20481927710843373,0.1566265060240964,0.10843373493975904,0.060240963855421686,3.7142857142857144,0.2472728603434561,0.0732491592637829,0.02360618124386504,0.11177322566166269
2026-07-07,823687,CLE,MIN,1,69,13,1,21,4,0.10144927536231885,0.30434782608695654,0.057971014492753624,0.014492753623188406,3.5714285714285716,0.23535122421912688,0.07994400587712704,0.02475784672933634,0.11694939251394576
2026-07-08,823684,CLE,MIN,5,86,19,2,20,14,0.09302325581395349,0.23255813953488372,0.16279069767441862,0.023255813953488372,3.5714285714285716,0.24280464036819518,0.07968918823100504,0.024694142317805843,0.11760236273213336
2026-07-09,823683,CLE,MIN,5,69,9,4,23,5,0.21739130434782608,0.3333333333333333,0.07246376811594203,0.057971014492753624,3.5714285714285716,0.23409948035305578,0.08408382215169137,0.02545111275390492,0.11791776708050797
2026-07-10,823845,CLE,MIA,3,67,9,3,12,5,0.13432835820895522,0.1791044776119403,0.07462686567164178,0.04477611940298507,3.857142857142857,0.23670364701972244,0.08591159130283008,0.027359756646244463,0.12340107453392414
2026-07-11,823844,CLE,MIA,4,75,18,0,15,6,0.06666666666666667,0.2,0.08,0.0,3.7857142857142856,0.23553951693124855,0.08303190108397361,0.02891601476452008,0.1272488308263536
2026-07-12,823842,CLE,MIA,5,78,19,3,20,5,0.1282051282051282,0.2564102564102564,0.0641025641025641,0.038461538461538464,4.0,0.22850326959649375,0.08128350023109517,0.027849916683496626,0.1266802451831411
2026-07-18,824412,CLE,PIT,3,75,17,1,20,9,0.10666666666666667,0.26666666666666666,0.12,0.013333333333333334,4.071428571428571,0.23094527203849619,0.08288606433365926,0.02960510593868588,0.1298853733882693
2026-07-18,824414,CLE,PIT,1,71,17,3,27,1,0.18309859154929578,0.38028169014084506,0.014084507042253521,0.04225352112676056,3.857142857142857,0.23700587809910226,0.0833406097882047,0.030557486891066833,0.13506935607225198
2026-07-19,824411,CLE,PIT,1,74,18,1,26,7,0.13513513513513514,0.35135135135135137,0.0945945945945946,0.013513513513513514,3.7142857142857144,0.25007111160540324,0.08246694675738822,0.03263574591891815,0.13968918028066032
2026-07-20,824410,CLE,MIN,13,84,29,7,16,5,0.35714285714285715,0.19047619047619047,0.05952380952380952,0.08333333333333333,3.642857142857143,0.2564863180206096,0.08922370351414499,0.03030429358746582,0.13835267894415898
2026-07-21,824409,CLE,MIN,5,72,15,1,12,5,0.08333333333333333,0.16666666666666666,0.06944444444444445,0.013888888888888888,3.9285714285714284,0.2554397455454657,0.08614939686840976,0.03350942179259403,0.15104237020527883
2026-07-22,824408,CLE,MIN,6,88,24,3,14,7,0.14772727272727273,0.1590909090909091,0.07954545454545454,0.03409090909090909,4.0,0.2584159360216562,0.08128828575729866,0.031822913856086085,0.1427090368719455
2026-07-23,824406,CLE,MIN,1,90,9,1,24,11,0.03333333333333333,0.26666666666666666,0.12222222222222222,0.011111111111111112,4.214285714285714,0.24692242952814972,0.08030343727245018,0.033305597838770074,0.15040384206675067
2026-07-24,822952,CLE,TB,3,80,22,3,17,6,0.2125,0.2125,0.075,0.0375,4.214285714285714,0.24597004857576876,0.08427169124070415,0.03219448672765896,0.1423086039715126
2026-07-25,822948,CLE,TB,0,66,14,0,17,3,0.030303030303030304,0.25757575757575757,0.045454545454545456,0.0,4.0,0.24996101243119043,0.08188356731643565,0.03057013216655741,0.1428572270351959
2026-07-26,822950,CLE,TB,0,61,7,0,17,2,0.03278688524590164,0.2786885245901639,0.03278688524590164,0.0,3.9285714285714284,0.24662015039467625,0.08098953381370648,0.02953493547918681,0.13777535238810387
2026-07-28,824489,CLE,CIN,0,64,6,1,22,6,0.046875,0.34375,0.09375,0.015625,3.5714285714285716,0.24991517789862483,0.07170354721166956,0.027873805911080497,0.1334727544903859
2026-07-28,824490,CLE,CIN,6,77,20,2,15,5,0.1038961038961039,0.19480519480519481,0.06493506493506493,0.025974025974025976,3.2142857142857144,0.25065922551767245,0.07322399234624513,0.024849090590169525,0.12129301846554116
2026-07-29,824487,CLE,CIN,6,85,19,1,22,10,0.058823529411764705,0.25882352941176473,0.11764705882352941,0.011764705882352941,3.4285714285714284,0.25178070531719066,0.07253172086506107,0.023506083916672447,0.1191192860146232
2026-07-31,824407,CLE,AZ,1,69,9,0,9,7,0.014492753623188406,0.13043478260869565,0.10144927536231885,0.0,3.5714285714285716,0.25598238598945955,0.07522079649531317,0.02434642005112623,0.11855906192498734
2026-08-01,824405,CLE,AZ,8,93,30,5,18,5,0.22580645161290322,0.1935483870967742,0.053763440860215055,0.053763440860215055,3.2857142857142856,0.2469841378607766,0.07788841872815279,0.021599167303873484,0.1104367494548488
2026-08-02,824404,CLE,AZ,5,70,10,1,21,9,0.05714285714285714,0.3,0.12857142857142856,0.014285714285714285,3.642857142857143,0.2417614036057843,0.07315723593245387,0.024487032127222173,0.11894673409386569
2026-08-04,824403,CLE,NYM,2,78,16,3,17,11,0.15384615384615385,0.21794871794871795,0.14102564102564102,0.038461538461538464,3.9285714285714284,0.2360269971671525,0.0813348731845378,0.02248933163857601,0.10994989592197722
2026-08-05,824402,CLE,NYM,5,90,19,3,29,7,0.16666666666666666,0.32222222222222224,0.07777777777777778,0.03333333333333333,4.0,0.226498237638393,0.08465137650104113,0.024271333420577797,0.11128639725847855
2026-08-06,824401,CLE,NYM,6,92,28,4,23,10,0.18478260869565216,0.25,0.10869565217391304,0.043478260869565216,3.4285714285714284,0.23590866847739525,0.08595523137632456,0.020699904849149225,0.0976809550816078
2026-08-07,824566,CLE,CWS,8,78,18,4,18,4,0.16666666666666666,0.23076923076923078,0.05128205128205128,0.05128205128205128,3.5,0.2418610494297762,0.08875888907128661,0.022813431419197536,0.104927331893202
2026-08-08,824565,CLE,CWS,3,76,18,3,13,4,0.15789473684210525,0.17105263157894737,0.05263157894736842,0.039473684210526314,3.642857142857143,0.2469809295496563,0.0867400745524721,0.02404137014713626,0.10628014574601585
2026-08-09,824564,CLE,CWS,3,79,11,1,19,17,0.08860759493670886,0.24050632911392406,0.21518987341772153,0.012658227848101266,3.7857142857142856,0.24015135561481923,0.08176931431855396,0.026067268225665914,0.11517738885378528
2026-08-11,824240,CLE,DET,4,76,15,2,11,10,0.10526315789473684,0.14473684210526316,0.13157894736842105,0.02631578947368421,3.7857142857142856,0.24215180769438524,0.09178287670553407,0.02429285592910172,0.10632793134926447
2026-08-12,824241,CLE,DET,6,84,17,2,16,10,0.14285714285714285,0.19047619047619047,0.11904761904761904,0.023809523809523808,4.071428571428571,0.23409188516077847,0.09793461969938233,0.026172555177222025,0.11168222617724352
2026-08-13,824238,CLE,DET,0,66,10,1,8,4,0.06060606060606061,0.12121212121212122,0.06060606060606061,0.015151515151515152,4.5,0.2277910041526375,0.10409610068521928,0.027873235449330867,0.11954438743518932
2026-08-14,824399,CLE,SD,5,82,22,4,16,7,0.21951219512195122,0.1951219512195122,0.08536585365853659,0.04878048780487805,4.5,0.21189544138207475,0.10172867644279504,0.027839415103010523,0.12052517747847936
2026-08-15,824400,CLE,SD,6,67,12,0,20,5,0.07462686567164178,0.29850746268656714,0.07462686567164178,0.0,4.428571428571429,0.21191806684024028,0.10318801849447158,0.029468448090928526,0.12878346970889704
2026-08-16,824397,CLE,SD,0,73,13,4,11,7,0.1780821917808219,0.1506849315068493,0.0958904109589041,0.0547945205479452,4.428571428571429,0.21475263350272616,0.10011514755505103,0.028628111956474744,0.1299122794417454
2026-08-18,824398,CLE,SF,8,73,19,2,20,5,0.1506849315068493,0.273972602739726,0.0684931506849315,0.0273972602739726,4.357142857142857,0.21619907270973715,0.09971808581194998,0.03254200628132797,0.14159723931014778
2026-08-19,824394,CLE,SF,0,69,13,0,23,2,0.043478260869565216,0.3333333333333333,0.028985507246376812,0.0,4.357142857142857,0.22194365954137657,0.10077020794228687,0.030658707668024945,0.13623141644542966
2026-08-20,824395,CLE,SF,5,76,14,1,19,10,0.039473684210526314,0.25,0.13157894736842105,0.013157894736842105,4.0,0.22432461192232894,0.09365692784764032,0.029638299504759637,0.13525537385448022
2026-08-21,824317,CLE,COL,9,85,20,2,16,12,0.11764705882352941,0.18823529411764706,0.1411764705882353,0.023529411764705882,4.214285714285714,0.22661398921170622,0.09298216401498176,0.02783089638156704,0.1270859117376497
2026-08-22,824316,CLE,COL,4,72,14,3,13,4,0.1388888888888889,0.18055555555555555,0.05555555555555555,0.041666666666666664,4.5,0.21704349434709372,0.09751064207287159,0.027130616269522217,0.12358451117742561
2026-08-23,824315,CLE,COL,7,77,19,0,14,6,0.1038961038961039,0.18181818181818182,0.07792207792207792,0.0,4.357142857142857,0.21208317688677622,0.09371492088584606,0.027001216683600896,0.12030638833408537
2026-08-24,823992,CLE,LAA,4,71,14,1,13,4,0.07042253521126761,0.18309859154929578,0.056338028169014086,0.014084507042253521,4.285714285714286,0.2085866733902728,0.09561777993156224,0.023338213020597232,0.1158227767076166
2026-08-25,823989,CLE,LAA,8,96,22,3,28,10,0.15625,0.2916666666666667,0.10416666666666667,0.03125,4.357142857142857,0.20944709910244047,0.09588252630453693,0.021524700365720604,0.1095747623054139
2026-08-26,823988,CLE,LAA,4,76,15,0,12,11,0.02631578947368421,0.15789473684210525,0.14473684210526316,0.0,4.714285714285714,0.2131014089276364,0.08795229725089015,0.02285268409085623,0.11440636266707756
2026-08-28,824396,CLE,KC,0,72,15,1,21,2,0.08333333333333333,0.2916666666666667,0.027777777777777776,0.013888888888888888,4.714285714285714,0.2140412585516966,0.0888921468749503,0.020972984842735926,0.10876726492271667
2026-08-29,824392,CLE,KC,3,75,17,2,11,4,0.16,0.14666666666666667,0.05333333333333334,0.02666666666666667,4.285714285714286,0.22126914970815914,0.08237287249853308,0.020264368062690576,0.10451556424244456
2026-08-30,824393,CLE,KC,11,78,20,2,14,7,0.15384615384615385,0.1794871794871795,0.08974358974358974,0.02564102564102564,4.5,0.22308733152634094,0.08185339197905254,0.021086878885201398,0.11161513134201165
2026-09-01,824391,CLE,TOR,6,66,11,3,17,4,0.15151515151515152,0.25757575757575757,0.06060606060606061,0.045454545454545456,4.928571428571429,0.22197056211688862,0.0821660874136992,0.019434060159211942,0.10692469982231183
2026-09-02,824390,CLE,TOR,0,77,21,2,17,2,0.12987012987012986,0.22077922077922077,0.025974025974025976,0.025974025974025976,4.928571428571429,0.2190468688946879,0.08116460133758627,0.02268081340596519,0.11241672023970538
2026-09-03,824388,CLE,TOR,3,87,17,0,16,14,0.034482758620689655,0.1839080459770115,0.16091954022988506,0.0,4.928571428571429,0.2240536038427145,0.0761705738386664,0.020622206650685242,0.10897300153179881
2026-09-04,824387,CLE,DET,3,78,15,1,18,5,0.08974358974358974,0.23076923076923078,0.0641025641025641,0.01282051282051282,4.571428571428571,0.21762042121680628,0.08277245880616309,0.018665259488258628,0.10067284632564455
2026-09-04,824424,CLE,DET,6,74,22,3,15,4,0.17567567567567569,0.20270270270270271,0.05405405405405406,0.04054054054054054,4.785714285714286,0.21029441389079898,0.08528082001017646,0.01958101040400954,0.10397751267378916
2026-03-20,831864,COL,SD,9,76,18,4,15,5,0.23684210526315788,0.19736842105263158,0.06578947368421052,0.05263157894736842,,,,,
2026-03-21,831868,COL,KC,5,79,21,1,16,8,0.12658227848101267,0.20253164556962025,0.10126582278481013,0.012658227848101266,,,,,
2026-03-22,831945,COL,ATH,6,73,16,4,18,7,0.1917808219178082,0.2465753424657534,0.0958904109589041,0.0547945205479452,,,,,
2026-03-23,831857,COL,DET,6,71,24,2,16,2,0.19718309859154928,0.22535211267605634,0.028169014084507043,0.028169014084507043,6.666666666666667,0.2154918030293351,0.08764856914264159,0.040028109114471626,0.18506840188732623
2026-03-24,831856,COL,DET,8,88,30,7,12,5,0.42045454545454547,0.13636363636363635,0.056818181818181816,0.07954545454545454,6.5,0.2179568804410154,0.07277868037810795,0.03706333535698048,0.188097076063382
2026-03-27,823893,COL,MIA,1,69,15,0,13,4,0.043478260869565216,0.18840579710144928,0.057971014492753624,0.0,6.8,0.20163823162553957,0.06958658066612272,0.045559759194675295,0.23456856994161468
2026-03-28,823892,COL,MIA,3,70,16,3,17,2,0.15714285714285714,0.24285714285714285,0.02857142857142857,0.04285714285714286,5.833333333333333,0.19943282587152455,0.0676506529705612,0.03796646599556275,0.20272018509627313
2026-03-29,823891,COL,MIA,3,74,14,1,19,7,0.12162162162162163,0.25675675675675674,0.0945945945945946,0.013513513513513514,5.428571428571429,0.20563629972661285,0.06206790662782797,0.03866513411864562,0.19620913824578512
2026-03-30,822834,COL,TOR,14,88,24,6,19,8,0.2727272727272727,0.2159090909090909,0.09090909090909091,0.06818181818181818,5.125,0.21202635685538085,0.0661337426236738,0.035521181543004106,0.1868856986677647
2026-03-31,822836,COL,TOR,1,73,21,1,16,5,0.0684931506849315,0.2191780821917808,0.0684931506849315,0.0136986301369863,6.111111111111111,0.2124577717502375,0.06888655909983127,0.039150141169539,0.19642365134104336
2026-04-01,822835,COL,TOR,2,79,13,0,26,4,0.012658227848101266,0.3291139240506329,0.05063291139240506,0.0,5.6,0.21312980279439184,0.06884721825834128,0.03660499006628373,0.18363060127543215
2026-04-03,824377,COL,PHI,1,77,18,3,24,5,0.18181818181818182,0.3116883116883117,0.06493506493506493,0.03896103896103896,5.2727272727272725,0.22367381381768647,0.0671913721796198,0.033277263696621574,0.1680876582365839
2026-04-04,824378,COL,PHI,1,72,13,0,23,5,0.027777777777777776,0.3194444444444444,0.06944444444444445,0.0,4.916666666666667,0.23100835530690525,0.0670033465759069,0.033750911635323025,0.16923186853505037
2026-04-05,824379,COL,PHI,4,67,13,4,18,3,0.22388059701492538,0.26865671641791045,0.04477611940298507,0.05970149253731343,4.615384615384615,0.2378111313944083,0.06719112333502518,0.031154687663375098,0.15835078463064484
2026-04-06,824376,COL,HOU,9,82,25,2,12,7,0.18292682926829268,0.14634146341463414,0.08536585365853659,0.024390243902439025,4.571428571428571,0.24001438746751558,0.06559005162559374,0.033193745154370694,0.1630314855152363
2026-04-07,824375,COL,HOU,5,65,13,3,12,3,0.13846153846153847,0.18461538461538463,0.046153846153846156,0.046153846153846156,4.571428571428571,0.23636960477908717,0.06698836448090274,0.031176506936875736,0.1591803943727459
2026-04-08,824374,COL,HOU,9,81,18,1,13,11,0.07407407407407407,0.16049382716049382,0.13580246913580246,0.012345679012345678,4.571428571428571,0.23508987185378463,0.06305179472154818,0.0335690511015718,0.16002891294278346
2026-04-09,823319,COL,SD,3,97,19,2,21,8,0.1134020618556701,0.21649484536082475,0.08247422680412371,0.020618556701030927,4.785714285714286,0.2289411921891232,0.06590265601989806,0.03053699099188612,0.15162128809680245
2026-04-10,823318,COL,SD,2,67,14,3,13,4,0.14925373134328357,0.19402985074626866,0.05970149253731343,0.04477611940298507,4.571428571428571,0.22830853023803527,0.06978159978558497,0.029997672607352116,0.14563692832995395
2026-04-11,823316,COL,SD,5,79,19,5,15,11,0.26582278481012656,0.189873417721519,0.13924050632911392,0.06329113924050633,4.142857142857143,0.23242754555108042,0.06998755055123722,0.027514148668604292,0.12626544160772096
2026-04-12,823317,COL,SD,2,70,12,3,14,8,0.15714285714285714,0.2,0.11428571428571428,0.04285714285714286,4.428571428571429,0.23253237559537113,0.07579251425383439,0.03203494432864046,0.14214719331776104
2026-04-14,824210,COL,HOU,6,81,23,4,21,5,0.20987654320987653,0.25925925925925924,0.06172839506172839,0.04938271604938271,4.357142857142857,0.2294711511055752,0.0819149632334262,0.032034944328640465,0.14214719331776104
2026-04-15,824209,COL,HOU,1,72,9,1,20,11,0.1111111111111111,0.2777777777777778,0.1527777777777778,0.013888888888888888,4.571428571428571,0.2296499012843254,0.0795673775525072,0.03459703022405969,0.14845111628835067
2026-04-16,824208,COL,HOU,3,78,14,1,18,12,0.07692307692307693,0.23076923076923078,0.15384615384615385,0.01282051282051282,3.642857142857143,0.2340690932035173,0.08398656947169914,0.030718963845993312,0.13690710474433915
2026-04-17,824373,COL,LAD,1,73,15,2,18,6,0.1643835616438356,0.2465753424657534,0.0821917808219178,0.0273972602739726,3.7857142857142856,0.23489703238762089,0.09008321255464358,0.03065624118053092,0.1375092423327781
2026-04-18,824372,COL,LAD,4,71,15,2,15,4,0.16901408450704225,0.2112676056338028,0.056338028169014086,0.028169014084507043,3.7142857142857144,0.22900141941727234,0.09233741751389449,0.03261318834295753,0.14834676617533057
2026-04-19,824371,COL,LAD,9,84,30,2,12,5,0.15476190476190477,0.14285714285714285,0.05952380952380952,0.023809523809523808,3.9285714285714284,0.22182851184195027,0.09172334345917657,0.03184232942320525,0.14743218779596345
2026-04-20,824370,COL,LAD,3,86,26,6,12,5,0.2441860465116279,0.13953488372093023,0.05813953488372093,0.06976744186046512,4.5,0.20921513315714302,0.09101472667913123,0.0335430096953141,0.15650248258054394
2026-04-21,824369,COL,SD,0,66,9,0,23,1,0.030303030303030304,0.3484848484848485,0.015151515151515152,0.0,4.428571428571429,0.19999214510735872,0.09196925635632665,0.03426200607553921,0.15795287183030843
2026-04-22,824367,COL,SD,8,79,22,2,13,7,0.17721518987341772,0.16455696202531644,0.08860759493670886,0.02531645569620253,3.7857142857142856,0.21443095832665976,0.08695394646296796,0.032519845796793574,0.14705117190421824
2026-04-23,824368,COL,SD,8,88,27,4,17,8,0.23863636363636365,0.19318181818181818,0.09090909090909091,0.045454545454545456,4.0,0.2129982138559406,0.08998635709031531,0.03103146076410474,0.14981928986220963
2026-04-24,823638,COL,NYM,4,77,21,0,19,4,0.025974025974025976,0.24675324675324675,0.05194805194805195,0.0,3.9285714285714284,0.21533307035746377,0.08677968721697875,0.03339637979569044,0.16157373911665887
2026-04-26,823635,COL,NYM,3,68,11,1,19,6,0.07352941176470588,0.27941176470588236,0.08823529411764706,0.014705882352941176,4.0,0.21749438474263674,0.08459924615583078,0.0319236257456168,0.15532887941082715
2026-04-26,823637,COL,NYM,3,71,10,1,16,9,0.056338028169014086,0.22535211267605634,0.1267605633802817,0.014084507042253521,4.071428571428571,0.22359309288260917,0.08663737484014032,0.02977575167061367,0.14991999944092876
2026-04-28,824526,COL,CIN,2,74,22,3,19,3,0.16216216216216217,0.25675675675675674,0.04054054054054054,0.04054054054054054,3.9285714285714284,0.22612728537936183,0.08574595034379516,0.026260992227881325,0.1349568025379921
2026-04-29,824525,COL,CIN,13,86,25,3,20,9,0.18604651162790697,0.23255813953488372,0.10465116279069768,0.03488372093023256,3.9285714285714284,0.23018133943341587,0.08047843793342561,0.0260955206338383,0.13531532432508536
2026-04-30,824524,COL,CIN,4,75,16,3,16,8,0.16,0.21333333333333335,0.10666666666666667,0.04,4.428571428571429,0.2282741165959605,0.08354434991406627,0.025059878125327572,0.1336131792120875
2026-05-01,824366,COL,ATL,6,79,17,3,11,9,0.17721518987341772,0.13924050632911392,0.11392405063291139,0.0379746835443038,4.642857142857143,0.2236709419927859,0.08025069912041548,0.02692495749040694,0.137105242704151
2026-05-02,824365,COL,ATL,1,75,16,3,21,6,0.17333333333333334,0.28,0.08,0.04,4.857142857142857,0.21713317596134898,0.07739912031946959,0.028721683970677724,0.1442689650577468
2026-05-03,824364,COL,ATL,6,88,25,5,22,12,0.25,0.25,0.13636363636363635,0.056818181818181816,4.857142857142857,0.21952065149950942,0.07724256454647546,0.029621879665393962,0.14490823446413947
2026-05-04,824363,COL,NYM,2,65,9,1,19,2,0.15384615384615385,0.2923076923076923,0.03076923076923077,0.015384615384615385,5.0,0.22228725109709493,0.08295867941751991,0.03166824878922788,0.15069294271363648
2026-05-06,824361,COL,NYM,5,87,28,4,11,7,0.21839080459770116,0.12643678160919541,0.08045977011494253,0.04597701149425287,4.5,0.23296229034356278,0.08090478093505,0.031066469616020134,0.15062753193394
2026-05-07,824362,COL,NYM,6,73,13,1,16,12,0.0958904109589041,0.2191780821917808,0.1643835616438356,0.0136986301369863,4.642857142857143,0.232026711621296,0.08249908345156583,0.029367153161290686,0.1487850146543738
2026-05-08,823466,COL,PHI,9,97,22,4,27,10,0.16494845360824742,0.27835051546391754,0.10309278350515463,0.041237113402061855,5.071428571428571,0.22279051402893404,0.09315851534387443,0.030345626742503996,0.15346982755836477
2026-05-09,823468,COL,PHI,3,75,20,4,18,2,0.2,0.24,0.02666666666666667,0.05333333333333334,5.142857142857143,0.23091862498883411,0.094193171670192,0.03148281657863681,0.15259363211085258
2026-05-10,823463,COL,PHI,0,68,16,3,13,2,0.14705882352941177,0.19117647058823528,0.029411764705882353,0.04411764705882353,4.785714285714286,0.23426278083298996,0.0896044270814474,0.032045587141407365,0.14983389185111234
2026-05-12,823385,COL,PIT,1,68,13,0,17,4,0.08823529411764706,0.25,0.058823529411764705,0.0,4.5,0.23029301110691772,0.08799469227843527,0.03519684764560905,0.15848280596221134
2026-05-13,823386,COL,PIT,10,74,17,3,10,5,0.21621621621621623,0.13513513513513514,0.06756756756756757,0.04054054054054054,4.357142857142857,0.22819217077078324,0.08589385194230083,0.034146427477541826,0.15953322613027857
2026-05-14,823383,COL,PIT,2,71,17,1,14,7,0.11267605633802817,0.19718309859154928,0.09859154929577464,0.014084507042253521,4.857142857142857,0.22174810094643174,0.08166578081282125,0.03603614415599089,0.17095309670507872
2026-05-15,824360,COL,AZ,1,75,17,1,8,5,0.12,0.10666666666666667,0.06666666666666667,0.013333333333333334,4.857142857142857,0.21749283964891689,0.08581228143819511,0.034146427477541826,0.16741837486049768
2026-05-16,824359,COL,AZ,4,74,21,0,11,6,0.06756756756756757,0.14864864864864866,0.08108108108108109,0.0,4.0,0.2085005915869014,0.08309910314362147,0.03260711407776331,0.16270076688707577
2026-05-17,824358,COL,AZ,6,84,20,3,19,8,0.15476190476190477,0.2261904761904762,0.09523809523809523,0.03571428571428571,4.0,0.20388025696656678,0.08127156131607964,0.02974997122062045,0.15609845028475916
2026-05-18,824357,COL,TEX,7,77,17,1,14,8,0.11688311688311688,0.18181818181818182,0.1038961038961039,0.012987012987012988,4.0,0.21009096909952124,0.07993685021644992,0.029588514232762014,0.15449464420536538
2026-05-19,824356,COL,TEX,0,81,19,1,14,9,0.1111111111111111,0.1728395061728395,0.1111111111111111,0.012345679012345678,4.428571428571429,0.20307798208653421,0.08164371478045733,0.027659015160405802,0.15046248588749278
2026-05-20,824355,COL,TEX,4,79,21,2,18,4,0.11392405063291139,0.22784810126582278,0.05063291139240506,0.02531645569620253,4.0,0.19756651824173702,0.07983996297670555,0.02448240781713179,0.14054185096685787
2026-05-21,825083,COL,AZ,1,72,10,0,14,10,0.013888888888888888,0.19444444444444445,0.1388888888888889,0.0,4.142857142857143,0.19296226173874637,0.08125879730693228,0.02519182498224516,0.13769027216591198
2026-05-22,825082,COL,AZ,3,74,16,0,7,3,0.05405405405405406,0.0945945945945946,0.04054054054054054,0.0,3.857142857142857,0.19781995194126417,0.08543230579078558,0.021907752732655668,0.12308299247242538
2026-05-23,825080,COL,AZ,4,76,19,2,15,6,0.10526315789473684,0.19736842105263158,0.07894736842105263,0.02631578947368421,3.642857142857143,0.18892113139860797,0.0765863757119788,0.02092927915144236,0.1200946812649361
2026-05-24,825081,COL,AZ,1,70,19,0,10,3,0.14285714285714285,0.14285714285714285,0.04285714285714286,0.0,3.2857142857142856,0.18313669608351613,0.0748617032059715,0.019863470299415383,0.11583144585682818
2026-05-25,823948,COL,LAD,3,70,15,1,15,4,0.11428571428571428,0.21428571428571427,0.05714285714285714,0.014285714285714285,3.142857142857143,0.17619792057331204,0.07601816579100552,0.016053946489891575,0.11174981320376697
2026-05-26,823949,COL,LAD,6,84,29,8,14,3,0.34523809523809523,0.16666666666666666,0.03571428571428571,0.09523809523809523,3.357142857142857,0.1778485808374177,0.0779989581079323,0.013923094148955198,0.10940887682921716
2026-05-27,823947,COL,LAD,1,65,9,3,14,6,0.15384615384615385,0.2153846153846154,0.09230769230769231,0.046153846153846156,3.7142857142857144,0.17189619988503674,0.07634829784382664,0.02072581523739057,0.12776621976639202
2026-05-29,824353,COL,SF,6,86,25,3,15,6,0.19767441860465115,0.1744186046511628,0.06976744186046512,0.03488372093023256,3.0714285714285716,0.17762830561714246,0.07811544961097841,0.021126765638340976,0.12331121531138756
2026-05-30,824352,COL,SF,8,77,23,3,12,4,0.2077922077922078,0.15584415584415584,0.05194805194805195,0.03896103896103896,3.357142857142857,0.1760022703356863,0.07605658479417059,0.022612423773196617,0.12938252690186064
2026-05-31,824354,COL,SF,6,100,35,3,19,9,0.23,0.19,0.09,0.03,3.857142857142857,0.17951494813407837,0.0750052551714124,0.024442974175175596,0.13565339888701833
2026-06-01,824027,COL,LAA,9,90,20,3,16,14,0.16666666666666666,0.17777777777777778,0.15555555555555556,0.03333333333333333,4.0,0.1824686160877463,0.07564232080847802,0.026585831318032736,0.14725571548933494
2026-06-02,824026,COL,LAA,8,79,18,2,16,7,0.17721518987341772,0.20253164556962025,0.08860759493670886,0.02531645569620253,4.214285714285714,0.17901056620112502,0.07995071083115378,0.026415763290821855,0.14810605562538934
2026-06-03,824024,COL,LAA,4,80,23,2,17,6,0.1625,0.2125,0.075,0.025,4.285714285714286,0.18049009932622775,0.07885867447691128,0.027296437770049677,0.15241548941041083
2026-06-05,824350,COL,MIL,7,92,19,1,19,12,0.09782608695652174,0.20652173913043478,0.13043478260869565,0.010869565217391304,4.571428571428571,0.18332299174245353,0.0762793093975462,0.028200317840596418,0.15608612433104577
2026-06-06,824351,COL,MIL,1,83,18,5,19,10,0.20481927710843373,0.2289156626506024,0.12048192771084337,0.060240963855421686,4.785714285714286,0.18179968016135437,0.08197944305585265,0.027168397092109896,0.15493626978273226
2026-06-07,824349,COL,MIL,4,79,24,2,12,4,0.25316455696202533,0.1518987341772152,0.05063291139240506,0.02531645569620253,4.785714285714286,0.18426191003322281,0.08066466011456368,0.031471323081782875,0.16857415465555683
2026-06-09,824347,COL,CHC,7,79,20,3,10,10,0.189873417721519,0.12658227848101267,0.12658227848101267,0.0379746835443038,4.857142857142857,0.18835506286055284,0.08138554374683972,0.03327964134579734,0.18279633343469764
2026-06-10,824348,COL,CHC,2,71,14,2,22,7,0.1267605633802817,0.30985915492957744,0.09859154929577464,0.028169014084507043,5.071428571428571,0.1832989098197229,0.08478803732255115,0.03411241949369874,0.18883992342232497
2026-06-11,824346,COL,CHC,3,80,22,6,19,5,0.2625,0.2375,0.0625,0.075,5.142857142857143,0.19522762496775398,0.08876906635388201,0.03612449192830639,0.1876901677454063
2026-06-12,824997,COL,ATH,4,75,17,3,18,5,0.17333333333333334,0.24,0.06666666666666667,0.04,5.142857142857143,0.19688578823306008,0.0891517194151065,0.04046122662218394,0.19827690243928386
2026-06-13,824995,COL,ATH,5,77,19,2,13,7,0.19480519480519481,0.16883116883116883,0.09090909090909091,0.025974025974025976,5.0,0.20212388347115534,0.09136260376884799,0.03651564839089143,0.18599799087465801
2026-06-14,824994,COL,ATH,23,98,38,8,11,7,0.37755102040816324,0.11224489795918367,0.07142857142857142,0.08163265306122448,5.285714285714286,0.1987986372887663,0.09126270366894788,0.03507423266376141,0.18892363665744666
2026-06-15,824666,COL,CHC,4,82,17,2,17,13,0.13414634146341464,0.2073170731707317,0.15853658536585366,0.024390243902439025,6.5,0.1943576582393392,0.09138135578095548,0.038413442101689406,0.2017719653576975
2026-06-16,824667,COL,CHC,5,76,13,2,16,10,0.11842105263157894,0.21052631578947367,0.13157894736842105,0.02631578947368421,6.214285714285714,0.1980342951912375,0.09899482245365561,0.03737267102607512,0.19651154633421228
2026-06-17,824668,COL,CHC,6,76,21,6,9,6,0.3157894736842105,0.11842105263157894,0.07894736842105263,0.07894736842105263,6.142857142857143,0.1995004606047713,0.10196474726568569,0.03710951313133828,0.1885416215221822
2026-06-19,824345,COL,PIT,4,70,16,1,11,3,0.15714285714285714,0.15714285714285714,0.04285714285714286,0.014285714285714285,5.928571428571429,0.19526069452289999,0.09649273389893546,0.04036765849474681,0.19919325059486392
2026-06-20,824342,COL,PIT,2,66,11,2,20,4,0.15151515151515152,0.30303030303030304,0.06060606060606061,0.030303030303030304,5.642857142857143,0.19201863820670262,0.09322484446468074,0.03957974839399764,0.197759512542681
2026-06-21,824343,COL,PIT,6,78,21,3,16,5,0.16666666666666666,0.20512820512820512,0.0641025641025641,0.038461538461538464,5.5,0.1984850884231528,0.09219670593654224,0.03995853627278552,0.19697488050804896
2026-06-22,824344,COL,BOS,0,69,17,0,11,6,0.07246376811594203,0.15942028985507245,0.08695652173913043,0.0,5.428571428571429,0.1983855502801364,0.0874586903289614,0.04192939150451032,0.20189206477305932
2026-06-23,824340,COL,BOS,2,79,19,3,16,9,0.17721518987341772,0.20253164556962025,0.11392405063291139,0.0379746835443038,5.357142857142857,0.19342159508045567,0.08506401847383906,0.03762646551483734,0.1924380998450242
2026-06-24,824341,COL,BOS,8,80,25,2,19,2,0.1875,0.2375,0.025,0.025,5.214285714285714,0.19703823160848463,0.08958481413387522,0.03853062464684458,0.1870131450529808
2026-06-26,823688,COL,MIN,8,87,25,4,12,6,0.2413793103448276,0.13793103448275862,0.06896551724137931,0.04597701149425287,5.285714285714286,0.20496092600269802,0.08232893709951718,0.03760386153653716,0.18684361521572942
2026-06-27,823689,COL,MIN,8,81,22,4,8,5,0.24691358024691357,0.09876543209876543,0.06172839506172839,0.04938271604938271,5.714285714285714,0.1926803459707824,0.08021279195277464,0.038875861351519,0.19503066857033985
2026-06-28,823686,COL,MIN,2,69,15,2,15,1,0.13043478260869565,0.21739130434782608,0.014492753623188406,0.028985507246376812,6.071428571428571,0.18277073397783705,0.08015767731432667,0.03704605535504634,0.19391735287369083
2026-06-29,824339,COL,MIA,7,84,23,3,11,9,0.25,0.13095238095238096,0.10714285714285714,0.03571428571428571,5.928571428571429,0.18115582714553893,0.0764309692397925,0.036259305872644684,0.19085317067907384
2026-06-30,824338,COL,MIA,3,88,26,4,17,8,0.23863636363636365,0.19318181818181818,0.09090909090909091,0.045454545454545456,6.071428571428571,0.17845019943991122,0.07759052397077582,0.036955038711234664,0.19479565676441707
2026-07-01,824337,COL,MIA,6,67,14,4,17,2,0.26865671641791045,0.2537313432835821,0.029850746268656716,0.05970149253731343,4.642857142857143,0.18423140802724225,0.07898198964795577,0.03437088816790045,0.1848731812807171
2026-07-02,824335,COL,MIA,14,84,20,2,7,11,0.14285714285714285,0.08333333333333333,0.13095238095238096,0.023809523809523808,4.785714285714286,0.187546713035303,0.06979014399815599,0.03689312021324862,0.19448106520603822
2026-07-03,824336,COL,SF,15,83,26,4,16,8,0.24096385542168675,0.1927710843373494,0.0963855421686747,0.04819277108433735,5.428571428571429,0.17846150000272157,0.06974538925415312,0.036714101237237166,0.19622650022214996
2026-07-04,824334,COL,SF,4,82,21,2,15,7,0.15853658536585366,0.18292682926829268,0.08536585365853659,0.024390243902439025,6.071428571428571,0.1837722165531337,0.07099097309326899,0.03451734428461464,0.19088181320339825
2026-07-05,824333,COL,SF,7,77,21,5,21,4,0.2597402597402597,0.2727272727272727,0.05194805194805195,0.06493506493506493,6.071428571428571,0.18561392884780767,0.07402730957908284,0.03523909640009498,0.1909813652193266
2026-07-06,823930,COL,LAD,7,93,22,2,12,10,0.11827956989247312,0.12903225806451613,0.10752688172043011,0.021505376344086023,6.428571428571429,0.18344942668330552,0.07340888038922508,0.03771281315952603,0.19871173009254858
2026-07-07,823929,COL,LAD,4,77,16,1,18,7,0.05194805194805195,0.23376623376623376,0.09090909090909091,0.012987012987012988,6.5,0.17801400189304203,0.07651061736192978,0.03650165872256513,0.19525550889439192
2026-07-08,823928,COL,LAD,3,68,12,2,19,4,0.14705882352941177,0.27941176470588236,0.058823529411764705,0.029411764705882353,6.785714285714286,0.183324426458125,0.07679294373121268,0.037429302507351776,0.19379010059668547
2026-07-09,823201,COL,SF,2,78,18,4,18,10,0.21794871794871795,0.23076923076923078,0.1282051282051282,0.05128205128205128,6.857142857142857,0.18881586353928653,0.07285719221541649,0.03681766544746453,0.19163607442925648
2026-07-10,823200,COL,SF,4,84,21,1,12,13,0.07142857142857142,0.14285714285714285,0.15476190476190477,0.011904761904761904,6.428571428571429,0.18833509430851733,0.08022898708721136,0.038694954824753915,0.1938109828541649
2026-07-11,823198,COL,SF,2,68,13,2,15,4,0.14705882352941177,0.22058823529411764,0.058823529411764705,0.029411764705882353,6.142857142857143,0.1886869591924019,0.08635730048153459,0.03626122271121884,0.18167164436014663
2026-07-12,823199,COL,SF,1,69,12,1,10,7,0.043478260869565216,0.14492753623188406,0.10144927536231885,0.014492753623188406,5.714285714285714,0.1973885879920699,0.08614981007796577,0.0348347261866831,0.1745391617374679
2026-07-17,824332,COL,CIN,2,74,17,5,17,3,0.24324324324324326,0.22972972972972974,0.04054054054054054,0.06756756756756757,5.642857142857143,0.19221260455521696,0.09236099020218937,0.033799529499312496,0.16832798161324433
2026-07-18,824331,COL,CIN,10,76,23,3,14,4,0.23684210526315788,0.18421052631578946,0.05263157894736842,0.039473684210526314,5.285714285714286,0.19926812946788466,0.08760368187345247,0.03607476391740406,0.16784535613061882
2026-07-19,824330,COL,CIN,6,77,18,8,15,5,0.33766233766233766,0.19480519480519481,0.06493506493506493,0.1038961038961039,5.785714285714286,0.19862732290602553,0.08486957387618657,0.03564755954283127,0.16771719481824698
2026-07-20,824328,COL,WSH,3,76,18,3,10,7,0.17105263157894737,0.13157894736842105,0.09210526315789473,0.039473684210526314,5.785714285714286,0.19441831230042642,0.08737559663807289,0.03880431749703058,0.17264616776427746
2026-07-21,824329,COL,WSH,8,78,22,4,16,4,0.2564102564102564,0.20512820512820512,0.05128205128205128,0.05128205128205128,5.0,0.19786442758864695,0.0846008025098953,0.039923186097102194,0.17466013124440635
2026-07-22,824327,COL,WSH,0,80,20,1,18,7,0.1125,0.225,0.0875,0.0125,4.5,0.1987470790737081,0.0813791245894222,0.04014384896836747,0.1757634456007328
2026-07-24,823759,COL,MIL,5,75,18,2,16,4,0.14666666666666667,0.21333333333333335,0.05333333333333334,0.02666666666666667,4.214285714285714,0.20175230555454432,0.08153156361381243,0.039294545832478975,0.1724751180746004
2026-07-25,823758,COL,MIL,5,77,20,1,16,7,0.09090909090909091,0.2077922077922078,0.09090909090909091,0.012987012987012988,4.071428571428571,0.1975098813121201,0.08163051228418969,0.03656108881330767,0.16439843285505804
2026-07-26,823755,COL,MIL,2,73,19,3,18,3,0.273972602739726,0.2465753424657534,0.0410958904109589,0.0410958904109589,3.9285714285714284,0.20313559200695522,0.08044352722623689,0.035952634287802446,0.1624433986419593
2026-07-28,823275,COL,SD,7,85,26,2,16,9,0.11764705882352941,0.18823529411764706,0.10588235294117647,0.023529411764705882,3.7857142857142856,0.20405052834263518,0.0768854414763703,0.03796041124665573,0.1783022951270789
2026-07-29,823273,COL,SD,1,66,12,0,17,3,0.015151515151515152,0.25757575757575757,0.045454545454545456,0.0,4.071428571428571,0.1975379233006184,0.08024678601418543,0.03754024317942884,0.17620145479094443
2026-07-31,824325,COL,KC,3,64,11,1,12,1,0.109375,0.1875,0.015625,0.015625,4.0,0.19945267521537027,0.07433603010342951,0.03387723951642518,0.16171594030542996
2026-08-01,824326,COL,KC,12,83,28,6,14,6,0.3132530120481928,0.1686746987951807,0.07228915662650602,0.07228915662650602,3.9285714285714284,0.20264145072557435,0.06439767976329347,0.034142970808942186,0.1644263994891034
2026-08-02,824323,COL,KC,8,72,14,1,13,7,0.125,0.18055555555555555,0.09722222222222222,0.013888888888888888,4.642857142857143,0.19893334097565032,0.06535951027863214,0.0372056416604153,0.17629741295473061
2026-08-03,824324,COL,TB,9,88,30,5,12,3,0.2727272727272727,0.13636363636363635,0.03409090909090909,0.056818181818181816,5.142857142857143,0.2014781994987697,0.06505757791148238,0.03716250846510819,0.18212039432119023
2026-08-04,824321,COL,TB,7,93,23,3,19,7,0.16129032258064516,0.20430107526881722,0.07526881720430108,0.03225806451612903,5.642857142857143,0.19480919282976303,0.0645968899507944,0.03639469519729493,0.18422639642719238
2026-08-05,824322,COL,TB,0,69,11,1,15,5,0.11594202898550725,0.21739130434782608,0.07246376811594203,0.014492753623188406,5.428571428571429,0.19624423204069358,0.06621383554057532,0.03587929379055226,0.1788298405212986
2026-08-07,823024,COL,STL,2,70,15,1,17,5,0.1,0.24285714285714285,0.07142857142857142,0.014285714285714285,5.0,0.19785752557945294,0.0667516000534951,0.02949334019962973,0.1629926756158107
2026-08-08,823021,COL,STL,8,84,21,3,10,9,0.16666666666666666,0.11904761904761904,0.10714285714285714,0.03571428571428571,4.928571428571429,0.20580596811436164,0.06527469350140058,0.027694199490714583,0.15791748764588592
2026-08-09,823020,COL,STL,4,78,24,3,8,6,0.16666666666666666,0.10256410256410256,0.07692307692307693,0.038461538461538464,4.928571428571429,0.1996573548228912,0.06926475106288672,0.026582216235874184,0.1515072312356295
2026-08-10,825048,COL,AZ,0,73,15,1,11,9,0.1095890410958904,0.1506849315068493,0.1232876712328767,0.0136986301369863,5.214285714285714,0.19091193357746997,0.06850925655739222,0.028436611840269792,0.1553762788546771
2026-08-11,825046,COL,AZ,3,67,14,3,14,2,0.22388059701492538,0.208955223880597,0.029850746268656716,0.04477611940298507,4.857142857142857,0.1864370477327211,0.07350599497878817,0.027510323516721193,0.15272787702819307
2026-08-12,825047,COL,AZ,6,85,19,3,10,14,0.16470588235294117,0.11764705882352941,0.16470588235294117,0.03529411764705882,4.714285714285714,0.1865201203104632,0.06914468464732858,0.02978097397500491,0.1622258417500384
2026-08-14,823185,COL,SF,5,73,13,2,12,8,0.1780821917808219,0.1643835616438356,0.1095890410958904,0.0273972602739726,5.0,0.17731095719316148,0.07797396978604161,0.029366561634726337,0.1544210760081252
2026-08-15,823184,COL,SF,1,70,15,1,16,3,0.07142857142857142,0.22857142857142856,0.04285714285714286,0.014285714285714285,4.857142857142857,0.17560726201646065,0.07823873322566402,0.02964283652824539,0.15873787121936037
2026-08-16,823182,COL,SF,13,87,20,3,12,14,0.13793103448275862,0.13793103448275862,0.16091954022988506,0.034482758620689655,4.857142857142857,0.1735355242304372,0.0780532044687067,0.030663244691510695,0.16275766095343583
2026-08-17,824320,COL,LAD,5,84,20,3,10,6,0.16666666666666666,0.11904761904761904,0.07142857142857142,0.03571428571428571,5.571428571428571,0.1699948838363485,0.08843138591369848,0.032010227450131386,0.1647973777022043
2026-08-18,824319,COL,LAD,6,81,20,2,16,6,0.19753086419753085,0.19753086419753085,0.07407407407407407,0.024691358024691357,5.071428571428571,0.16645009242580838,0.08836991554241745,0.029397736670687076,0.1543269244606667
2026-08-19,824318,COL,LAD,4,85,20,3,27,5,0.16470588235294117,0.3176470588235294,0.058823529411764705,0.03529411764705882,4.928571428571429,0.16766261447166375,0.08671647638897828,0.030169341608958677,0.15950770047477605
2026-08-21,824317,COL,CLE,1,85,20,2,16,12,0.11764705882352941,0.18823529411764706,0.1411764705882353,0.023529411764705882,4.571428571428571,0.18061143036165614,0.08848309212618226,0.028631908453878467,0.15179188687660952
2026-08-22,824316,COL,CLE,3,72,14,3,13,4,0.1388888888888889,0.18055555555555555,0.05555555555555555,0.041666666666666664,4.142857142857143,0.17946387456514395,0.09319078165360614,0.028008433257348243,0.14867451089395842
2026-08-23,824315,COL,CLE,2,77,19,0,14,6,0.1038961038961039,0.18181818181818182,0.07792207792207792,0.0,4.357142857142857,0.17683274965141035,0.0919830521850071,0.02994942704616812,0.15031357231562853
2026-08-24,822695,COL,WSH,3,82,20,3,16,11,0.17073170731707318,0.1951219512195122,0.13414634146341464,0.036585365853658534,4.357142857142857,0.17247282386291315,0.09244687407740042,0.02892901888290281,0.1505918654510645
2026-08-25,822693,COL,WSH,3,73,12,2,21,8,0.1232876712328767,0.2876712328767123,0.1095890410958904,0.0273972602739726,4.0,0.17790670473233408,0.09437569438601168,0.028991238892858012,0.15088222549752212
2026-08-26,822692,COL,WSH,13,86,22,5,14,8,0.2441860465116279,0.16279069767441862,0.09302325581395349,0.05813953488372093,3.9285714285714284,0.1911286426118062,0.09670897754121263,0.02820093330803188,0.14778372582368
2026-08-27,822694,COL,WSH,1,85,18,2,16,15,0.10588235294117647,0.18823529411764706,0.17647058823529413,0.023529411764705882,4.857142857142857,0.191993340195204,0.09454723358271812,0.03137528364708435,0.15739779763908981
2026-08-28,824877,COL,ATL,4,80,26,1,11,4,0.0875,0.1375,0.05,0.0125,4.714285714285714,0.19051334521213617,0.10502007943747795,0.029857661672921556,0.14896935163382202
2026-08-29,824874,COL,ATL,1,71,14,0,13,7,0.028169014084507043,0.18309859154929578,0.09859154929577464,0.0,4.571428571428571,0.19193141243902692,0.09682680212655356,0.028229510412417353,0.1434546457514691
2026-08-30,824876,COL,ATL,2,75,17,2,23,4,0.10666666666666667,0.30666666666666664,0.05333333333333334,0.02666666666666667,4.285714285714286,0.1932682002894169,0.09604126699797387,0.02627256324999074,0.13274656163030374
2026-08-31,824314,COL,BAL,1,72,12,0,13,10,0.05555555555555555,0.18055555555555555,0.1388888888888889,0.0,4.357142857142857,0.1988464315819339,0.09678956631770175,0.027156916991487336,0.13526356843302484
2026-09-01,824313,COL,BAL,4,74,17,3,15,6,0.1891891891891892,0.20270270270270271,0.08108108108108109,0.04054054054054054,3.5,0.20189104022999085,0.09521594836477347,0.02469386280429522,0.1293796056525103
2026-09-02,824312,COL,BAL,4,90,22,0,24,5,0.08888888888888889,0.26666666666666666,0.05555555555555555,0.0,3.4285714285714284,0.2078664033482111,0.09590541333995271,0.02503859529188485,0.13098835726126193
2026-09-04,824311,COL,STL,6,81,19,3,11,8,0.19753086419753085,0.13580246913580246,0.09876543209876543,0.037037037037037035,3.2857142857142856,0.2128046749531494,0.0945826620172014,0.02327492686154975,0.1232282161677875
2026-03-20,831910,CWS,LAA,3,71,11,1,16,11,0.08450704225352113,0.22535211267605634,0.15492957746478872,0.014084507042253521,,,,,
2026-03-21,831916,CWS,CIN,7,84,20,4,16,8,0.20238095238095238,0.19047619047619047,0.09523809523809523,0.047619047619047616,,,,,
2026-03-22,831746,CWS,SEA,2,68,11,2,14,4,0.16176470588235295,0.20588235294117646,0.058823529411764705,0.029411764705882353,,,,,
2026-03-23,831915,CWS,ATH,9,92,23,1,15,17,0.14130434782608695,0.16304347826086957,0.18478260869565216,0.010869565217391304,4.0,0.2072368853644744,0.10299706737154955,0.0303717731223945,0.14955090017227549
2026-03-26,823812,CWS,MIL,2,81,16,4,23,15,0.1728395061728395,0.2839506172839506,0.18518518518518517,0.04938271604938271,5.25,0.19618853358857322,0.1234434527025752,0.0254962211461437,0.14748926208572835
2026-03-28,823811,CWS,MIL,1,77,19,1,20,9,0.1038961038961039,0.2597402597402597,0.11688311688311688,0.012987012987012988,4.6,0.2137409503276487,0.1357917991990972,0.030273520126791503,0.15255931090315059
2026-03-29,823810,CWS,MIL,7,81,20,5,24,12,0.2222222222222222,0.2962962962962963,0.14814814814814814,0.06172839506172839,4.0,0.2214075018964172,0.1326403521464338,0.027392435603495083,0.14444877640197615
2026-03-30,823890,CWS,MIA,9,77,17,3,22,6,0.18181818181818182,0.2857142857142857,0.07792207792207792,0.03896103896103896,4.428571428571429,0.23210590109639992,0.13485575157525015,0.032297572668956984,0.15555926866201128
2026-03-31,823888,CWS,MIA,2,70,14,1,18,5,0.08571428571428572,0.2571428571428571,0.07142857142857142,0.014285714285714285,5.0,0.23880694917363565,0.12773904236860362,0.03313050595546723,0.1588416328065326
2026-04-01,823889,CWS,MIA,0,73,16,2,13,4,0.1643835616438356,0.1780821917808219,0.0547945205479452,0.0273972602739726,4.666666666666667,0.24084427228132693,0.12148232337526671,0.03103664021438357,0.15071637201850516
2026-04-03,824621,CWS,TOR,4,81,18,1,23,5,0.07407407407407407,0.2839506172839506,0.06172839506172839,0.012345679012345678,4.2,0.2345680642312764,0.11481354309253455,0.030672702220342473,0.15208309098103823
2026-04-04,824622,CWS,TOR,6,72,13,3,8,9,0.1527777777777778,0.1111111111111111,0.125,0.041666666666666664,4.181818181818182,0.23905738723606496,0.10998762054427945,0.029006609201433674,0.1449913621713142
2026-04-05,824620,CWS,TOR,3,71,14,0,15,7,0.056338028169014086,0.2112676056338028,0.09859154929577464,0.0,4.333333333333333,0.2283951975589855,0.1112386521655895,0.03006161399020309,0.14564023013851948
2026-04-06,824619,CWS,BAL,1,67,11,1,13,6,0.05970149253731343,0.19402985074626866,0.08955223880597014,0.014925373134328358,4.230769230769231,0.2270776904878176,0.11026579809868066,0.027749182144802854,0.1387708299870191
2026-04-07,824618,CWS,BAL,2,81,14,1,25,9,0.08641975308641975,0.30864197530864196,0.1111111111111111,0.012345679012345678,4.0,0.22471713050627837,0.10878625814920133,0.026833195786911818,0.13312302016918295
2026-04-08,824617,CWS,BAL,3,80,14,0,19,11,0.0875,0.2375,0.1375,0.0,3.9285714285714284,0.23066640640860592,0.10565636769536722,0.026708993784775543,0.13325964237153287
2026-04-09,824130,CWS,KC,2,73,10,0,16,9,0.0273972602739726,0.2191780821917808,0.1232876712328767,0.0,3.642857142857143,0.2340252499460209,0.10867507517836042,0.023307633240557856,0.1250538600586077
2026-04-10,824128,CWS,KC,0,59,9,1,14,2,0.11864406779661017,0.23728813559322035,0.03389830508474576,0.01694915254237288,3.642857142857143,0.23497494489249263,0.11327965673701128,0.021206792904423403,0.11545618537229482
2026-04-11,824129,CWS,KC,0,62,8,1,14,2,0.0967741935483871,0.22580645161290322,0.03225806451612903,0.016129032258064516,3.0,0.24027813470194626,0.10250220647908938,0.021641049141922084,0.11383759394161792
2026-04-12,824126,CWS,KC,6,79,13,2,18,11,0.11392405063291139,0.22784810126582278,0.13924050632911392,0.02531645569620253,2.857142857142857,0.23612498001115714,0.09157884071701394,0.019265786013970786,0.10840435732558559
2026-04-14,824616,CWS,TB,5,84,17,2,13,13,0.11904761904761904,0.15476190476190477,0.15476190476190477,0.023809523809523808,3.2142857142857144,0.23384696869155452,0.09317579710601374,0.02014646049319861,0.10912063923535754
2026-04-15,824615,CWS,TB,3,78,16,3,11,10,0.16666666666666666,0.14102564102564102,0.1282051282051282,0.038461538461538464,3.0714285714285716,0.22373736929624086,0.09364820829271066,0.01743796968946971,0.1017510247228859
2026-04-16,824614,CWS,TB,3,83,17,3,17,11,0.13253012048192772,0.20481927710843373,0.13253012048192772,0.03614457831325301,2.642857142857143,0.2134024661041948,0.09723985474149995,0.01740229108236253,0.10066877364063483
2026-04-17,825019,CWS,ATH,9,79,19,1,16,8,0.11392405063291139,0.20253164556962025,0.10126582278481013,0.012658227848101266,2.7142857142857144,0.2096650675303074,0.10160425110245397,0.01896363851290101,0.10401276183832353
2026-04-18,825020,CWS,ATH,6,103,18,5,13,18,0.1941747572815534,0.1262135922330097,0.17475728155339806,0.04854368932038835,3.357142857142857,0.21141145708665016,0.10492362983365862,0.017910850482481633,0.10040851105182894
2026-04-19,825018,CWS,ATH,7,78,15,5,22,6,0.2564102564102564,0.28205128205128205,0.07692307692307693,0.0641025641025641,3.5,0.20014452672586866,0.11299712172592072,0.020496422647341823,0.10898713128093461
2026-04-21,825099,CWS,AZ,11,87,22,6,14,13,0.27586206896551724,0.16091954022988506,0.14942528735632185,0.06896551724137931,3.5714285714285716,0.21235453893588088,0.10956305579185478,0.022098986749905927,0.11638945118325451
2026-04-22,825097,CWS,AZ,7,86,27,6,13,11,0.313953488372093,0.1511627906976744,0.12790697674418605,0.06976744186046512,4.142857142857143,0.20875824854988673,0.11319403708189389,0.02702509512429016,0.13206973981157616
2026-04-23,825096,CWS,AZ,4,73,18,1,22,4,0.0684931506849315,0.3013698630136986,0.0547945205479452,0.0136986301369863,4.571428571428571,0.20569631568927285,0.11593366122033788,0.030942385747585646,0.15023059665691754
2026-04-24,824611,CWS,WSH,5,74,14,2,9,10,0.12162162162162163,0.12162162162162163,0.13513513513513514,0.02702702702702703,4.714285714285714,0.2051768790967769,0.11191104760868317,0.031039025113631404,0.14895012505681127
2026-04-25,824613,CWS,WSH,3,89,13,0,29,14,0.02247191011235955,0.3258426966292135,0.15730337078651685,0.0,4.857142857142857,0.1968998520697499,0.11174212868976426,0.032969527044133334,0.15138738374406996
2026-04-26,824612,CWS,WSH,1,73,8,1,18,4,0.0547945205479452,0.2465753424657534,0.0547945205479452,0.0136986301369863,4.928571428571429,0.2045187531009951,0.11417182151502425,0.032969527044133334,0.15103557301824044
2026-04-27,824609,CWS,LAA,8,80,23,3,15,3,0.175,0.1875,0.0375,0.0375,5.0,0.2051821250204617,0.11566440833382421,0.03273734687232001,0.14647489107190723
2026-04-28,824610,CWS,LAA,5,78,18,4,22,7,0.16666666666666666,0.28205128205128205,0.08974358974358974,0.05128205128205128,5.571428571428571,0.20244594990525436,0.11603883229695787,0.03426384456817254,0.15206244867559388
2026-04-29,824608,CWS,LAA,2,76,13,2,17,7,0.13157894736842105,0.2236842105263158,0.09210526315789473,0.02631578947368421,5.5,0.2063176056756443,0.1125033382551347,0.036118529967161736,0.15582977839229065
2026-05-01,823309,CWS,SD,8,77,14,2,10,11,0.12987012987012986,0.12987012987012986,0.14285714285714285,0.025974025974025976,5.285714285714286,0.21124062751595934,0.10802786385484826,0.0362975489431732,0.15672487327234794
2026-05-02,823308,CWS,SD,4,69,13,0,20,6,0.014492753623188406,0.2898550724637681,0.08695652173913043,0.0,5.642857142857143,0.21044380529056572,0.10907443632999216,0.03540558376549373,0.15409654921545246
2026-05-03,823307,CWS,SD,3,68,16,4,23,5,0.19117647058823528,0.3382352941176471,0.07352941176470588,0.058823529411764705,5.714285714285714,0.2165177906730896,0.10581917927693522,0.032823828171689946,0.14566530872554254
2026-05-04,824039,CWS,LAA,6,76,21,2,23,3,0.11842105263157894,0.3026315789473684,0.039473684210526314,0.02631578947368421,5.285714285714286,0.22621090842652006,0.10383800706121349,0.03612134971195162,0.15118333872235137
2026-05-05,824040,CWS,LAA,3,72,15,4,14,6,0.19444444444444445,0.19444444444444445,0.08333333333333333,0.05555555555555555,5.285714285714286,0.23881219319183142,0.09417489296529409,0.034533642580044176,0.14577235981878175
2026-05-06,824036,CWS,LAA,2,74,12,1,15,11,0.0945945945945946,0.20270270270270271,0.14864864864864866,0.013513513513513514,5.0,0.23255456193420018,0.09463276842316955,0.03392314196954357,0.14134623039265234
2026-05-08,824607,CWS,SEA,8,84,22,6,14,6,0.25,0.16666666666666666,0.07142857142857142,0.07142857142857142,4.357142857142857,0.23553907353940143,0.09457729422976431,0.0299622845604103,0.12839855365187217
2026-05-09,824606,CWS,SEA,6,73,13,3,19,6,0.1506849315068493,0.2602739726027397,0.0821917808219178,0.0410958904109589,4.428571428571429,0.2366464932514723,0.09054312242150611,0.030080936672417895,0.1238304473395798
2026-05-10,824605,CWS,SEA,2,68,12,1,22,4,0.11764705882352941,0.3235294117647059,0.058823529411764705,0.014705882352941176,4.571428571428571,0.2337110725078324,0.09250006958393274,0.03203788383484451,0.12970128882685963
2026-05-12,824604,CWS,KC,6,76,18,5,16,6,0.23684210526315788,0.21052631578947367,0.07894736842105263,0.06578947368421052,4.357142857142857,0.24813305751805267,0.087049240603692,0.031157802072409806,0.12941739148413878
2026-05-13,824603,CWS,KC,6,78,15,2,18,10,0.1282051282051282,0.23076923076923078,0.1282051282051282,0.02564102564102564,4.571428571428571,0.239896173172357,0.08145238329187311,0.03585705019271056,0.14472954828062437
2026-05-14,824602,CWS,KC,6,71,15,1,12,7,0.08450704225352113,0.16901408450704225,0.09859154929577464,0.014084507042253521,4.928571428571429,0.23876716519403396,0.08669599812452906,0.036710078442999075,0.1499731631132803
2026-05-15,824601,CWS,CHC,5,85,22,3,14,10,0.17647058823529413,0.16470588235294117,0.11764705882352941,0.03529411764705882,4.785714285714286,0.23744674265882268,0.09105968021708437,0.03503754323173148,0.14350938041710323
2026-05-16,824600,CWS,CHC,8,70,16,7,15,4,0.34285714285714286,0.21428571428571427,0.05714285714285714,0.1,4.785714285714286,0.22906492839465548,0.0930527851513658,0.03389554797208915,0.14420966052914805
2026-05-17,824599,CWS,CHC,7,93,21,4,15,12,0.17204301075268819,0.16129032258064516,0.12903225806451613,0.043010752688172046,5.214285714285714,0.2283936072346125,0.09055547043600597,0.039158705866826,0.1593009602069139
2026-05-18,823137,CWS,SEA,1,71,14,3,20,4,0.15492957746478872,0.28169014084507044,0.056338028169014086,0.04225352112676056,5.142857142857143,0.23063790671393503,0.08956797866510405,0.04037561491783643,0.16231330884138234
2026-05-19,823136,CWS,SEA,2,69,5,0,27,7,0.014492753623188406,0.391304347826087,0.10144927536231885,0.0,4.928571428571429,0.23005469731259945,0.08738094341009574,0.043393723569747904,0.1723445105443538
2026-05-20,823134,CWS,SEA,4,75,18,3,18,8,0.18666666666666668,0.24,0.10666666666666667,0.04,4.857142857142857,0.2338453440060595,0.08937521938135382,0.039192042897479,0.15972424504685043
2026-05-22,823223,CWS,SF,9,80,12,0,21,8,0.05,0.2625,0.1,0.0,4.714285714285714,0.22937165979553314,0.09417471812822098,0.040169486506501546,0.16459893176364243
2026-05-23,823222,CWS,SF,3,77,24,3,18,4,0.18181818181818182,0.23376623376623376,0.05194805194805195,0.03896103896103896,5.142857142857143,0.23423277090664427,0.09536519431869717,0.03620123253824758,0.15428147144618207
2026-05-24,823220,CWS,SF,5,78,15,4,14,10,0.21794871794871795,0.1794871794871795,0.1282051282051282,0.05128205128205128,5.214285714285714,0.23645159455403933,0.08845800884008312,0.03801891292735654,0.16051172767643834
2026-05-25,824598,CWS,MIN,3,69,13,3,15,3,0.15942028985507245,0.21739130434782608,0.043478260869565216,0.043478260869565216,5.0,0.23736734546979024,0.09251347718126575,0.03657987577403367,0.15822235038706106
2026-05-26,824597,CWS,MIN,3,82,15,1,25,3,0.0975609756097561,0.3048780487804878,0.036585365853658534,0.012195121951219513,4.785714285714286,0.2343042977372964,0.08974822575609769,0.036750045092505554,0.15884630455479126
2026-05-27,824596,CWS,MIN,15,76,21,4,13,7,0.18421052631578946,0.17105263157894737,0.09210526315789473,0.05263157894736842,4.857142857142857,0.23297205752413802,0.08815978550194725,0.03657070506381115,0.15741158432523603
2026-05-28,824595,CWS,MIN,6,71,13,0,18,6,0.07042253521126761,0.2535211267605634,0.08450704225352113,0.0,5.5,0.23015250865195755,0.08909963512600741,0.035630855439750996,0.15365218582899542
2026-05-29,824594,CWS,DET,2,76,14,2,12,5,0.13157894736842105,0.15789473684210525,0.06578947368421052,0.02631578947368421,5.5,0.23177764407990983,0.0859783432723212,0.033799353608249164,0.14952485775800542
2026-05-30,824593,CWS,DET,7,69,16,4,16,3,0.21739130434782608,0.2318840579710145,0.043478260869565216,0.057971014492753624,5.214285714285714,0.2309834049609858,0.08363533787149517,0.03467301663906565,0.15288713669478396
2026-05-31,824592,CWS,DET,2,63,10,1,12,5,0.07936507936507936,0.19047619047619047,0.07936507936507936,0.015873015873015872,5.357142857142857,0.23578184607656244,0.07833756658906918,0.036292794985186706,0.15581004498853623
2026-06-01,823702,CWS,MIN,6,77,21,4,17,5,0.22077922077922077,0.22077922077922077,0.06493506493506493,0.05194805194805195,4.928571428571429,0.23408116580445365,0.07992486817637076,0.03028372469040212,0.1369891833105317
2026-06-02,823700,CWS,MIN,4,76,18,0,18,6,0.02631578947368421,0.23684210526315788,0.07894736842105263,0.0,4.857142857142857,0.2383303728186376,0.07534649723855281,0.030922103208964973,0.14047034116956975
2026-06-03,823701,CWS,MIN,8,83,17,1,18,9,0.0963855421686747,0.21686746987951808,0.10843373493975904,0.012048192771084338,5.071428571428571,0.23512694170564383,0.07696145011369844,0.027903994557053502,0.131283642027348
2026-06-05,823455,CWS,PHI,6,77,21,5,13,6,0.22077922077922077,0.16883116883116883,0.07792207792207792,0.06493506493506493,5.5,0.22266716470946032,0.07746034008351559,0.028764579754988095,0.13713312692345417
2026-06-06,823454,CWS,PHI,6,77,15,4,25,8,0.19480519480519481,0.3246753246753247,0.1038961038961039,0.05194805194805195,5.642857142857143,0.21758367676882953,0.07540715517318781,0.030545655821778452,0.13956973793149374
2026-06-07,823453,CWS,PHI,5,82,21,2,20,11,0.14634146341463414,0.24390243902439024,0.13414634146341464,0.024390243902439025,5.428571428571429,0.22202477138849558,0.0756854483086238,0.03425623096092502,0.14991296613186478
2026-06-09,824591,CWS,ATL,4,87,21,4,11,8,0.14942528735632185,0.12643678160919541,0.09195402298850575,0.04597701149425287,5.571428571428571,0.22274878604979248,0.08155675470257828,0.03321545988531074,0.14737891481732568
2026-06-10,824590,CWS,ATL,2,72,15,0,15,3,0.041666666666666664,0.20833333333333334,0.041666666666666664,0.0,5.5,0.21895947191565074,0.0789673900442481,0.03283652847189657,0.14248438406072597
2026-06-12,824588,CWS,LAD,8,74,14,1,16,8,0.0945945945945946,0.21621621621621623,0.10810810810810811,0.013513513513513514,5.428571428571429,0.21831247398604417,0.07883799045832678,0.029730938409784767,0.13407341097583983
2026-06-13,824587,CWS,LAD,1,75,11,4,18,10,0.16,0.24,0.13333333333333333,0.05333333333333334,5.785714285714286,0.21197948594573904,0.08394675776221604,0.029825109235662912,0.13386152661761402
2026-06-14,824586,CWS,LAD,6,73,15,5,21,6,0.273972602739726,0.2876712328767123,0.0821917808219178,0.0684931506849315,4.785714285714286,0.2169042979758142,0.08689161991760451,0.029875234548946115,0.13213220330934333
2026-06-16,823535,CWS,NYY,2,79,20,5,19,8,0.20253164556962025,0.24050632911392406,0.10126582278481013,0.06329113924050633,4.785714285714286,0.21934359126982486,0.08672624410106142,0.034767602455012654,0.14667149384709036
2026-06-17,823536,CWS,NYY,5,81,24,6,17,5,0.30864197530864196,0.20987654320987653,0.06172839506172839,0.07407407407407407,4.785714285714286,0.2252444192892405,0.08926026903681852,0.03740869886692851,0.1517395437186046
2026-06-18,823533,CWS,NYY,5,67,12,3,21,2,0.1791044776119403,0.31343283582089554,0.029850746268656716,0.04477611940298507,4.642857142857143,0.22367245394915922,0.09056385005054447,0.03855891740845141,0.1582574487872343
2026-06-19,824264,CWS,DET,3,68,16,3,19,3,0.19117647058823528,0.27941176470588236,0.04411764705882353,0.04411764705882353,4.857142857142857,0.23245507147378097,0.08702711197222857,0.04062342480344921,0.1653816915191529
2026-06-20,824263,CWS,DET,1,72,11,2,14,9,0.1111111111111111,0.19444444444444445,0.125,0.027777777777777776,4.642857142857143,0.2366431103256854,0.08554015355249703,0.04006411016850432,0.16326720936265396
2026-06-21,824260,CWS,DET,4,79,19,2,14,4,0.11392405063291139,0.17721518987341772,0.05063291139240506,0.02531645569620253,4.428571428571429,0.23361470598149156,0.08882962723670755,0.042048237152631306,0.1693240180510416
2026-06-22,824585,CWS,CLE,4,79,18,1,28,8,0.08860759493670886,0.35443037974683544,0.10126582278481013,0.012658227848101266,4.142857142857143,0.23078240026677013,0.08470099698332514,0.042995970218711176,0.17057676865562993
2026-06-23,824584,CWS,CLE,2,64,9,2,19,3,0.140625,0.296875,0.046875,0.03125,4.0,0.24403948676074633,0.08636840733066317,0.039261910426785195,0.16113593823830769
2026-06-24,824583,CWS,CLE,3,87,18,2,17,10,0.08045977011494253,0.19540229885057472,0.11494252873563218,0.022988505747126436,3.7142857142857144,0.2420537492839374,0.08229547133808432,0.03778347814478149,0.1572659243236509
2026-06-26,824582,CWS,KC,22,85,27,5,19,10,0.24705882352941178,0.2235294117647059,0.11764705882352941,0.058823529411764705,3.5714285714285716,0.2385894535572363,0.08092377042895697,0.03768335399083058,0.15256008908795862
2026-06-27,824581,CWS,KC,1,69,16,0,17,4,0.028985507246376812,0.2463768115942029,0.057971014492753624,0.0,4.857142857142857,0.24552464142548705,0.08275898727431583,0.03860096241351001,0.1595339131003222
2026-06-28,824580,CWS,KC,4,78,18,1,14,7,0.07692307692307693,0.1794871794871795,0.08974358974358974,0.01282051282051282,4.785714285714286,0.24824203272983486,0.08392358354760775,0.03860096241351001,0.15862811599887292
2026-06-29,824822,CWS,BAL,8,76,14,0,21,8,0.09210526315789473,0.27631578947368424,0.10526315789473684,0.0,4.5,0.24561853010633225,0.08261183223585643,0.03855146236400996,0.15736586473662165
2026-06-30,824819,CWS,BAL,9,82,20,2,19,9,0.13414634146341464,0.23170731707317074,0.10975609756097561,0.024390243902439025,5.0,0.24821251506873826,0.08060681970452811,0.034741938554486144,0.15251624067647127
2026-07-01,824818,CWS,BAL,1,68,11,3,18,8,0.17647058823529413,0.2647058823529412,0.11764705882352941,0.04411764705882353,5.214285714285714,0.24421509251134244,0.08257569947160368,0.03159173092716526,0.1425286505853062
2026-07-02,824416,CWS,CLE,5,80,19,3,10,11,0.2,0.125,0.1375,0.0375,5.142857142857143,0.2459436320284151,0.08374578776008361,0.030222195771330774,0.14066714648999717
2026-07-03,824417,CWS,CLE,3,75,12,1,24,7,0.04,0.32,0.09333333333333334,0.013333333333333334,5.142857142857143,0.2398810217991382,0.08915804525567446,0.027609761908896906,0.13290700539652275
2026-07-04,824415,CWS,CLE,3,75,16,2,21,5,0.14666666666666667,0.28,0.06666666666666667,0.02666666666666667,5.0,0.2403501049547885,0.09369251576029422,0.0253638486182075,0.12297097128138415
2026-07-05,824413,CWS,CLE,7,83,21,5,13,9,0.20481927710843373,0.1566265060240964,0.10843373493975904,0.060240963855421686,5.0,0.24039212176151123,0.0953031600179973,0.024117350018767723,0.11979169957270068
2026-07-07,824579,CWS,BOS,1,78,15,2,18,9,0.11538461538461539,0.23076923076923078,0.11538461538461539,0.02564102564102564,5.428571428571429,0.23769084044577207,0.09411985537083722,0.026436149024313713,0.12648514000108088
2026-07-08,824578,CWS,BOS,0,72,14,0,17,4,0.041666666666666664,0.2361111111111111,0.05555555555555555,0.0,5.214285714285714,0.24151612908118728,0.09874497708456653,0.026459332591801082,0.126589466054774
2026-07-09,824577,CWS,BOS,1,70,11,1,15,5,0.04285714285714286,0.21428571428571427,0.07142857142857142,0.014285714285714285,4.928571428571429,0.23306475275006408,0.09547995799676263,0.02555517345979385,0.12323654260691386
2026-07-10,824575,CWS,ATH,14,74,20,3,20,5,0.24324324324324326,0.2702702702702703,0.06756756756756757,0.04054054054054054,4.857142857142857,0.22716551805618654,0.09723378452737488,0.024343438765916298,0.11625312423956692
2026-07-11,824576,CWS,ATH,1,66,9,0,17,6,0.09090909090909091,0.25757575757575757,0.09090909090909091,0.0,5.642857142857143,0.2325132303004505,0.09384985872965598,0.025597155536874444,0.1278805151773027
2026-07-12,824574,CWS,ATH,9,71,15,3,17,3,0.15492957746478872,0.23943661971830985,0.04225352112676056,0.04225352112676056,4.142857142857143,0.23494511214409708,0.09194000387862465,0.02139547486460554,0.11672696284727976
2026-07-17,822789,CWS,TOR,12,84,19,4,17,7,0.19047619047619047,0.20238095238095238,0.08333333333333333,0.047619047619047616,4.714285714285714,0.23444938415296185,0.09081732578105371,0.02441358351651701,0.12572296786288062
2026-07-18,822790,CWS,TOR,0,64,9,0,16,6,0.078125,0.25,0.09375,0.0,5.285714285714286,0.2360846536453742,0.09035945032317827,0.02689919314498378,0.13383390454524588
2026-07-19,822786,CWS,TOR,3,65,10,1,18,3,0.06153846153846154,0.27692307692307694,0.046153846153846156,0.015384615384615385,4.714285714285714,0.23420495439725392,0.08953708190212563,0.02689919314498378,0.13283531431968196
2026-07-20,822874,CWS,TEX,10,79,20,2,22,7,0.21518987341772153,0.27848101265822783,0.08860759493670886,0.02531645569620253,4.285714285714286,0.23743465152939006,0.08499406394447354,0.02625593396513923,0.12764903718218532
2026-07-21,822871,CWS,TEX,0,77,21,2,12,5,0.12987012987012986,0.15584415584415584,0.06493506493506493,0.025974025974025976,4.928571428571429,0.2384185894083391,0.08291981652398635,0.024912991724952017,0.13041470040950157
2026-07-22,822873,CWS,TEX,4,72,12,1,19,6,0.05555555555555555,0.2638888888888889,0.08333333333333333,0.013888888888888888,4.571428571428571,0.24062174339720738,0.07773660687649099,0.024089707865953873,0.1254054239716537
2026-07-24,824573,CWS,HOU,5,89,21,1,17,8,0.0898876404494382,0.19101123595505617,0.0898876404494382,0.011235955056179775,4.642857142857143,0.2366138068892709,0.07702232116220527,0.02412939040563641,0.12651653508276478
2026-07-25,824571,CWS,HOU,1,69,11,0,22,3,0.0,0.3188405797101449,0.043478260869565216,0.0,4.785714285714286,0.2302574666003463,0.07868096214668895,0.023027196719173065,0.12246089035296275
2026-07-26,824572,CWS,HOU,12,77,19,8,13,8,0.3246753246753247,0.16883116883116883,0.1038961038961039,0.1038961038961039,4.357142857142857,0.24184418614934974,0.07404128542738939,0.018724270729500087,0.10783094198807464
2026-07-27,824570,CWS,NYY,5,81,21,1,19,7,0.12345679012345678,0.2345679012345679,0.08641975308641975,0.012345679012345678,5.142857142857143,0.23742003886805965,0.07322067746392429,0.02431391917629139,0.12278027836598245
2026-07-28,824569,CWS,NYY,2,73,13,1,20,6,0.0821917808219178,0.273972602739726,0.0821917808219178,0.0136986301369863,5.5,0.23730980959116368,0.07542526300184316,0.02519575339145894,0.12862243004146745
2026-07-29,824567,CWS,NYY,5,93,15,3,23,7,0.13978494623655913,0.24731182795698925,0.07526881720430108,0.03225806451612903,5.571428571428571,0.24157315876645025,0.07619406367279646,0.025153818809406942,0.1314320470389514
2026-07-30,824568,CWS,NYY,1,85,12,0,23,10,0.03529411764705882,0.27058823529411763,0.11764705882352941,0.0,4.928571428571429,0.23993327002978732,0.07674415293256313,0.02456221337909183,0.12404216868133108
2026-07-31,822945,CWS,TB,6,71,13,5,11,4,0.23943661971830985,0.15492957746478872,0.056338028169014086,0.07042253521126761,4.928571428571429,0.24086273272395586,0.07865400778359447,0.02456221337909183,0.12006967059118594
2026-08-01,822944,CWS,TB,0,62,10,0,24,1,0.0,0.3870967741935484,0.016129032258064516,0.0,4.714285714285714,0.23482651542013297,0.0796600440008983,0.02657428581369948,0.12610588789500887
2026-08-02,822943,CWS,TB,9,78,20,4,17,3,0.20512820512820512,0.21794871794871795,0.038461538461538464,0.05128205128205128,3.857142857142857,0.2480205026924612,0.07485973678123622,0.023172925269481788,0.11250044571813812
2026-08-04,824731,CWS,BOS,2,76,21,4,10,8,0.21052631578947367,0.13157894736842105,0.10526315789473684,0.05263157894736842,4.5,0.24573112540308392,0.0709105609570604,0.026835928932485452,0.12157210322729563
2026-08-05,824728,CWS,BOS,0,68,11,1,22,7,0.07352941176470588,0.3235294117647059,0.10294117647058823,0.014705882352941176,4.428571428571429,0.23534940186346567,0.07513265465283832,0.029496426329824955,0.13221409281665364
2026-08-06,824729,CWS,BOS,11,121,29,3,25,14,0.1322314049586777,0.2066115702479339,0.11570247933884298,0.024793388429752067,3.7142857142857144,0.23856714465678555,0.07615648190525827,0.028738528233877715,0.1220954884128668
2026-08-07,824566,CWS,CLE,2,78,18,4,18,4,0.16666666666666666,0.23076923076923078,0.05128205128205128,0.05128205128205128,4.5,0.24219338854276967,0.07978272579124242,0.028654196980715297,0.12226415091919164
2026-08-08,824565,CWS,CLE,6,76,18,3,13,4,0.15789473684210525,0.17105263157894737,0.05263157894736842,0.039473684210526314,4.357142857142857,0.2398276986770798,0.07749334850186511,0.03132513715165546,0.1302006588556996
2026-08-09,824564,CWS,CLE,5,79,11,1,19,17,0.08860759493670886,0.24050632911392406,0.21518987341772153,0.012658227848101266,4.428571428571429,0.23840208407878632,0.07483220125171729,0.033342117805537363,0.13505830859803297
2026-08-11,824563,CWS,CIN,4,75,13,4,21,1,0.21333333333333335,0.28,0.013333333333333334,0.05333333333333334,4.714285714285714,0.23280678046477057,0.08709731643372845,0.0342462769375446,0.1413874225220836
2026-08-12,824562,CWS,CIN,5,68,13,2,19,6,0.11764705882352941,0.27941176470588236,0.08823529411764706,0.029411764705882353,4.142857142857143,0.2407474112625442,0.08062854710781626,0.030634650468775265,0.13343442314051276
2026-08-13,824561,CWS,CIN,8,88,20,3,18,11,0.14772727272727273,0.20454545454545456,0.125,0.03409090909090909,4.142857142857143,0.2439505443676381,0.08075822861004679,0.03185365658974217,0.1330194423333751
2026-08-14,824237,CWS,DET,9,83,24,6,13,4,0.3132530120481928,0.1566265060240964,0.04819277108433735,0.07228915662650602,4.571428571428571,0.23899146235376154,0.08381595855133837,0.0333102479435938,0.13770054889804334
2026-08-15,824239,CWS,DET,4,72,18,1,19,3,0.1388888888888889,0.2638888888888889,0.041666666666666664,0.013888888888888888,4.857142857142857,0.23251393935855494,0.08188195525705524,0.03616961166576359,0.15009112502744573
2026-08-16,824236,CWS,DET,7,80,15,4,14,11,0.225,0.175,0.1375,0.05,5.071428571428571,0.23203541461532431,0.07645478438870791,0.03716167515782708,0.1574907515447193
2026-08-17,824641,CWS,CHC,5,89,18,5,20,13,0.19101123595505617,0.2247191011235955,0.14606741573033707,0.056179775280898875,5.142857142857143,0.23346901622498223,0.0822520680909212,0.035702922642736536,0.15645956442198286
2026-08-18,824639,CWS,CHC,3,77,18,3,16,8,0.15584415584415584,0.2077922077922078,0.1038961038961039,0.03896103896103896,5.5,0.2218706110056999,0.09153338119608352,0.03971576373422931,0.1701032241330583
2026-08-19,824640,CWS,CHC,3,70,11,0,15,9,0.05714285714285714,0.21428571428571427,0.12857142857142856,0.0,5.071428571428571,0.22114514599452062,0.0962072787271239,0.03883569142558557,0.16658293489848336
2026-08-20,824589,CWS,ATL,0,67,9,0,21,4,0.029850746268656716,0.31343283582089554,0.05970149253731343,0.0,5.142857142857143,0.2270527722028987,0.09787215520403045,0.03507629292934498,0.1556269735665822
2026-08-21,824559,CWS,NYM,4,71,14,5,16,4,0.2535211267605634,0.22535211267605634,0.056338028169014086,0.07042253521126761,5.142857142857143,0.2263315882069122,0.09478360635165368,0.03402587276127775,0.15250706888829296
2026-08-22,824560,CWS,NYM,5,89,25,7,19,9,0.25842696629213485,0.21348314606741572,0.10112359550561797,0.07865168539325842,4.642857142857143,0.22767019838034955,0.09054328841095162,0.037285097531385994,0.1611706204455705
2026-08-23,824558,CWS,NYM,1,71,12,1,20,7,0.08450704225352113,0.28169014084507044,0.09859154929577464,0.014084507042253521,4.857142857142857,0.22643547804450564,0.09410339871263496,0.039240071396472224,0.1677249275616754
2026-08-24,824557,CWS,TEX,2,84,19,3,17,11,0.17857142857142858,0.20238095238095238,0.13095238095238096,0.03571428571428571,4.5,0.2343381572778001,0.0973862537375211,0.037426558741595596,0.16248294937677651
2026-08-25,824556,CWS,TEX,11,89,25,4,17,12,0.21348314606741572,0.19101123595505617,0.1348314606741573,0.0449438202247191,4.285714285714286,0.23161491608258786,0.09136928998999679,0.039073420017751624,0.16890893749354222
2026-08-26,824555,CWS,TEX,10,85,23,3,14,16,0.17647058823529413,0.16470588235294117,0.18823529411764706,0.03529411764705882,4.785714285714286,0.22525857579366332,0.1000477276571985,0.03847416908142204,0.16891963840311952
2026-08-28,823666,CWS,MIN,7,80,22,3,14,7,0.1625,0.175,0.0875,0.0375,5.142857142857143,0.21706529848273895,0.10719058480005564,0.03889433714864893,0.1731213190753884
2026-08-29,823665,CWS,MIN,3,71,8,1,17,8,0.08450704225352113,0.23943661971830985,0.11267605633802817,0.014084507042253521,5.071428571428571,0.21495490887234933,0.1045120133714842,0.03913784364215543,0.17417651388058325
2026-08-30,823662,CWS,MIN,1,66,15,1,8,2,0.09090909090909091,0.12121212121212122,0.030303030303030304,0.015151515151515152,4.642857142857143,0.22086991699336458,0.10911796231817641,0.034980368671851676,0.1578375160381067
2026-08-31,824149,CWS,HOU,3,80,13,2,19,13,0.125,0.2375,0.1625,0.025,4.428571428571429,0.2106787193021669,0.1083062740064881,0.03507055626203927,0.15441038761097828
2026-09-01,824148,CWS,HOU,5,78,11,1,21,13,0.08974358974358974,0.2692307692307692,0.16666666666666666,0.01282051282051282,4.142857142857143,0.21514300501645262,0.11009198829220239,0.033284841976324975,0.1472675304681211
2026-09-02,824147,CWS,HOU,0,68,10,0,11,6,0.04411764705882353,0.16176470588235295,0.08823529411764706,0.0,4.142857142857143,0.2183224098812507,0.11156336335908308,0.030187751800583116,0.1400341271673021
2026-09-03,824144,CWS,HOU,2,71,15,1,15,5,0.11267605633802817,0.2112676056338028,0.07042253521126761,0.014084507042253521,3.9285714285714284,0.21503473117340396,0.11044473408919331,0.02740482044622319,0.13205366225406406
2026-09-04,824554,CWS,MIN,4,69,14,4,12,5,0.18840579710144928,0.17391304347826086,0.07246376811594203,0.057971014492753624,3.857142857142857,0.2148191519839817,0.10629124170632466,0.028410856663527016,0.13602031933943343
2026-03-20,831550,DET,PHI,4,67,13,1,22,1,0.1044776119402985,0.3283582089552239,0.014925373134328358,0.014925373134328358,,,,,
2026-03-21,831601,DET,NYY,3,68,15,0,9,6,0.08823529411764706,0.1323529411764706,0.08823529411764706,0.0,,,,,
2026-03-23,831857,DET,COL,5,71,24,2,16,2,0.19718309859154928,0.22535211267605634,0.028169014084507043,0.028169014084507043,,,,,
2026-03-24,831856,DET,COL,11,88,30,7,12,5,0.42045454545454547,0.13636363636363635,0.056818181818181816,0.07954545454545454,4.0,0.22868775426925025,0.043776560445494155,0.0143647957396118,0.12996533488316495
2026-03-26,823325,DET,SD,8,79,17,2,17,7,0.11392405063291139,0.21518987341772153,0.08860759493670886,0.02531645569620253,5.75,0.2056067247928468,0.04703696578866607,0.030659960441072484,0.20258763752601008
2026-03-27,823324,DET,SD,5,77,14,0,21,10,0.03896103896103896,0.2727272727272727,0.12987012987012986,0.0,6.2,0.20752335451782175,0.05535109161827463,0.0295912594920985,0.18485492014739036
2026-03-28,823323,DET,SD,0,68,9,0,19,8,0.014705882352941176,0.27941176470588236,0.11764705882352941,0.0,6.0,0.21839067421939692,0.06777093132691717,0.024659382910082083,0.16053927328299844
2026-03-30,825108,DET,AZ,6,83,21,2,17,10,0.18072289156626506,0.20481927710843373,0.12048192771084337,0.024096385542168676,5.142857142857143,0.2271079728603234,0.07489609239786177,0.0211366139229275,0.1397059317215617
2026-03-31,825107,DET,AZ,5,68,14,2,21,6,0.16176470588235295,0.3088235294117647,0.08823529411764706,0.029411764705882353,5.25,0.22432188589133717,0.08059432181198448,0.021506585375332645,0.1448330517021496
2026-04-01,825106,DET,AZ,0,62,13,1,8,2,0.12903225806451613,0.12903225806451613,0.03225806451612903,0.016129032258064516,5.222222222222222,0.23371095739360692,0.08144331873483587,0.022384938634282613,0.14671434661106109
2026-04-03,824299,DET,STL,4,71,15,1,14,5,0.07042253521126761,0.19718309859154928,0.07042253521126761,0.014084507042253521,4.7,0.22324308746069782,0.07652479331296519,0.0217593479966608,0.14494613775640658
2026-04-04,824295,DET,STL,11,81,18,5,17,12,0.2345679012345679,0.20987654320987653,0.14814814814814814,0.06172839506172839,4.636363636363637,0.22087399756350254,0.07597004257644722,0.021061635182623776,0.1381712647977576
2026-04-05,824296,DET,STL,3,77,12,1,15,10,0.05194805194805195,0.19480519480519481,0.12987012987012986,0.012987012987012988,5.166666666666667,0.21995754303403367,0.08198488470742231,0.02445053183921583,0.14620431783415846
2026-04-06,823728,DET,MIN,3,80,14,1,21,14,0.1,0.2625,0.175,0.0125,5.0,0.2180227470164307,0.08566836510455365,0.023568722696738688,0.13895383584291948
2026-04-07,823727,DET,MIN,2,78,19,0,24,6,0.07692307692307693,0.3076923076923077,0.07692307692307693,0.0,4.857142857142857,0.2211996936581142,0.0920491961685141,0.02277809964697164,0.13617141899699667
2026-04-08,823726,DET,MIN,6,85,23,0,10,8,0.058823529411764705,0.11764705882352941,0.09411764705882353,0.0,4.714285714285714,0.21972355785362022,0.09647760358199615,0.021712001565948186,0.134203237924338
2026-04-09,823724,DET,MIN,1,72,14,1,18,8,0.06944444444444445,0.25,0.1111111111111111,0.013888888888888888,4.928571428571429,0.218673137685553,0.09689777164922304,0.021712001565948186,0.13210239758820355
2026-04-10,824297,DET,MIA,2,63,10,1,16,3,0.09523809523809523,0.25396825396825395,0.047619047619047616,0.015873015873015872,4.642857142857143,0.22043370106583465,0.10282220715112333,0.020691992623404026,0.12297820800626748
2026-04-11,824294,DET,MIA,6,72,12,1,13,7,0.125,0.18055555555555555,0.09722222222222222,0.013888888888888888,4.0,0.22883403089473592,0.10216512613689946,0.01614396128965841,0.09974846156223531
2026-04-12,824293,DET,MIA,8,73,18,4,14,5,0.1917808219178082,0.1917808219178082,0.0684931506849315,0.0547945205479452,3.857142857142857,0.22636015104743837,0.10278045665729327,0.015327706517707438,0.10053960080274163
2026-04-14,824292,DET,KC,2,65,9,0,6,8,0.03076923076923077,0.09230769230769231,0.12307692307692308,0.0,4.071428571428571,0.22057826170390515,0.09839638671549338,0.019241600842560665,0.11145529958536803
2026-04-15,824291,DET,KC,2,65,13,1,17,4,0.12307692307692308,0.26153846153846155,0.06153846153846154,0.015384615384615385,4.214285714285714,0.20721368510403446,0.09878423416216435,0.019241600842560665,0.11260268161510299
2026-04-16,824289,DET,KC,9,83,27,3,16,5,0.2289156626506024,0.1927710843373494,0.060240963855421686,0.03614457831325301,3.9285714285714284,0.211265055420465,0.0945739865784228,0.01861933154559257,0.10848511243729285
2026-04-17,824778,DET,BOS,0,69,8,0,15,5,0.043478260869565216,0.21739130434782608,0.07246376811594203,0.0,4.214285714285714,0.20297559505800677,0.09257439155969242,0.019100246803261906,0.11328160934931066
2026-04-18,824775,DET,BOS,4,72,13,1,19,6,0.08333333333333333,0.2638888888888889,0.08333333333333333,0.013888888888888888,4.214285714285714,0.20928695550681464,0.09544622753110764,0.01794817307054301,0.10717060954967132
2026-04-19,824777,DET,BOS,6,75,18,3,18,6,0.18666666666666668,0.24,0.08,0.04,4.214285714285714,0.21405165481376745,0.09636842739696946,0.017934200345302683,0.10809280941553315
2026-04-20,824776,DET,BOS,6,85,22,0,14,12,0.08235294117647059,0.16470588235294117,0.1411764705882353,0.0,3.857142857142857,0.21620333029877628,0.0915007025292446,0.016382172126607798,0.10467129266068308
2026-04-21,824290,DET,MIL,4,87,25,0,14,8,0.08045977011494253,0.16091954022988506,0.09195402298850575,0.0,4.071428571428571,0.21405337940932959,0.09230829829482355,0.015454528341821153,0.10684307046271298
2026-04-22,824286,DET,MIL,5,73,15,2,15,8,0.1095890410958904,0.2054794520547945,0.1095890410958904,0.0273972602739726,4.142857142857143,0.2067976322828928,0.08637644279400256,0.01456167119896401,0.10544733975663743
2026-04-23,824288,DET,MIL,4,70,17,3,14,5,0.18571428571428572,0.2,0.07142857142857142,0.04285714285714286,4.357142857142857,0.19949671402307043,0.0887097259492035,0.016518618361390625,0.1077806229118384
2026-04-24,824529,DET,CIN,8,84,22,8,19,12,0.3333333333333333,0.2261904761904762,0.14285714285714285,0.09523809523809523,4.214285714285714,0.20537906696424688,0.08708907768989979,0.019579842851186545,0.11684424836201847
2026-04-25,824527,DET,CIN,2,78,20,6,18,9,0.2692307692307692,0.23076923076923078,0.11538461538461539,0.07692307692307693,4.714285714285714,0.20367838669213806,0.0893566513860449,0.025390500447558424,0.13569345471122482
2026-04-26,824528,DET,CIN,8,80,19,5,19,7,0.3,0.2375,0.0875,0.0625,4.714285714285714,0.20202131360649353,0.09419704908358546,0.02975121909399136,0.14812150285355868
2026-04-28,824931,DET,ATL,2,73,15,2,17,7,0.1780821917808219,0.2328767123287671,0.0958904109589041,0.0273972602739726,4.857142857142857,0.20608877392395386,0.09350260463914102,0.03322344131621358,0.1606215028535587
2026-04-29,824930,DET,ATL,3,67,11,3,18,7,0.14925373134328357,0.26865671641791045,0.1044776119402985,0.04477611940298507,4.428571428571429,0.20902419466759378,0.09545955180156764,0.03126649415378697,0.1596430292723454
2026-04-30,824929,DET,ATL,5,82,20,0,21,9,0.07317073170731707,0.25609756097560976,0.10975609756097561,0.0,4.5,0.22162055353260937,0.09413102957752302,0.03446478839685733,0.1681062078847777
2026-05-01,824287,DET,TEX,4,78,16,1,17,8,0.08974358974358974,0.21794871794871795,0.10256410256410256,0.01282051282051282,4.714285714285714,0.22123191777811996,0.09757514643627403,0.033365887297956226,0.16454147992980586
2026-05-02,824284,DET,TEX,5,72,19,2,12,5,0.09722222222222222,0.16666666666666666,0.06944444444444445,0.027777777777777776,4.357142857142857,0.223030320178932,0.10059822777260838,0.031699882619903356,0.15460061757930493
2026-05-03,824285,DET,TEX,7,69,15,1,19,3,0.10144927536231885,0.2753623188405797,0.043478260869565216,0.014492753623188406,4.714285714285714,0.2194071317731349,0.10038256179607284,0.03368400960403034,0.15843947196163757
2026-05-04,824283,DET,BOS,4,76,15,1,22,5,0.07894736842105263,0.2894736842105263,0.06578947368421052,0.013157894736842105,4.928571428571429,0.22022666248396994,0.09753577090580369,0.03372714279933745,0.15973346782085085
2026-05-05,824281,DET,BOS,3,79,19,4,23,5,0.1518987341772152,0.2911392405063291,0.06329113924050633,0.05063291139240506,4.785714285714286,0.22376049707043613,0.09652073331181872,0.031809849566254746,0.1520392322318784
2026-05-06,824282,DET,BOS,0,74,8,0,22,12,0.02702702702702703,0.2972972972972973,0.16216216216216217,0.0,4.571428571428571,0.23279145122424952,0.09095749535840951,0.03542648609428368,0.15700678887478875
2026-05-08,824116,DET,KC,3,75,16,0,12,8,0.12,0.16,0.10666666666666667,0.0,4.285714285714286,0.24253271958620756,0.0959723624422421,0.03542648609428368,0.15319016436850905
2026-05-09,824115,DET,KC,1,65,10,2,14,4,0.15384615384615385,0.2153846153846154,0.06153846153846154,0.03076923076923077,4.142857142857143,0.23928418729657938,0.09576362141158326,0.033469538931857064,0.15393380429023118
2026-05-10,824113,DET,KC,6,79,17,1,17,10,0.12658227848101267,0.21518987341772153,0.12658227848101267,0.012658227848101266,3.9285714285714284,0.2403830883954805,0.09505718499086113,0.03260611663986334,0.15165750915679319
2026-05-12,823632,DET,NYM,2,84,23,1,19,9,0.10714285714285714,0.2261904761904762,0.10714285714285714,0.011904761904761904,3.7857142857142856,0.23959733105456943,0.0938946946782804,0.0267075546834352,0.13688957666734172
2026-05-13,823631,DET,NYM,2,80,15,0,22,7,0.0125,0.275,0.0875,0.0,3.7857142857142856,0.23927027715608698,0.09330599766101197,0.02206338932498413,0.12531186866106228
2026-05-14,823630,DET,NYM,4,74,17,7,11,7,0.2972972972972973,0.14864864864864866,0.0945945945945946,0.0945945945945946,3.357142857142857,0.2419488485846584,0.09330599766101197,0.017599103610698413,0.104776154375348
2026-05-15,824280,DET,TOR,2,67,12,0,15,7,0.05970149253731343,0.22388059701492538,0.1044776119402985,0.0,3.5,0.2359325583217928,0.09321343934927558,0.02239891320502856,0.11329151905509624
2026-05-16,824278,DET,TOR,1,75,12,2,20,3,0.10666666666666667,0.26666666666666666,0.04,0.02666666666666667,3.4285714285714284,0.23273426407872244,0.09321343934927558,0.019200618961958193,0.1068949305689555
2026-05-17,824279,DET,TOR,1,71,13,1,12,3,0.08450704225352113,0.16901408450704225,0.04225352112676056,0.014084507042253521,3.142857142857143,0.2334892001995122,0.08823086095206302,0.0211053808667201,0.10928749735176621
2026-05-18,824277,DET,CLE,2,76,14,2,12,10,0.14473684210526316,0.15789473684210525,0.13157894736842105,0.02631578947368421,2.9285714285714284,0.22999386923939252,0.08392296227796715,0.02119566616827301,0.10891345824533272
2026-05-19,824276,DET,CLE,3,74,11,2,17,10,0.0945945945945946,0.22972972972972974,0.13513513513513514,0.02702702702702703,2.7142857142857144,0.22936730282335244,0.08836114105825121,0.02109123843226632,0.11230735966554994
2026-05-20,824273,DET,CLE,2,78,13,0,20,7,0.038461538461538464,0.2564102564102564,0.08974358974358974,0.0,2.4285714285714284,0.2261078321725774,0.09490806064864907,0.021986543675397652,0.1118177396107125
2026-05-21,824274,DET,CLE,1,71,12,2,20,5,0.14084507042253522,0.28169014084507044,0.07042253521126761,0.028169014084507043,2.2857142857142856,0.2237461587582724,0.09661906893860472,0.021046694051337505,0.10892589461360434
2026-05-22,824842,DET,BAL,4,76,21,3,22,3,0.2236842105263158,0.2894736842105263,0.039473684210526314,0.039473684210526314,2.142857142857143,0.22307122306818253,0.09712845436508767,0.019442129957916218,0.10813634720255576
2026-05-24,824839,DET,BAL,3,75,12,2,12,9,0.10666666666666667,0.16,0.12,0.02666666666666667,2.4285714285714284,0.2225123935619846,0.08836499165425656,0.022261678830096665,0.1221832888810764
2026-05-24,824840,DET,BAL,4,72,10,1,12,8,0.041666666666666664,0.16666666666666666,0.1111111111111111,0.013888888888888888,2.4285714285714284,0.22251239356198457,0.0893173726066375,0.02416644073485857,0.12123090792869542
2026-05-26,824275,DET,LAA,6,85,23,4,23,8,0.2235294117647059,0.27058823529411763,0.09411764705882353,0.047058823529411764,2.642857142857143,0.2190325400821311,0.09285827614754104,0.022960702029119866,0.11321808741587493
2026-05-27,824270,DET,LAA,4,67,12,1,15,7,0.08955223880597014,0.22388059701492538,0.1044776119402985,0.014925373134328358,2.642857142857143,0.2229895659304451,0.09053937390309895,0.025417887434927757,0.12014288265042443
2026-05-28,824272,DET,LAA,1,76,14,1,21,10,0.11842105263157894,0.27631578947368424,0.13157894736842105,0.013157894736842105,2.7857142857142856,0.2228245745607629,0.09034899924577333,0.02563364537989679,0.11888640991207536
2026-05-29,824594,DET,CWS,3,76,14,2,12,5,0.13157894736842105,0.15789473684210525,0.06578947368421052,0.02631578947368421,2.7142857142857144,0.2229185595231689,0.09349749548637484,0.026573495003956945,0.12645219938575958
2026-05-30,824593,DET,CWS,1,69,16,4,16,3,0.21739130434782608,0.2318840579710145,0.043478260869565216,0.057971014492753624,2.642857142857143,0.22357899439413012,0.09143998684991883,0.021696437495320485,0.11461517439083983
2026-05-31,824592,DET,CWS,1,63,10,1,12,5,0.07936507936507936,0.19047619047619047,0.07936507936507936,0.015873015873015872,2.5714285714285716,0.22415067017670792,0.08708289034486646,0.02583722424480289,0.12587873237730504
2026-06-01,822974,DET,TB,10,87,22,7,16,11,0.2988505747126437,0.1839080459770115,0.12643678160919541,0.08045977011494253,2.5714285714285716,0.2187084933059596,0.08989468172808641,0.025066249188113544,0.12392861899862022
2026-06-02,822971,DET,TB,8,74,15,3,16,6,0.21621621621621623,0.21621621621621623,0.08108108108108109,0.04054054054054054,3.2142857142857144,0.2197723476966717,0.09590777176254604,0.02980733940759133,0.139238871317129
2026-06-03,822973,DET,TB,7,73,17,3,10,3,0.1506849315068493,0.136986301369863,0.0410958904109589,0.0410958904109589,3.642857142857143,0.22393816765196534,0.09230078131345033,0.030823393055223924,0.14434454089648277
2026-06-05,824271,DET,SEA,7,76,23,3,19,3,0.17105263157894737,0.25,0.039473684210526314,0.039473684210526314,3.9285714285714284,0.21731363705483203,0.0855836924045806,0.031828311868361915,0.1483509935330724
2026-06-06,824269,DET,SEA,0,71,12,1,18,6,0.11267605633802817,0.2535211267605634,0.08450704225352113,0.014084507042253521,4.285714285714286,0.21685576159695658,0.08199298486650464,0.034647860740542366,0.1578217858986016
2026-06-07,824268,DET,SEA,3,79,17,1,18,8,0.10126582278481013,0.22784810126582278,0.10126582278481013,0.012658227848101266,4.214285714285714,0.2148436891623489,0.08299902108380845,0.033641824523238543,0.15580971346399394
2026-06-09,824267,DET,MIN,10,83,20,8,19,9,0.3373493975903614,0.2289156626506024,0.10843373493975904,0.0963855421686747,4.142857142857143,0.21044186180915578,0.08741274526768586,0.031726434783065326,0.14706554291102927
2026-06-10,824266,DET,MIN,4,83,18,2,17,11,0.0963855421686747,0.20481927710843373,0.13253012048192772,0.024096385542168676,4.642857142857143,0.21536440914134167,0.08658658347766866,0.03670635446178019,0.16354288083415033
2026-06-11,824265,DET,MIN,11,73,18,6,12,4,0.273972602739726,0.1643835616438356,0.0547945205479452,0.0821917808219178,4.642857142857143,0.21808959560146787,0.08811651271844127,0.037435461365585884,0.1674513719414366
2026-06-12,824425,DET,CLE,2,66,11,2,17,4,0.16666666666666666,0.25757575757575757,0.06060606060606061,0.030303030303030304,5.0,0.2105035474835906,0.08530771796766426,0.039944958315050606,0.17105445701108093
2026-06-13,824426,DET,CLE,1,72,17,1,16,3,0.09722222222222222,0.2222222222222222,0.041666666666666664,0.013888888888888888,4.857142857142857,0.21291034466650718,0.08217403572950441,0.04104336239852931,0.17656263042970208
2026-06-15,824181,DET,HOU,9,81,18,7,28,7,0.30864197530864196,0.345679012345679,0.08641975308641975,0.08641975308641975,4.857142857142857,0.2090465184342599,0.07575172996509338,0.04109557626653266,0.1750484282576052
2026-06-16,824182,DET,HOU,2,73,14,0,17,8,0.0410958904109589,0.2328767123287671,0.1095890410958904,0.0,5.285714285714286,0.22245968097022947,0.07722532135096546,0.04538871652458519,0.18769578739619236
2026-06-17,824178,DET,HOU,2,66,12,3,13,3,0.21212121212121213,0.19696969696969696,0.045454545454545456,0.045454545454545456,5.357142857142857,0.22253058485292604,0.08194751993856011,0.04124792977510279,0.1751032578292733
2026-06-19,824264,DET,CWS,4,68,16,3,19,3,0.19117647058823528,0.27941176470588236,0.04411764705882353,0.04411764705882353,5.428571428571429,0.2229944067453194,0.07952533894495058,0.04336089617378348,0.18458583874042564
2026-06-20,824263,DET,CWS,4,72,11,2,14,9,0.1111111111111111,0.19444444444444445,0.125,0.027777777777777776,5.0,0.22981610094023872,0.07364540076278113,0.04076503024120355,0.1768948313029679
2026-06-21,824260,DET,CWS,4,79,19,2,14,4,0.11392405063291139,0.17721518987341772,0.05063291139240506,0.02531645569620253,4.714285714285714,0.2282609743851122,0.07678246639984677,0.03985340432957764,0.1693873237954604
2026-06-22,824261,DET,NYY,5,74,16,2,19,5,0.14864864864864866,0.25675675675675674,0.06756756756756757,0.02702702702702703,4.5,0.23113446642108035,0.0774636821842358,0.03872630184995218,0.1667615465901791
2026-06-23,824262,DET,NYY,3,72,17,1,20,5,0.09722222222222222,0.2777777777777778,0.06944444444444445,0.013888888888888888,4.357142857142857,0.23161709190370586,0.07947038813831017,0.03783725490827366,0.16516126209515777
2026-06-24,824259,DET,NYY,2,71,14,3,24,3,0.16901408450704225,0.3380281690140845,0.04225352112676056,0.04225352112676056,4.571428571428571,0.2333497098335069,0.07839448829480468,0.03782328218303333,0.16405741680117164
2026-06-25,824258,DET,HOU,1,64,10,2,20,1,0.09375,0.3125,0.015625,0.03125,4.5,0.24121971467266845,0.07417932389065829,0.039937231702937566,0.16889657835275965
2026-06-26,824255,DET,HOU,8,68,12,3,14,9,0.14705882352941177,0.20588235294117646,0.1323529411764706,0.04411764705882353,3.857142857142857,0.24719002448333968,0.06755012853781836,0.03528469297660366,0.15149662138201953
2026-06-27,824257,DET,HOU,6,86,27,3,10,4,0.1744186046511628,0.11627906976744186,0.046511627906976744,0.03488372093023256,4.142857142857143,0.24726595847139277,0.06753747287314284,0.03671478308493615,0.15511614147921504
2026-06-28,824256,DET,HOU,5,89,16,5,20,12,0.19101123595505617,0.2247191011235955,0.1348314606741573,0.056179775280898875,3.7857142857142856,0.2438299233373646,0.06694583768450224,0.03333563594981577,0.14800514161574624
2026-06-29,823529,DET,NYY,7,74,14,1,22,3,0.10810810810810811,0.2972972972972973,0.04054054054054054,0.013513513513513514,4.0,0.24148301930506735,0.07224765197508057,0.03518397487680639,0.14974403942205977
2026-06-30,823528,DET,NYY,9,72,15,6,19,2,0.2638888888888889,0.2638888888888889,0.027777777777777776,0.08333333333333333,4.428571428571429,0.2468455246675727,0.072167214394643,0.03515716234999386,0.15052160269962306
2026-07-01,823530,DET,NYY,6,85,13,2,22,6,0.09411764705882353,0.25882352941176473,0.07058823529411765,0.023529411764705882,4.428571428571429,0.24100337299208768,0.06797850187259714,0.03493670379620197,0.14732495366964068
2026-07-02,822884,DET,TEX,4,86,28,5,17,7,0.23255813953488372,0.19767441860465115,0.08139534883720931,0.05813953488372093,4.714285714285714,0.24285671706944467,0.06519273002961337,0.03661737606510953,0.15111222200163102
2026-07-04,822882,DET,TEX,3,68,9,1,11,2,0.058823529411764705,0.16176470588235295,0.029411764705882353,0.014705882352941176,4.857142857142857,0.24290705432908424,0.06775993027123221,0.03752344673862207,0.152572002531179
2026-07-05,822879,DET,TEX,6,76,16,3,15,6,0.19736842105263158,0.19736842105263158,0.07894736842105263,0.039473684210526314,4.785714285714286,0.23450369298454646,0.06670951010316499,0.035422606402487615,0.14311822101857397
2026-07-07,824254,DET,ATH,6,75,15,2,23,6,0.12,0.30666666666666664,0.08,0.02666666666666667,4.928571428571429,0.23471254845655978,0.06342003641895447,0.03625802829054108,0.14927945744296828
2026-07-08,824253,DET,ATH,6,74,14,2,20,8,0.10810810810810811,0.2702702702702703,0.10810810810810811,0.02702702702702703,5.071428571428571,0.24395908251322046,0.06551768560521125,0.036354471931288525,0.14971345382633175
2026-07-09,824251,DET,ATH,4,68,11,3,20,4,0.1323529411764706,0.29411764705882354,0.058823529411764705,0.04411764705882353,5.142857142857143,0.2449243334784714,0.06841343850096414,0.036354471931288525,0.14681770093057886
2026-07-10,824252,DET,PHI,10,74,12,4,16,8,0.20270270270270271,0.21621621621621623,0.10810810810810811,0.05405405405405406,5.214285714285714,0.2460914669985461,0.06765480171291559,0.03851366894342671,0.14932703799873945
2026-07-11,824249,DET,PHI,2,71,17,1,16,4,0.07042253521126761,0.22535211267605634,0.056338028169014086,0.014084507042253521,5.785714285714286,0.2373906132272698,0.07235870078301185,0.0393565641525191,0.15173336786985805
2026-07-12,824250,DET,PHI,0,71,11,0,26,5,0.028169014084507043,0.36619718309859156,0.07042253521126761,0.0,5.857142857142857,0.23116576413270237,0.0752667742236557,0.038130457512680065,0.1500671203849486
2026-07-17,824009,DET,LAA,2,70,11,0,26,5,0.05714285714285714,0.37142857142857144,0.07142857142857142,0.0,5.285714285714286,0.2426168234296606,0.07084317379756978,0.03497919700847839,0.14157499113888397
2026-07-18,824008,DET,LAA,7,75,18,2,17,3,0.12,0.22666666666666666,0.04,0.02666666666666667,5.0,0.260841787834027,0.07262295547768369,0.032487502656318924,0.13319815203114785
2026-07-19,824007,DET,LAA,2,73,13,2,17,8,0.0958904109589041,0.2328767123287671,0.1095890410958904,0.0273972602739726,5.142857142857143,0.26098089965853205,0.06584927971524387,0.030379423469588045,0.128125920891501
2026-07-20,824654,DET,CHC,8,93,23,6,21,9,0.22580645161290322,0.22580645161290322,0.0967741935483871,0.06451612903225806,4.785714285714286,0.25637942930363705,0.07078131546919744,0.031371119666763696,0.1272532282379864
2026-07-21,824652,DET,CHC,2,84,18,2,15,14,0.11904761904761904,0.17857142857142858,0.16666666666666666,0.023809523809523808,4.714285714285714,0.25365925521249527,0.07570963088138383,0.03002703364525832,0.12453305414684458
2026-07-22,824650,DET,CHC,5,69,13,3,24,2,0.17391304347826086,0.34782608695652173,0.028985507246376812,0.043478260869565216,4.428571428571429,0.24792696229532837,0.08257237597942303,0.0300470416484596,0.12631376643175854
2026-07-23,824247,DET,KC,4,75,19,2,13,7,0.12,0.17333333333333334,0.09333333333333334,0.02666666666666667,4.5,0.25865208146331914,0.07882881586579214,0.02899980779030562,0.12212483099914262
2026-07-24,824248,DET,KC,2,64,9,0,21,5,0.078125,0.328125,0.078125,0.0,4.571428571428571,0.25947841199553207,0.08339464219632435,0.029854149527000298,0.1264945788983023
2026-07-25,824244,DET,KC,2,71,15,3,10,2,0.16901408450704225,0.14084507042253522,0.028169014084507043,0.04225352112676056,4.285714285714286,0.2688181676346298,0.0833359015948206,0.027034600654819847,0.11797719168025718
2026-07-26,824246,DET,KC,4,80,15,2,13,12,0.1125,0.1625,0.15,0.025,4.0,0.2569737679029061,0.07963368831514252,0.02814794740196941,0.12147819771647449
2026-07-27,824245,DET,BAL,5,80,23,3,13,5,0.1875,0.1625,0.0625,0.0375,3.857142857142857,0.24927589145502965,0.0826259663074205,0.028003159757181765,0.12179190428018105
2026-07-28,824243,DET,BAL,14,76,22,3,14,6,0.18421052631578946,0.18421052631578946,0.07894736842105263,0.039473684210526314,3.9285714285714284,0.23987463095082798,0.08288857134943732,0.02753047068155151,0.12573097991043314
2026-07-29,824242,DET,BAL,9,101,19,1,20,8,0.1188118811881188,0.19801980198019803,0.07920792079207921,0.009900990099009901,4.214285714285714,0.23758851024365463,0.08080566137179049,0.026489015692728102,0.12441011016851077
2026-07-31,824975,DET,ATH,13,81,17,3,14,10,0.16049382716049382,0.1728395061728395,0.12345679012345678,0.037037037037037035,4.714285714285714,0.23563620233680763,0.08243922513058087,0.026190193053924987,0.12786649202400013
2026-08-01,824972,DET,ATH,8,87,30,4,20,5,0.1724137931034483,0.22988505747126436,0.05747126436781609,0.04597701149425287,5.642857142857143,0.2218249396992539,0.08622738619573725,0.028835695699427632,0.13731826438657063
2026-08-02,824971,DET,ATH,11,84,19,1,14,11,0.08333333333333333,0.16666666666666666,0.13095238095238096,0.011904761904761904,6.071428571428571,0.21171468870230337,0.08523043569139757,0.03211976794901712,0.14555190266947
2026-08-04,823108,DET,SEA,8,77,17,3,19,9,0.14285714285714285,0.24675324675324675,0.11688311688311688,0.03896103896103896,6.357142857142857,0.2074289744165891,0.09172703433085336,0.031065346180309643,0.14293285505042236
2026-08-05,823106,DET,SEA,2,65,11,3,12,3,0.15384615384615385,0.18461538461538463,0.046153846153846156,0.046153846153846156,6.785714285714286,0.2084201554469091,0.09224803974422668,0.031891330372242954,0.14628762161458228
2026-08-06,823105,DET,SEA,11,80,23,2,18,6,0.1,0.225,0.075,0.025,6.357142857142857,0.20547793637565773,0.08863230064461661,0.030579738738070676,0.14114760034552876
2026-08-07,823191,DET,SF,2,74,16,2,15,7,0.08108108108108109,0.20270270270270271,0.0945945945945946,0.02702702702702703,7.0,0.20879426290626998,0.08208468159699757,0.030664772751676114,0.13978705612784167
2026-08-08,823188,DET,SF,8,75,12,0,12,10,0.06666666666666667,0.16,0.13333333333333333,0.0,6.785714285714286,0.19842830688814003,0.08677104497901311,0.029489684620066244,0.13315620167090028
2026-08-09,823190,DET,SF,3,74,12,0,21,4,0.04054054054054054,0.28378378378378377,0.05405405405405406,0.0,7.071428571428571,0.19747592593575908,0.08962818783615598,0.027584922715304338,0.12934667786137646
2026-08-11,824240,DET,CLE,6,76,15,2,11,10,0.10526315789473684,0.14473684210526316,0.13157894736842105,0.02631578947368421,7.142857142857143,0.19430869620602936,0.08790883455430269,0.027584922715304338,0.1266620736142722
2026-08-12,824241,DET,CLE,4,84,17,2,16,10,0.14285714285714285,0.19047619047619047,0.11904761904761904,0.023809523809523808,7.428571428571429,0.1945866798976528,0.09529525836029655,0.026446513311513174,0.12210843599910755
2026-08-13,824238,DET,CLE,3,66,10,1,8,4,0.06060606060606061,0.12121212121212122,0.06060606060606061,0.015151515151515152,7.428571428571429,0.19658497921738066,0.09308437400655507,0.026361479297907726,0.12427680334604631
2026-08-14,824237,DET,CWS,5,83,24,6,13,4,0.3132530120481928,0.1566265060240964,0.04819277108433735,0.07228915662650602,7.285714285714286,0.1936358450182465,0.09294909262127368,0.02476515895158738,0.11521295053219349
2026-08-15,824239,DET,CWS,3,72,18,1,19,3,0.1388888888888889,0.2638888888888889,0.041666666666666664,0.013888888888888888,6.642857142857143,0.1916655578545541,0.09075233566865115,0.027109121267014504,0.12443027094165086
2026-08-16,824236,DET,CWS,5,80,15,4,14,11,0.225,0.175,0.1375,0.05,6.214285714285714,0.1963704926337463,0.08807081751683597,0.02739397118057729,0.12586434292027732
2026-08-17,823343,DET,PIT,8,87,20,1,19,12,0.06896551724137931,0.21839080459770116,0.13793103448275862,0.011494252873563218,5.642857142857143,0.19652481362140065,0.08907390393658905,0.028319897106503213,0.13047192669452776
2026-08-18,823341,DET,PIT,1,63,11,2,11,1,0.1111111111111111,0.1746031746031746,0.015873015873015872,0.031746031746031744,5.642857142857143,0.19570379555900327,0.09482103037337067,0.025856842919311097,0.1230827641329514
2026-08-19,823342,DET,PIT,3,75,15,3,19,10,0.14666666666666667,0.25333333333333335,0.13333333333333333,0.04,4.928571428571429,0.19627068898303954,0.08660107572484457,0.027274076479401804,0.1250668911170784
2026-08-21,824072,DET,KC,2,77,17,3,9,10,0.19480519480519481,0.11688311688311688,0.12987012987012986,0.03896103896103896,4.571428571428571,0.19674069516733145,0.08777609118557432,0.027348287982184732,0.1253389999606158
2026-08-22,824073,DET,KC,1,63,8,3,16,3,0.1746031746031746,0.25396825396825395,0.047619047619047616,0.047619047619047616,4.571428571428571,0.19190267604359804,0.09375582573673745,0.026834516039841362,0.12826464574340443
2026-08-23,824071,DET,KC,7,83,22,3,15,9,0.1686746987951807,0.18072289156626506,0.10843373493975904,0.03614457831325301,3.857142857142857,0.19397183704133045,0.09180004342381229,0.028450162298344763,0.1335934439293455
2026-08-24,824235,DET,TB,1,72,14,1,15,5,0.09722222222222222,0.20833333333333334,0.06944444444444445,0.013888888888888888,4.214285714285714,0.19240185053158493,0.0927885534484669,0.02910141596164662,0.13985013090892404
2026-08-25,824233,DET,TB,4,68,13,1,14,4,0.10294117647058823,0.20588235294117646,0.058823529411764705,0.014705882352941176,3.7142857142857144,0.19585423148396588,0.08822506138497484,0.03009347945371011,0.1420326705914637
2026-08-26,824234,DET,TB,0,63,10,0,10,0,0.031746031746031744,0.15873015873015872,0.0,0.0,3.7857142857142856,0.19028984356663678,0.08856573819623988,0.031143899621777334,0.1464898588721814
2026-08-28,824231,DET,LAD,1,77,14,0,21,11,0.05194805194805195,0.2727272727272727,0.14285714285714285,0.0,3.357142857142857,0.19128936618270073,0.07916724195563837,0.029264200373657036,0.14123863557584532
2026-08-29,824230,DET,LAD,1,73,12,0,15,7,0.0684931506849315,0.2054794520547945,0.0958904109589041,0.0,3.142857142857143,0.19716444348634948,0.0808679222277472,0.02756352010154819,0.13474512908233882
2026-08-30,824232,DET,LAD,1,69,11,1,16,5,0.08695652173913043,0.2318840579710145,0.07246376811594203,0.014492753623188406,3.0,0.20318353854654042,0.08338823296723603,0.02648126901929711,0.13530849265940104
2026-08-31,823663,DET,MIN,1,75,14,5,16,10,0.22666666666666666,0.21333333333333335,0.13333333333333333,0.06666666666666667,2.7142857142857144,0.20855907797132028,0.08512187561235066,0.022352954519060136,0.11914445763732516
2026-09-01,823661,DET,MIN,2,83,21,3,14,7,0.1927710843373494,0.1686746987951807,0.08433734939759036,0.03614457831325301,2.5714285714285716,0.2049479668602092,0.0916694946599697,0.026122795788901403,0.12541429890716643
2026-09-02,823660,DET,MIN,11,107,23,1,28,9,0.11214953271028037,0.2616822429906542,0.08411214953271028,0.009345794392523364,2.357142857142857,0.2044961596312935,0.08787216247408329,0.02513312281127662,0.12311223350269139
2026-09-04,824387,DET,CLE,3,78,15,1,18,5,0.08974358974358974,0.23076923076923078,0.0641025641025641,0.01282051282051282,2.5714285714285716,0.20758840523079017,0.08402795640622271,0.024979661491202346,0.1261968060361843
2026-09-04,824424,DET,CLE,6,74,22,3,15,4,0.17567567567567569,0.20270270270270271,0.05405405405405406,0.04054054054054054,2.7142857142857144,0.21160026638550847,0.08747292413690473,0.02362783871080814,0.12467055450993278
2026-03-20,831505,HOU,MIA,4,81,15,1,20,12,0.06172839506172839,0.24691358024691357,0.14814814814814814,0.012345679012345678,,,,,
2026-03-21,831549,HOU,NYM,7,78,20,1,14,6,0.1282051282051282,0.1794871794871795,0.07692307692307693,0.01282051282051282,,,,,
2026-03-22,831496,HOU,STL,2,71,13,2,20,7,0.14084507042253522,0.28169014084507044,0.09859154929577464,0.028169014084507043,,,,,
2026-03-26,824218,HOU,LAA,0,79,12,2,23,12,0.10126582278481013,0.2911392405063291,0.1518987341772152,0.02531645569620253,4.333333333333333,0.2360303001930545,0.10788759145566656,0.01777840197245518,0.11025953122979726
2026-03-27,824216,HOU,LAA,2,80,19,4,21,9,0.1875,0.2625,0.1125,0.05,3.25,0.24980753527137314,0.11889037713605373,0.019662915403392017,0.10801110411855049
2026-03-28,824213,HOU,LAA,11,84,19,3,20,13,0.15476190476190477,0.23809523809523808,0.15476190476190477,0.03571428571428571,3.0,0.2523460282170985,0.11761230170884299,0.02573033232271361,0.12390888329484037
2026-03-29,824215,HOU,LAA,9,83,14,1,19,17,0.12048192771084337,0.2289156626506024,0.20481927710843373,0.012048192771084338,4.333333333333333,0.2499708965301218,0.12380390221768661,0.0273943245546423,0.12905105353935112
2026-03-30,824214,HOU,BOS,8,70,17,4,18,4,0.22857142857142856,0.2571428571428571,0.05714285714285714,0.05714285714285714,5.0,0.24696300597590473,0.13537752720207905,0.02520202001413402,0.12782689270670716
2026-03-31,824212,HOU,BOS,9,74,15,3,19,8,0.17567567567567569,0.25675675675675674,0.10810810810810811,0.04054054054054054,5.375,0.24823548737177376,0.12559819344467632,0.02919462465522441,0.14041995968979734
2026-04-01,824211,HOU,BOS,6,74,15,4,22,5,0.20270270270270271,0.2972972972972973,0.06756756756756757,0.05405405405405406,5.777777777777778,0.24918229508121634,0.12365485062950207,0.03045528197581509,0.14433726146600603
2026-04-03,825026,HOU,ATH,4,80,19,2,16,12,0.125,0.2,0.15,0.025,5.8,0.2539937953028244,0.11804612232330862,0.03281515918363899,0.1501738055896757
2026-04-04,825027,HOU,ATH,11,89,23,2,18,16,0.1348314606741573,0.20224719101123595,0.1797752808988764,0.02247191011235955,5.636363636363637,0.2490852684571131,0.12095102029391692,0.03210469016694453,0.1478852778087961
2026-04-05,825025,HOU,ATH,10,100,27,5,17,20,0.21,0.17,0.2,0.05,6.083333333333333,0.24518209533662336,0.12585304201099687,0.03130195849572912,0.14679745971424288
2026-04-06,824376,HOU,COL,7,82,25,2,12,7,0.18292682926829268,0.14634146341463414,0.08536585365853659,0.024390243902439025,6.384615384615385,0.23939885723380616,0.13155665416399714,0.03274026938067303,0.15165919358237803
2026-04-07,824375,HOU,COL,1,65,13,3,12,3,0.13846153846153847,0.18461538461538463,0.046153846153846156,0.046153846153846156,6.428571428571429,0.23275190053243675,0.12825731127074994,0.03214383898937061,0.15389259613137193
2026-04-08,824374,HOU,COL,1,81,18,1,13,11,0.07407407407407407,0.16049382716049382,0.13580246913580246,0.012345679012345678,6.214285714285714,0.22830202941589892,0.12097200398544265,0.03455870807090635,0.15937353494564407
2026-04-10,823156,HOU,SEA,6,81,17,2,16,14,0.1111111111111111,0.19753086419753085,0.1728395061728395,0.024691358024691357,5.785714285714286,0.22694536139256427,0.1251776748577802,0.03452479137032299,0.1555070310791402
2026-04-11,823155,HOU,SEA,7,84,24,3,17,11,0.20238095238095238,0.20238095238095238,0.13095238095238096,0.03571428571428571,6.071428571428571,0.2209339844891686,0.13048110034899912,0.03427638736605044,0.1533831768426099
2026-04-12,823154,HOU,SEA,1,72,13,1,15,10,0.09722222222222222,0.20833333333333334,0.1388888888888889,0.013888888888888888,6.571428571428571,0.21459410676592738,0.12898493226151095,0.03501908951019923,0.1606056860994772
2026-04-13,823153,HOU,SEA,2,72,20,2,9,3,0.1111111111111111,0.125,0.041666666666666664,0.027777777777777776,6.5,0.21072505914687975,0.13086985289643158,0.032439724430834156,0.15415727340106453
2026-04-14,824210,HOU,COL,7,81,23,4,21,5,0.20987654320987653,0.25925925925925924,0.06172839506172839,0.04938271604938271,5.857142857142857,0.20264682785436275,0.12279162160391457,0.03187283100679787,0.151039359568865
2026-04-15,824209,HOU,COL,3,72,9,1,20,11,0.1111111111111111,0.2777777777777778,0.1527777777777778,0.013888888888888888,5.714285714285714,0.20481422761212395,0.11257084431486421,0.03453958266953347,0.15742468924736736
2026-04-16,824208,HOU,COL,2,78,14,1,18,12,0.07692307692307693,0.23076923076923078,0.15384615384615385,0.01282051282051282,5.357142857142857,0.20628815051461832,0.11940191007450139,0.03145001350853574,0.1490346665716304
2026-04-17,824207,HOU,STL,4,81,18,5,19,6,0.2222222222222222,0.2345679012345679,0.07407407407407407,0.06172839506172839,4.857142857142857,0.20443189865836645,0.12266891334150465,0.02947001152853376,0.14198090951787332
2026-04-18,824206,HOU,STL,5,80,14,5,20,12,0.225,0.25,0.15,0.0625,4.714285714285714,0.19995122751102865,0.12313366380625512,0.03001817874336764,0.14337516091212474
2026-04-19,824205,HOU,STL,5,84,16,1,19,6,0.10714285714285714,0.2261904761904762,0.07142857142857142,0.011904761904761904,4.785714285714286,0.2035226560824572,0.12313366380625512,0.032696750171939064,0.15051801805498186
2026-04-20,824450,HOU,CLE,9,84,21,3,10,9,0.15476190476190477,0.11904761904761904,0.10714285714285714,0.03571428571428571,4.357142857142857,0.2052328907381172,0.11539461312980477,0.03194195387139638,0.14854026065988898
2026-04-21,824448,HOU,CLE,5,80,21,1,12,11,0.1,0.15,0.1375,0.0125,4.285714285714286,0.2015934349558043,0.10876196006858027,0.030921545708131073,0.14459468242859647
2026-04-22,824449,HOU,CLE,2,71,11,1,16,7,0.056338028169014086,0.22535211267605634,0.09859154929577464,0.014084507042253521,4.142857142857143,0.20185475899761612,0.11248582766439909,0.03007224257224257,0.1386713374808613
2026-04-24,824204,HOU,NYY,4,82,24,6,15,8,0.25609756097560976,0.18292682926829268,0.0975609756097561,0.07317073170731707,4.214285714285714,0.20476452528766415,0.11623137788882255,0.027781575492843096,0.13280537245996668
2026-04-25,824203,HOU,NYY,3,80,19,5,17,12,0.2125,0.2125,0.15,0.0625,4.428571428571429,0.2063668825810783,0.11349984263696211,0.032126222113912486,0.14580705009579065
2026-04-26,824202,HOU,NYY,7,70,14,3,13,4,0.2,0.18571428571428572,0.05714285714285714,0.04285714285714286,4.214285714285714,0.20743610656696898,0.11186844933890214,0.034826839397863095,0.15304911358785417
2026-04-28,824849,HOU,BAL,3,74,20,2,20,4,0.17567567567567569,0.2702702702702703,0.05405405405405406,0.02702702702702703,4.214285714285714,0.2062456303764928,0.10659634049536472,0.035337043479495754,0.15287904556064327
2026-04-30,824848,HOU,BAL,3,77,18,2,12,8,0.1038961038961039,0.15584415584415584,0.1038961038961039,0.025974025974025976,4.357142857142857,0.21066969730055973,0.10053670943573366,0.036275481917934185,0.15848286366446135
2026-04-30,824850,HOU,BAL,11,87,20,2,21,11,0.11494252873563218,0.2413793103448276,0.12643678160919541,0.022988505747126436,4.428571428571429,0.21287285128942798,0.10498166923783632,0.0361466425033805,0.15796750600624657
2026-05-01,824772,HOU,BOS,1,71,21,2,10,3,0.1267605633802817,0.14084507042253522,0.04225352112676056,0.028169014084507043,4.714285714285714,0.2115957120812543,0.10960369684836967,0.034261341767505046,0.151186504972372
2026-05-02,824771,HOU,BOS,6,82,20,2,14,11,0.10975609756097561,0.17073170731707318,0.13414634146341464,0.024390243902439025,4.571428571428571,0.20181480441302266,0.10170910708758274,0.035281350710049196,0.1523043229915985
2026-05-03,824769,HOU,BOS,3,86,19,1,20,9,0.09302325581395349,0.23255813953488372,0.10465116279069768,0.011627906976744186,4.857142857142857,0.1975264098807257,0.10030197763167278,0.03610776007304393,0.15464953875144835
2026-05-04,824201,HOU,LAD,3,80,19,3,26,7,0.1375,0.325,0.0875,0.0375,4.785714285714286,0.19738285547360543,0.1024860553971459,0.03252915378125934,0.14542104115085772
2026-05-05,824200,HOU,LAD,2,65,10,2,15,4,0.12307692307692308,0.23076923076923078,0.06153846153846154,0.03076923076923077,4.642857142857143,0.2027399983307483,0.09802176968286021,0.030743439495545057,0.13917104115085774
2026-05-06,824198,HOU,LAD,2,76,19,4,17,5,0.2236842105263158,0.2236842105263158,0.06578947368421052,0.05263157894736842,4.428571428571429,0.20306705222923074,0.09731533326213807,0.03209090155729283,0.14030918871757672
2026-05-08,824522,HOU,CIN,10,73,18,4,13,3,0.2328767123287671,0.1780821917808219,0.0410958904109589,0.0547945205479452,3.9285714285714284,0.21054109447770908,0.094361520157949,0.03329927964537017,0.14523221055789182
2026-05-09,824523,HOU,CIN,1,64,9,1,12,6,0.078125,0.1875,0.09375,0.015625,4.285714285714286,0.2125469653191964,0.08747551233016036,0.03632031682736625,0.1547234042956609
2026-05-10,824520,HOU,CIN,0,68,12,1,16,6,0.10294117647058823,0.23529411764705882,0.08823529411764706,0.014705882352941176,4.214285714285714,0.20984324298519236,0.08712968738046219,0.03643035203863386,0.15627961656930275
2026-05-11,824199,HOU,SEA,1,72,16,1,20,4,0.041666666666666664,0.2777777777777778,0.05555555555555555,0.013888888888888888,3.9285714285714284,0.21358376358367562,0.08646356727388295,0.03225429137046415,0.14533987481894406
2026-05-12,824197,HOU,SEA,2,80,16,2,16,9,0.125,0.2,0.1125,0.025,3.7857142857142856,0.21824646199637404,0.07971753552785121,0.02878206914824193,0.1331374938665631
2026-05-13,824195,HOU,SEA,3,87,20,3,17,9,0.12643678160919541,0.19540229885057472,0.10344827586206896,0.034482758620689655,3.4285714285714284,0.21926687015963936,0.08367161716050428,0.027506558944160295,0.12778035100942023
2026-05-14,824196,HOU,SEA,3,79,16,3,14,10,0.21518987341772153,0.17721518987341772,0.12658227848101267,0.0379746835443038,3.4285714285714284,0.21391915791537539,0.08719977586107677,0.028039111200850484,0.1242632871475288
2026-05-15,824194,HOU,TEX,2,65,6,1,15,7,0.046153846153846156,0.23076923076923078,0.1076923076923077,0.015384615384615385,3.4285714285714284,0.215445660346037,0.08882021690285598,0.0288963010272989,0.13221284211335863
2026-05-16,824193,HOU,TEX,4,71,11,4,14,9,0.16901408450704225,0.19718309859154928,0.1267605633802817,0.056338028169014086,2.7857142857142856,0.21468779751920858,0.08748132590879257,0.028353166001405253,0.1272993647860882
2026-05-17,824192,HOU,TEX,0,70,12,2,18,4,0.14285714285714285,0.2571428571428571,0.05714285714285714,0.02857142857142857,3.0,0.2187119423884239,0.09351754321261549,0.030365238436012902,0.13031747343799965
2026-05-18,823705,HOU,MIN,3,73,16,2,12,9,0.0958904109589041,0.1643835616438356,0.1232876712328767,0.0273972602739726,2.5714285714285716,0.22488416737597988,0.08801729433257567,0.030663894483797867,0.13268183381629733
2026-05-19,823704,HOU,MIN,2,69,12,1,15,1,0.11594202898550725,0.21739130434782608,0.014492753623188406,0.014492753623188406,2.5714285714285716,0.22001455466947645,0.08934847350701704,0.03179027686217133,0.13288663061236522
2026-05-20,823703,HOU,MIN,1,65,11,2,18,3,0.1076923076923077,0.27692307692307694,0.046153846153846156,0.03076923076923077,2.5,0.2123282192657497,0.08413367019438764,0.030146902120970497,0.13134677553990146
2026-05-22,824679,HOU,CHC,4,80,13,2,16,9,0.0875,0.2,0.1125,0.025,2.4285714285714284,0.215624922562453,0.08303476909548653,0.030146902120970494,0.13024787444100036
2026-05-23,824674,HOU,CHC,3,66,9,2,14,7,0.10606060606060606,0.21212121212121213,0.10606060606060606,0.030303030303030304,2.5714285714285716,0.21393319323914478,0.08637123526090007,0.028173217910444186,0.12052043083197782
2026-05-24,824676,HOU,CHC,8,77,16,4,13,9,0.18181818181818182,0.16883116883116883,0.11688311688311688,0.05194805194805195,2.0714285714285716,0.21636455183488693,0.09101157209301772,0.026423825750093118,0.11146213752710916
2026-05-25,822899,HOU,TEX,9,74,10,2,11,8,0.0945945945945946,0.14864864864864866,0.10810810810810811,0.02702702702702703,2.5714285714285716,0.2150310638942561,0.09266393758466893,0.02901832946066826,0.118868793371265
2026-05-26,822898,HOU,TEX,7,74,17,6,11,5,0.2972972972972973,0.14864864864864866,0.06756756756756757,0.08108108108108109,3.2142857142857144,0.20884210182294113,0.0940834242982733,0.029898411223102963,0.11827260895155116
2026-05-27,822897,HOU,TEX,4,74,14,4,18,6,0.17567567567567569,0.24324324324324326,0.08108108108108109,0.05405405405405406,3.642857142857143,0.19961859259943188,0.09494142515627414,0.034697853522545265,0.13653193971088193
2026-05-28,822896,HOU,TEX,5,70,10,3,15,5,0.14285714285714285,0.21428571428571427,0.07142857142857142,0.04285714285714286,3.7857142857142856,0.202707395688235,0.09269721666206565,0.03677314309783484,0.14015163083057305
2026-05-29,824191,HOU,MIL,4,81,10,3,18,11,0.13580246913580246,0.2222222222222222,0.13580246913580246,0.037037037037037035,3.9285714285714284,0.20405621107645922,0.09041009491681583,0.03737131340043864,0.141324513776855
2026-05-30,824190,HOU,MIL,9,75,18,2,17,5,0.12,0.22666666666666666,0.06666666666666667,0.02666666666666667,4.0,0.20727099910137384,0.09106867996358652,0.037304338649919576,0.1356539848995751
2026-05-31,824187,HOU,MIL,0,63,7,1,18,2,0.07936507936507936,0.2857142857142857,0.031746031746031744,0.015873015873015872,4.5,0.20697795880833356,0.0881382770331836,0.03811019945578038,0.14092871017430036
2026-06-02,824189,HOU,PIT,6,84,21,4,20,13,0.17857142857142858,0.23809523809523808,0.15476190476190477,0.047619047619047616,4.214285714285714,0.21330161503138617,0.08135152477359432,0.03521984143463766,0.1345252098070173
2026-06-03,824188,HOU,PIT,11,88,25,3,23,10,0.18181818181818182,0.26136363636363635,0.11363636363636363,0.03409090909090909,4.642857142857143,0.21194107081369906,0.08832431388924057,0.036580385652324736,0.13707623021518056
2026-06-04,824185,HOU,PIT,1,74,17,2,14,5,0.14864864864864866,0.1891891891891892,0.06756756756756757,0.02702702702702703,5.214285714285714,0.21886821900797054,0.08763493477520393,0.03705850342496305,0.14321392813370037
2026-06-05,824186,HOU,ATH,5,68,11,2,23,9,0.1323529411764706,0.3382352941176471,0.1323529411764706,0.029411764705882353,5.142857142857143,0.21685378221092508,0.09142599291408815,0.037953808668094384,0.14555011525249623
2026-06-06,824184,HOU,ATH,13,81,20,3,22,10,0.1728395061728395,0.2716049382716049,0.12345679012345678,0.037037037037037035,5.428571428571429,0.22123322629625153,0.0975830711299899,0.03785684680642664,0.14731158907279357
2026-06-07,824183,HOU,ATH,0,72,12,2,15,6,0.1111111111111111,0.20833333333333334,0.08333333333333333,0.027777777777777776,6.071428571428571,0.22634786474422328,0.09836569899595109,0.038716635166215,0.15340726808513924
2026-06-08,824025,HOU,LAA,5,86,16,1,25,10,0.11627906976744186,0.29069767441860467,0.11627906976744186,0.011627906976744186,5.857142857142857,0.22607730197366052,0.09674232237257448,0.038536259985839816,0.1537680184458896
2026-06-09,824023,HOU,LAA,1,83,15,0,19,12,0.024096385542168676,0.2289156626506024,0.14457831325301204,0.0,5.642857142857143,0.23478205237276306,0.09669917615002625,0.03565624963074641,0.14908665329940818
2026-06-10,824022,HOU,LAA,2,69,11,4,20,3,0.18840579710144928,0.2898550724637681,0.043478260869565216,0.057971014492753624,5.071428571428571,0.24051541051575978,0.09930419080323369,0.03372574770024448,0.1440510669385206
2026-06-12,824102,HOU,KC,10,86,23,4,10,10,0.16279069767441862,0.11627906976744186,0.11627906976744186,0.046511627906976744,4.714285714285714,0.25060158364541113,0.09758352603909067,0.03207502865822109,0.13627310263881717
2026-06-13,824100,HOU,KC,8,79,22,5,11,4,0.25316455696202533,0.13924050632911392,0.05063291139240506,0.06329113924050633,5.142857142857143,0.24153271411142535,0.10009766808811642,0.031536283933429846,0.1353527470672988
2026-06-14,824099,HOU,KC,0,64,15,0,14,2,0.03125,0.21875,0.03125,0.0,5.357142857142857,0.23617234211452534,0.09861226379981883,0.0329958551036701,0.14323184807479045
2026-06-15,824181,HOU,DET,3,81,18,7,28,7,0.30864197530864196,0.345679012345679,0.08641975308641975,0.08641975308641975,5.071428571428571,0.23592432624150944,0.09114423029011866,0.03035035245816745,0.13576381456509024
2026-06-16,824182,HOU,DET,4,73,14,0,17,8,0.0410958904109589,0.2328767123287671,0.1095890410958904,0.0,4.642857142857143,0.24442520807572463,0.09255516503438674,0.03461843005957838,0.14923824137285038
2026-06-17,824178,HOU,DET,4,66,12,3,13,3,0.21212121212121213,0.19696969696969696,0.045454545454545456,0.045454545454545456,4.928571428571429,0.24065109569104473,0.09811537998794806,0.03348464321150583,0.1465047278761275
2026-06-19,824179,HOU,CLE,9,73,19,4,26,3,0.2602739726027397,0.3561643835616438,0.0410958904109589,0.0547945205479452,4.785714285714286,0.23771355703922037,0.09030771146599383,0.033330035914041385,0.14890114098682633
2026-06-20,824180,HOU,CLE,1,68,15,3,22,1,0.1323529411764706,0.3235294117647059,0.014705882352941176,0.04411764705882353,4.642857142857143,0.24448503898193516,0.08512624909275061,0.03480886530382968,0.15450512604286618
2026-06-21,824177,HOU,CLE,2,65,11,1,13,4,0.09230769230769231,0.2,0.06153846153846154,0.015384615384615385,4.642857142857143,0.25408076916590067,0.08135041443456303,0.036029623877529435,0.1533411469377106
2026-06-22,822800,HOU,TOR,2,76,16,1,17,11,0.05263157894736842,0.2236842105263158,0.14473684210526316,0.013157894736842105,4.428571428571429,0.2442068195860687,0.07629223731756239,0.035027684640296076,0.15048077201851215
2026-06-23,822799,HOU,TOR,9,102,28,6,20,7,0.22549019607843138,0.19607843137254902,0.06862745098039216,0.058823529411764705,3.642857142857143,0.2407839104614052,0.07781224103054855,0.033322031618853575,0.14189449150240707
2026-06-24,822798,HOU,TOR,3,72,8,1,14,10,0.08333333333333333,0.19444444444444445,0.1388888888888889,0.013888888888888888,4.285714285714286,0.23990856032134916,0.07676182086248133,0.035539585306995504,0.15006442614292995
2026-06-25,824258,HOU,DET,2,64,10,2,20,1,0.09375,0.3125,0.015625,0.03125,4.142857142857143,0.23303332960890918,0.0783768079425847,0.03570108401500584,0.14771115925477932
2026-06-26,824255,HOU,DET,0,68,12,3,14,9,0.14705882352941177,0.20588235294117646,0.1323529411764706,0.04411764705882353,4.214285714285714,0.23900363941958044,0.06916585699594097,0.037933226872148694,0.1526864174303387
2026-06-27,824257,HOU,DET,8,86,27,3,10,4,0.1744186046511628,0.11627906976744186,0.046511627906976744,0.03488372093023256,4.071428571428571,0.2330055880251096,0.07551404844643421,0.03694370062686797,0.14973306217519317
2026-06-28,824256,HOU,DET,7,89,16,5,20,12,0.19101123595505617,0.2247191011235955,0.1348314606741573,0.056179775280898875,3.9285714285714284,0.2330055880251096,0.07053065974211528,0.03611313584281482,0.15056362695924633
2026-06-29,824176,HOU,MIN,4,73,14,6,16,7,0.2465753424657534,0.2191780821917808,0.0958904109589041,0.0821917808219178,3.857142857142857,0.23911120193900115,0.07654484183366901,0.03560518127427143,0.1461241040301771
2026-06-30,824175,HOU,MIN,6,71,13,1,18,5,0.07042253521126761,0.2535211267605634,0.07042253521126761,0.014084507042253521,4.142857142857143,0.23914177923841407,0.08116201404501931,0.04147602276155127,0.16150448563487377
2026-07-01,824174,HOU,MIN,3,82,16,3,25,10,0.13414634146341464,0.3048780487804878,0.12195121951219512,0.036585365853658534,4.357142857142857,0.23255907312519147,0.08001935562536557,0.03630921947268225,0.14448881134220418
2026-07-03,824173,HOU,TB,1,63,8,3,12,2,0.15873015873015872,0.19047619047619047,0.031746031746031744,0.047619047619047616,4.285714285714286,0.23770202572888585,0.08090236836938734,0.038922459890800724,0.1511352721316653
2026-07-04,824171,HOU,TB,8,82,20,6,14,11,0.2682926829268293,0.17073170731707318,0.13414634146341464,0.07317073170731707,4.071428571428571,0.2372382038364925,0.07992318881877922,0.03907706718826516,0.14732162546087577
2026-07-05,824172,HOU,TB,2,64,10,2,21,3,0.09375,0.328125,0.046875,0.03125,4.0,0.22399301267616603,0.08656964960824033,0.040389653699648864,0.14789439048402503
2026-07-06,822712,HOU,WSH,11,80,25,6,15,6,0.275,0.1875,0.075,0.075,4.071428571428571,0.22432126897868707,0.0888674437258874,0.03947053605259004,0.14513703754284854
2026-07-07,822713,HOU,WSH,6,83,17,3,18,11,0.12048192771084337,0.21686746987951808,0.13253012048192772,0.03614457831325301,4.714285714285714,0.2234284118358299,0.08982898218742587,0.0437287778108318,0.15818648809229913
2026-07-08,822710,HOU,WSH,2,77,17,2,13,10,0.14285714285714285,0.16883116883116883,0.12987012987012986,0.025974025974025976,5.0,0.22294150178963007,0.08895707350004475,0.04537068378057544,0.16303294157540446
2026-07-10,822878,HOU,TEX,3,70,16,5,9,7,0.24285714285714285,0.12857142857142856,0.1,0.07142857142857142,4.5,0.22099526875096007,0.09333155056359745,0.043024290677879815,0.15713058063102672
2026-07-11,822875,HOU,TEX,9,78,17,5,21,6,0.24358974358974358,0.2692307692307692,0.07692307692307693,0.0641025641025641,4.5,0.21629005333145893,0.09055377278581968,0.047134268002142855,0.16852513845415595
2026-07-12,822876,HOU,TEX,5,79,19,3,16,10,0.189873417721519,0.20253164556962025,0.12658227848101267,0.0379746835443038,5.0,0.2131993939907996,0.09493220685175374,0.049480879723754576,0.17922797728199477
2026-07-17,824170,HOU,BAL,2,76,11,1,21,13,0.06578947368421052,0.27631578947368424,0.17105263157894737,0.013157894736842105,5.357142857142857,0.21296005774997415,0.09452001665922104,0.04904209661557459,0.18228616258143102
2026-07-18,824169,HOU,BAL,2,88,14,0,25,8,0.022727272727272728,0.2840909090909091,0.09090909090909091,0.0,4.928571428571429,0.22439125201470575,0.10341580263579035,0.04749025188747528,0.17452693894093446
2026-07-19,824168,HOU,BAL,2,77,13,2,18,8,0.11688311688311688,0.23376623376623376,0.1038961038961039,0.025974025974025976,4.571428571428571,0.22863209544094243,0.10027849050971419,0.043477410795982496,0.1625066558532356
2026-07-20,824167,HOU,MIA,8,76,17,5,22,9,0.2236842105263158,0.2894736842105263,0.11842105263157894,0.06578947368421052,4.428571428571429,0.22967410626768905,0.10085032571951416,0.039461856878275935,0.15324292545447585
2026-07-21,824165,HOU,MIA,5,70,16,3,18,4,0.2,0.2571428571428571,0.05714285714285714,0.04285714285714286,4.571428571428571,0.23224214608554355,0.10427879124953641,0.043155068781272864,0.16419018797697932
2026-07-22,824166,HOU,MIA,5,70,16,3,11,3,0.15714285714285714,0.15714285714285714,0.04285714285714286,0.04285714285714286,4.714285714285714,0.22883248953999852,0.09964962250886941,0.04360305285295032,0.16889402072959253
2026-07-24,824573,HOU,CWS,9,89,21,1,17,8,0.0898876404494382,0.19101123595505617,0.0898876404494382,0.011235955056179775,5.0,0.22645153715904615,0.10044327330252022,0.04326291679852855,0.1687806420447853
2026-07-25,824571,HOU,CWS,4,69,11,0,22,3,0.0,0.3188405797101449,0.043478260869565216,0.0,5.071428571428571,0.22790007491890205,0.09728193751580762,0.03883900418059017,0.15603742472497165
2026-07-26,824572,HOU,CWS,3,77,19,8,13,8,0.3246753246753247,0.16883116883116883,0.1038961038961039,0.1038961038961039,5.214285714285714,0.22723690204105526,0.09703931329220512,0.036606861323447315,0.14934099615354307
2026-07-27,824001,HOU,LAA,6,83,11,2,18,11,0.10843373493975904,0.21686746987951808,0.13253012048192772,0.024096385542168676,4.642857142857143,0.2259034141004245,0.0991033207133554,0.03867086874459759,0.15288923363035198
2026-07-28,824003,HOU,LAA,3,76,16,2,28,4,0.10526315789473684,0.3684210526315789,0.05263157894736842,0.02631578947368421,4.642857142857143,0.2259034141004245,0.0991033207133554,0.03781028354666299,0.15202864843241737
2026-07-29,824002,HOU,LAA,7,81,20,2,16,7,0.13580246913580246,0.19753086419753085,0.08641975308641975,0.024691358024691357,4.714285714285714,0.24015983437188232,0.09358628136172957,0.03783469522521001,0.1493433637922455
2026-07-31,824164,HOU,TEX,11,82,26,4,15,7,0.21951219512195122,0.18292682926829268,0.08536585365853659,0.04878048780487805,5.0,0.24508550834517534,0.09261626372504528,0.03449632283921858,0.14169660138357834
2026-08-01,824162,HOU,TEX,5,78,16,2,17,10,0.14102564102564102,0.21794871794871795,0.1282051282051282,0.02564102564102564,5.142857142857143,0.23892094120499846,0.09321931920614954,0.03340188881795529,0.13997677649302173
2026-08-02,824163,HOU,TEX,7,79,21,2,19,7,0.13924050632911392,0.24050632911392406,0.08860759493670886,0.02531645569620253,5.142857142857143,0.2400221606606483,0.09333523704358636,0.032520913253435424,0.13648764958617332
2026-08-03,824160,HOU,TOR,1,74,17,1,17,5,0.05405405405405406,0.22972972972972974,0.06756756756756757,0.013513513513513514,5.5,0.23746434206352257,0.08744630585485504,0.03338938189338974,0.14173415191795213
2026-08-04,824161,HOU,TOR,7,71,14,1,10,9,0.09859154929577464,0.14084507042253522,0.1267605633802817,0.014084507042253521,5.428571428571429,0.23358140068058117,0.08577905418760337,0.0343546328586407,0.14397177915557938
2026-08-05,824158,HOU,TOR,4,79,15,3,22,4,0.1518987341772152,0.27848101265822783,0.05063291139240506,0.0379746835443038,5.785714285714286,0.22694417472745987,0.08741222986504464,0.033505381506371244,0.14266523861362637
2026-08-07,823266,HOU,SD,6,78,18,3,10,11,0.1794871794871795,0.1282051282051282,0.14102564102564102,0.038461538461538464,5.5,0.2261589839022957,0.08257021977653223,0.03151861078209219,0.1375377045886906
2026-08-08,823267,HOU,SD,2,70,10,2,16,7,0.1,0.22857142857142856,0.1,0.02857142857142857,5.571428571428571,0.21694914612102933,0.08856184719673107,0.03120463903954902,0.13607250312348912
2026-08-09,823268,HOU,SD,2,66,14,5,11,1,0.24242424242424243,0.16666666666666666,0.015151515151515152,0.07575757575757576,5.357142857142857,0.22205118693735584,0.09264347984979229,0.030184230876283715,0.13199087047042793
2026-08-10,823189,HOU,SF,6,79,14,3,14,7,0.1518987341772152,0.17721518987341772,0.08860759493670886,0.0379746835443038,4.857142857142857,0.2203122891310423,0.08730518518565493,0.03479291806924057,0.1428863420400568
2026-08-11,823186,HOU,SF,1,73,14,1,12,6,0.0684931506849315,0.1643835616438356,0.0821917808219178,0.0136986301369863,5.0,0.21019618985699037,0.09052870904759378,0.03750539546526227,0.1537362516241436
2026-08-12,823187,HOU,SF,2,68,9,0,15,6,0.04411764705882353,0.22058823529411764,0.08823529411764706,0.0,4.857142857142857,0.20987850362932373,0.08897840025658046,0.031062718768182444,0.1354375249105441
2026-08-14,824159,HOU,SEA,7,90,24,2,18,7,0.15555555555555556,0.2,0.07777777777777778,0.022222222222222223,4.571428571428571,0.2101442725875094,0.0858144840877033,0.02934154837231325,0.1308435186333344
2026-08-15,824157,HOU,SEA,5,80,23,3,18,4,0.2,0.225,0.05,0.0375,4.857142857142857,0.19811419739953948,0.08761064114701825,0.029049150711494536,0.1344358327519643
2026-08-16,824156,HOU,SEA,2,77,15,4,17,9,0.19480519480519481,0.22077922077922077,0.11688311688311688,0.05194805194805195,4.714285714285714,0.20007627852828727,0.08500923021227398,0.02996405370973087,0.13902137067083556
2026-08-18,824154,HOU,LAA,1,68,11,2,18,4,0.10294117647058823,0.2647058823529412,0.058823529411764705,0.029411764705882353,4.071428571428571,0.20278002077906784,0.087260463299744,0.030190308291386147,0.1372565849339244
2026-08-19,824155,HOU,LAA,3,68,10,1,23,7,0.07352941176470588,0.3382352941176471,0.10294117647058823,0.014705882352941176,3.7857142857142856,0.2061198182365124,0.08230463481450374,0.030459646796018768,0.1345362660371349
2026-08-20,824153,HOU,LAA,3,88,26,2,16,6,0.1590909090909091,0.18181818181818182,0.06818181818181818,0.022727272727272728,3.5,0.21310045859392115,0.08332846206692371,0.02970174870007153,0.12984261642539147
2026-08-21,824152,HOU,ATH,4,70,12,0,15,8,0.05714285714285714,0.21428571428571427,0.11428571428571428,0.0,3.642857142857143,0.20967820517166774,0.08337233711079875,0.030359874358197186,0.13734524892802397
2026-08-22,824151,HOU,ATH,3,74,16,2,22,7,0.12162162162162163,0.2972972972972973,0.0945945945945946,0.02702702702702703,3.4285714285714284,0.2149239654476091,0.08248127646118679,0.029353838140893367,0.13438462805995843
2026-08-23,824150,HOU,ATH,6,83,18,4,26,9,0.18072289156626506,0.3132530120481928,0.10843373493975904,0.04819277108433735,3.357142857142857,0.21626798577897124,0.08562139668991461,0.028571862675373594,0.13222197716313033
2026-08-25,823505,HOU,NYY,9,86,24,5,12,9,0.2441860465116279,0.13953488372093023,0.10465116279069768,0.05813953488372093,3.357142857142857,0.22948569176776154,0.0832934033980659,0.029266950719859235,0.13231024231163643
2026-08-26,823506,HOU,NYY,3,75,17,3,19,8,0.17333333333333334,0.25333333333333335,0.10666666666666667,0.04,3.857142857142857,0.2231259385641545,0.08362562931168716,0.0313789583135944,0.14260924563389557
2026-08-27,823503,HOU,NYY,5,75,14,2,19,4,0.13333333333333333,0.25333333333333335,0.05333333333333334,0.02666666666666667,3.9285714285714284,0.22931641475463072,0.09016242584848369,0.028824845759481847,0.1376741806988306
2026-08-28,823583,HOU,NYM,3,68,9,0,22,7,0.014705882352941176,0.3235294117647059,0.10294117647058823,0.0,3.857142857142857,0.23475342500176755,0.08764283573395688,0.02801713026822205,0.13634808063855336
2026-08-29,823582,HOU,NYM,2,71,15,1,12,5,0.14084507042253522,0.16901408450704225,0.07042253521126761,0.014084507042253521,4.0,0.24612098572468685,0.08912493542314762,0.027038656687008743,0.13250613290055405
2026-08-30,823580,HOU,NYM,6,75,15,4,16,5,0.21333333333333335,0.21333333333333335,0.06666666666666667,0.05333333333333334,4.0,0.2424371178113243,0.08785259550126337,0.02804469290431257,0.1394152345693906
2026-08-31,824149,HOU,CWS,6,80,13,2,19,13,0.125,0.2375,0.1625,0.025,3.9285714285714284,0.24338949876370528,0.08705894470761258,0.030266915126534788,0.1435422186963747
2026-09-01,824148,HOU,CWS,1,78,11,1,21,13,0.08974358974358974,0.2692307692307692,0.16666666666666666,0.01282051282051282,4.0,0.2442823559065624,0.09509465899332685,0.02937405798367765,0.13818507583923187
2026-09-02,824147,HOU,CWS,2,68,10,0,11,6,0.04411764705882353,0.16176470588235295,0.08823529411764706,0.0,3.9285714285714284,0.24774318079595872,0.098650626835009,0.026579233760281994,0.13068067547768863
2026-09-03,824144,HOU,CWS,6,71,15,1,15,5,0.11267605633802817,0.2112676056338028,0.07042253521126761,0.014084507042253521,4.0,0.24039023961948813,0.10075146717114344,0.02447839342414754,0.12647899480541974
2026-09-04,824146,HOU,AZ,3,66,10,2,19,7,0.12121212121212122,0.2878787878787879,0.10606060606060606,0.030303030303030304,4.214285714285714,0.23132111901349922,0.09842870708119197,0.024434009473384137,0.12927518370351418
2026-03-20,831835,KC,SF,2,66,11,2,12,9,0.13636363636363635,0.18181818181818182,0.13636363636363635,0.030303030303030304,,,,,
2026-03-21,831868,KC,COL,5,79,21,1,16,8,0.12658227848101267,0.20253164556962025,0.10126582278481013,0.012658227848101266,,,,,
2026-03-23,831838,KC,TEX,2,68,12,2,16,5,0.1323529411764706,0.23529411764705882,0.07352941176470588,0.029411764705882353,,,,,
2026-03-24,831837,KC,TEX,1,72,12,1,21,9,0.08333333333333333,0.2916666666666667,0.125,0.013888888888888888,3.0,0.20654798167828695,0.10371962363771746,0.02412434095233797,0.13176628534037318
2026-03-27,824946,KC,ATL,0,72,16,3,18,7,0.1527777777777778,0.25,0.09722222222222222,0.041666666666666664,2.5,0.2278276529253819,0.10903971772828809,0.021565477936475702,0.11965804733861324
2026-03-28,824945,KC,ATL,2,70,14,2,16,7,0.1,0.22857142857142856,0.1,0.02857142857142857,2.0,0.2322621223403055,0.10667621862707492,0.025585715682513895,0.12628199342644614
2026-03-29,824944,KC,ATL,4,70,14,2,13,3,0.11428571428571428,0.18571428571428572,0.04285714285714286,0.02857142857142857,2.0,0.23164700671215935,0.10556351552256243,0.026083334497333008,0.12190166118870512
2026-03-30,824135,KC,MIN,3,64,11,3,13,5,0.15625,0.203125,0.078125,0.046875,2.2857142857142856,0.22508518942674885,0.09660546228464535,0.026438776507918087,0.12081366877399215
2026-04-01,824136,KC,MIN,13,91,24,3,19,14,0.17582417582417584,0.2087912087912088,0.15384615384615385,0.03296703296703297,2.375,0.22234016574840523,0.09429540449906468,0.028993304444428325,0.12524321017724313
2026-04-02,824133,KC,MIN,1,73,15,3,18,5,0.136986301369863,0.2465753424657534,0.0684931506849315,0.0410958904109589,3.5555555555555554,0.22083472608649451,0.10091215442651903,0.02943482983582884,0.13086331747134677
2026-04-04,824132,KC,MIL,2,81,18,1,21,12,0.12345679012345678,0.25925925925925924,0.14814814814814814,0.012345679012345678,3.3,0.2234087877244204,0.09767025405236028,0.030600935893341848,0.13147561586119838
2026-04-04,824134,KC,MIL,8,75,15,1,21,10,0.10666666666666667,0.28,0.13333333333333333,0.013333333333333334,3.1818181818181817,0.22666792150031484,0.10225915351561371,0.028941367085978557,0.13074663170322187
2026-04-05,824131,KC,MIL,5,83,19,2,20,12,0.1686746987951807,0.24096385542168675,0.14457831325301204,0.024096385542168676,3.5833333333333335,0.23111226137528862,0.1048486685004237,0.02764069760659146,0.12873996795017562
2026-04-06,824456,KC,CLE,4,73,15,4,13,6,0.2054794520547945,0.1780821917808219,0.0821917808219178,0.0547945205479452,3.6923076923076925,0.23187007630193462,0.10790479501985356,0.02736805821702048,0.1318118703228683
2026-04-07,824457,KC,CLE,1,71,9,1,22,11,0.056338028169014086,0.30985915492957744,0.15492957746478872,0.014084507042253521,3.7142857142857144,0.22802808455042659,0.10606815114857245,0.02932709124065796,0.1370738404465773
2026-04-08,824455,KC,CLE,2,76,21,1,23,7,0.15789473684210525,0.3026315789473684,0.09210526315789473,0.013157894736842105,3.642857142857143,0.23717386834409768,0.10739428979865476,0.028168625293459617,0.13135772557553288
2026-04-09,824130,KC,CWS,0,73,10,0,16,9,0.0273972602739726,0.2191780821917808,0.1232876712328767,0.0,3.4285714285714284,0.24432386358536543,0.10673996411101794,0.02820431578551253,0.13359432974418237
2026-04-10,824128,KC,CWS,2,59,9,1,14,2,0.11864406779661017,0.23728813559322035,0.03389830508474576,0.01694915254237288,3.2857142857142856,0.2431727181957027,0.11029412550160157,0.026103475449378077,0.12609749539400392
2026-04-11,824129,KC,CWS,2,62,8,1,14,2,0.0967741935483871,0.22580645161290322,0.03225806451612903,0.016129032258064516,3.357142857142857,0.23928853740474224,0.10378686157908341,0.02632206571034122,0.1286196907128094
2026-04-12,824126,KC,CWS,5,79,13,2,18,11,0.11392405063291139,0.22784810126582278,0.13924050632911392,0.02531645569620253,3.5,0.23756042680566392,0.09914656460007674,0.024497948966869635,0.12461943469642435
2026-04-14,824292,KC,DET,1,65,9,0,6,8,0.03076923076923077,0.09230769230769231,0.12307692307692308,0.0,3.7142857142857144,0.2375087605695492,0.10194945790929918,0.024265450904353496,0.1256140097416323
2026-04-15,824291,KC,DET,1,65,13,1,17,4,0.12307692307692308,0.26153846153846155,0.06153846153846154,0.015384615384615385,3.5,0.2308368610405068,0.10767944221071205,0.022224634577822883,0.11964854663331206
2026-04-16,824289,KC,DET,9,83,27,3,16,5,0.2289156626506024,0.1927710843373494,0.060240963855421686,0.03614457831325301,3.357142857142857,0.23500925115039692,0.1064946894634593,0.019975321391009694,0.11727904113880658
2026-04-17,823559,KC,NYY,2,69,9,3,18,8,0.14492753623188406,0.2608695652173913,0.11594202898550725,0.043478260869565216,3.0714285714285716,0.23386495654654985,0.09980860446412129,0.020202288915739695,0.12107129019783704
2026-04-18,823558,KC,NYY,4,77,18,5,18,8,0.2727272727272727,0.23376623376623376,0.1038961038961039,0.06493506493506493,3.142857142857143,0.2348859724573811,0.10319781005701956,0.020372458234211577,0.12163852125940998
2026-04-19,823556,KC,NYY,0,75,13,3,18,12,0.16,0.24,0.16,0.04,3.2857142857142856,0.23306504206502215,0.10003694975330212,0.024128842942977236,0.13230069858825397
2026-04-20,824125,KC,BAL,5,101,20,2,27,14,0.07920792079207921,0.26732673267326734,0.13861386138613863,0.019801980198019802,2.7142857142857144,0.2302078992078793,0.10194171165806402,0.02603360484773914,0.13611022239777776
2026-04-21,824127,KC,BAL,5,77,18,3,11,9,0.22077922077922077,0.14285714285714285,0.11688311688311688,0.03896103896103896,2.7142857142857144,0.23209096186870645,0.10151567938185878,0.025726861608871363,0.1297197382546991
2026-04-22,824123,KC,BAL,6,78,21,5,13,5,0.2692307692307692,0.16666666666666666,0.0641025641025641,0.0641025641025641,2.7857142857142856,0.22957488694558653,0.10399363195765869,0.02459589863837806,0.1308125788778724
2026-04-24,824124,KC,LAA,6,75,16,0,19,10,0.06666666666666667,0.25333333333333335,0.13333333333333333,0.0,3.142857142857143,0.21934685206966437,0.09750598814607123,0.028168616999828817,0.14601920323942633
2026-04-25,824121,KC,LAA,12,83,23,2,20,10,0.12048192771084337,0.24096385542168675,0.12048192771084337,0.024096385542168676,3.4285714285714284,0.215825548811519,0.10045085030145971,0.027228767375768664,0.1395029125126093
2026-04-26,824122,KC,LAA,8,95,28,5,15,11,0.2736842105263158,0.15789473684210525,0.11578947368421053,0.05263157894736842,4.285714285714286,0.21738167547079798,0.1002504400498859,0.028949937771637853,0.14615181732952864
2026-04-28,825017,KC,ATH,4,85,16,2,18,9,0.11764705882352941,0.21176470588235294,0.10588235294117647,0.023529411764705882,4.714285714285714,0.21171071841714692,0.10609980923556195,0.03149868251485182,0.15722611323879332
2026-04-29,825015,KC,ATH,2,72,17,1,16,9,0.08333333333333333,0.2222222222222222,0.125,0.013888888888888888,4.857142857142857,0.21070773657925043,0.1113586869802082,0.03202728105104049,0.15871703218701777
2026-04-30,825016,KC,ATH,3,80,21,2,11,7,0.15,0.1375,0.0875,0.025,4.642857142857143,0.21030588807613612,0.11034150795670006,0.03121102627908952,0.15653198095133364
2026-05-01,823146,KC,SEA,7,77,16,6,20,7,0.2727272727272727,0.2597402597402597,0.09090909090909091,0.07792207792207792,4.785714285714286,0.2135339100541581,0.10780029916549126,0.032996740564803805,0.16504846446781715
2026-05-02,823144,KC,SEA,3,76,16,0,26,2,0.039473684210526314,0.34210526315789475,0.02631578947368421,0.0,5.214285714285714,0.21340546706857225,0.10989820126339336,0.03746370217462256,0.17573777515712782
2026-05-03,823145,KC,SEA,4,72,12,0,17,8,0.013888888888888888,0.2361111111111111,0.1111111111111111,0.0,4.785714285714286,0.22407219412718263,0.1074749745218407,0.03488194658081877,0.16220620526855098
2026-05-04,824120,KC,CLE,6,68,12,3,10,5,0.16176470588235295,0.14705882352941177,0.07352941176470588,0.04411764705882353,4.928571428571429,0.2223037331195912,0.10712990895938382,0.03177635651870697,0.15284630188690845
2026-05-05,824119,KC,CLE,5,66,12,3,15,4,0.16666666666666666,0.22727272727272727,0.06060606060606061,0.045454545454545456,5.071428571428571,0.21611034667410392,0.10496085952142682,0.03028939809897544,0.14492040425512848
2026-05-06,824118,KC,CLE,1,72,10,0,16,11,0.027777777777777776,0.2222222222222222,0.1527777777777778,0.0,5.428571428571429,0.21520125576501298,0.09786129242185972,0.030679008488585836,0.14539659473131894
2026-05-07,824117,KC,CLE,5,87,23,3,18,13,0.16091954022988506,0.20689655172413793,0.14942528735632185,0.034482758620689655,5.142857142857143,0.2119795050185098,0.09887300073554824,0.029264581331584417,0.14172301308744026
2026-05-08,824116,KC,DET,3,75,16,0,12,8,0.12,0.16,0.10666666666666667,0.0,5.142857142857143,0.21655374850900944,0.1011974414836343,0.028944704164416607,0.13744732161963058
2026-05-09,824115,KC,DET,5,65,10,2,14,4,0.15384615384615385,0.2153846153846154,0.06153846153846154,0.03076923076923077,4.928571428571429,0.21607755803281894,0.10423773452392734,0.024365949585662027,0.12678798096028993
2026-05-10,824113,KC,DET,3,79,17,1,17,10,0.12658227848101267,0.21518987341772153,0.12658227848101267,0.012658227848101266,4.857142857142857,0.21336693532219622,0.09910952939572222,0.026563751783464228,0.13301508718739613
2026-05-12,824604,KC,CWS,5,76,18,5,16,6,0.23684210526315788,0.21052631578947367,0.07894736842105263,0.06578947368421052,4.214285714285714,0.21152593660762728,0.09954526873644857,0.02574674051960227,0.1334508265281225
2026-05-13,824603,KC,CWS,5,78,15,2,18,10,0.1282051282051282,0.23076923076923078,0.1282051282051282,0.02564102564102564,4.0,0.21528533510386788,0.09691368978908017,0.026686590143662425,0.1308192475807541
2026-05-14,824602,KC,CWS,2,71,15,1,12,7,0.08450704225352113,0.16901408450704225,0.09859154929577464,0.014084507042253521,4.071428571428571,0.21664280116721632,0.09850817373650529,0.02683741970625669,0.13157339539372545
2026-05-15,823061,KC,STL,4,93,19,2,18,12,0.0967741935483871,0.1935483870967742,0.12903225806451613,0.021505376344086023,4.071428571428571,0.21284221990184632,0.09662185582906062,0.026851392431497017,0.13165723174516744
2026-05-16,823060,KC,STL,2,68,16,1,6,4,0.10294117647058823,0.08823529411764706,0.058823529411764705,0.014705882352941176,4.142857142857143,0.21684567612304445,0.09958844569081178,0.026601776456074595,0.12785538842719507
2026-05-17,823058,KC,STL,2,71,14,1,13,4,0.056338028169014086,0.18309859154929578,0.056338028169014086,0.014084507042253521,3.7857142857142856,0.20459532143571502,0.09729661986957418,0.02208633391542197,0.11572781012314617
2026-05-18,824114,KC,BOS,1,73,15,1,21,4,0.1232876712328767,0.2876712328767123,0.0547945205479452,0.0136986301369863,3.7142857142857144,0.19323770203510077,0.0994410654906692,0.023092370132725793,0.11693240612018105
2026-05-19,824112,KC,BOS,1,76,21,1,19,7,0.10526315789473684,0.25,0.09210526315789473,0.013157894736842105,3.5,0.19692056787550086,0.09541845187901447,0.0240708437139391,0.1247466048590373
2026-05-20,824111,KC,BOS,3,77,19,3,18,4,0.19480519480519481,0.23376623376623376,0.05194805194805195,0.03896103896103896,3.142857142857143,0.20427350905197145,0.0967452984070994,0.021859432833797567,0.12071078000277902
2026-05-22,824110,KC,SEA,0,67,9,1,18,5,0.05970149253731343,0.26865671641791045,0.07462686567164178,0.014925373134328358,3.0,0.20473733094436478,0.09612686921724165,0.021395610941404245,0.12272067486981673
2026-05-23,824109,KC,SEA,5,65,13,0,6,3,0.03076923076923077,0.09230769230769231,0.046153846153846156,0.0,2.9285714285714284,0.20805408052977106,0.0905446612096605,0.0224617090224277,0.12500094020978356
2026-05-24,824108,KC,SEA,8,80,23,1,10,6,0.15,0.125,0.075,0.0125,2.9285714285714284,0.19986916200002497,0.08316812969519793,0.019998654835235583,0.11570448953402256
2026-05-25,824107,KC,NYY,3,73,14,3,11,7,0.1780821917808219,0.1506849315068493,0.0958904109589041,0.0410958904109589,3.2857142857142856,0.19736916200002494,0.08090622493329318,0.020891511978092726,0.11784734667687968
2026-05-26,824106,KC,NYY,1,89,30,7,11,6,0.30337078651685395,0.12359550561797752,0.06741573033707865,0.07865168539325842,3.142857142857143,0.192747756008756,0.08335993560618193,0.02162913052393045,0.1195784922436417
2026-05-27,824104,KC,NYY,0,68,12,1,17,4,0.10294117647058823,0.25,0.058823529411764705,0.014705882352941176,3.0,0.18620530116591708,0.07913375359590093,0.026342948920013105,0.13220624281763035
2026-05-29,822894,KC,TEX,1,73,16,3,15,5,0.1780821917808219,0.2054794520547945,0.0684931506849315,0.0410958904109589,2.642857142857143,0.18902485003809755,0.07769633652380893,0.02269412096777958,0.12264189076101825
2026-05-30,822893,KC,TEX,6,83,25,3,14,5,0.1566265060240964,0.1686746987951807,0.060240963855421686,0.03614457831325301,2.357142857142857,0.1872184372727807,0.07343119527236631,0.02379803987991767,0.12620453815928206
2026-05-31,822895,KC,TEX,3,78,18,1,20,9,0.1282051282051282,0.2564102564102564,0.11538461538461539,0.01282051282051282,2.642857142857143,0.18719419543621912,0.07069186774091253,0.025373759256417633,0.1313559284286089
2026-06-01,824510,KC,CIN,9,83,19,4,19,11,0.18072289156626506,0.2289156626506024,0.13253012048192772,0.04819277108433735,2.5714285714285716,0.19168432895861073,0.06971703612091962,0.024753411861876688,0.13360099518980467
2026-06-02,824511,KC,CIN,3,78,9,3,22,10,0.11538461538461539,0.28205128205128205,0.1282051282051282,0.038461538461538464,3.0714285714285716,0.20173292671096466,0.07498179262593127,0.027145332485547846,0.13915683198235304
2026-06-03,824509,KC,CIN,5,77,17,3,24,6,0.15584415584415584,0.3116883116883117,0.07792207792207792,0.03896103896103896,3.142857142857143,0.20880097603253514,0.08011515691422513,0.02888654901549677,0.14337444535489596
2026-06-04,823698,KC,MIN,8,85,21,5,14,8,0.2235294117647059,0.16470588235294117,0.09411764705882353,0.058823529411764705,3.4285714285714284,0.21051648166193507,0.08176712529809174,0.03069100678864339,0.1456999085414159
2026-06-05,823699,KC,MIN,3,70,18,1,10,4,0.14285714285714285,0.14285714285714285,0.05714285714285714,0.014285714285714285,3.9285714285714284,0.20442404468714517,0.08191086700530095,0.03395283783685215,0.15414749810355657
2026-06-06,823697,KC,MIN,3,73,12,2,13,7,0.1095890410958904,0.1780821917808219,0.0958904109589041,0.0273972602739726,3.9285714285714284,0.19793053819363868,0.08228192451921561,0.03219031464575752,0.15043692296441
2026-06-07,823696,KC,MIN,6,77,17,2,23,4,0.11688311688311688,0.2987012987012987,0.05194805194805195,0.025974025974025976,4.142857142857143,0.19146092929098948,0.08380074918259149,0.03308116372716068,0.1540003192900226
2026-06-09,824105,KC,TEX,5,71,17,2,11,5,0.19718309859154928,0.15492957746478872,0.07042253521126761,0.028169014084507043,4.214285714285714,0.20620332974767566,0.08421462102503476,0.03493645129673397,0.1601513111553002
2026-06-10,824103,KC,TEX,4,95,24,1,20,13,0.09473684210526316,0.21052631578947367,0.1368421052631579,0.010526315789473684,4.0,0.20834115670944628,0.08388765925441101,0.03605566658848447,0.163521532483268
2026-06-11,824101,KC,TEX,2,70,17,1,13,4,0.08571428571428572,0.18571428571428572,0.05714285714285714,0.014285714285714285,4.071428571428571,0.21261554130106228,0.08681278027614343,0.03387212554409267,0.1575682932207281
2026-06-12,824102,KC,HOU,8,86,23,4,10,10,0.16279069767441862,0.11627906976744186,0.11627906976744186,0.046511627906976744,4.142857142857143,0.2170525970222272,0.08607900361941331,0.029274556179268087,0.14202140030625895
2026-06-13,824100,KC,HOU,7,79,22,5,11,4,0.25316455696202533,0.13924050632911392,0.05063291139240506,0.06329113924050633,4.714285714285714,0.2075011020056159,0.09018297078767598,0.03154639514741349,0.14629636610653254
2026-06-14,824099,KC,HOU,4,64,15,0,14,2,0.03125,0.21875,0.03125,0.0,5.142857142857143,0.20276974873949585,0.08890723940963838,0.03313177006380973,0.1516593921909042
2026-06-15,822724,KC,WSH,3,72,16,1,13,7,0.08333333333333333,0.18055555555555555,0.09722222222222222,0.013888888888888888,5.0,0.20634655596841148,0.08683645627710825,0.030550014470005948,0.14270392747489732
2026-06-16,822723,KC,WSH,4,78,20,2,12,8,0.15384615384615385,0.15384615384615385,0.10256410256410256,0.02564102564102564,5.0,0.20092836305021858,0.08553914247979445,0.030626327046318524,0.13949879926976913
2026-06-17,822721,KC,WSH,6,76,19,4,9,5,0.21052631578947367,0.11842105263157894,0.06578947368421052,0.05263157894736842,4.642857142857143,0.19556625527847227,0.08339871262852123,0.029015488086081974,0.13757903228976118
2026-06-18,824098,KC,STL,14,92,30,3,13,8,0.22826086956521738,0.14130434782608695,0.08695652173913043,0.03260869565217391,4.857142857142857,0.18387838174849347,0.07894045159131281,0.030027633835069824,0.14437486803296534
2026-06-19,824097,KC,STL,6,71,17,1,4,7,0.16901408450704225,0.056338028169014086,0.09859154929577464,0.014084507042253521,5.5,0.17170809861547745,0.07958576900681658,0.02957389502729375,0.14954749044161258
2026-06-21,824095,KC,STL,10,93,28,8,16,7,0.3010752688172043,0.17204301075268819,0.07526881720430108,0.08602150537634409,5.357142857142857,0.16396753760233976,0.07990533345231308,0.02637825057232867,0.14565353849463664
2026-06-22,822964,KC,TB,2,67,10,0,15,4,0.07462686567164178,0.22388059701492538,0.05970149253731343,0.0,5.857142857142857,0.16605224245202158,0.08120004488527335,0.031502235650230796,0.15695483320606957
2026-06-23,822963,KC,TB,12,84,23,4,15,7,0.19047619047619047,0.17857142857142858,0.08333333333333333,0.047619047619047616,5.785714285714286,0.16932355711160038,0.07861512214087403,0.029545288487804182,0.15445753496148037
2026-06-24,822965,KC,TB,3,76,17,1,18,6,0.10526315789473684,0.23684210526315788,0.07894736842105263,0.013157894736842105,6.214285714285714,0.16074285210232397,0.08085692795410841,0.031091361462448588,0.15971418307527135
2026-06-25,822961,KC,TB,2,71,16,5,14,4,0.2535211267605634,0.19718309859154928,0.056338028169014086,0.07042253521126761,6.071428571428571,0.16659374694506462,0.08146584461195021,0.03001913865190109,0.15314847302549905
2026-06-26,824582,KC,CWS,1,85,27,5,19,10,0.24705882352941178,0.2235294117647059,0.11764705882352941,0.058823529411764705,5.928571428571429,0.16564066000235572,0.07571555339093994,0.03429744003917208,0.16449020764373476
2026-06-27,824581,KC,CWS,1,69,16,0,17,4,0.028985507246376812,0.2463768115942029,0.057971014492753624,0.0,5.857142857142857,0.1683417404345286,0.08003728208241653,0.03747871254817569,0.17601481748767236
2026-06-28,824580,KC,CWS,5,78,18,1,14,7,0.07692307692307693,0.1794871794871795,0.08974358974358974,0.01282051282051282,5.357142857142857,0.17763443627929723,0.07587242099136737,0.03415645341196306,0.16645730388566934
2026-06-30,824096,KC,TB,4,78,17,5,9,12,0.21794871794871795,0.11538461538461539,0.15384615384615385,0.0641025641025641,5.214285714285714,0.18050919864773052,0.07866604087359484,0.030551408667677808,0.15386862674003018
2026-07-01,824094,KC,TB,0,70,17,2,17,1,0.11428571428571428,0.24285714285714285,0.014285714285714285,0.02857142857142857,5.214285714285714,0.17312595688948876,0.08742290900546298,0.03513016324643239,0.1672042494506529
2026-07-02,824093,KC,TB,2,73,16,3,13,4,0.1780821917808219,0.1780821917808219,0.0547945205479452,0.0410958904109589,5.0,0.17757607026817354,0.08149887272428383,0.03617891608089951,0.1694151338043944
2026-07-04,824092,KC,PHI,1,74,17,3,23,3,0.16216216216216217,0.3108108108108108,0.04054054054054054,0.04054054054054054,4.857142857142857,0.17930721583493556,0.07808675972312973,0.0372828349930376,0.1711462793711564
2026-07-05,824091,KC,PHI,5,68,13,0,15,4,0.08823529411764706,0.22058823529411764,0.058823529411764705,0.0,4.5,0.19304934141916638,0.07628326449858189,0.03641918939254989,0.16769169696920558
2026-07-06,824089,KC,PHI,15,93,32,4,18,12,0.17204301075268819,0.1935483870967742,0.12903225806451613,0.043010752688172046,3.857142857142857,0.19871247623831145,0.07427376504662718,0.03408999684596604,0.157689870151522
2026-07-07,823607,KC,NYM,16,101,32,4,15,16,0.21782178217821782,0.1485148514851485,0.15841584158415842,0.039603960396039604,4.5,0.2085132161617229,0.07644810138725157,0.03615615724924594,0.157906222026211
2026-07-08,823605,KC,NYM,2,77,17,1,13,8,0.1038961038961039,0.16883116883116883,0.1038961038961039,0.012987012987012988,4.928571428571429,0.20683263335689864,0.08238717455724139,0.03284061832208133,0.15195954440914056
2026-07-09,823606,KC,NYM,3,71,17,4,16,5,0.22535211267605634,0.22535211267605634,0.07042253521126761,0.056338028169014086,4.928571428571429,0.20290053134377314,0.0855439325114407,0.033768262106867966,0.1540502042823164
2026-07-10,824817,KC,BAL,3,69,18,4,14,4,0.21739130434782608,0.2028985507246377,0.057971014492753624,0.057971014492753624,4.285714285714286,0.206242008779818,0.08462173264557886,0.03439104643186558,0.1565413415823068
2026-07-11,824813,KC,BAL,1,63,8,4,19,4,0.20634920634920634,0.30158730158730157,0.06349206349206349,0.06349206349206349,4.285714285714286,0.20381746916992372,0.08312342165070037,0.03759198355728783,0.16455049490038462
2026-07-12,824814,KC,BAL,2,79,22,2,21,4,0.1518987341772152,0.26582278481012656,0.05063291139240506,0.02531645569620253,4.214285714285714,0.21127491224104886,0.08363442417377533,0.037096949863058955,0.16118107201385912
2026-07-17,824090,KC,SD,5,86,21,2,13,7,0.12790697674418605,0.1511627906976744,0.08139534883720931,0.023255813953488372,4.285714285714286,0.2142958674585789,0.07884769935726643,0.03470358745480452,0.1543839227744165
2026-07-18,824088,KC,SD,6,70,15,3,13,7,0.22857142857142856,0.18571428571428572,0.1,0.04285714285714286,4.571428571428571,0.20749486596596972,0.08052086609615614,0.03636471702291083,0.16144974202426002
2026-07-19,824086,KC,SD,2,92,27,6,11,8,0.2608695652173913,0.11956521739130435,0.08695652173913043,0.06521739130434782,4.642857142857143,0.2079396592679059,0.08125346682875687,0.03851019059695583,0.17228176714199941
2026-07-20,824087,KC,SF,3,73,14,3,14,4,0.1506849315068493,0.1917808219178082,0.0547945205479452,0.0410958904109589,4.5,0.20823827369695508,0.07647563596396947,0.03858982111136896,0.17534754194690466
2026-07-21,824085,KC,SF,3,71,13,1,17,5,0.056338028169014086,0.23943661971830985,0.07042253521126761,0.014084507042253521,4.714285714285714,0.20458996505843116,0.0793691221255574,0.039484425528478265,0.17794748603412858
2026-07-22,824083,KC,SF,5,67,13,2,14,3,0.1791044776119403,0.208955223880597,0.04477611940298507,0.029850746268656716,4.785714285714286,0.2089724241968232,0.0804854088872233,0.03755504100214217,0.16925147434757087
2026-07-23,824247,KC,DET,3,75,19,2,13,7,0.12,0.17333333333333334,0.09333333333333334,0.02666666666666667,5.071428571428571,0.20169702513037935,0.08078795023454076,0.03679148426843618,0.17046163973684075
2026-07-24,824248,KC,DET,1,64,9,0,21,5,0.078125,0.328125,0.078125,0.0,4.928571428571429,0.19832167499032333,0.0832529362289385,0.03869624617319809,0.17273054729986595
2026-07-25,824244,KC,DET,3,71,15,3,10,2,0.16901408450704225,0.14084507042253522,0.028169014084507043,0.04225352112676056,3.9285714285714284,0.2079342901976966,0.07961670351004449,0.03562404955261437,0.16602211796038824
2026-07-26,824246,KC,DET,5,80,15,2,13,12,0.1125,0.1625,0.15,0.025,3.0,0.2073864486932242,0.07031335868864083,0.035813303890523014,0.1625358538410185
2026-07-28,823676,KC,MIN,2,72,14,0,18,9,0.05555555555555555,0.25,0.125,0.0,3.2142857142857144,0.20693422234814074,0.07360649412463341,0.03667137439145065,0.16315041784843973
2026-07-29,823677,KC,MIN,4,73,17,1,12,3,0.1232876712328767,0.1643835616438356,0.0410958904109589,0.0136986301369863,3.142857142857143,0.20869478572842243,0.07750488446668571,0.03264722952223536,0.1510220923398325
2026-07-30,823674,KC,MIN,3,69,11,2,13,6,0.11594202898550725,0.18840579710144928,0.08695652173913043,0.028985507246376812,3.2142857142857144,0.20594371507979373,0.07629951846084324,0.02948491635396627,0.14430040426019325
2026-07-31,824325,KC,COL,1,64,11,1,12,1,0.109375,0.1875,0.015625,0.015625,3.357142857142857,0.19785932190223285,0.07797555119277659,0.027020162336417217,0.13784274873421476
2026-08-01,824326,KC,COL,6,83,28,6,14,6,0.3132530120481928,0.1686746987951807,0.07228915662650602,0.07228915662650602,3.2857142857142856,0.19226483727293808,0.07547498609331911,0.02632791550097418,0.13480533915012796
2026-08-02,824323,KC,COL,1,72,14,1,13,7,0.125,0.18055555555555555,0.09722222222222222,0.013888888888888888,3.357142857142857,0.19351568785133139,0.07482454379255457,0.02983029712047544,0.14804434167184272
2026-08-04,824084,KC,MIN,8,76,17,1,9,8,0.10526315789473684,0.11842105263157894,0.10526315789473684,0.013157894736842105,3.0,0.1931472071257078,0.07462613109414187,0.027761136122743012,0.14064638248816924
2026-08-05,824082,KC,MIN,2,60,8,1,14,3,0.05,0.23333333333333334,0.05,0.016666666666666666,3.4285714285714284,0.1930654810714417,0.07593374796239948,0.024042600653635466,0.12953163910797966
2026-08-06,824080,KC,MIN,3,74,14,1,8,8,0.06756756756756757,0.10810810810810811,0.10810810810810811,0.013513513513513514,3.357142857142857,0.1960335176011221,0.07559128220897482,0.022297656100471734,0.12233985828606185
2026-08-07,824081,KC,CHC,4,77,16,2,12,7,0.11688311688311688,0.15584415584415584,0.09090909090909091,0.025974025974025976,3.357142857142857,0.1866529096289648,0.07828310884446343,0.022256870848418875,0.12314196824310138
2026-08-08,824079,KC,CHC,6,73,17,3,11,7,0.2054794520547945,0.1506849315068493,0.0958904109589041,0.0410958904109589,3.2857142857142856,0.18285926191207613,0.08157832109489957,0.021979962255945253,0.11869758533389971
2026-08-09,824078,KC,CHC,2,82,24,3,14,6,0.17073170731707318,0.17073170731707318,0.07317073170731707,0.036585365853658534,3.5,0.18124151892447013,0.08176096949672604,0.02301062109482327,0.12480326048067074
2026-08-10,823918,KC,LAD,5,71,16,2,13,7,0.16901408450704225,0.18309859154929578,0.09859154929577464,0.028169014084507043,3.5714285714285716,0.16999914087568962,0.08140709319010583,0.025623861512941735,0.1314180252890331
2026-08-11,823917,KC,LAD,4,81,15,1,22,7,0.08641975308641975,0.2716049382716049,0.08641975308641975,0.012345679012345678,3.7142857142857144,0.17301724952760114,0.08643727427662494,0.024617825295637913,0.1314180252890331
2026-08-12,823916,KC,LAD,2,70,14,3,14,6,0.15714285714285714,0.2,0.08571428571428572,0.04285714285714286,3.642857142857143,0.18081045940414434,0.08189582806851207,0.023713945225091175,0.12955515050949165
2026-08-14,823993,KC,LAA,7,77,20,3,19,4,0.16883116883116883,0.24675324675324675,0.05194805194805195,0.03896103896103896,3.642857142857143,0.17723903083271578,0.07908970561953248,0.02677516971488709,0.1368113863371561
2026-08-15,823990,KC,LAA,0,60,8,0,20,3,0.016666666666666666,0.3333333333333333,0.05,0.0,3.857142857142857,0.1831225797691023,0.07986486001503912,0.02857962748803371,0.14006449330846266
2026-08-16,823991,KC,LAA,3,67,8,2,16,4,0.08955223880597014,0.23880597014925373,0.05970149253731343,0.029850746268656716,3.642857142857143,0.19347454664280825,0.07722510846224409,0.02650923411329251,0.13297339599997401
2026-08-17,824077,KC,ATH,9,77,21,4,10,7,0.2077922077922078,0.12987012987012986,0.09090909090909091,0.05194805194805195,3.7857142857142856,0.19713925879632638,0.08037342935776648,0.02752535884676799,0.13155748448611476
2026-08-18,824075,KC,ATH,3,74,14,0,9,10,0.02702702702702703,0.12162162162162163,0.13513513513513514,0.0,4.0,0.19436750387310847,0.0817034246636654,0.026072422798306984,0.12402456989640154
2026-08-19,824076,KC,ATH,9,78,22,2,8,6,0.14102564102564102,0.10256410256410256,0.07692307692307693,0.02564102564102564,4.142857142857143,0.1901579371635418,0.08441148987173062,0.025080359306243492,0.11702650039833204
2026-08-20,824074,KC,ATH,6,80,21,1,12,12,0.1,0.15,0.15,0.0125,4.214285714285714,0.18902529787300773,0.0823871983737549,0.025972011513685174,0.11958096347911092
2026-08-21,824072,KC,DET,5,77,17,3,9,10,0.19480519480519481,0.11688311688311688,0.12987012987012986,0.03896103896103896,4.5,0.1830729169206268,0.08953005551661204,0.025674392466066127,0.12315239205053949
2026-08-22,824073,KC,DET,3,63,8,3,16,3,0.1746031746031746,0.25396825396825395,0.047619047619047616,0.047619047619047616,4.642857142857143,0.18369970326169885,0.09108448564247074,0.027492072855175083,0.1322407939960843
2026-08-23,824071,KC,DET,11,83,22,3,15,9,0.1686746987951807,0.18072289156626506,0.10843373493975904,0.03614457831325301,4.571428571428571,0.19070856741342013,0.08799233969318195,0.02903814582981949,0.1363636552618027
2026-08-25,822773,KC,TOR,5,84,20,0,16,11,0.023809523809523808,0.19047619047619047,0.13095238095238096,0.0,4.928571428571429,0.19285413598909268,0.08888829140610015,0.028684480679983356,0.13373474431468743
2026-08-26,822772,KC,TOR,0,66,12,1,14,3,0.07575757575757576,0.21212121212121213,0.045454545454545456,0.015151515151515152,5.142857142857143,0.19426445621474395,0.09301555206646185,0.026071240261864886,0.12324030263557675
2026-08-27,822771,KC,TOR,13,84,24,4,12,9,0.21428571428571427,0.14285714285714285,0.10714285714285714,0.047619047619047616,4.785714285714286,0.19633750054130936,0.08922005179208835,0.025141418909508325,0.11657912343918629
2026-08-28,824396,KC,CLE,3,72,15,1,21,2,0.08333333333333333,0.2916666666666667,0.027777777777777776,0.013888888888888888,5.428571428571429,0.18714122944027636,0.0907002735104053,0.027660945238558464,0.12571240638199305
2026-08-29,824392,KC,CLE,8,75,17,2,11,4,0.16,0.14666666666666667,0.05333333333333334,0.02666666666666667,5.5,0.19368884848789542,0.08656195151494044,0.02559178424082604,0.12044029753845563
2026-08-30,824393,KC,CLE,1,78,20,2,14,7,0.15384615384615385,0.1794871794871795,0.08974358974358974,0.02564102564102564,5.571428571428571,0.1865398070531397,0.08666090018531769,0.024713614791228015,0.11980949976480071
2026-09-01,824070,KC,MIA,3,72,14,3,14,5,0.16666666666666666,0.19444444444444445,0.06944444444444445,0.041666666666666664,5.642857142857143,0.17555079606412868,0.08949972802414552,0.026545116622729847,0.12960803456333553
2026-09-02,824068,KC,MIA,6,85,22,6,17,8,0.2823529411764706,0.2,0.09411764705882353,0.07058823529411765,5.642857142857143,0.17238211565664233,0.09019565316036916,0.027389110936873417,0.1351162079819567
2026-09-03,824069,KC,MIA,7,71,17,3,15,3,0.23943661971830985,0.2112676056338028,0.04225352112676056,0.04225352112676056,5.428571428571429,0.17739139209449023,0.09042483574249294,0.028720552604449535,0.1404419746522612
2026-09-04,824067,KC,TOR,2,76,19,3,8,5,0.17105263157894737,0.10526315789473684,0.06578947368421052,0.039473684210526314,5.714285714285714,0.18379467666678884,0.08379043474189474,0.031738661256361,0.15561408841592425
2026-03-20,831910,LAA,CWS,4,71,11,1,16,11,0.08450704225352113,0.22535211267605634,0.15492957746478872,0.014084507042253521,,,,,
2026-03-22,831804,LAA,LAD,5,87,19,4,28,15,0.1839080459770115,0.3218390804597701,0.1724137931034483,0.04597701149425287,,,,,
2026-03-23,831821,LAA,LAD,7,95,20,2,20,19,0.12631578947368421,0.21052631578947367,0.2,0.021052631578947368,,,,,
2026-03-24,831820,LAA,LAD,3,67,10,0,28,5,0.029850746268656716,0.417910447761194,0.07462686567164178,0.0,5.333333333333333,0.25257250297510003,0.17578112352274566,0.027038050038484588,0.13157695923473894
2026-03-26,824218,LAA,HOU,3,79,12,2,23,12,0.10126582278481013,0.2911392405063291,0.1518987341772152,0.02531645569620253,4.75,0.29390698917162356,0.1504925590599697,0.020278537528863442,0.10614540599321838
2026-03-27,824216,LAA,HOU,6,80,19,4,21,9,0.1875,0.2625,0.1125,0.05,4.4,0.2933534394385647,0.1507737940834188,0.021286121162331258,0.10516948935153674
2026-03-28,824213,LAA,HOU,9,84,19,3,20,13,0.15476190476190477,0.23809523809523808,0.15476190476190477,0.03571428571428571,4.666666666666667,0.2882111995321372,0.144394828402849,0.02607176763527605,0.11889124112628062
2026-03-29,824215,LAA,HOU,7,83,14,1,19,17,0.12048192771084337,0.2289156626506024,0.20481927710843373,0.012048192771084338,5.285714285714286,0.28105177646972307,0.14587583931128553,0.027449270217991713,0.1240156216456555
2026-03-30,824702,LAA,CHC,2,71,14,2,14,8,0.09859154929577464,0.19718309859154928,0.11267605633802817,0.028169014084507043,5.5,0.274534762242333,0.15324376903592907,0.025524135537128293,0.12357390990380399
2026-03-31,824699,LAA,CHC,2,73,9,0,17,11,0.0273972602739726,0.2328767123287671,0.1506849315068493,0.0,5.111111111111111,0.26594013294780144,0.14873624540282895,0.025818010931281485,0.12079809205846738
2026-04-01,824698,LAA,CHC,2,73,14,0,26,7,0.0410958904109589,0.3561643835616438,0.0958904109589041,0.0,4.8,0.262633790885898,0.148931114013231,0.02323620983815334,0.11145800888001792
2026-04-03,824056,LAA,SEA,1,74,8,0,19,7,0.02702702702702703,0.25675675675675674,0.0945945945945946,0.0,4.545454545454546,0.27113657203823854,0.1441092319173831,0.021123827125593943,0.105061452655558
2026-04-04,824054,LAA,SEA,1,66,12,1,17,3,0.07575757575757576,0.25757575757575757,0.045454545454545456,0.015151515151515152,4.25,0.26993825409811506,0.13998301214048406,0.019363508198461114,0.0985585838531804
2026-04-05,824053,LAA,SEA,7,96,18,1,24,11,0.09375,0.25,0.11458333333333333,0.010416666666666666,4.0,0.2689872928271645,0.1327115916261811,0.019039508733311426,0.09680466015351853
2026-04-06,824052,LAA,ATL,6,65,10,4,21,3,0.18461538461538463,0.3230769230769231,0.046153846153846156,0.06153846153846154,4.214285714285714,0.26763105762522416,0.1314167160338348,0.0184235914428368,0.09658647014255292
2026-04-07,824051,LAA,ATL,2,80,18,2,26,7,0.125,0.325,0.0875,0.025,4.357142857142857,0.2746114012252861,0.12364702094019607,0.021813159621137373,0.10373706602554318
2026-04-08,824050,LAA,ATL,2,78,15,2,19,9,0.15384615384615385,0.24358974358974358,0.11538461538461539,0.02564102564102564,4.142857142857143,0.2748371811924454,0.11758175000423547,0.020314801657262165,0.09952934845575664
2026-04-10,824534,LAA,CIN,10,81,14,4,11,13,0.18518518518518517,0.13580246913580246,0.16049382716049382,0.04938271604938271,3.7857142857142856,0.27719885460675037,0.11153779396027942,0.020642544090267757,0.10149580305379016
2026-04-11,824535,LAA,CIN,3,81,13,1,13,18,0.09876543209876543,0.16049382716049382,0.2222222222222222,0.012345679012345678,4.285714285714286,0.2570482847049367,0.11767114835234029,0.02416988095093795,0.1125911201192565
2026-04-12,824533,LAA,CIN,9,86,16,2,15,15,0.09302325581395349,0.1744186046511628,0.1744186046511628,0.023255813953488372,4.285714285714286,0.2477164694659484,0.12269425464126936,0.023243396902091037,0.112412520784539
2026-04-13,823563,LAA,NYY,10,89,26,7,15,10,0.29213483146067415,0.16853932584269662,0.11235955056179775,0.07865168539325842,4.5,0.2414249412267458,0.12711701211635243,0.021333097898768777,0.10566418191410712
2026-04-14,823562,LAA,NYY,7,75,17,5,24,6,0.22666666666666666,0.32,0.08,0.06666666666666667,4.571428571428571,0.23645666178013566,0.12408827253063048,0.024400055018695393,0.11547653382116208
2026-04-15,823561,LAA,NYY,4,70,13,4,13,7,0.21428571428571427,0.18571428571428572,0.1,0.05714285714285714,4.571428571428571,0.2429626858765212,0.11517260988002807,0.028301374582665566,0.12306115803229231
2026-04-16,823560,LAA,NYY,11,80,17,6,15,11,0.2375,0.1875,0.1375,0.075,4.714285714285714,0.2421434849567167,0.11426717728445465,0.03037093480111914,0.13132502696014514
2026-04-17,824048,LAA,SD,8,76,16,2,22,7,0.13157894736842105,0.2894736842105263,0.09210526315789473,0.02631578947368421,5.357142857142857,0.2389022912189476,0.11332539646253682,0.03572807765826199,0.1463323655120042
2026-04-18,824049,LAA,SD,1,75,15,0,20,9,0.04,0.26666666666666666,0.12,0.0,5.785714285714286,0.23413866983672493,0.11305502876246473,0.0376077769063823,0.1527954410089658
2026-04-19,824047,LAA,SD,1,71,7,0,22,10,0.028169014084507043,0.30985915492957744,0.14084507042253522,0.0,5.785714285714286,0.23484652054457564,0.11486970057713655,0.0376077769063823,0.15372208193560674
2026-04-20,824046,LAA,TOR,2,74,14,1,24,6,0.05405405405405406,0.32432432432432434,0.08108108108108109,0.013513513513513514,5.785714285714286,0.23858104892699133,0.12168330950342152,0.03652552582413122,0.15032289895895898
2026-04-21,824045,LAA,TOR,2,70,13,0,10,5,0.02857142857142857,0.14285714285714285,0.07142857142857142,0.0,5.428571428571429,0.24388992923587163,0.1192902914854035,0.036746729170334565,0.14748747424853428
2026-04-22,824044,LAA,TOR,7,78,23,2,17,6,0.1282051282051282,0.21794871794871795,0.07692307692307693,0.02564102564102564,5.142857142857143,0.2310170877916016,0.12109562900502673,0.032351124774730164,0.1363414773882517
2026-04-24,824124,LAA,KC,3,75,16,0,19,10,0.06666666666666667,0.25333333333333335,0.13333333333333333,0.0,5.5,0.22337056764508148,0.12034013449953225,0.032396912320517716,0.13657041511718943
2026-04-25,824121,LAA,KC,1,83,23,2,20,10,0.12048192771084337,0.24096385542168675,0.12048192771084337,0.024096385542168676,5.571428571428571,0.2240665383410522,0.12162218578158353,0.03056541048901588,0.1303433088900832
2026-04-26,824122,LAA,KC,9,95,28,5,15,11,0.2736842105263158,0.15789473684210525,0.11578947368421053,0.05263157894736842,4.928571428571429,0.23157806593290103,0.11876419296375133,0.028759244024214876,0.12572164764191593
2026-04-27,824609,LAA,CWS,7,80,23,3,15,3,0.175,0.1875,0.0375,0.0375,5.357142857142857,0.23139241662444474,0.11116185378246479,0.03163680830528793,0.1382158461010267
2026-04-28,824610,LAA,CWS,2,78,18,4,22,7,0.16666666666666666,0.28205128205128205,0.08974358974358974,0.05128205128205128,5.214285714285714,0.23232680200650455,0.10138195345023888,0.03265425016575305,0.1440713278286014
2026-04-29,824608,LAA,CWS,2,76,13,2,17,7,0.13157894736842105,0.2236842105263158,0.09210526315789473,0.02631578947368421,4.642857142857143,0.24043479887854632,0.09976652767750972,0.030699276300666826,0.13510931605760088
2026-05-01,824041,LAA,NYM,3,67,10,2,20,4,0.08955223880597014,0.29850746268656714,0.05970149253731343,0.029850746268656716,4.285714285714286,0.23355509963042606,0.10063118933164508,0.02781707078688236,0.1283173361077262
2026-05-02,824042,LAA,NYM,3,83,21,0,20,5,0.04819277108433735,0.24096385542168675,0.060240963855421686,0.0,4.214285714285714,0.24161175512844615,0.09775272451288175,0.02586763429586805,0.11940780214488733
2026-05-03,824043,LAA,NYM,1,75,13,2,20,7,0.09333333333333334,0.26666666666666666,0.09333333333333334,0.02666666666666667,3.642857142857143,0.2454306019442809,0.09223422193112615,0.02051049143872519,0.10588585722234
2026-05-04,824039,LAA,CWS,0,76,21,2,23,3,0.11842105263157894,0.3026315789473684,0.039473684210526314,0.02631578947368421,3.142857142857143,0.24380152926257664,0.09232194122937178,0.020535554095366792,0.10315402764840517
2026-05-05,824040,LAA,CWS,4,72,15,4,14,6,0.19444444444444445,0.19444444444444445,0.08333333333333333,0.05555555555555555,3.0714285714285716,0.2463704515683411,0.08657006153012366,0.022415253343487096,0.10875553140780367
2026-05-06,824036,LAA,CWS,8,74,12,1,15,11,0.0945945945945946,0.20270270270270271,0.14864864864864866,0.013513513513513514,3.2857142857142856,0.23812654367654584,0.08246208030946636,0.026383507311741067,0.1206323478620849
2026-05-08,822822,LAA,TOR,0,66,9,0,20,6,0.030303030303030304,0.30303030303030304,0.09090909090909091,0.0,3.7142857142857144,0.22943928498928715,0.0872883351357212,0.02638350731174106,0.1235281007578378
2026-05-09,822820,LAA,TOR,1,86,30,3,11,5,0.1511627906976744,0.12790697674418605,0.05813953488372093,0.03488372093023256,3.5714285714285716,0.24088022500165573,0.08867980081290117,0.02638350731174106,0.12365178659580935
2026-05-10,822819,LAA,TOR,6,68,12,3,15,3,0.19117647058823528,0.22058823529411764,0.04411764705882353,0.04411764705882353,3.142857142857143,0.2344486720584749,0.08733811923866144,0.0270436998323987,0.12529161963099122
2026-05-11,824441,LAA,CLE,2,81,16,0,13,13,0.06172839506172839,0.16049382716049382,0.16049382716049382,0.0,3.357142857142857,0.2321097364842452,0.08096557021905361,0.03019496033660038,0.1341851770539604
2026-05-12,824442,LAA,CLE,2,70,12,2,17,8,0.14285714285714285,0.24285714285714285,0.11428571428571428,0.02857142857142857,3.4285714285714284,0.22636187732273141,0.08382356303688578,0.02847378994073119,0.12998849615045222
2026-05-13,824438,LAA,CLE,2,66,10,2,22,6,0.09090909090909091,0.3333333333333333,0.09090909090909091,0.030303030303030304,2.9285714285714284,0.23243062060951983,0.08371615165127891,0.0267552077710212,0.12064370560265412
2026-05-15,824037,LAA,LAD,0,72,10,3,18,7,0.1388888888888889,0.25,0.09722222222222222,0.041666666666666664,2.5714285714285716,0.24284728727618646,0.08753108671621397,0.026241138506951932,0.11463721209616061
2026-05-16,824038,LAA,LAD,2,87,18,1,16,13,0.10344827586206896,0.1839080459770115,0.14942528735632185,0.011494252873563218,2.4285714285714284,0.24055790998680918,0.08806527475040202,0.025554325320138748,0.11265308511203363
2026-05-17,824034,LAA,LAD,1,73,16,0,22,6,0.0273972602739726,0.3013698630136986,0.0821917808219178,0.0,2.4285714285714284,0.2377167553761446,0.09215956219314679,0.024495644134415823,0.1106437514330085
2026-05-18,824035,LAA,ATH,0,67,9,1,16,5,0.05970149253731343,0.23880597014925373,0.07462686567164178,0.014925373134328358,2.2857142857142856,0.23792121254236828,0.09376601135633282,0.022363447972368913,0.10620411010929438
2026-05-19,824033,LAA,ATH,6,90,26,3,14,7,0.18888888888888888,0.15555555555555556,0.07777777777777778,0.03333333333333333,2.0714285714285716,0.2377670778800516,0.09479357577177713,0.023429546053392366,0.10702616164164981
2026-05-20,824032,LAA,ATH,5,84,12,4,18,10,0.20238095238095238,0.21428571428571427,0.11904761904761904,0.047619047619047616,2.4285714285714284,0.2298305699435437,0.093682464660666,0.023905736529582843,0.11385155846704663
2026-05-21,824031,LAA,ATH,2,78,12,1,21,7,0.05128205128205128,0.2692307692307692,0.08974358974358974,0.01282051282051282,2.7857142857142856,0.2235201510391398,0.09936631714902977,0.025427397825680233,0.11984869416343047
2026-05-22,824029,LAA,TEX,9,80,24,6,9,7,0.3125,0.1125,0.0875,0.075,2.642857142857143,0.22886203138102015,0.09982419260690523,0.022374894773177174,0.10962280893754521
2026-05-23,824030,LAA,TEX,5,77,16,2,17,8,0.12987012987012986,0.22077922077922077,0.1038961038961039,0.025974025974025976,2.7142857142857144,0.22241898118797,0.09545643198914462,0.02676678666506907,0.12518748075221703
2026-05-24,824028,LAA,TEX,1,64,7,1,28,3,0.046875,0.4375,0.046875,0.015625,3.0714285714285716,0.21654390388432126,0.09638407577393127,0.028622074234642355,0.1322994164355813
2026-05-26,824275,LAA,DET,10,85,23,4,23,8,0.2235294117647059,0.27058823529411763,0.09411764705882353,0.047058823529411764,3.0714285714285716,0.23865769125973652,0.09557946613937976,0.027246451311054316,0.12485028852860455
2026-05-27,824270,LAA,DET,0,67,12,1,15,7,0.08955223880597014,0.22388059701492538,0.1044776119402985,0.014925373134328358,3.357142857142857,0.2422291198311651,0.09915089471080832,0.02745653534466776,0.12716121289835244
2026-05-28,824272,LAA,DET,7,76,14,1,21,10,0.11842105263157894,0.27631578947368424,0.13157894736842105,0.013157894736842105,3.2142857142857144,0.24675674624933877,0.09514973648079439,0.028522633425691214,0.12914863030865542
2026-05-29,822978,LAA,TB,5,78,21,3,15,8,0.19230769230769232,0.19230769230769232,0.10256410256410256,0.038461538461538464,3.5714285714285716,0.24914664957909174,0.09638496741527344,0.02742166672322075,0.1274031952925437
2026-05-30,822975,LAA,TB,14,87,17,5,18,14,0.22988505747126436,0.20689655172413793,0.16091954022988506,0.05747126436781609,3.7857142857142856,0.23907338950583168,0.09721746824777429,0.028004417305971335,0.13464595253530096
2026-05-31,822976,LAA,TB,2,77,16,2,12,9,0.1038961038961039,0.15584415584415584,0.11688311688311688,0.025974025974025976,4.785714285714286,0.23599457177184152,0.10176727667689305,0.02913331714176772,0.1411456788626135
2026-06-01,824027,LAA,COL,8,90,20,3,16,14,0.16666666666666666,0.17777777777777778,0.15555555555555556,0.03333333333333333,4.785714285714286,0.23399000819092322,0.09944283592880698,0.030167586648943635,0.14117766657933029
2026-06-02,824026,LAA,COL,2,79,18,2,16,7,0.17721518987341772,0.20253164556962025,0.08860759493670886,0.02531645569620253,5.285714285714286,0.2251620021026432,0.10468310555263824,0.03254853902989601,0.1511254813216656
2026-06-03,824024,LAA,COL,11,80,23,2,17,6,0.1625,0.2125,0.075,0.025,5.428571428571429,0.22257097891838365,0.1056817290715716,0.03329075921288703,0.159519316845673
2026-06-05,823943,LAA,LAD,0,63,6,1,23,5,0.06349206349206349,0.36507936507936506,0.07936507936507936,0.015873015873015872,5.785714285714286,0.226638439235844,0.1054833163731589,0.03269552111764893,0.1576343962107524
2026-06-06,823942,LAA,LAD,2,69,12,3,14,4,0.17391304347826086,0.2028985507246377,0.057971014492753624,0.043478260869565216,5.428571428571429,0.23740941429253334,0.1026488492529775,0.030427947421503808,0.14771376129011746
2026-06-07,823941,LAA,LAD,13,87,26,4,23,9,0.1724137931034483,0.26436781609195403,0.10344827586206896,0.04597701149425287,5.428571428571429,0.2326713986849525,0.10037937959220349,0.032617786567864696,0.156473117875561
2026-06-08,824025,LAA,HOU,4,86,16,1,25,10,0.11627906976744186,0.29069767441860467,0.11627906976744186,0.011627906976744186,5.714285714285714,0.24351909983437775,0.10151854215377984,0.030544715960311327,0.14646696024009304
2026-06-09,824023,LAA,HOU,10,83,15,0,19,12,0.024096385542168676,0.2289156626506024,0.14457831325301204,0.0,5.642857142857143,0.24851327509433377,0.10240303971601827,0.0295199931747912,0.14549617023275818
2026-06-10,824022,LAA,HOU,2,69,11,4,20,3,0.18840579710144928,0.2898550724637681,0.043478260869565216,0.057971014492753624,6.285714285714286,0.2336143938550911,0.10938184780551914,0.028403921746219772,0.14386912634291307
2026-06-12,824020,LAA,TB,4,79,19,0,19,9,0.0759493670886076,0.24050632911392406,0.11392405063291139,0.0,5.714285714285714,0.23499059651006612,0.10576474879200069,0.029183363957887044,0.14136029672410902
2026-06-13,824019,LAA,TB,8,76,20,1,19,6,0.06578947368421052,0.25,0.07894736842105263,0.013157894736842105,6.0,0.23617814880285176,0.1064394944129016,0.02811726587686359,0.1403886630300117
2026-06-14,824021,LAA,TB,3,81,16,4,15,9,0.18518518518518517,0.18518518518518517,0.1111111111111111,0.04938271604938271,6.071428571428571,0.23429844955473142,0.10268009591666101,0.028117265876863588,0.1366292645337711
2026-06-15,825071,LAA,AZ,3,71,18,3,10,3,0.16901408450704225,0.14084507042253522,0.04225352112676056,0.04225352112676056,5.928571428571429,0.23378969904598093,0.10329059652716162,0.028897349990281037,0.1361205140250206
2026-06-16,825070,LAA,AZ,7,73,19,2,16,2,0.1643835616438356,0.2191780821917808,0.0273972602739726,0.0273972602739726,5.142857142857143,0.22907173609586648,0.09481445230550986,0.027810368330205643,0.13177258738471903
2026-06-17,825072,LAA,AZ,1,72,17,2,10,7,0.18055555555555555,0.1388888888888889,0.09722222222222222,0.027777777777777776,5.5,0.2335955879778397,0.08842260540485669,0.027912027923058972,0.13609312008098556
2026-06-18,824989,LAA,ATH,0,71,12,2,16,7,0.11267605633802817,0.22535211267605634,0.09859154929577464,0.028169014084507043,5.0,0.2308178102000619,0.08425593873819004,0.027515202526233577,0.13708518357304905
2026-06-19,824990,LAA,ATH,11,92,23,9,22,14,0.34782608695652173,0.2391304347826087,0.15217391304347827,0.09782608695652174,4.857142857142857,0.23244784356480735,0.08496907833526615,0.027718956696826755,0.13247524546337838
2026-06-20,824988,LAA,ATH,7,79,17,1,20,6,0.13924050632911392,0.25316455696202533,0.0759493670886076,0.012658227848101266,4.857142857142857,0.2343500174778508,0.09048150069551461,0.03292082005086402,0.1457128231031299
2026-06-21,824987,LAA,ATH,9,78,17,4,18,8,0.16666666666666666,0.23076923076923078,0.10256410256410256,0.05128205128205128,5.357142857142857,0.22635610261232655,0.0902375212471952,0.03269119233479869,0.15112342616291927
2026-06-22,824016,LAA,BAL,1,73,18,3,22,2,0.1643835616438356,0.3013698630136986,0.0273972602739726,0.0410958904109589,5.857142857142857,0.22834686547265462,0.09342274182372012,0.03324860593569055,0.15060582781923396
2026-06-23,824017,LAA,BAL,5,64,11,1,21,4,0.0625,0.328125,0.0625,0.015625,5.0,0.2309898688242078,0.08799052642457039,0.03289995442974099,0.15003223985783304
2026-06-24,824018,LAA,BAL,6,88,18,3,27,10,0.13636363636363635,0.3068181818181818,0.11363636363636363,0.03409090909090909,5.071428571428571,0.2336632492228789,0.08414916429832453,0.03318546107425926,0.1461908777315872
2026-06-26,824014,LAA,ATH,3,78,19,1,21,6,0.07692307692307693,0.2692307692307692,0.07692307692307693,0.01282051282051282,4.785714285714286,0.239227714877706,0.0819390250399925,0.035620526009324194,0.15420996707597776
2026-06-27,824015,LAA,ATH,5,73,14,1,21,6,0.0958904109589041,0.2876712328767123,0.0821917808219178,0.0136986301369863,4.857142857142857,0.23775455036106322,0.08432794047238619,0.032395490175592706,0.14624691563466546
2026-06-28,824011,LAA,ATH,4,67,12,1,14,4,0.04477611940298507,0.208955223880597,0.05970149253731343,0.014925373134328358,4.928571428571429,0.24112347205840523,0.08206134977160094,0.03337396375680601,0.14767127591111517
2026-06-29,823121,LAA,SEA,2,67,14,4,14,4,0.22388059701492538,0.208955223880597,0.05970149253731343,0.05970149253731343,4.642857142857143,0.23819170233559075,0.08068664435133385,0.03350021221376932,0.14617032203388478
2026-06-30,823122,LAA,SEA,3,75,19,0,22,6,0.013333333333333334,0.29333333333333333,0.08,0.0,4.571428571428571,0.23988956224240585,0.07701452873891972,0.03423726767719294,0.14893428002172335
2026-07-02,823119,LAA,SEA,0,64,6,0,20,5,0.015625,0.3125,0.078125,0.0,4.571428571428571,0.2507815810217486,0.07971070580129398,0.03121915902528147,0.13781422636645846
2026-07-03,824013,LAA,BOS,2,73,18,2,17,3,0.136986301369863,0.2328767123287671,0.0410958904109589,0.0273972602739726,4.071428571428571,0.25744743229376427,0.08333411578172452,0.029262211862854857,0.1271886148204702
2026-07-04,824012,LAA,BOS,1,74,11,3,15,9,0.16216216216216217,0.20270270270270271,0.12162162162162163,0.04054054054054054,4.142857142857143,0.2641608482537555,0.07932509208091998,0.029235032041154487,0.12407652523577788
2026-07-05,824010,LAA,BOS,5,79,19,3,24,4,0.13924050632911392,0.3037974683544304,0.05063291139240506,0.0379746835443038,4.214285714285714,0.26254303325565886,0.08097009724705193,0.03011871250229974,0.12761124708035887
2026-07-07,822881,LAA,TEX,3,74,20,2,18,4,0.0945945945945946,0.24324324324324326,0.05405405405405406,0.02702702702702703,3.7857142857142856,0.26716210708221755,0.07371716855768953,0.025843612258569883,0.11271227703554403
2026-07-08,822880,LAA,TEX,13,78,18,4,23,7,0.20512820512820512,0.2948717948717949,0.08974358974358974,0.05128205128205128,3.5,0.26645344181659025,0.07215321762665002,0.02686995505706458,0.10952328334022121
2026-07-09,822877,LAA,TEX,6,80,21,3,25,5,0.1625,0.3125,0.0625,0.0375,3.7857142857142856,0.2710321963953448,0.07123746671089909,0.026869955057064583,0.11227053608747398
2026-07-10,823685,LAA,MIN,4,75,19,1,10,5,0.14666666666666667,0.13333333333333333,0.06666666666666667,0.013333333333333334,4.142857142857143,0.27182720618008066,0.07374480526275819,0.02661310574199609,0.11213599597005715
2026-07-11,823682,LAA,MIN,3,75,19,1,13,8,0.13333333333333333,0.17333333333333334,0.10666666666666667,0.013333333333333334,4.071428571428571,0.2579135157038902,0.07404242431037723,0.02644941526580561,0.11814790073196191
2026-07-12,823681,LAA,MIN,2,67,13,3,14,6,0.14925373134328357,0.208955223880597,0.08955223880597014,0.04477611940298507,3.857142857142857,0.24837888366925817,0.07354458881254175,0.02496673128312163,0.11793145051551168
2026-07-17,824009,LAA,DET,1,70,11,0,26,5,0.05714285714285714,0.37142857142857144,0.07142857142857142,0.0,3.7857142857142856,0.24407348757281727,0.07444667180417697,0.027249274610441077,0.12309792583124073
2026-07-18,824008,LAA,DET,0,75,18,2,17,3,0.12,0.22666666666666666,0.04,0.02666666666666667,3.5,0.2500561546122358,0.07367787113322366,0.026270801029227773,0.12033024341580881
2026-07-19,824007,LAA,DET,3,73,13,2,17,8,0.0958904109589041,0.2328767123287671,0.1095890410958904,0.0273972602739726,3.2142857142857144,0.2513212576683836,0.0722706216662727,0.02710946485296622,0.125703377744167
2026-07-20,824006,LAA,STL,2,66,10,1,18,4,0.07575757575757576,0.2727272727272727,0.06060606060606061,0.015151515151515152,3.2857142857142856,0.2530299354146815,0.07583401799188534,0.02480201969129902,0.11656122159730835
2026-07-21,824005,LAA,STL,5,71,17,1,20,5,0.07042253521126761,0.28169014084507044,0.07042253521126761,0.014084507042253521,3.2142857142857144,0.25155807394282,0.07444873660660396,0.025884270773550103,0.12102009605618282
2026-07-22,824004,LAA,STL,0,67,10,1,20,5,0.05970149253731343,0.29850746268656714,0.07462686567164178,0.014925373134328358,3.5714285714285716,0.24935736971746789,0.07389856055026592,0.026890306990853926,0.1249342057141305
2026-07-24,823196,LAA,SF,6,82,18,3,18,10,0.17073170731707318,0.21951219512195122,0.12195121951219512,0.036585365853658534,3.4285714285714284,0.25404528045731073,0.07629363021174328,0.025999457909450765,0.11941386222609125
2026-07-25,823197,LAA,SF,2,79,20,2,14,7,0.12658227848101267,0.17721518987341772,0.08860759493670886,0.02531645569620253,3.7857142857142856,0.25524595848725706,0.07631717291821281,0.025716945431816334,0.12002597259429917
2026-07-26,823194,LAA,SF,4,73,13,2,19,9,0.1232876712328767,0.2602739726027397,0.1232876712328767,0.0273972602739726,3.5714285714285716,0.24620436716718475,0.07902965031423449,0.0248127862998091,0.11912181346229193
2026-07-27,824001,LAA,HOU,4,83,11,2,18,11,0.10843373493975904,0.21686746987951808,0.13253012048192772,0.024096385542168676,3.642857142857143,0.24742084783572021,0.0839749086841504,0.024839231531733785,0.12117131893645496
2026-07-28,824003,LAA,HOU,2,76,16,2,28,4,0.10526315789473684,0.3684210526315789,0.05263157894736842,0.02631578947368421,3.0,0.24184911033627188,0.08703108945117455,0.02289739826459931,0.11426457106585165
2026-07-29,824002,LAA,HOU,4,81,20,2,16,7,0.13580246913580246,0.19753086419753085,0.08641975308641975,0.024691358024691357,2.7142857142857144,0.2458434712385275,0.08632620223312944,0.022098526084148185,0.11017622520119
2026-07-31,823999,LAA,MIL,2,76,13,3,18,9,0.14473684210526316,0.23684210526315788,0.11842105263157894,0.039473684210526314,2.7142857142857144,0.25042900915739874,0.0877371369773975,0.02290981356210233,0.10940021109184254
2026-08-01,824000,LAA,MIL,1,70,10,1,22,6,0.08571428571428572,0.3142857142857143,0.08571428571428572,0.014285714285714285,2.642857142857143,0.2549653500095291,0.08857673597489124,0.024776981481901827,0.11021474743269469
2026-08-02,823996,LAA,MIL,3,64,9,1,22,7,0.046875,0.34375,0.109375,0.015625,2.5714285714285716,0.26248895646703746,0.08830259646834236,0.02259909540209677,0.10567621560205198
2026-08-04,824805,LAA,BAL,1,68,14,1,18,4,0.11764705882352941,0.2647058823529412,0.058823529411764705,0.014705882352941176,2.7142857142857144,0.2605119156507109,0.09101305565201581,0.023715166830668204,0.10494279723470504
2026-08-05,824806,LAA,BAL,2,64,10,4,23,2,0.203125,0.359375,0.03125,0.0625,2.7857142857142856,0.2632290024854448,0.09235759346714188,0.022860825093973525,0.10477473000781427
2026-08-06,824804,LAA,BAL,4,77,13,2,16,13,0.1038961038961039,0.2077922077922078,0.16883116883116883,0.025974025974025976,2.7142857142857144,0.27226459446196144,0.08676194767457827,0.025368163645832626,0.1124343435107497
2026-08-07,823836,LAA,MIA,4,80,18,2,15,9,0.1,0.1875,0.1125,0.025,2.857142857142857,0.2676263755380282,0.0944923125478003,0.026141200133154824,0.11444423837778743
2026-08-08,823834,LAA,MIA,0,71,15,0,20,6,0.08450704225352113,0.28169014084507044,0.08450704225352113,0.0,2.7857142857142856,0.26089850833480893,0.09749784574699547,0.026920878201565284,0.11655691443412548
2026-08-09,823835,LAA,MIA,3,84,21,3,24,9,0.15476190476190477,0.2857142857142857,0.10714285714285714,0.03571428571428571,2.7857142857142856,0.2596972710604163,0.09820357264570113,0.02585478012054183,0.11832873941385458
2026-08-10,823998,LAA,TEX,1,83,14,1,22,10,0.03614457831325301,0.26506024096385544,0.12048192771084337,0.012048192771084338,2.5714285714285716,0.2644259918170116,0.0971458324764627,0.025792560110586633,0.11718803923134256
2026-08-11,823997,LAA,TEX,3,66,11,1,14,5,0.07575757575757576,0.21212121212121213,0.07575757575757576,0.015151515151515152,2.5,0.27070063832347147,0.09942257053175804,0.024844827044506763,0.11072820350507402
2026-08-12,823994,LAA,TEX,5,73,15,1,15,6,0.0684931506849315,0.2054794520547945,0.0821917808219178,0.0136986301369863,2.4285714285714284,0.2672611554319338,0.09602756371209367,0.02397013096433123,0.10733319668540965
2026-08-13,823995,LAA,TEX,7,76,20,0,18,5,0.013157894736842105,0.23684210526315788,0.06578947368421052,0.0,2.5,0.26644772558731067,0.09243196802209297,0.023227434149675343,0.10448029781006483
2026-08-14,823993,LAA,KC,6,77,20,3,19,4,0.16883116883116883,0.24675324675324675,0.05194805194805195,0.03896103896103896,2.857142857142857,0.25704922934670915,0.09337181764615311,0.021347734901555043,0.09790135044164379
2026-08-15,823990,LAA,KC,1,60,8,0,20,3,0.016666666666666666,0.3333333333333333,0.05,0.0,3.0,0.26056511381497455,0.09090955327912685,0.022366997825579875,0.10026054327702708
2026-08-16,823991,LAA,KC,0,67,8,2,16,4,0.08955223880597014,0.23880597014925373,0.05970149253731343,0.029850746268656716,2.9285714285714284,0.26745734439141566,0.08602233523401406,0.01954744895339942,0.09111267360284163
2026-08-18,824154,LAA,HOU,3,68,11,2,18,4,0.10294117647058823,0.2647058823529412,0.058823529411764705,0.029411764705882353,2.857142857142857,0.2620659340959542,0.08416427857851605,0.020659236952181022,0.09138681310939052
2026-08-19,824155,LAA,HOU,2,68,10,1,23,7,0.07352941176470588,0.3382352941176471,0.10294117647058823,0.014705882352941176,2.857142857142857,0.25641992569259286,0.08055345925078496,0.021644005859744048,0.09539154000014682
2026-08-20,824153,LAA,HOU,18,88,26,2,16,6,0.1590909090909091,0.18181818181818182,0.06818181818181818,0.022727272727272728,2.9285714285714284,0.261672026532929,0.08370471975498664,0.021644005859744048,0.09224027949594514
2026-08-21,822857,LAA,TEX,1,77,14,0,24,6,0.05194805194805195,0.3116883116883117,0.07792207792207792,0.0,4.071428571428571,0.24898939666279915,0.08634270676797365,0.01880309676883496,0.08909498728815293
2026-08-22,822858,LAA,TEX,3,68,11,0,12,4,0.08823529411764706,0.17647058823529413,0.058823529411764705,0.0,3.857142857142857,0.2564105469410923,0.07984920027446715,0.016947809199261674,0.08538441214900637
2026-08-23,822856,LAA,TEX,3,73,19,3,19,3,0.2328767123287671,0.2602739726027397,0.0410958904109589,0.0410958904109589,3.7857142857142856,0.25562273181504186,0.07601516666102179,0.015162094913547388,0.08454407601455258
2026-08-24,823992,LAA,CLE,2,71,14,1,13,4,0.07042253521126761,0.18309859154929578,0.056338028169014086,0.014084507042253521,4.0,0.2540930055120182,0.07291437010083876,0.01809751565718731,0.09514190959135586
2026-08-25,823989,LAA,CLE,6,96,22,3,28,10,0.15625,0.2916666666666667,0.10416666666666667,0.03125,3.9285714285714284,0.2467633130716618,0.06928545374556426,0.016552531466327867,0.08911766890916749
2026-08-26,823988,LAA,CLE,3,76,15,0,12,11,0.02631578947368421,0.15789473684210525,0.14473684210526316,0.0,4.285714285714286,0.24866377205043402,0.06812007795669449,0.01792408912553613,0.09769662760107799
2026-08-28,823985,LAA,PHI,3,74,14,1,14,7,0.04054054054054054,0.1891891891891892,0.0945945945945946,0.013513513513513514,4.285714285714286,0.2447904523876407,0.07304716841010074,0.016841838043285047,0.09416507143794288
2026-08-29,823986,LAA,PHI,2,78,11,1,16,9,0.05128205128205128,0.20512820512820512,0.11538461538461539,0.01282051282051282,4.142857142857143,0.24362686218295462,0.07393308367957764,0.016828615427322707,0.09216845642762925
2026-08-30,823987,LAA,PHI,2,79,18,2,17,8,0.12658227848101267,0.21518987341772153,0.10126582278481013,0.02531645569620253,3.7857142857142856,0.24136158360188653,0.07747559380103512,0.017744366343073623,0.09489161046657277
2026-08-31,823982,LAA,NYY,10,76,18,1,20,4,0.09210526315789473,0.2631578947368421,0.05263157894736842,0.013157894736842105,3.5,0.23910705693506332,0.08099829171794644,0.016769753252728163,0.09187383258441874
2026-09-01,823984,LAA,NYY,3,79,23,2,20,5,0.12658227848101267,0.25316455696202533,0.06329113924050633,0.02531645569620253,4.142857142857143,0.23409452560674252,0.08118626164275847,0.01770960287678831,0.0972623037623636
2026-09-02,823983,LAA,NYY,3,75,16,2,24,1,0.09333333333333334,0.32,0.013333333333333334,0.02666666666666667,4.357142857142857,0.23512013895051193,0.08144266497870081,0.01738572497875587,0.09990730659629522
2026-09-04,823338,LAA,PIT,0,64,9,0,22,5,0.03125,0.34375,0.078125,0.0,4.357142857142857,0.23906971878244468,0.07819336525881285,0.01718964654738332,0.09922103208649129
2026-03-20,831766,LAD,SD,4,75,16,1,20,9,0.08,0.26666666666666666,0.12,0.013333333333333334,,,,,
2026-03-21,831937,LAD,ATH,5,78,12,2,18,13,0.1282051282051282,0.23076923076923078,0.16666666666666666,0.02564102564102564,,,,,
2026-03-22,831804,LAD,LAA,13,87,19,4,28,15,0.1839080459770115,0.3218390804597701,0.1724137931034483,0.04597701149425287,,,,,
2026-03-23,831821,LAD,LAA,7,95,20,2,20,19,0.12631578947368421,0.21052631578947367,0.2,0.021052631578947368,7.333333333333333,0.2730916592985559,0.15302681992337164,0.028317123489537282,0.13070439139404658
2026-03-24,831820,LAD,LAA,0,67,10,0,28,5,0.029850746268656716,0.417910447761194,0.07462686567164178,0.0,7.25,0.2574503234212853,0.16477011494252874,0.026501000511889805,0.12960724091395598
2026-03-26,823974,LAD,AZ,8,71,16,3,12,5,0.15492957746478872,0.16901408450704225,0.07042253521126761,0.04225352112676056,5.8,0.28954234828926706,0.14674146508835134,0.021200800409511843,0.10965594198489612
2026-03-27,823971,LAD,AZ,5,68,12,3,17,7,0.20588235294117646,0.25,0.10294117647058823,0.04411764705882353,6.166666666666667,0.2694543043255629,0.13402164344217074,0.024709587195719963,0.11720154789821156
2026-03-28,823973,LAD,AZ,3,65,11,1,13,4,0.07692307692307693,0.2,0.06153846153846154,0.015384615384615385,6.0,0.26667511799333965,0.12958157673194465,0.027482167176163332,0.12987023433292083
2026-03-30,823972,LAD,CLE,2,72,18,0,14,3,0.06944444444444445,0.19444444444444445,0.041666666666666664,0.0,5.625,0.2583407282441722,0.12107618733275927,0.02596997320221984,0.12325183965669034
2026-03-31,823969,LAD,CLE,4,73,12,1,21,8,0.0547945205479452,0.2876712328767123,0.1095890410958904,0.0136986301369863,5.222222222222222,0.25124114115531354,0.11225290725874898,0.023084420624195412,0.11727324018866302
2026-04-01,823970,LAD,CLE,1,66,11,3,17,6,0.16666666666666666,0.25757575757575757,0.09090909090909091,0.045454545454545456,5.1,0.25488415032745343,0.11198652064246313,0.0221458415754745,0.11102536822459123
2026-04-03,822758,LAD,WSH,13,90,27,6,13,10,0.24444444444444444,0.14444444444444443,0.1111111111111111,0.06666666666666667,4.7272727272727275,0.2551288418954811,0.110070390666702,0.024264814655390043,0.11608366808296174
2026-04-04,822757,LAD,WSH,10,83,24,2,19,5,0.1566265060240964,0.2289156626506024,0.060240963855421686,0.024096385542168676,5.416666666666667,0.2459051421078947,0.11015711737040278,0.02779830232299643,0.12678039944641864
2026-04-05,822756,LAD,WSH,8,81,18,5,18,10,0.2222222222222222,0.2222222222222222,0.12345679012345678,0.06172839506172839,5.769230769230769,0.24459825907271837,0.10631741325386576,0.027513539493701986,0.12907625379854767
2026-04-06,822832,LAD,TOR,14,88,22,5,14,10,0.20454545454545456,0.1590909090909091,0.11363636363636363,0.056818181818181816,5.928571428571429,0.24299997072625437,0.10754165445883655,0.029957457748561015,0.13572953725738157
2026-04-07,822831,LAD,TOR,4,75,14,0,21,6,0.06666666666666667,0.28,0.08,0.0,6.642857142857143,0.2353159880422717,0.1070871090042911,0.033063518354621624,0.14462564115348547
2026-04-08,822833,LAD,TOR,3,78,14,0,16,12,0.038461538461538464,0.20512820512820512,0.15384615384615385,0.0,6.571428571428571,0.23883247155875517,0.1008966328138149,0.031232016523119792,0.14023003675788107
2026-04-10,823968,LAD,TEX,7,80,24,7,21,7,0.2875,0.2625,0.0875,0.0875,5.857142857142857,0.23049598046364342,0.09957037286686529,0.027947944273530295,0.12984100050677586
2026-04-11,823967,LAD,TEX,6,69,13,4,19,8,0.2028985507246377,0.2753623188405797,0.11594202898550725,0.057971014492753624,5.857142857142857,0.234208386478681,0.09153465858115102,0.03269418487503405,0.14135415840151272
2026-04-12,823966,LAD,TEX,2,83,16,2,23,16,0.0963855421686747,0.27710843373493976,0.1927710843373494,0.024096385542168676,6.285714285714286,0.2240263772700657,0.09448574167499856,0.036834971624516454,0.1537147158626542
2026-04-13,823964,LAD,NYM,4,65,11,1,14,5,0.09230769230769231,0.2153846153846154,0.07692307692307693,0.015384615384615385,5.857142857142857,0.23174740221491552,0.10322492375543298,0.03553803336847418,0.14953299905578893
2026-04-14,823965,LAD,NYM,2,63,7,1,20,5,0.07936507936507936,0.31746031746031744,0.07936507936507936,0.015873015873015872,5.785714285714286,0.22927487474238806,0.10136648807346786,0.0334856739631736,0.14142052329625435
2026-04-15,823963,LAD,NYM,8,74,17,4,22,4,0.22972972972972974,0.2972972972972973,0.05405405405405406,0.05405405405405406,5.714285714285714,0.237664897418125,0.10263981791822628,0.03352055971234506,0.14159495204211164
2026-04-17,824373,LAD,COL,7,73,15,2,18,6,0.1643835616438356,0.2465753424657534,0.0821917808219178,0.0273972602739726,6.142857142857143,0.24501152976475735,0.10352463130303967,0.037381563573348923,0.1530439009910606
2026-04-18,824372,LAD,COL,3,71,15,2,15,4,0.16901408450704225,0.2112676056338028,0.056338028169014086,0.028169014084507043,6.357142857142857,0.24207610902111742,0.10156768414061304,0.03836003715456223,0.16087168964076706
2026-04-19,824371,LAD,COL,6,84,30,2,12,5,0.15476190476190477,0.14285714285714285,0.05952380952380952,0.023809523809523808,6.5,0.23876838388240637,0.09909832251632186,0.03712535634241663,0.16103936234365102
2026-04-20,824370,LAD,COL,12,86,26,6,12,5,0.2441860465116279,0.13953488372093023,0.05813953488372093,0.06976744186046512,6.0,0.2386550051975991,0.09541351526008603,0.03406413185262071,0.15463346665204103
2026-04-21,823236,LAD,SF,1,68,9,0,20,10,0.014705882352941176,0.29411764705882354,0.14705882352941177,0.0,6.142857142857143,0.23227066384547967,0.09526341319067884,0.03732635016107046,0.16088771954400757
2026-04-22,823231,LAD,SF,0,66,12,1,13,3,0.06060606060606061,0.19696969696969696,0.045454545454545456,0.015151515151515152,5.642857142857143,0.23740605133380832,0.09694927271967561,0.032917179085232715,0.14606512383905895
2026-04-23,823233,LAD,SF,3,65,9,0,16,4,0.03076923076923077,0.24615384615384617,0.06153846153846154,0.0,4.642857142857143,0.24011167903943603,0.09207914284954576,0.02994098860904224,0.13578373855767367
2026-04-24,823962,LAD,CHC,4,74,17,3,19,5,0.20270270270270271,0.25675675675675674,0.06756756756756757,0.04054054054054054,4.571428571428571,0.23769409662185365,0.09076046153086444,0.02994098860904224,0.1332196359935711
2026-04-25,823960,LAD,CHC,12,82,23,4,18,8,0.2073170731707317,0.21951219512195122,0.0975609756097561,0.04878048780487805,4.642857142857143,0.2413818503096073,0.08459770536810828,0.03283674150479514,0.14495114772508283
2026-04-26,823959,LAD,CHC,6,73,11,1,16,9,0.1095890410958904,0.2191780821917808,0.1232876712328767,0.0136986301369863,5.0,0.23831129281831814,0.08531634648309083,0.030071062062286425,0.13922379580870653
2026-04-27,823961,LAD,MIA,3,78,14,1,17,12,0.07692307692307693,0.21794871794871795,0.15384615384615385,0.01282051282051282,5.0,0.23429813305768965,0.0858410352150458,0.026908748894017332,0.13255883083522457
2026-04-28,823956,LAD,MIA,1,75,15,0,17,4,0.013333333333333334,0.22666666666666666,0.05333333333333334,0.0,5.071428571428571,0.23007243907295946,0.08306068303710326,0.026103329413899055,0.1311686547462533
2026-04-29,823958,LAD,MIA,2,76,13,2,19,13,0.10526315789473684,0.25,0.17105263157894737,0.02631578947368421,4.857142857142857,0.23087829987882028,0.08137570135212158,0.025004428314997957,0.12552762910522766
2026-05-01,823066,LAD,STL,2,75,19,2,17,5,0.14666666666666667,0.22666666666666666,0.06666666666666667,0.02666666666666667,4.857142857142857,0.2260597057745119,0.08792481222454072,0.025750340715045693,0.12737749185734606
2026-05-02,823067,LAD,STL,2,69,14,1,13,7,0.10144927536231885,0.18840579710144928,0.10144927536231885,0.014492753623188406,4.428571428571429,0.22101466072946688,0.08882571312544162,0.023794098758803735,0.12144441592427013
2026-05-03,823065,LAD,STL,4,76,17,0,7,6,0.039473684210526314,0.09210526315789473,0.07894736842105263,0.0,4.071428571428571,0.21685969320344514,0.09020124844975598,0.022872348283747724,0.11694910976130465
2026-05-04,824201,LAD,HOU,8,80,19,3,26,7,0.1375,0.325,0.0875,0.0375,4.142857142857143,0.20834809731230886,0.09181620132490158,0.020860275849140075,0.10769622402583921
2026-05-05,824200,LAD,HOU,1,65,10,2,15,4,0.12307692307692308,0.23076923076923078,0.06153846153846154,0.03076923076923077,4.285714285714286,0.2213583013939415,0.09381450064462948,0.021838167005602666,0.10646323082856031
2026-05-06,824198,LAD,HOU,12,76,19,4,17,5,0.2236842105263158,0.2236842105263158,0.06578947368421052,0.05263157894736842,3.5,0.2278750404688201,0.09405728111996811,0.019052580499085925,0.09781257915465282
2026-05-08,823957,LAD,ATL,3,68,14,1,18,3,0.08823529411764706,0.2647058823529412,0.04411764705882353,0.014705882352941176,4.285714285714286,0.22284408071649814,0.08825232755959657,0.022811978995326523,0.11273960259560814
2026-05-09,823955,LAD,ATL,2,78,18,1,20,7,0.0641025641025641,0.2564102564102564,0.08974358974358974,0.01282051282051282,4.5,0.22768237967244412,0.08815683481704502,0.02278014808114267,0.11471311927500717
2026-05-10,823954,LAD,ATL,2,73,11,3,17,7,0.136986301369863,0.2328767123287671,0.0958904109589041,0.0410958904109589,4.428571428571429,0.22841498040504485,0.09017148683169703,0.023695898996893585,0.11709407165595956
2026-05-11,823953,LAD,SF,3,85,22,2,14,8,0.11764705882352941,0.16470588235294117,0.09411764705882353,0.023529411764705882,4.285714285714286,0.22670926294590274,0.09219454707393536,0.02373556684478061,0.11240004298932815
2026-05-12,823951,LAD,SF,2,75,14,4,19,6,0.2,0.25333333333333335,0.08,0.05333333333333334,3.642857142857143,0.22279452631954486,0.09194859503458304,0.021931918556196885,0.10599504196452798
2026-05-13,823952,LAD,SF,4,69,15,2,12,5,0.13043478260869565,0.17391304347826086,0.07246376811594203,0.028985507246376812,3.357142857142857,0.22523418711537005,0.08885661851794899,0.02476296878450739,0.1124529676005358
2026-05-14,823950,LAD,SF,5,68,10,2,19,7,0.11764705882352941,0.27941176470588236,0.10294117647058823,0.029411764705882353,3.4285714285714284,0.22208878179605174,0.08304359096579098,0.02591761124349767,0.11627523229236572
2026-05-15,824037,LAD,LAA,6,72,10,3,18,7,0.1388888888888889,0.25,0.09722222222222222,0.041666666666666664,3.7142857142857144,0.22585628879885286,0.08658700833273777,0.028018451579632123,0.12372621268452258
2026-05-16,824038,LAD,LAA,15,87,18,1,16,13,0.10344827586206896,0.1839080459770115,0.14942528735632185,0.011494252873563218,4.0,0.22585628879885286,0.08131340766440028,0.029114942807702302,0.12612805061267632
2026-05-17,824034,LAD,LAA,10,73,16,0,22,6,0.0273972602739726,0.3013698630136986,0.0821917808219178,0.0,4.928571428571429,0.22280210160673458,0.08722473771366135,0.02803119896533777,0.12304102269806218
2026-05-18,823301,LAD,SD,0,64,9,1,18,7,0.046875,0.28125,0.109375,0.015625,5.5,0.23087096345760955,0.085849202389347,0.026996002277967168,0.11775159304889458
2026-05-19,823302,LAD,SD,5,72,12,4,16,6,0.2222222222222222,0.2222222222222222,0.08333333333333333,0.05555555555555555,5.214285714285714,0.2443813018034742,0.0880226046449861,0.028112073706538596,0.11828025846242841
2026-05-20,823299,LAD,SD,4,71,15,2,11,8,0.14084507042253522,0.15492957746478872,0.11267605633802817,0.028169014084507043,5.0,0.23704003196220436,0.08772498559736704,0.02940175624622114,0.12433184576401572
2026-05-22,823788,LAD,MIL,1,73,12,1,13,9,0.0547945205479452,0.1780821917808219,0.1232876712328767,0.0136986301369863,5.214285714285714,0.23162291386902997,0.09137767094019322,0.029216026483026587,0.12560099914584516
2026-05-23,823787,LAD,MIL,11,84,15,1,16,16,0.13095238095238096,0.19047619047619047,0.19047619047619047,0.011904761904761904,4.428571428571429,0.22836562681578038,0.09548468505081223,0.026435101567999286,0.11353744986167584
2026-05-24,823786,LAD,MIL,5,73,13,1,19,7,0.0821917808219178,0.2602739726027397,0.0958904109589041,0.0136986301369863,5.0,0.22306350596744107,0.1059388667234813,0.026235021535986485,0.11658867034987111
2026-05-25,823948,LAD,COL,5,70,15,1,15,4,0.11428571428571428,0.21428571428571427,0.05714285714285714,0.014285714285714285,5.214285714285714,0.22333948569547557,0.10637792538171806,0.026297744201448876,0.11788075725839638
2026-05-26,823949,LAD,COL,15,84,29,8,14,3,0.34523809523809523,0.16666666666666666,0.03571428571428571,0.09523809523809523,5.428571428571429,0.22201155726382896,0.1036102429662861,0.024382731621074263,0.11625928675238575
2026-05-27,823947,LAD,COL,4,65,9,3,14,6,0.15384615384615385,0.2153846153846154,0.09230769230769231,0.046153846153846156,6.285714285714286,0.22215161328623792,0.09943857429881912,0.02950478044060207,0.13251578935342617
2026-05-29,823946,LAD,PHI,4,61,9,5,16,1,0.26229508196721313,0.26229508196721313,0.01639344262295082,0.08196721311475409,6.428571428571429,0.2194409905756152,0.10031769517794,0.028991959927781558,0.1292190860567229
2026-05-30,823945,LAD,PHI,3,73,15,2,20,4,0.1232876712328767,0.273972602739726,0.0547945205479452,0.0273972602739726,6.428571428571429,0.22575399332482607,0.09631267192844063,0.03277636748980851,0.13863767886804557
2026-05-31,823944,LAD,PHI,9,77,18,4,19,8,0.22077922077922077,0.24675324675324675,0.1038961038961039,0.05194805194805195,6.285714285714286,0.2253654817558149,0.09287362507682327,0.03263247431610067,0.1390405797544275
2026-06-01,825078,LAD,AZ,1,62,11,3,9,1,0.1935483870967742,0.14516129032258066,0.016129032258064516,0.04838709677419355,6.5,0.22513357080961824,0.09335033091067195,0.03336685897905676,0.1448898891751655
2026-06-02,825079,LAD,AZ,6,84,21,2,14,9,0.13095238095238096,0.16666666666666666,0.10714285714285714,0.023809523809523808,5.5,0.22236594540573032,0.083829169832225,0.03600206211481607,0.15132561140621587
2026-06-03,825077,LAD,AZ,7,79,18,1,15,7,0.0759493670886076,0.189873417721519,0.08860759493670886,0.012658227848101266,5.214285714285714,0.21274428852379948,0.08561138956943497,0.03770274238692491,0.1587224057403879
2026-06-04,825076,LAD,AZ,2,70,17,2,13,3,0.14285714285714285,0.18571428571428572,0.04285714285714286,0.02857142857142857,5.714285714285714,0.20621738978962223,0.0841280034934856,0.037490830090360715,0.160799146246717
2026-06-05,823943,LAD,LAA,0,63,6,1,23,5,0.06349206349206349,0.36507936507936506,0.07936507936507936,0.015873015873015872,5.5,0.20360968003905539,0.08123684703090057,0.03556339244863736,0.1551302120063542
2026-06-06,823942,LAD,LAA,9,69,12,3,14,4,0.17391304347826086,0.2028985507246377,0.057971014492753624,0.043478260869565216,5.214285714285714,0.21862037915438223,0.0788574915328328,0.03468510686210228,0.14960499722560622
2026-06-07,823941,LAD,LAA,5,87,26,4,23,9,0.1724137931034483,0.26436781609195403,0.10344827586206896,0.04597701149425287,5.785714285714286,0.22039297622179768,0.07419201605139544,0.03681222334300077,0.15811346314920022
2026-06-09,823374,LAD,PIT,12,85,20,3,21,11,0.16470588235294117,0.24705882352941178,0.12941176470588237,0.03529411764705882,5.357142857142857,0.22567094948006647,0.06797573643610104,0.03924595545653585,0.16107499258856217
2026-06-10,823372,LAD,PIT,8,79,19,5,15,9,0.26582278481012656,0.189873417721519,0.11392405063291139,0.06329113924050633,5.857142857142857,0.22472701026054306,0.07037011884659948,0.04078849027868388,0.16696885698363523
2026-06-11,823371,LAD,PIT,8,90,22,3,17,11,0.15555555555555556,0.18888888888888888,0.12222222222222222,0.03333333333333333,6.071428571428571,0.222983274791672,0.07442591838160337,0.044288877775454746,0.17779293344966465
2026-06-12,824588,LAD,CWS,2,74,14,1,16,8,0.0945945945945946,0.21621621621621623,0.10810810810810811,0.013513513513513514,5.571428571428571,0.22457057637897357,0.08060505670359884,0.03986710906797175,0.16424418061519758
2026-06-13,824587,LAD,CWS,7,75,11,4,18,10,0.16,0.24,0.13333333333333333,0.05333333333333334,5.428571428571429,0.22462997643837362,0.08173365783219996,0.037535656736519415,0.16001192638294331
2026-06-14,824586,LAD,CWS,4,73,15,5,21,6,0.273972602739726,0.2876712328767123,0.0821917808219178,0.0684931506849315,5.642857142857143,0.2230374705835727,0.09008650716865585,0.03549037960927508,0.15270513481385667
2026-06-15,823938,LAD,TB,4,70,15,3,16,5,0.17142857142857143,0.22857142857142856,0.07142857142857142,0.04285714285714286,5.714285714285714,0.22401594416478599,0.09204345433108245,0.038425800352915,0.16346834420720308
2026-06-16,823939,LAD,TB,1,59,9,1,16,1,0.05084745762711865,0.2711864406779661,0.01694915254237288,0.01694915254237288,5.357142857142857,0.22271724286608469,0.08972434486911585,0.03777644970356435,0.15994329782501385
2026-06-17,823940,LAD,TB,5,79,17,1,12,12,0.0759493670886076,0.1518987341772152,0.1518987341772152,0.012658227848101266,5.357142857142857,0.2317190393200408,0.0897829248894236,0.0355308822584343,0.14975037429146698
2026-06-19,823936,LAD,BAL,4,78,19,3,23,8,0.15384615384615385,0.2948717948717949,0.10256410256410256,0.038461538461538464,5.285714285714286,0.23066418699936567,0.0929797732490206,0.03473436111833269,0.14582158758691174
2026-06-20,823937,LAD,BAL,2,72,11,1,20,7,0.05555555555555555,0.2777777777777778,0.09722222222222222,0.013888888888888888,5.071428571428571,0.23816407108152826,0.0939766666509773,0.0365774547335782,0.15138564378387936
2026-06-21,823934,LAD,BAL,1,83,20,4,15,9,0.21686746987951808,0.18072289156626506,0.10843373493975904,0.04819277108433735,5.071428571428571,0.2447400348003491,0.09785988660562582,0.03552870189911108,0.14514981611948025
2026-06-22,823692,LAD,MIN,2,72,12,3,13,7,0.1388888888888889,0.18055555555555555,0.09722222222222222,0.041666666666666664,5.142857142857143,0.2315717152636991,0.09993621914667437,0.037837255842776904,0.1561052022900127
2026-06-23,823690,LAD,MIN,12,88,24,3,15,9,0.1590909090909091,0.17045454545454544,0.10227272727272728,0.03409090909090909,4.642857142857143,0.22997578703733607,0.10273987684163642,0.037707856256855576,0.15360347696220047
2026-06-24,823691,LAD,MIN,4,76,18,1,25,5,0.07894736842105263,0.32894736842105265,0.06578947368421052,0.013157894736842105,5.142857142857143,0.22326769627752116,0.10265590908525488,0.036858848942331025,0.1526518423898762
2026-06-26,823285,LAD,SD,1,72,14,2,10,13,0.1388888888888889,0.1388888888888889,0.18055555555555555,0.027777777777777776,4.571428571428571,0.22911687805549555,0.09811145972656402,0.035277690163029826,0.14652623425188419
2026-06-27,823283,LAD,SD,15,88,26,4,12,9,0.22727272727272727,0.13636363636363635,0.10227272727272728,0.045454545454545456,4.071428571428571,0.22547512599602196,0.1028708529353243,0.032741021487120645,0.1374595274003672
2026-06-28,823281,LAD,SD,4,75,11,1,19,7,0.05333333333333334,0.25333333333333335,0.09333333333333334,0.013333333333333334,4.571428571428571,0.22172332224421823,0.10144588901036038,0.03360682235292151,0.14258218252302232
2026-06-29,824986,LAD,ATH,9,86,28,4,17,5,0.16279069767441862,0.19767441860465115,0.05813953488372093,0.046511627906976744,4.714285714285714,0.22437454489544087,0.10039054795501932,0.0335939523400515,0.13963494957578937
2026-06-30,824984,LAD,ATH,9,79,21,3,18,6,0.1518987341772152,0.22784810126582278,0.0759493670886076,0.0379746835443038,4.857142857142857,0.2213512890814874,0.09501956235147559,0.03310668766674031,0.13983428512396215
2026-07-01,824985,LAD,ATH,1,74,17,4,16,8,0.21621621621621623,0.21621621621621623,0.10810810810810811,0.05405405405405406,5.214285714285714,0.2170782082521381,0.09457367565623916,0.030926797156695475,0.1311147230837828
2026-07-02,823935,LAD,SD,12,86,27,4,13,11,0.2558139534883721,0.1511627906976744,0.12790697674418605,0.046511627906976744,5.0,0.21619569308390865,0.09719364256192034,0.031726576527903415,0.13431384056861456
2026-07-03,823933,LAD,SD,4,71,13,2,19,8,0.11267605633802817,0.2676056338028169,0.11267605633802817,0.028169014084507043,5.785714285714286,0.20762257522817357,0.10511920143347842,0.03383818191108941,0.1489543045587041
2026-07-04,823932,LAD,SD,3,63,9,1,20,5,0.07936507936507936,0.31746031746031744,0.07936507936507936,0.015873015873015872,5.714285714285714,0.2158873537728594,0.10231758158782221,0.03494609521368982,0.15157763950509126
2026-07-05,823931,LAD,SD,2,77,12,1,19,12,0.05194805194805195,0.24675324675324675,0.15584415584415584,0.012987012987012988,5.642857142857143,0.21750081967203957,0.10066050850217768,0.033332629314509636,0.1462575627564431
2026-07-06,823930,LAD,COL,7,93,22,2,12,10,0.11827956989247312,0.12903225806451613,0.10752688172043011,0.021505376344086023,5.642857142857143,0.21528478174171592,0.10484778947517295,0.033268209607232785,0.1459998839273357
2026-07-07,823929,LAD,COL,3,77,16,1,18,7,0.05194805194805195,0.23376623376623376,0.09090909090909091,0.012987012987012988,6.071428571428571,0.21159259363444813,0.10478301424522088,0.03136196712578627,0.1389578910711182
2026-07-08,823928,LAD,COL,4,68,12,2,19,4,0.14705882352941177,0.27941176470588236,0.058823529411764705,0.029411764705882353,6.142857142857143,0.2153933563637823,0.10433207629428294,0.02931342043438243,0.13274783128962986
2026-07-10,823927,LAD,AZ,3,79,18,3,21,6,0.1518987341772152,0.26582278481012656,0.0759493670886076,0.0379746835443038,5.571428571428571,0.22317601488173497,0.10122856216135702,0.02897919583545195,0.13188839660666576
2026-07-11,823926,LAD,AZ,2,76,15,3,14,6,0.15789473684210525,0.18421052631578946,0.07894736842105263,0.039473684210526314,5.5,0.21866711605238306,0.10195426883309969,0.0307518236074135,0.13709920844639165
2026-07-12,823925,LAD,AZ,3,70,8,2,15,8,0.12857142857142856,0.21428571428571427,0.11428571428571428,0.02857142857142857,5.571428571428571,0.22190437586859027,0.0946965411806352,0.031587245495466966,0.13845676901447854
2026-07-17,823524,LAD,NYY,2,67,11,1,18,5,0.1044776119402985,0.26865671641791045,0.07462686567164178,0.014925373134328358,4.714285714285714,0.2274702385773101,0.09555461168156283,0.03038130857524433,0.13140667625010005
2026-07-19,823521,LAD,NYY,1,70,12,2,17,9,0.11428571428571428,0.24285714285714285,0.12857142857142856,0.02857142857142857,4.571428571428571,0.22856476594049419,0.09421843542001343,0.030495025703886836,0.13505983900774043
2026-07-19,823523,LAD,NYY,8,76,14,1,20,7,0.11842105263157894,0.2631578947368421,0.09210526315789473,0.013157894736842105,4.0,0.2317921033871007,0.0992492849691354,0.02921358289420482,0.1315951973371187
2026-07-20,823436,LAD,PHI,7,80,22,7,19,4,0.3125,0.2375,0.05,0.0875,3.9285714285714284,0.23431423149217354,0.10040327754551306,0.02744095512224327,0.12920393436957325
2026-07-21,823437,LAD,PHI,2,65,12,1,22,1,0.1076923076923077,0.3384615384615385,0.015384615384615385,0.015384615384615385,4.357142857142857,0.23583450176244383,0.0962526983949339,0.02982995126123941,0.1360813474969864
2026-07-22,823438,LAD,PHI,9,77,18,4,16,7,0.23376623376623376,0.2077922077922078,0.09090909090909091,0.05194805194805195,3.642857142857143,0.24921298374557696,0.0882153868692503,0.027606593223927882,0.12550122994012464
2026-07-24,823601,LAD,NYM,4,71,15,3,16,5,0.2112676056338028,0.22535211267605634,0.07042253521126761,0.04225352112676056,4.0,0.24494059617339062,0.08666060362432619,0.029305095928466807,0.1341505283278536
2026-07-25,823600,LAD,NYM,4,77,14,1,20,8,0.06493506493506493,0.2597402597402597,0.1038961038961039,0.012987012987012988,4.071428571428571,0.2383614386888005,0.0860218504704825,0.031189417732305713,0.14357213734704816
2026-07-26,823599,LAD,NYM,3,77,15,2,19,9,0.12987012987012986,0.24675324675324675,0.11688311688311688,0.025974025974025976,4.214285714285714,0.23928908247358716,0.08231127533133593,0.031189417732305713,0.14449978113183476
2026-07-28,823923,LAD,SEA,6,78,23,7,15,3,0.32051282051282054,0.19230769230769232,0.038461538461538464,0.08974358974358974,3.9285714285714284,0.24769772452278221,0.08297957784295643,0.03150860699158713,0.14532767827309595
2026-07-29,823924,LAD,SEA,4,69,16,1,12,3,0.11594202898550725,0.17391304347826086,0.043478260869565216,0.014492753623188406,4.142857142857143,0.24473640013288642,0.07923332409670267,0.036991219617056904,0.1645108760277223
2026-07-30,823921,LAD,SEA,6,75,16,2,24,8,0.13333333333333333,0.32,0.10666666666666667,0.02666666666666667,4.142857142857143,0.23720077718805627,0.07813723348654557,0.03592557596829305,0.16228824784601484
2026-07-31,823922,LAD,BOS,4,84,22,2,14,8,0.10714285714285714,0.16666666666666666,0.09523809523809523,0.023809523809523808,4.357142857142857,0.24107057827304726,0.08033132631354978,0.035117860477033254,0.16096214778573756
2026-08-01,823920,LAD,BOS,2,67,14,3,13,3,0.16417910447761194,0.19402985074626866,0.04477611940298507,0.04477611940298507,4.5,0.23981744544096703,0.08149494965762426,0.03399899187696165,0.15733701352150553
2026-08-02,823919,LAD,BOS,4,82,18,4,17,8,0.17073170731707318,0.2073170731707317,0.0975609756097561,0.04878048780487805,4.428571428571429,0.23837059804529237,0.07652997859457218,0.0351564697935014,0.1598804189433758
2026-08-03,824647,LAD,CHC,5,75,20,6,14,8,0.25333333333333335,0.18666666666666668,0.10666666666666667,0.08,4.571428571428571,0.23398919495620815,0.07816812930443748,0.037574692269969234,0.16461285432743114
2026-08-04,824645,LAD,CHC,1,67,13,3,12,5,0.16417910447761194,0.1791044776119403,0.07462686567164178,0.04477611940298507,4.857142857142857,0.22997558951403133,0.07660350345409735,0.04124816165772433,0.17454482711654679
2026-08-05,824646,LAD,CHC,6,83,29,5,17,0,0.24096385542168675,0.20481927710843373,0.0,0.060240963855421686,4.357142857142857,0.22397177400510973,0.07535504649079357,0.04350660627673455,0.1778132593912634
2026-08-07,825051,LAD,AZ,3,72,14,3,16,8,0.19444444444444445,0.2222222222222222,0.1111111111111111,0.041666666666666664,4.285714285714286,0.22163743665571214,0.07178361791936498,0.041559532266407524,0.17270353477852676
2026-08-08,825049,LAD,AZ,2,83,13,1,14,12,0.08433734939759036,0.1686746987951807,0.14457831325301204,0.012048192771084338,4.357142857142857,0.21333462835290382,0.07862122475697184,0.0434368216436969,0.17890011597510797
2026-08-09,825050,LAD,AZ,2,68,12,1,18,5,0.11764705882352941,0.2647058823529412,0.07352941176470588,0.014705882352941176,3.857142857142857,0.21054052056740188,0.08245474063868048,0.04058683170248493,0.16822662423449056
2026-08-10,823918,LAD,KC,6,71,16,2,13,7,0.16901408450704225,0.18309859154929578,0.09859154929577464,0.028169014084507043,3.7142857142857144,0.21335150411575082,0.0826766603924975,0.03861914321864069,0.161539442319471
2026-08-11,823917,LAD,KC,4,81,15,1,22,7,0.08641975308641975,0.2716049382716049,0.08641975308641975,0.012345679012345678,3.857142857142857,0.20787709924496767,0.08229776363533113,0.03970357186846169,0.1689736580031837
2026-08-12,823916,LAD,KC,4,70,14,3,14,6,0.15714285714285714,0.2,0.08571428571428572,0.04285714285714286,3.9285714285714284,0.20965222006770756,0.08012180907842419,0.03873011851405596,0.16587005966149013
2026-08-13,823915,LAD,MIL,4,77,14,1,17,10,0.05194805194805195,0.22077922077922077,0.12987012987012986,0.012987012987012988,3.7857142857142856,0.21020167061715808,0.08349700531076328,0.035381086593595464,0.15420077656363557
2026-08-14,823913,LAD,MIL,3,70,13,2,22,6,0.12857142857142856,0.3142857142857143,0.08571428571428572,0.02857142857142857,3.7857142857142856,0.21354925471008382,0.0896678530965179,0.03527353369101151,0.14962977820381734
2026-08-15,823914,LAD,MIL,1,70,10,2,18,4,0.11428571428571428,0.2571428571428571,0.05714285714285714,0.02857142857142857,3.5714285714285716,0.21314109144477772,0.08817125445706211,0.035409588112780215,0.1492896421493956
2026-08-16,823912,LAD,MIL,2,75,17,2,19,5,0.12,0.25333333333333335,0.06666666666666667,0.02666666666666667,3.357142857142857,0.21960367647879128,0.08545016602168796,0.03574972416720198,0.14979984623102824
2026-08-17,824320,LAD,COL,11,84,20,3,10,6,0.16666666666666666,0.11904761904761904,0.07142857142857142,0.03571428571428571,3.357142857142857,0.22383963952072447,0.08701377654052236,0.03445619182889353,0.14664419591119882
2026-08-18,824319,LAD,COL,7,81,20,2,16,6,0.19753086419753085,0.19753086419753085,0.07407407407407407,0.024691358024691357,3.857142857142857,0.21753467851193073,0.08514717624186632,0.0335228916795655,0.1463538358647412
2026-08-19,824318,LAD,COL,6,85,20,3,27,5,0.16470588235294117,0.3176470588235294,0.058823529411764705,0.03529411764705882,4.0,0.21831069262127814,0.08281913391382399,0.029572274395614884,0.14236794521218388
2026-08-21,823911,LAD,PIT,4,85,14,2,28,9,0.11764705882352941,0.32941176470588235,0.10588235294117647,0.023529411764705882,4.357142857142857,0.22820659127924883,0.08169032418097563,0.028894988555905866,0.14240557220327882
2026-08-22,823910,LAD,PIT,4,71,13,0,25,6,0.07042253521126761,0.352112676056338,0.08450704225352113,0.0,4.214285714285714,0.23710605467906656,0.08925334939105967,0.026272734835140452,0.13359722958912473
2026-08-23,823909,LAD,PIT,4,68,8,0,16,8,0.0,0.23529411764705882,0.11764705882352941,0.0,4.285714285714286,0.24638394423864624,0.08735305875837465,0.02329654435894998,0.12473852178675496
2026-08-25,824881,LAD,ATL,3,75,19,0,15,4,0.04,0.2,0.05333333333333334,0.0,4.428571428571429,0.25114247415663754,0.08542939772769732,0.02243595916101538,0.11871442540121278
2026-08-26,824878,LAD,ATL,5,88,24,3,13,13,0.18181818181818182,0.14772727272727273,0.14772727272727273,0.03409090909090909,4.5,0.24652062541714176,0.08398682069688501,0.021385538992948157,0.11316820691381782
2026-08-27,824879,LAD,ATL,0,62,9,1,22,1,0.06451612903225806,0.3548387096774194,0.016129032258064516,0.016129032258064516,4.428571428571429,0.24399410264414012,0.0874965152277063,0.021808531493405444,0.11408278529318494
2026-08-28,824231,LAD,DET,2,77,14,0,21,11,0.05194805194805195,0.2727272727272727,0.14285714285714285,0.0,4.142857142857143,0.2499393720302697,0.08247574945425236,0.022078771010956788,0.11251824071788767
2026-08-29,824230,LAD,DET,1,73,12,0,15,7,0.0684931506849315,0.2054794520547945,0.0958904109589041,0.0,4.0,0.2551341772250749,0.08655738210731358,0.019017546521160868,0.10500432606111589
2026-08-30,824232,LAD,DET,6,69,11,1,16,5,0.08695652173913043,0.2318840579710145,0.07246376811594203,0.014492753623188406,3.7857142857142856,0.2540413366019016,0.0841302593279403,0.018089902736374227,0.10618611882803586
2026-09-01,823908,LAD,STL,8,88,22,5,17,9,0.2159090909090909,0.19318181818181818,0.10227272727272728,0.056818181818181816,4.0,0.24815550400799452,0.08318379378520147,0.017084283097214215,0.1032136254828717
2026-09-02,823906,LAD,STL,6,88,20,4,22,8,0.20454545454545456,0.25,0.09090909090909091,0.045454545454545456,4.5,0.2435868583679203,0.08640735593733506,0.019101908329125165,0.11047243809882716
2026-09-03,823907,LAD,STL,1,78,18,0,18,9,0.038461538461538464,0.23076923076923078,0.11538461538461539,0.0,4.785714285714286,0.24334876312982504,0.08813895766893677,0.020443899671116504,0.1165113991377882
2026-09-04,823905,LAD,WSH,5,72,15,1,16,6,0.1388888888888889,0.2222222222222222,0.08333333333333333,0.013888888888888888,4.071428571428571,0.2513288782527973,0.09127867509436849,0.01789287926295324,0.10735388998027906
2026-03-20,831450,MIA,WSH,3,66,11,0,17,5,0.030303030303030304,0.25757575757575757,0.07575757575757576,0.0,,,,,
2026-03-20,831505,MIA,HOU,7,81,15,1,20,12,0.06172839506172839,0.24691358024691357,0.14814814814814814,0.012345679012345678,,,,,
2026-03-21,831449,MIA,STL,4,72,19,3,12,4,0.18055555555555555,0.16666666666666666,0.05555555555555555,0.041666666666666664,,,,,
2026-03-22,831446,MIA,NYM,3,74,16,0,23,6,0.04054054054054054,0.3108108108108108,0.08108108108108109,0.0,4.666666666666667,0.2237186681631126,0.09315375982042647,0.018004115226337446,0.09086232697343809
2026-03-27,823893,MIA,COL,2,69,15,0,13,4,0.043478260869565216,0.18840579710144928,0.057971014492753624,0.0,4.25,0.24549170382503716,0.09013559013559014,0.013503086419753086,0.07828188036521369
2026-03-28,823892,MIA,COL,4,70,16,3,17,2,0.15714285714285714,0.24285714285714285,0.02857142857142857,0.04285714285714286,3.8,0.23407452248031957,0.08370267500702283,0.010802469135802469,0.071321156466084
2026-03-29,823891,MIA,COL,2,74,14,1,19,7,0.12162162162162163,0.25675675675675674,0.0945945945945946,0.013513513513513514,3.8333333333333335,0.23553829254312345,0.07451413393442378,0.016144914756025867,0.08562477324554618
2026-03-30,823890,MIA,CWS,4,77,17,3,22,6,0.18181818181818182,0.2857142857142857,0.07792207792207792,0.03896103896103896,3.5714285714285716,0.23856950171649965,0.07738277117159105,0.015769000292809816,0.09076718015641412
2026-03-31,823888,MIA,CWS,9,70,14,1,18,5,0.08571428571428572,0.2571428571428571,0.07142857142857142,0.014285714285714285,3.625,0.24446259971622292,0.07745018451540191,0.01866800512633846,0.10214855536413507
2026-04-01,823889,MIA,CWS,10,73,16,2,13,4,0.1643835616438356,0.1780821917808219,0.0547945205479452,0.0273972602739726,4.222222222222222,0.24587151720807116,0.07678111639464297,0.018181083921824662,0.10032252540304071
2026-04-03,823568,MIA,NYY,2,72,10,4,20,11,0.20833333333333334,0.2777777777777778,0.1527777777777778,0.05555555555555555,4.8,0.23909258466534622,0.07458245680997319,0.019102701557039456,0.10672862902712019
2026-04-04,823569,MIA,NYY,7,88,21,1,21,15,0.07954545454545454,0.23863636363636365,0.17045454545454544,0.011363636363636364,4.545454545454546,0.24260942040283998,0.08169112235250088,0.022416597375086375,0.11596542032768502
2026-04-05,823566,MIA,NYY,7,83,14,1,18,14,0.08433734939759036,0.21686746987951808,0.1686746987951807,0.012048192771084338,4.75,0.24227833233896698,0.08908807427767125,0.021495517290798873,0.11293042317916581
2026-04-06,823886,MIA,CIN,0,67,10,1,10,4,0.08955223880597014,0.14925373134328357,0.05970149253731343,0.014925373134328358,4.923076923076923,0.24032365061131705,0.09521012231747969,0.0207688000200516,0.11073095596519847
2026-04-07,823887,MIA,CIN,3,83,12,0,15,12,0.03614457831325301,0.18072289156626506,0.14457831325301204,0.0,4.571428571428571,0.2338186563778861,0.09267379161889637,0.020351412385357086,0.10921819045382501
2026-04-08,823885,MIA,CIN,7,77,21,3,17,4,0.15584415584415584,0.22077922077922077,0.05194805194805195,0.03896103896103896,4.571428571428571,0.22832916594863664,0.09758955858285612,0.020351412385357086,0.10963544388312664
2026-04-09,823884,MIA,CIN,8,79,19,1,14,9,0.12658227848101267,0.17721518987341772,0.11392405063291139,0.012658227848101266,4.571428571428571,0.22646242598665858,0.0907181231399921,0.02225250952454946,0.1163579982247286
2026-04-10,824297,MIA,DET,0,63,10,1,16,3,0.09523809523809523,0.25396825396825395,0.047619047619047616,0.015873015873015872,4.857142857142857,0.22721589192999794,0.09488730135980324,0.020180478180366217,0.11250276414797554
2026-04-11,824294,MIA,DET,1,72,12,1,13,7,0.125,0.18055555555555555,0.09722222222222222,0.013888888888888888,4.642857142857143,0.2231557092983867,0.09249715611251512,0.021314265028438778,0.116409732340658
2026-04-12,824293,MIA,DET,2,73,18,4,14,5,0.1917808219178082,0.1917808219178082,0.0684931506849315,0.0547945205479452,4.571428571428571,0.22259497775939432,0.09530081380747715,0.02230632852050227,0.12223271370711765
2026-04-13,824937,MIA,ATL,10,85,25,2,19,9,0.08235294117647059,0.2235294117647059,0.10588235294117647,0.023529411764705882,4.428571428571429,0.2189466691208704,0.0981523653870131,0.023158998355559585,0.12470685404818559
2026-04-14,824935,MIA,ATL,5,71,18,0,18,4,0.07042253521126761,0.2535211267605634,0.056338028169014086,0.0,5.0,0.21657328733572395,0.09895863384034036,0.023874419659216183,0.12190194830210335
2026-04-15,824936,MIA,ATL,3,75,19,4,19,4,0.21333333333333335,0.25333333333333335,0.05333333333333334,0.05333333333333334,5.071428571428571,0.21427377598188663,0.09741691600083581,0.021091488304856253,0.1139451164016095
2026-04-17,823883,MIA,MIL,5,87,17,1,19,11,0.12643678160919541,0.21839080459770116,0.12643678160919541,0.011494252873563218,4.642857142857143,0.2140016671383492,0.09612439899403309,0.02388060395111476,0.1230607626601129
2026-04-18,823882,MIA,MIL,2,80,13,1,9,12,0.05,0.1125,0.15,0.0125,4.285714285714286,0.2168808537681263,0.10124170335555095,0.022744674851085517,0.12035027837192432
2026-04-19,823881,MIA,MIL,5,72,13,0,23,8,0.05555555555555555,0.3194444444444444,0.1111111111111111,0.0,4.285714285714286,0.20507529821257076,0.10104329065713825,0.019669278025688693,0.1090407545624005
2026-04-20,823879,MIA,STL,5,70,11,1,17,8,0.1,0.24285714285714285,0.11428571428571428,0.014285714285714285,4.142857142857143,0.2108473039845765,0.09680447391832152,0.018857589714000384,0.1073271903488363
2026-04-21,823880,MIA,STL,3,78,18,2,21,6,0.11538461538461539,0.2692307692307692,0.07692307692307693,0.02564102564102564,4.0,0.21270370919726397,0.09291954645335963,0.019017412679331085,0.10844595110615127
2026-04-22,823878,MIA,STL,4,71,16,1,14,5,0.056338028169014086,0.19718309859154928,0.07042253521126761,0.014084507042253521,4.214285714285714,0.22127349761779871,0.09414965962377131,0.019782816429809467,0.11029112086176877
2026-04-24,823232,MIA,SF,9,84,27,3,12,6,0.20238095238095238,0.14285714285714285,0.07142857142857142,0.03571428571428571,4.285714285714286,0.22244922669103326,0.08885281833507527,0.020788852647113287,0.11173351013718028
2026-04-25,823229,MIA,SF,2,76,17,3,13,10,0.18421052631578946,0.17105263157894737,0.13157894736842105,0.039473684210526314,4.428571428571429,0.2168833639823134,0.09024428401225523,0.020556941700916632,0.11505756703266576
2026-04-26,823230,MIA,SF,3,68,10,2,13,6,0.1323529411764706,0.19117647058823528,0.08823529411764706,0.029411764705882353,4.0,0.2164431812469941,0.09150534806479164,0.02247233144108985,0.11917387044943552
2026-04-27,823961,MIA,LAD,4,78,14,1,17,12,0.07692307692307693,0.21794871794871795,0.15384615384615385,0.01282051282051282,4.214285714285714,0.21195805386270708,0.09440650852897732,0.02343938492915174,0.12182493087360517
2026-04-28,823956,MIA,LAD,2,75,15,0,17,4,0.013333333333333334,0.22666666666666666,0.05333333333333334,0.0,4.428571428571429,0.2146289940336472,0.09845107507354386,0.023363072352839163,0.11839086493953924
2026-04-29,823958,MIA,LAD,3,76,13,2,19,13,0.10526315789473684,0.25,0.17105263157894737,0.02631578947368421,4.428571428571429,0.21712084008713714,0.09736823097700113,0.019449178027985934,0.1056446157549339
2026-05-01,823877,MIA,PHI,5,80,17,1,22,7,0.1,0.275,0.0875,0.0125,3.9285714285714284,0.21901159638965814,0.10202325087969906,0.01964820500719867,0.10728105980623866
2026-05-02,823876,MIA,PHI,4,67,11,1,20,7,0.07462686567164178,0.29850746268656714,0.1044776119402985,0.014925373134328358,3.9285714285714284,0.22054580162104645,0.10424910601048376,0.020541062150055817,0.10939373586257665
2026-05-03,823875,MIA,PHI,2,76,20,2,16,3,0.14473684210526316,0.21052631578947367,0.039473684210526314,0.02631578947368421,4.0,0.22377252514627743,0.10790226876812414,0.01779763642155546,0.09948613102959869
2026-05-04,823874,MIA,PHI,0,68,14,1,15,0,0.058823529411764705,0.22058823529411764,0.0,0.014705882352941176,3.7857142857142856,0.22321077594568978,0.10169061895393348,0.018856317607278388,0.10079327820788926
2026-05-05,823873,MIA,BAL,7,84,19,2,20,10,0.13095238095238096,0.23809523809523808,0.11904761904761904,0.023809523809523808,3.642857142857143,0.23093136418098387,0.09097633323964778,0.01901388063248847,0.1014235303087296
2026-05-06,823872,MIA,BAL,4,76,13,1,16,11,0.14473684210526316,0.21052631578947367,0.14473684210526316,0.013157894736842105,3.7857142857142856,0.225120706584612,0.09154322666368406,0.020714560904597314,0.10680901783707426
2026-05-07,823870,MIA,BAL,3,73,15,1,12,6,0.0821917808219178,0.1643835616438356,0.0821917808219178,0.0136986301369863,3.7142857142857144,0.22281136179406422,0.09371830722222325,0.020634002365392156,0.11000450655887876
2026-05-08,823871,MIA,WSH,2,72,11,2,17,8,0.1111111111111111,0.2361111111111111,0.1111111111111111,0.027777777777777776,3.7142857142857144,0.21532227553785463,0.09409464321499761,0.01978097411510363,0.10763358980440038
2026-05-09,823869,MIA,WSH,8,78,23,4,13,5,0.3076923076923077,0.16666666666666666,0.0641025641025641,0.05128205128205128,3.5714285714285716,0.21810284786068052,0.09700097006498644,0.020759064881926796,0.11154595287169301
2026-05-10,823868,MIA,WSH,5,70,12,0,12,6,0.07142857142857142,0.17142857142857143,0.08571428571428572,0.0,3.5,0.21980352813278933,0.09647768382741448,0.021871048136767195,0.11906819253678982
2026-05-12,823712,MIA,MIN,0,64,6,1,17,6,0.046875,0.265625,0.09375,0.015625,3.7142857142857144,0.21983038097919108,0.0932016365664048,0.019051499264586744,0.11101233861627426
2026-05-13,823710,MIA,MIN,9,83,19,4,20,8,0.2289156626506024,0.24096385542168675,0.0963855421686747,0.04819277108433735,3.5,0.2251481330800314,0.09359554412943002,0.01806673035702372,0.10490677138938351
2026-05-14,823709,MIA,MIN,1,72,14,0,15,9,0.06944444444444445,0.20833333333333334,0.125,0.0,3.857142857142857,0.22679207147095773,0.0894912147238958,0.020593320233011185,0.11576338465563532
2026-05-15,822983,MIA,TB,2,71,18,4,13,3,0.23943661971830985,0.18309859154929578,0.04225352112676056,0.056338028169014086,3.7857142857142856,0.22548254766143394,0.09461026234294342,0.020593320233011185,0.11977132116357182
2026-05-16,822981,MIA,TB,10,88,25,1,19,6,0.11363636363636363,0.2159090909090909,0.06818181818181818,0.011363636363636364,3.7142857142857144,0.22070387562924076,0.08541032588207294,0.022737765854106175,0.1293551398652556
2026-05-17,822982,MIA,TB,3,76,18,2,10,9,0.15789473684210525,0.13157894736842105,0.11842105263157894,0.02631578947368421,4.071428571428571,0.21648309640846156,0.0840304557522028,0.022656597022937344,0.13032916583928159
2026-05-18,823867,MIA,ATL,12,76,13,2,17,10,0.09210526315789473,0.2236842105263158,0.13157894736842105,0.02631578947368421,4.0,0.20455963102859398,0.08502641580157998,0.023470198190034187,0.13627687092288612
2026-05-19,823865,MIA,ATL,4,86,18,2,24,12,0.12790697674418605,0.27906976744186046,0.13953488372093023,0.023255813953488372,4.714285714285714,0.20549948065265417,0.09160536317000102,0.02347019819003419,0.13251747242664552
2026-05-20,823866,MIA,ATL,1,70,15,2,14,2,0.12857142857142856,0.2,0.02857142857142857,0.02857142857142857,5.0,0.20967673294892147,0.1015721405786389,0.024080907590073277,0.13745200437896132
2026-05-21,823864,MIA,ATL,3,74,19,6,22,3,0.2702702702702703,0.2972972972972973,0.04054054054054054,0.08108108108108109,4.571428571428571,0.20695564451354734,0.0951095555446253,0.024421043644495044,0.13728193635175043
2026-05-22,823863,MIA,NYM,2,60,8,1,15,3,0.11666666666666667,0.25,0.05,0.016666666666666666,4.5,0.21315357176410615,0.08766696257571652,0.029272699811940688,0.1462486097921081
2026-05-23,823862,MIA,NYM,4,66,11,2,20,5,0.13636363636363635,0.30303030303030304,0.07575757575757576,0.030303030303030304,4.428571428571429,0.21926903164668934,0.08536754965986526,0.02948470242120357,0.14871110163816156
2026-05-24,823861,MIA,NYM,0,76,14,1,14,10,0.07894736842105263,0.18421052631578946,0.13157894736842105,0.013157894736842105,4.571428571428571,0.22404897392663162,0.08284229713461275,0.02966507760157875,0.15051485344191337
2026-05-25,822812,MIA,TOR,8,78,19,1,16,4,0.11538461538461539,0.20512820512820512,0.05128205128205128,0.01282051282051282,4.0,0.22530210675871182,0.08766203879645966,0.02694192356263524,0.1341759292082523
2026-05-26,822811,MIA,TOR,1,74,17,3,11,4,0.13513513513513514,0.14864864864864866,0.05405405405405406,0.04054054054054054,4.214285714285714,0.22770922345154276,0.0852025934798715,0.027857674478386156,0.137315646633684
2026-05-27,822809,MIA,TOR,1,67,16,1,21,4,0.07462686567164178,0.31343283582089554,0.05970149253731343,0.014925373134328358,4.285714285714286,0.2193537697835891,0.08236716876944679,0.02963735594556762,0.14361994200047937
2026-05-29,823623,MIA,NYM,7,84,21,3,18,6,0.17857142857142858,0.21428571428571427,0.07142857142857142,0.03571428571428571,3.7142857142857144,0.22453012552638976,0.07974687951006383,0.027261113234852693,0.13259931364483935
2026-05-30,823622,MIA,NYM,1,70,16,2,19,5,0.15714285714285714,0.2714285714285714,0.07142857142857142,0.02857142857142857,4.142857142857143,0.22495529559441696,0.07592034889781893,0.02981213364301596,0.14039409822533822
2026-05-31,823621,MIA,NYM,1,78,12,3,15,12,0.14102564102564102,0.19230769230769232,0.15384615384615385,0.038461538461538464,4.071428571428571,0.23126457987150809,0.07800428106223399,0.027828805100331276,0.1345159723270916
2026-06-01,822730,MIA,WSH,7,76,17,4,17,5,0.18421052631578946,0.2236842105263158,0.06578947368421052,0.05263157894736842,3.4285714285714284,0.22957876568569388,0.08412316218111512,0.029764369535895712,0.13647234928346855
2026-06-02,822728,MIA,WSH,7,74,15,4,17,6,0.1891891891891892,0.22972972972972974,0.08108108108108109,0.05405405405405406,3.7142857142857144,0.23615771305411495,0.08036376368487452,0.031644068784016016,0.13835204853158886
2026-06-03,822727,MIA,WSH,4,77,13,1,20,11,0.06493506493506493,0.2597402597402597,0.14285714285714285,0.012987012987012988,3.357142857142857,0.2365895358543588,0.0767567732357788,0.033625373396899576,0.1452866146766813
2026-06-05,823860,MIA,TB,0,74,14,1,20,6,0.0945945945945946,0.2702702702702703,0.08108108108108109,0.013513513513513514,3.357142857142857,0.23520885673281589,0.07699407745979399,0.032891887613579904,0.1407886209760298
2026-06-06,823859,MIA,TB,4,75,15,1,22,8,0.06666666666666667,0.29333333333333333,0.10666666666666667,0.013333333333333334,3.2857142857142856,0.24022816175212092,0.08074476692476916,0.03181632225230026,0.1383617042633988
2026-06-07,823857,MIA,TB,4,65,11,0,18,7,0.046153846153846156,0.27692307692307694,0.1076923076923077,0.0,3.357142857142857,0.23994502146898064,0.08546806164806389,0.02697719741317542,0.12381858972028426
2026-06-09,823858,MIA,AZ,10,89,25,2,15,11,0.14606741573033707,0.16853932584269662,0.12359550561797752,0.02247191011235955,3.5,0.24186809839205756,0.08958894076894301,0.02578672122269923,0.11878195968365422
2026-06-10,823856,MIA,AZ,8,75,16,2,14,6,0.13333333333333333,0.18666666666666668,0.08,0.02666666666666667,3.9285714285714284,0.23226160002151422,0.09300593575897172,0.025227355494794174,0.11947508678127569
2026-06-11,823855,MIA,AZ,2,64,8,0,17,6,0.015625,0.265625,0.09375,0.0,4.5,0.23243703861800546,0.08932172523265591,0.02619226777549593,0.1233597985607243
2026-06-12,823370,MIA,PIT,8,77,17,3,16,7,0.18181818181818182,0.2077922077922078,0.09090909090909091,0.03896103896103896,4.071428571428571,0.2367582382517051,0.09235515014108082,0.025276516859745014,0.1162341117475375
2026-06-13,823369,MIA,PIT,2,75,15,0,21,6,0.04,0.28,0.08,0.0,4.571428571428571,0.24098277819053074,0.09498765277358347,0.025163695318352046,0.11956861508204084
2026-06-14,823368,MIA,PIT,4,79,17,3,24,6,0.13924050632911392,0.3037974683544304,0.0759493670886076,0.0379746835443038,4.642857142857143,0.2385947184890382,0.09643754616377535,0.02409759723732859,0.11709526753406642
2026-06-15,823452,MIA,PHI,0,75,15,2,17,7,0.10666666666666667,0.22666666666666666,0.09333333333333334,0.02666666666666667,4.428571428571429,0.2449884152082322,0.09676046013949224,0.02425905422518702,0.11428591594532966
2026-06-16,823451,MIA,PHI,2,70,13,4,19,6,0.22857142857142856,0.2714285714285714,0.08571428571428572,0.05714285714285714,4.357142857142857,0.2417911362966676,0.09832508598983236,0.024122999803418317,0.11068047376845892
2026-06-17,823450,MIA,PHI,12,85,23,5,21,5,0.2235294117647059,0.24705882352941178,0.058823529411764705,0.058823529411764705,4.428571428571429,0.24744262766244468,0.09345852398041321,0.02545737970922679,0.11693374430744374
2026-06-19,823853,MIA,SF,4,74,19,2,13,5,0.13513513513513514,0.17567567567567569,0.06756756756756757,0.02702702702702703,4.785714285714286,0.24911224287695152,0.09296095653238136,0.0258996618852551,0.11974223612522349
2026-06-20,823854,MIA,SF,6,79,16,2,16,8,0.1518987341772152,0.20253164556962025,0.10126582278481013,0.02531645569620253,4.571428571428571,0.24525123901594764,0.09199570556713041,0.023969159954753166,0.11588123226421963
2026-06-21,823852,MIA,SF,2,63,9,1,11,4,0.07936507936507936,0.1746031746031746,0.06349206349206349,0.015873015873015872,4.714285714285714,0.24116490943233057,0.0890248969905352,0.024849834433980995,0.12209292292437321
2026-06-22,823851,MIA,TEX,3,74,16,1,20,7,0.12162162162162163,0.2702702702702703,0.0945945945945946,0.013513513513513514,4.857142857142857,0.23433154545610943,0.08776853859131968,0.025018370316802593,0.12100510040797928
2026-06-23,823849,MIA,TEX,6,79,22,5,13,6,0.25316455696202533,0.16455696202531644,0.0759493670886076,0.06329113924050633,4.785714285714286,0.2326841838087478,0.0869062477290288,0.0250312403296726,0.12493045433333319
2026-06-24,823850,MIA,TEX,4,65,12,3,18,3,0.18461538461538463,0.27692307692307694,0.046153846153846156,0.046153846153846156,4.928571428571429,0.22465803274462207,0.08463889482876451,0.029552035989708767,0.13971693367677457
2026-06-26,823039,MIA,STL,4,70,11,0,11,7,0.02857142857142857,0.15714285714285714,0.1,0.0,4.5,0.2323997292503635,0.0791073477241837,0.031243602849814953,0.14247036002570654
2026-06-27,823038,MIA,STL,5,74,20,0,15,4,0.05405405405405406,0.20270270270270271,0.05405405405405406,0.0,4.214285714285714,0.2302908857129485,0.08053591915275514,0.029338840945053048,0.13498736682842763
2026-06-28,823037,MIA,STL,1,61,10,1,11,3,0.08196721311475409,0.18032786885245902,0.04918032786885246,0.01639344262295082,4.428571428571429,0.2257964359059987,0.07770049444233042,0.029338840945053048,0.13773229926086006
2026-06-29,824339,MIA,COL,10,84,23,3,11,9,0.25,0.13095238095238096,0.10714285714285714,0.03571428571428571,3.9285714285714284,0.2238346974103024,0.07471986851088482,0.027726869778046757,0.13060008721061522
2026-06-30,824338,MIA,COL,14,88,26,4,17,8,0.23863636363636365,0.19318181818181818,0.09090909090909091,0.045454545454545456,4.5,0.213188438906901,0.07665864402108889,0.03027789018621002,0.1456000872106152
2026-07-01,824337,MIA,COL,3,67,14,4,17,2,0.26865671641791045,0.2537313432835821,0.029850746268656716,0.05970149253731343,5.214285714285714,0.20528732103742872,0.077727195722552,0.030812166036941566,0.1526997913039902
2026-07-02,824335,MIA,COL,4,84,20,2,7,11,0.14285714285714285,0.08333333333333333,0.13095238095238096,0.023809523809523808,5.428571428571429,0.20722051222435126,0.07319272521793223,0.03317179645627348,0.16427050914336475
2026-07-03,824982,MIA,ATH,12,86,20,6,20,11,0.23255813953488372,0.23255813953488372,0.12790697674418605,0.06976744186046512,5.571428571428571,0.19378513807469136,0.07642401773493904,0.030790844075321094,0.15814806016377295
2026-07-04,824983,MIA,ATH,7,80,20,3,16,7,0.1625,0.2,0.0875,0.0375,5.571428571428571,0.19274937493222508,0.08135854968725485,0.03157255210737113,0.1587929692902142
2026-07-05,824980,MIA,ATH,9,86,23,5,14,10,0.2558139534883721,0.16279069767441862,0.11627906976744186,0.05813953488372093,5.785714285714286,0.19448682666967684,0.08278229486100001,0.03232062160544062,0.1607476024948474
2026-07-07,823847,MIA,SEA,5,86,19,3,16,8,0.1511627906976744,0.18604651162790697,0.09302325581395349,0.03488372093023256,6.0,0.1916481875343053,0.08385466964547371,0.03466512726169194,0.16817011815993002
2026-07-08,823848,MIA,SEA,2,64,13,1,16,2,0.125,0.25,0.03125,0.015625,6.214285714285714,0.1924655687503576,0.0859640405256087,0.036023034765778846,0.17329852611225824
2026-07-09,823846,MIA,SEA,8,79,19,3,13,11,0.16455696202531644,0.16455696202531644,0.13924050632911392,0.0379746835443038,6.142857142857143,0.19101769230248117,0.0814394266259948,0.036173855229099314,0.173539838853571
2026-07-10,823845,MIA,CLE,2,67,9,3,12,5,0.13432835820895522,0.1791044776119403,0.07462686567164178,0.04477611940298507,6.285714285714286,0.19101769230248117,0.08596022228603098,0.03436553696508484,0.16721072492952035
2026-07-11,823844,MIA,CLE,1,75,18,0,15,6,0.06666666666666667,0.2,0.08,0.0,6.142857142857143,0.18403064949454281,0.08799400939444495,0.03426712791145191,0.16361879447191827
2026-07-12,823842,MIA,CLE,2,78,19,3,20,5,0.1282051282051282,0.2564102564102564,0.0641025641025641,0.038461538461538464,5.928571428571429,0.18709187398433874,0.08656543796587353,0.03426712791145191,0.1663398829072924
2026-07-17,823766,MIA,MIL,1,77,13,2,22,8,0.1038961038961039,0.2857142857142857,0.1038961038961039,0.025974025974025976,5.714285714285714,0.19092812782059257,0.08728318868362425,0.03701438065870465,0.1716363882037977
2026-07-18,823763,MIA,MIL,6,81,17,1,23,9,0.09876543209876543,0.2839506172839506,0.1111111111111111,0.012345679012345678,5.714285714285714,0.1984557290250088,0.0911914583998565,0.0376987080409243,0.1732027375453227
2026-07-19,823764,MIA,MIL,1,67,10,2,22,5,0.08955223880597014,0.3283582089552239,0.07462686567164178,0.029850746268656716,5.428571428571429,0.20938417447726376,0.09147490511187462,0.03602952184792859,0.16240026840952024
2026-07-20,824167,MIA,HOU,5,76,17,5,22,9,0.2236842105263158,0.2894736842105263,0.11842105263157894,0.06578947368421052,4.5,0.21903963096107842,0.0903118890234854,0.03491496476322225,0.1517514023502064
2026-07-21,824165,MIA,HOU,3,70,16,3,18,4,0.2,0.2571428571428571,0.05714285714285714,0.04285714285714286,4.642857142857143,0.221592655313003,0.09663833947797984,0.03534982055942919,0.14853908050080675
2026-07-22,824166,MIA,HOU,2,70,16,3,11,3,0.15714285714285714,0.15714285714285714,0.04285714285714286,0.04285714285714286,4.571428571428571,0.2340076212993976,0.09136623063444242,0.03671036477711626,0.152620713153868
2026-07-24,823843,MIA,SD,2,79,14,3,19,8,0.1518987341772152,0.24050632911392406,0.10126582278481013,0.0379746835443038,3.857142857142857,0.2286208154142528,0.08529124249965363,0.03478820056259325,0.14723390726872324
2026-07-25,823841,MIA,SD,2,72,16,0,8,7,0.041666666666666664,0.1111111111111111,0.09722222222222222,0.0,3.5,0.23151412463667595,0.0862745155557115,0.034822106530043515,0.1464766739956672
2026-07-26,823840,MIA,SD,3,75,18,3,18,3,0.16,0.24,0.04,0.04,3.0,0.22782272559643973,0.08491331215962439,0.03066928260977773,0.13118043922268824
2026-07-27,823839,MIA,PHI,7,82,24,3,18,6,0.1951219512195122,0.21951219512195122,0.07317073170731707,0.036585365853658534,2.857142857142857,0.23167654619444636,0.081125936744342,0.031034731114761127,0.13181166845856862
2026-07-28,823838,MIA,PHI,1,66,10,1,13,6,0.06060606060606061,0.19696969696969696,0.09090909090909091,0.015151515151515152,3.2142857142857144,0.2294988458460143,0.08412027472343607,0.03253190010430816,0.13682037925996235
2026-07-29,823837,MIA,PHI,8,74,17,3,13,9,0.1891891891891892,0.17567567567567569,0.12162162162162163,0.04054054054054054,2.7142857142857144,0.23181404119918433,0.080668030764863,0.030901673790537543,0.12939531487287265
2026-07-30,823595,MIA,NYM,2,68,13,2,17,5,0.10294117647058823,0.25,0.07352941176470588,0.029411764705882353,3.142857142857143,0.23156912677516542,0.08402479904700441,0.03059913244322008,0.13331394565717508
2026-07-31,823593,MIA,NYM,5,72,15,2,18,4,0.1388888888888889,0.25,0.05555555555555555,0.027777777777777776,3.2142857142857144,0.235140555346594,0.08356261417305484,0.03269997277935453,0.1359049820717409
2026-08-01,823594,MIA,NYM,6,76,17,3,11,5,0.13157894736842105,0.14473684210526316,0.06578947368421052,0.039473684210526314,3.4285714285714284,0.23468267988871855,0.0829521135625542,0.03193684701622877,0.13666810783486666
2026-08-02,823592,MIA,NYM,2,70,10,1,15,6,0.08571428571428572,0.21428571428571427,0.08571428571428572,0.014285714285714285,3.7857142857142856,0.2246128624880741,0.08023021140456184,0.032901108318835935,0.13864545379717502
2026-08-04,824888,MIA,ATL,2,70,15,2,13,4,0.14285714285714285,0.18571428571428572,0.05714285714285714,0.02857142857142857,3.5,0.21963679798820007,0.07841615244764574,0.03303968226693369,0.1377132290554265
2026-08-05,824889,MIA,ATL,1,69,13,0,18,4,0.043478260869565216,0.2608695652173913,0.057971014492753624,0.0,3.5714285714285716,0.20944794632813304,0.0771672946955897,0.0329483024314174,0.14152072220193881
2026-08-06,824885,MIA,ATL,3,80,22,3,12,8,0.225,0.15,0.1,0.0375,3.2857142857142856,0.20740479497148057,0.07284943482853075,0.028249054311116645,0.12864886865502806
2026-08-07,823836,MIA,LAA,3,80,18,2,15,9,0.1,0.1875,0.1125,0.025,3.2857142857142856,0.19975173374699076,0.07591065931832666,0.027866401249892155,0.13043458294074237
2026-08-08,823834,MIA,LAA,7,71,15,0,20,6,0.08450704225352113,0.28169014084507044,0.08450704225352113,0.0,3.357142857142857,0.20192010109392955,0.08088514911424503,0.026590891045810524,0.12635295028768112
2026-08-09,823835,MIA,LAA,12,84,21,3,24,9,0.15476190476190477,0.2857142857142857,0.10714285714285714,0.03571428571428571,3.7142857142857144,0.2048618019318686,0.0796880933620101,0.023878413649788825,0.12153925800741727
2026-08-11,823832,MIA,PIT,2,62,9,1,19,4,0.04838709677419355,0.3064516129032258,0.06451612903225806,0.016129032258064516,4.428571428571429,0.21733345726066675,0.08039671014205545,0.02642943405795209,0.12961748929993427
2026-08-12,823833,MIA,PIT,8,76,15,2,10,10,0.11842105263157894,0.13157894736842105,0.13157894736842105,0.02631578947368421,4.357142857142857,0.22208000103946857,0.08214786221578817,0.024724364933528125,0.12164513906951954
2026-08-13,823829,MIA,PIT,1,77,19,5,19,5,0.23376623376623376,0.24675324675324675,0.06493506493506493,0.06493506493506493,4.428571428571429,0.2157990547713593,0.08631987762015274,0.02399082376352996,0.11616650345609572
2026-08-14,824479,MIA,CIN,0,64,10,0,14,4,0.03125,0.21875,0.0625,0.0,4.428571428571429,0.2193550226130414,0.08446459005057945,0.027546791605212086,0.12853508725325094
2026-08-15,824480,MIA,CIN,8,83,22,4,21,4,0.1927710843373494,0.25301204819277107,0.04819277108433735,0.04819277108433735,3.857142857142857,0.22243176006477888,0.08024161707760648,0.02465103870945919,0.1172537165968803
2026-08-16,824477,MIA,CIN,7,78,12,3,16,12,0.1282051282051282,0.20512820512820512,0.15384615384615385,0.038461538461538464,4.285714285714286,0.22264690636426251,0.07843185702900872,0.025992539165063118,0.12367013858736323
2026-08-17,823427,MIA,PHI,5,85,25,1,11,11,0.07058823529411765,0.12941176470588237,0.12941176470588237,0.011764705882352941,4.428571428571429,0.2194417781591343,0.08545261404976576,0.02675566492818888,0.12290701282423747
2026-08-18,823423,MIA,PHI,4,74,15,1,17,9,0.05405405405405406,0.22972972972972974,0.12162162162162163,0.013513513513513514,4.357142857142857,0.21834712977346427,0.08999706340845659,0.024776452190462213,0.11855053339035866
2026-08-19,823424,MIA,PHI,1,69,17,2,11,2,0.10144927536231885,0.15942028985507245,0.028985507246376812,0.028985507246376812,4.5,0.21945027373375106,0.09256187311612345,0.024721294992447875,0.11628908827177067
2026-08-21,823830,MIA,WSH,2,77,15,1,14,10,0.06493506493506493,0.18181818181818182,0.12987012987012986,0.012987012987012988,4.428571428571429,0.2175721311723787,0.09055063383780342,0.02475087204065846,0.11333138345071182
2026-08-22,823831,MIA,WSH,4,66,10,2,12,5,0.12121212121212122,0.18181818181818182,0.07575757575757576,0.030303030303030304,4.5,0.21192560378672085,0.09568628493618744,0.025678515825445104,0.11486401231253322
2026-08-23,823827,MIA,WSH,6,75,13,0,15,9,0.08,0.2,0.12,0.0,4.571428571428571,0.21419833105944816,0.09395468320458569,0.02516444656137584,0.10745059239911332
2026-08-24,823828,MIA,BOS,2,84,18,0,14,10,0.08333333333333333,0.16666666666666666,0.11904761904761904,0.0,4.785714285714286,0.21509118820230527,0.09449039749029998,0.023378732275661555,0.10602202097054189
2026-08-25,823826,MIA,BOS,3,90,14,4,21,10,0.14444444444444443,0.23333333333333334,0.1111111111111111,0.044444444444444446,4.428571428571429,0.2068752257609907,0.09695758154702128,0.023378732275661555,0.1059381846190999
2026-08-26,823825,MIA,BOS,4,74,15,0,12,6,0.013513513513513514,0.16216216216216217,0.08108108108108109,0.0,3.7857142857142856,0.20313372916235126,0.09724102825903942,0.02400231504210146,0.10520122316785274
2026-08-28,822691,MIA,WSH,2,71,12,3,12,10,0.19718309859154928,0.16901408450704225,0.14084507042253522,0.04225352112676056,3.9285714285714284,0.1928273398237039,0.09842423911966962,0.02285024130938257,0.10271025293494702
2026-08-29,822690,MIA,WSH,4,83,15,1,24,8,0.07228915662650602,0.2891566265060241,0.0963855421686747,0.012048192771084338,3.5,0.19550127819074828,0.09908610505210635,0.023988650713173736,0.1083361133606592
2026-08-30,822688,MIA,WSH,6,74,10,1,15,12,0.06756756756756757,0.20270270270270271,0.16216216216216217,0.013513513513513514,3.7142857142857144,0.19853009103023236,0.1013325677116499,0.02021101698717512,0.0968020364221072
2026-08-31,822689,MIA,WSH,3,74,22,2,16,5,0.0945945945945946,0.21621621621621623,0.06756756756756757,0.02702702702702703,4.142857142857143,0.19738385550899684,0.10845129358037578,0.021176267952426085,0.09939614839121917
2026-09-01,824070,MIA,KC,6,72,14,3,14,5,0.16666666666666666,0.19444444444444445,0.06944444444444445,0.041666666666666664,3.7857142857142856,0.19475558179638577,0.10983520761489222,0.019664429091189633,0.0923835419810224
2026-09-02,824068,MIA,KC,9,85,22,6,17,8,0.2823529411764706,0.2,0.09411764705882353,0.07058823529411765,3.7142857142857144,0.19399245603325999,0.1038065140861987,0.019893366820127368,0.09513079472827515
2026-09-03,824069,MIA,KC,3,71,17,3,15,3,0.23943661971830985,0.2112676056338028,0.04225352112676056,0.04225352112676056,4.0,0.19903447283998268,0.10128550568283735,0.02409504749239627,0.11025684514844322
2026-09-04,823824,MIA,CHC,1,74,13,1,14,8,0.08108108108108109,0.1891891891891892,0.10810810810810811,0.013513513513513514,3.9285714285714284,0.19771574969027364,0.09561635564749013,0.02614790517905678,0.12349845698160435
2026-03-20,831796,MIL,AZ,7,77,21,3,12,7,0.23376623376623376,0.15584415584415584,0.09090909090909091,0.03896103896103896,,,,,
2026-03-21,831767,MIL,SD,6,68,14,4,16,3,0.22058823529411764,0.23529411764705882,0.04411764705882353,0.058823529411764705,,,,,
2026-03-22,831789,MIL,CHC,0,79,18,2,15,9,0.1518987341772152,0.189873417721519,0.11392405063291139,0.02531645569620253,,,,,
2026-03-23,832078,MIL,CIN,9,73,16,3,14,6,0.2054794520547945,0.1917808219178082,0.0821917808219178,0.0410958904109589,4.333333333333333,0.19367056373757788,0.08298359620027528,0.04103367468966873,0.20208440107918887
2026-03-24,832077,MIL,CIN,4,71,16,2,20,3,0.09859154929577464,0.28169014084507044,0.04225352112676056,0.028169014084507043,5.5,0.19319812828263547,0.08278564235568592,0.041049228619991274,0.2029331638230903
2026-03-26,823812,MIL,CWS,14,81,16,4,23,15,0.1728395061728395,0.2839506172839506,0.18518518518518517,0.04938271604938271,5.2,0.21089653079512244,0.07467921810990083,0.038473185712894424,0.18206484091762715
2026-03-28,823811,MIL,CWS,6,77,19,1,20,9,0.1038961038961039,0.2597402597402597,0.11688311688311688,0.012987012987012988,6.666666666666667,0.22307221187659385,0.0930968792891149,0.04029144076897581,0.18052728512682922
2026-03-29,823810,MIL,CWS,9,81,20,5,24,12,0.2222222222222222,0.2962962962962963,0.14814814814814814,0.06172839506172839,6.571428571428571,0.22831050442854608,0.09649491323111517,0.03639080822869541,0.1695799735224399
2026-03-30,823809,MIL,TB,2,71,13,3,21,4,0.15492957746478872,0.29577464788732394,0.056338028169014086,0.04225352112676056,6.875,0.23680872841201486,0.10295156759574431,0.03955800658282453,0.17616025460991266
2026-03-31,823807,MIL,TB,6,72,14,4,14,7,0.2222222222222222,0.19444444444444445,0.09722222222222222,0.05555555555555555,6.333333333333333,0.24336049724260475,0.09777228543721872,0.03985750819881742,0.17380129048267667
2026-04-01,823806,MIL,TB,8,72,14,2,21,5,0.1111111111111111,0.2916666666666667,0.06944444444444445,0.027777777777777776,6.3,0.23846889196278873,0.09771727911571906,0.041427312934491235,0.17864338365663124
2026-04-04,824132,MIL,KC,5,81,18,1,21,12,0.12345679012345678,0.25925925925925924,0.14814814814814814,0.012345679012345678,6.454545454545454,0.2433050532995049,0.09514702141833048,0.04018644610206274,0.17250408615249302
2026-04-04,824134,MIL,KC,2,75,15,1,21,10,0.10666666666666667,0.28,0.13333333333333333,0.013333333333333334,6.333333333333333,0.24463457046281778,0.09956378197914861,0.03786638217791965,0.16841681148340668
2026-04-05,824131,MIL,KC,8,83,19,2,20,12,0.1686746987951807,0.24096385542168675,0.14457831325301204,0.024096385542168676,6.0,0.24735498811952408,0.10216143977562436,0.03597922457448993,0.16366680034365746
2026-04-06,824783,MIL,BOS,8,88,22,1,15,11,0.09090909090909091,0.17045454545454544,0.125,0.011363636363636364,6.142857142857143,0.24689847864110712,0.10519121645258063,0.03513045035789556,0.1640245073759091
2026-04-07,824780,MIL,BOS,2,67,8,0,19,8,0.014925373134328358,0.2835820895522388,0.11940298507462686,0.0,6.214285714285714,0.24794207789899209,0.10762628138764556,0.03315920731522394,0.15382042574325605
2026-04-08,824779,MIL,BOS,0,73,11,0,13,11,0.0136986301369863,0.1780821917808219,0.1506849315068493,0.0,5.928571428571429,0.2513912187493621,0.1130038055316315,0.028957526642955034,0.1391302213032711
2026-04-10,823808,MIL,WSH,3,75,15,1,13,7,0.09333333333333334,0.17333333333333334,0.09333333333333334,0.013333333333333334,5.928571428571429,0.2505489883250266,0.1156295827369128,0.02714920837894057,0.1292587853003976
2026-04-11,823805,MIL,WSH,1,74,11,1,12,11,0.08108108108108109,0.16216216216216217,0.14864864864864866,0.013513513513513514,5.5,0.24923131056899267,0.11642540791629961,0.025166168587681604,0.12124834824886466
2026-04-12,823804,MIL,WSH,6,80,21,5,12,4,0.2125,0.15,0.05,0.0625,5.285714285714286,0.24069359780592778,0.12402505988214876,0.02411934711832492,0.1199976005192437
2026-04-14,823802,MIL,TOR,7,91,25,4,19,9,0.17582417582417584,0.2087912087912088,0.0989010989010989,0.04395604395604396,4.714285714285714,0.2311256965713599,0.11436897522606412,0.02505629597194044,0.12283049293546945
2026-04-15,823803,MIL,TOR,2,67,10,0,12,7,0.0,0.1791044776119403,0.1044776119402985,0.0,4.785714285714286,0.22748647864642768,0.11308454537020567,0.027268369612585507,0.12796821235890316
2026-04-16,823801,MIL,TOR,2,66,13,0,16,4,0.06060606060606061,0.24242424242424243,0.06060606060606061,0.0,4.285714285714286,0.219115634454688,0.10996522135535927,0.022859198536747765,0.1120951964858873
2026-04-17,823883,MIL,MIA,7,87,17,1,19,11,0.12643678160919541,0.21839080459770116,0.12643678160919541,0.011494252873563218,4.285714285714286,0.21530489120732502,0.11027008081514832,0.019841089884836297,0.10535780242454958
2026-04-18,823882,MIL,MIA,5,80,13,1,9,12,0.05,0.1125,0.15,0.0125,4.357142857142857,0.2170153455039862,0.11235683505707496,0.016693853978979704,0.09851598523790481
2026-04-19,823881,MIL,MIA,3,72,13,0,23,8,0.05555555555555555,0.3194444444444444,0.1111111111111111,0.0,4.142857142857143,0.20421772645636718,0.11811080331104322,0.015602584137709862,0.09415090587282544
2026-04-21,824290,MIL,DET,12,87,25,0,14,8,0.08045977011494253,0.16091954022988506,0.09195402298850575,0.0,4.0,0.20851666825530896,0.11546530066554057,0.014720749922542313,0.08930081768940391
2026-04-22,824286,MIL,DET,2,73,15,2,15,8,0.1095890410958904,0.2054794520547945,0.1095890410958904,0.0273972602739726,4.714285714285714,0.20001092112887217,0.11250963564091003,0.01376836897016136,0.08742889650713791
2026-04-23,824288,MIL,DET,4,70,17,3,14,5,0.18571428571428572,0.2,0.07142857142857142,0.04285714285714286,4.285714285714286,0.19747632088837988,0.11001040191540135,0.014004145736718784,0.08320849238576003
2026-04-24,823800,MIL,PIT,0,69,10,1,14,4,0.07246376811594203,0.2028985507246377,0.057971014492753624,0.014492753623188406,4.0,0.1995867104987695,0.10618387130315644,0.01625368191482639,0.0899802920147025
2026-04-25,823799,MIL,PIT,3,82,15,0,26,6,0.024390243902439025,0.3170731707317073,0.07317073170731707,0.0,3.857142857142857,0.19382360058251227,0.10179587340445122,0.01728887860219699,0.09409017737053206
2026-04-26,823797,MIL,PIT,5,68,9,0,25,6,0.058823529411764705,0.36764705882352944,0.08823529411764706,0.0,4.071428571428571,0.20375152765043267,0.09625914484734177,0.01728887860219699,0.0948538640680644
2026-04-28,823798,MIL,AZ,13,79,18,1,10,11,0.06329113924050633,0.12658227848101267,0.13924050632911392,0.012658227848101266,4.214285714285714,0.21763107947116095,0.09589499918907847,0.01633649764981604,0.09238887807366662
2026-04-29,823796,MIL,AZ,2,78,17,4,20,8,0.20512820512820512,0.2564102564102564,0.10256410256410256,0.05128205128205128,5.071428571428571,0.2150896592082217,0.09522298902339742,0.016275405816572306,0.091118167942197
2026-04-30,823795,MIL,AZ,13,77,20,2,19,8,0.12987012987012986,0.24675324675324675,0.1038961038961039,0.025974025974025976,4.785714285714286,0.2226903918089543,0.09897756777797616,0.015474123765290256,0.09059161116564023
2026-05-01,822744,MIL,WSH,6,79,14,0,20,10,0.05063291139240506,0.25316455696202533,0.12658227848101267,0.0,5.214285714285714,0.22540196594909986,0.09933435384904796,0.01418969390943183,0.0873091793117798
2026-05-02,822746,MIL,WSH,4,77,16,0,12,7,0.025974025974025976,0.15584415584415584,0.09090909090909091,0.0,5.5,0.2306919716169631,0.1009132586019561,0.01418969390943183,0.09092581583980873
2026-05-03,822742,MIL,WSH,2,64,11,0,15,3,0.0625,0.234375,0.046875,0.0,5.642857142857143,0.2245076797183855,0.10307776076645826,0.01418969390943183,0.08845209908037768
2026-05-04,823064,MIL,STL,3,81,22,1,16,8,0.12345679012345678,0.19753086419753085,0.09876543209876543,0.012345679012345678,5.285714285714286,0.22564940796140684,0.09739477636580145,0.013368675847034455,0.0838851861082923
2026-05-06,823063,MIL,STL,6,75,15,1,15,7,0.08,0.2,0.09333333333333334,0.013333333333333334,5.142857142857143,0.2317230411183733,0.09373516437285612,0.013357652919344863,0.08913209968853922
2026-05-08,823794,MIL,NYY,6,66,11,0,21,5,0.030303030303030304,0.3181818181818182,0.07575757575757576,0.0,5.357142857142857,0.22319129508662727,0.09246532310301488,0.014310033871725815,0.09087813143457095
2026-05-09,823792,MIL,NYY,3,80,13,2,23,9,0.0875,0.2875,0.1125,0.025,4.928571428571429,0.2344243149403368,0.09130843401509128,0.014310033871725815,0.08729550716229152
2026-05-10,823793,MIL,NYY,3,74,12,2,22,11,0.10810810810810811,0.2972972972972973,0.14864864864864866,0.02702702702702703,5.0,0.2402829255078515,0.09151635965109912,0.014138800995013487,0.08571771851258506
2026-05-12,823790,MIL,SD,6,73,19,2,22,5,0.136986301369863,0.3013698630136986,0.0684931506849315,0.0273972602739726,4.928571428571429,0.24723273245765842,0.09703207945253321,0.013008078435719498,0.0801744201121438
2026-05-13,823791,MIL,SD,1,71,15,1,20,3,0.056338028169014086,0.28169014084507044,0.04225352112676056,0.014084507042253521,5.357142857142857,0.25426639762116277,0.09778366060911733,0.013929828910775512,0.08478317248742388
2026-05-14,823789,MIL,SD,7,78,17,0,21,10,0.08974358974358974,0.2692307692307692,0.1282051282051282,0.0,5.214285714285714,0.2517390383435459,0.09557528842479188,0.014935865128079333,0.08706515707789353
2026-05-15,823707,MIL,MIN,3,73,17,0,14,2,0.0273972602739726,0.1917808219178082,0.0273972602739726,0.0,5.357142857142857,0.2447093033726344,0.09843027657389768,0.014935865128079333,0.08927373281588102
2026-05-16,823706,MIL,MIN,2,71,12,2,19,4,0.14084507042253522,0.2676056338028169,0.056338028169014086,0.028169014084507043,4.642857142857143,0.24936634218954837,0.09044147328424472,0.014031705996072102,0.0867098843182715
2026-05-17,823708,MIL,MIN,4,77,16,3,13,8,0.2077922077922078,0.16883116883116883,0.1038961038961039,0.03896103896103896,4.642857142857143,0.2501660120033027,0.0871396108274527,0.012380774767676085,0.08211823183929505
2026-05-18,824680,MIL,CHC,9,78,20,3,14,7,0.1794871794871795,0.1794871794871795,0.08974358974358974,0.038461538461538464,4.0,0.24460014929458282,0.0871396108274527,0.013308418552462726,0.08768409454801489
2026-05-19,824677,MIL,CHC,5,78,17,1,20,5,0.0641025641025641,0.2564102564102564,0.0641025641025641,0.01282051282051282,4.214285714285714,0.239337479474951,0.08450827591763677,0.016055671299715475,0.0968879708404988
2026-05-20,824678,MIL,CHC,5,69,10,0,22,6,0.043478260869565216,0.3188405797101449,0.08695652173913043,0.0,4.285714285714286,0.2465207723725296,0.08259352400288486,0.016971422215466388,0.09961143784968009
2026-05-22,823788,MIL,LAD,5,73,12,1,13,9,0.0547945205479452,0.1780821917808219,0.1232876712328767,0.0136986301369863,4.5,0.2525540280661113,0.08545648984139417,0.016971422215466388,0.09825274219750617
2026-05-23,823787,MIL,LAD,3,84,15,1,16,16,0.13095238095238096,0.19047619047619047,0.19047619047619047,0.011904761904761904,4.642857142857143,0.25116483717920357,0.08720807835097355,0.017068061581512146,0.09334829437068391
2026-05-24,823786,MIL,LAD,1,73,13,1,19,7,0.0821917808219178,0.2602739726027397,0.0958904109589041,0.0136986301369863,4.428571428571429,0.25048456507036004,0.09414685386117762,0.016966020765185618,0.09698775015299686
2026-05-25,823784,MIL,STL,5,68,13,1,25,5,0.07352941176470588,0.36764705882352944,0.07352941176470588,0.014705882352941176,4.071428571428571,0.24634829038614017,0.09558491351841536,0.017944494346398925,0.10069408947577452
2026-05-26,823785,MIL,STL,6,72,17,2,17,5,0.125,0.2361111111111111,0.06944444444444445,0.027777777777777776,4.214285714285714,0.25207308030210657,0.0928013000730372,0.017209200228751866,0.09969619031611066
2026-05-27,823783,MIL,STL,2,65,11,0,18,2,0.07692307692307693,0.27692307692307694,0.03076923076923077,0.0,4.428571428571429,0.2477026384316647,0.08714385691559405,0.01726282528237692,0.10090275402267436
2026-05-29,824191,MIL,HOU,5,81,10,3,18,11,0.13580246913580246,0.2222222222222222,0.13580246913580246,0.037037037037037035,4.142857142857143,0.2459564394251917,0.0844492912073297,0.015305878119950305,0.0966125237050468
2026-05-30,824190,MIL,HOU,2,75,18,2,17,5,0.12,0.22666666666666666,0.06666666666666667,0.02666666666666667,4.428571428571429,0.2417087309521311,0.09113135892226128,0.016945344548149128,0.10228855520267453
2026-05-31,824187,MIL,HOU,2,63,7,1,18,2,0.07936507936507936,0.2857142857142857,0.031746031746031744,0.015873015873015872,4.071428571428571,0.23866843791183806,0.08673575452665687,0.01885010645291103,0.1044497273638467
2026-06-01,823781,MIL,SF,16,87,23,1,16,16,0.14942528735632185,0.1839080459770115,0.1839080459770115,0.011494252873563218,4.0,0.24537797104015788,0.0870463810603754,0.019983893300983595,0.1081617144417829
2026-06-02,823782,MIL,SF,8,80,22,2,20,9,0.1375,0.25,0.1125,0.025,5.0,0.23939957190974323,0.09615852518951806,0.01879283892877332,0.1087745870799105
2026-06-03,823780,MIL,SF,0,68,11,1,14,5,0.058823529411764705,0.20588235294117646,0.07352941176470588,0.014705882352941176,5.285714285714286,0.24519734556465975,0.09677308919693921,0.017795621860127682,0.10375371509475281
2026-06-04,823779,MIL,SF,9,95,31,5,13,10,0.23157894736842105,0.1368421052631579,0.10526315789473684,0.05263157894736842,4.642857142857143,0.24708271509708807,0.09561493362701894,0.01609878928094216,0.09513488294650889
2026-06-05,824350,MIL,COL,9,92,19,1,19,12,0.09782608695652174,0.20652173913043478,0.13043478260869565,0.010869565217391304,4.928571428571429,0.23854213287229534,0.09855497604074556,0.018942436861431846,0.10709748175121296
2026-06-06,824351,MIL,COL,7,83,18,5,19,10,0.20481927710843373,0.2289156626506024,0.12048192771084337,0.060240963855421686,5.214285714285714,0.23051935854517322,0.10166056610285737,0.019718834376959794,0.11097946932885272
2026-06-07,824349,MIL,COL,12,79,24,2,12,4,0.25316455696202533,0.1518987341772152,0.05063291139240506,0.02531645569620253,5.357142857142857,0.2341503207501575,0.10146015585128355,0.02304328678541947,0.1216955233688876
2026-06-08,824998,MIL,ATH,15,116,34,11,35,11,0.31896551724137934,0.3017241379310345,0.09482758620689655,0.09482758620689655,6.0,0.2313947881573736,0.09147135020244175,0.02400126491337951,0.13042496451243363
2026-06-09,824999,MIL,ATH,5,77,18,6,21,7,0.2727272727272727,0.2727272727272727,0.09090909090909091,0.07792207792207792,7.0,0.23435551425225176,0.09139543414872693,0.02979619034694453,0.14733737425668086
2026-06-10,824996,MIL,ATH,3,72,20,5,14,5,0.2638888888888889,0.19444444444444445,0.06944444444444445,0.06944444444444445,7.0,0.2275755295310906,0.09263683980189728,0.03431163288759715,0.1615657928968642
2026-06-12,823778,MIL,PHI,6,65,10,1,23,5,0.09230769230769231,0.35384615384615387,0.07692307692307693,0.015384615384615385,6.785714285714286,0.2245993390549001,0.09263683980189727,0.03728782336378763,0.17148642781749915
2026-06-13,823776,MIL,PHI,8,90,29,5,21,7,0.18888888888888888,0.23333333333333334,0.07777777777777778,0.05555555555555555,7.071428571428571,0.2300938445494056,0.09593354309860057,0.038386724462688725,0.17258532891640024
2026-06-14,823777,MIL,PHI,4,66,14,2,11,1,0.12121212121212122,0.16666666666666666,0.015151515151515152,0.030303030303030304,7.285714285714286,0.2308874953430564,0.0917889222873131,0.03970947578544005,0.17637721604162074
2026-06-16,823775,MIL,CLE,2,66,8,2,16,7,0.10606060606060606,0.24242424242424243,0.10606060606060606,0.030303030303030304,7.428571428571429,0.2266017810573421,0.08810926860765943,0.03996921604518031,0.1764637961282008
2026-06-17,823774,MIL,CLE,9,70,14,3,22,5,0.18571428571428572,0.3142857142857143,0.07142857142857142,0.04285714285714286,7.428571428571429,0.2235096351080533,0.09341745248727186,0.04099993136160991,0.17837061946359553
2026-06-18,823772,MIL,CLE,2,83,12,3,22,17,0.14457831325301204,0.26506024096385544,0.20481927710843373,0.03614457831325301,6.928571428571429,0.23282232570153205,0.08538320430524042,0.04324013778900846,0.1809626907748787
2026-06-19,824910,MIL,ATL,2,72,18,1,17,5,0.08333333333333333,0.2361111111111111,0.06944444444444445,0.013888888888888888,6.5,0.23389805719895032,0.09197743838441427,0.044036179097097956,0.18146828457866526
2026-06-20,824909,MIL,ATL,3,67,14,2,19,1,0.1044776119402985,0.2835820895522388,0.014925373134328358,0.029850746268656716,6.642857142857143,0.23605725421108853,0.0916856550043956,0.04397782242109422,0.1832189848587773
2026-06-21,824908,MIL,ATL,9,77,20,2,18,4,0.12987012987012986,0.23376623376623376,0.05194805194805195,0.025974025974025976,6.214285714285714,0.24653868166030857,0.08523295609293786,0.042350620086900534,0.17414031804248284
2026-06-22,824502,MIL,CIN,2,68,5,0,25,3,0.014705882352941176,0.36764705882352944,0.04411764705882353,0.0,6.214285714285714,0.24848471699143707,0.07962676104574899,0.04342951014094587,0.1764291782505977
2026-06-23,824501,MIL,CIN,2,64,6,0,27,4,0.03125,0.421875,0.0625,0.0,5.857142857142857,0.25839410243236044,0.07417216957060473,0.039126584151272896,0.16284965005377683
2026-06-24,824500,MIL,CIN,6,90,22,3,14,15,0.2,0.15555555555555556,0.16666666666666666,0.03333333333333333,5.142857142857143,0.2776781214197022,0.07501981875686152,0.03731826588725843,0.14699861027077502
2026-06-26,823773,MIL,CHC,6,75,14,3,16,12,0.18666666666666668,0.21333333333333335,0.16,0.04,4.5,0.2672375083928823,0.0801511816468451,0.03292581925343248,0.13850107332496217
2026-06-27,823770,MIL,CHC,2,71,14,4,16,6,0.2112676056338028,0.22535211267605634,0.08450704225352113,0.056338028169014086,4.571428571428571,0.262995084150458,0.08508624658191004,0.030217099401855487,0.13235388717777605
2026-06-28,823769,MIL,CHC,3,83,14,1,24,10,0.07228915662650602,0.2891566265060241,0.12048192771084337,0.012048192771084338,4.5,0.26520277473843035,0.08616214642541552,0.029280926810753314,0.12859522408812704
2026-06-29,823771,MIL,CIN,5,74,16,3,16,7,0.17567567567567569,0.21621621621621623,0.0945945945945946,0.04054054054054054,4.285714285714286,0.26058209421413536,0.08927349291025598,0.02904261090978681,0.12716532868232802
2026-06-30,823768,MIL,CIN,7,73,20,3,22,4,0.1780821917808219,0.3013698630136986,0.0547945205479452,0.0410958904109589,4.071428571428571,0.2593594429914841,0.09047469411145717,0.02797010983728574,0.12622152773852707
2026-07-01,823767,MIL,CIN,4,74,16,1,14,8,0.14864864864864866,0.1891891891891892,0.10810810810810811,0.013513513513513514,4.285714285714286,0.26898109987341495,0.09330633735405933,0.028741028416423498,0.13028367563629142
2026-07-02,823765,MIL,CIN,2,75,15,4,20,5,0.17333333333333334,0.26666666666666666,0.06666666666666667,0.05333333333333334,4.428571428571429,0.26517859607091115,0.09345258750030946,0.027541777217172297,0.13332567867829445
2026-07-03,825062,MIL,AZ,7,95,21,1,17,8,0.05263157894736842,0.17894736842105263,0.08421052631578947,0.010526315789473684,3.9285714285714284,0.26177723552669346,0.09311245144588769,0.02829007653690019,0.13244132493679786
2026-07-04,825063,MIL,AZ,3,70,16,3,19,4,0.18571428571428572,0.2714285714285714,0.05714285714285714,0.04285714285714286,4.285714285714286,0.25562631605935043,0.08449754067498454,0.026460200642344524,0.1258737010578233
2026-07-05,825061,MIL,AZ,3,73,14,1,11,6,0.0958904109589041,0.1506849315068493,0.0821917808219178,0.0136986301369863,4.357142857142857,0.25814899179631184,0.08361885586772831,0.028529361640076946,0.13318662622789132
2026-07-06,823036,MIL,STL,4,74,15,0,15,5,0.05405405405405406,0.20270270270270271,0.06756756756756757,0.0,4.357142857142857,0.24865633765021264,0.08842359927398469,0.027375639059243347,0.13257325472922032
2026-07-07,823035,MIL,STL,10,78,15,2,11,8,0.14102564102564102,0.14102564102564102,0.10256410256410256,0.02564102564102564,4.0,0.24643751400281752,0.08953927896109294,0.02552035148967006,0.12715782074235776
2026-07-07,823062,MIL,STL,4,74,15,2,18,5,0.16216216216216217,0.24324324324324326,0.06756756756756757,0.02702702702702703,4.571428571428571,0.23025026987439692,0.09371402578289859,0.027351853321171897,0.1361806606475506
2026-07-08,823032,MIL,STL,1,67,14,2,16,2,0.16417910447761194,0.23880597014925373,0.029850746268656716,0.029850746268656716,4.714285714285714,0.21749085867748574,0.0940759948948677,0.029282355251673827,0.14553152937341934
2026-07-09,823034,MIL,STL,8,77,16,3,15,6,0.15584415584415584,0.19480519480519481,0.07792207792207792,0.03896103896103896,4.357142857142857,0.2234373168627499,0.08430342915215272,0.029033599032768354,0.142972893978963
2026-07-11,823356,MIL,PIT,2,72,14,1,15,7,0.09722222222222222,0.20833333333333334,0.09722222222222222,0.013888888888888888,4.5,0.22211387839645427,0.07844072043230112,0.02895938752998542,0.1407712860630694
2026-07-11,823357,MIL,PIT,6,78,16,4,17,8,0.20512820512820512,0.21794871794871795,0.10256410256410256,0.05128205128205128,4.5,0.2208982513005455,0.07934894757292264,0.02592730615283362,0.13262518724795652
2026-07-12,823358,MIL,PIT,5,82,23,3,18,7,0.21951219512195122,0.21951219512195122,0.08536585365853659,0.036585365853658534,4.714285714285714,0.21581197211788078,0.07806910291958401,0.02872972461790269,0.1421136907123636
2026-07-17,823766,MIL,MIA,1,77,13,2,22,8,0.1038961038961039,0.2857142857142857,0.1038961038961039,0.025974025974025976,4.714285714285714,0.21604739918257615,0.077409907138437,0.02844721214026826,0.14524487067281183
2026-07-18,823763,MIL,MIA,8,81,17,1,23,9,0.09876543209876543,0.2839506172839506,0.1111111111111111,0.012345679012345678,4.285714285714286,0.2149291436611895,0.08091716309187691,0.027367078966201618,0.139945864395332
2026-07-19,823764,MIL,MIA,0,67,10,2,22,5,0.08955223880597014,0.3283582089552239,0.07462686567164178,0.029850746268656716,4.571428571428571,0.2216978170965296,0.08113166330637712,0.027283662216118203,0.13638277749891176
2026-07-20,823762,MIL,NYM,8,74,16,3,23,7,0.1891891891891892,0.3108108108108108,0.0945945945945946,0.04054054054054054,4.428571428571429,0.22610435583142655,0.08170024894958963,0.025606334568641306,0.1303984136041001
2026-07-21,823760,MIL,NYM,0,72,17,2,10,5,0.1111111111111111,0.1388888888888889,0.06944444444444445,0.027777777777777776,4.5,0.2355231731449807,0.08244196811236142,0.027750207765146077,0.140152528621373
2026-07-22,823761,MIL,NYM,4,74,16,2,24,7,0.16216216216216217,0.32432432432432434,0.0945945945945946,0.02702702702702703,4.285714285714286,0.2260560529635748,0.08332065291961767,0.026673110259477145,0.13482373043543197
2026-07-24,823759,MIL,COL,2,75,18,2,16,4,0.14666666666666667,0.21333333333333335,0.05333333333333334,0.02666666666666667,4.357142857142857,0.23845886673625158,0.08420656818909458,0.02762513860876577,0.13955742694995038
2026-07-25,823758,MIL,COL,8,77,20,1,16,7,0.09090909090909091,0.2077922077922078,0.09090909090909091,0.012987012987012988,4.214285714285714,0.23921819749558235,0.08318983717236357,0.029529900513527673,0.14617261356513703
2026-07-26,823755,MIL,COL,11,73,19,3,18,3,0.273972602739726,0.2465753424657534,0.0410958904109589,0.0410958904109589,4.071428571428571,0.24398723797890856,0.08235733633986274,0.028626042466812485,0.14259285998538343
2026-07-27,823195,MIL,SF,0,61,9,1,13,6,0.06557377049180328,0.21311475409836064,0.09836065573770492,0.01639344262295082,4.571428571428571,0.2442252450662307,0.08046650225724783,0.029630961279950473,0.15057932002663796
2026-07-28,823193,MIL,SF,8,80,20,1,12,7,0.1,0.15,0.0875,0.0125,4.5,0.24239015820545262,0.08536006721932268,0.028669725305257198,0.14353608188479453
2026-07-29,823192,MIL,SF,3,89,25,2,12,11,0.11235955056179775,0.1348314606741573,0.12359550561797752,0.02247191011235955,4.5,0.2391897871479387,0.08604420451060286,0.026779651093754412,0.13954721361021194
2026-07-31,823999,MIL,LAA,6,76,13,3,18,9,0.14473684210526316,0.23684210526315788,0.11842105263157894,0.039473684210526314,4.571428571428571,0.233939653386569,0.0879280104674425,0.02739272403828803,0.14062845134875307
2026-08-01,824000,MIL,LAA,3,70,10,1,22,6,0.08571428571428572,0.3142857142857143,0.08571428571428572,0.014285714285714285,4.571428571428571,0.2352891810518861,0.08906064975797653,0.02654926924746482,0.1363147825614001
2026-08-02,823996,MIL,LAA,0,64,9,1,22,7,0.046875,0.34375,0.109375,0.015625,4.428571428571429,0.24205871813501206,0.08908553776195863,0.024956436992611658,0.1267577890322811
2026-08-03,823757,MIL,PIT,3,77,14,0,25,9,0.012987012987012988,0.3246753246753247,0.11688311688311688,0.0,4.357142857142857,0.2462041262982774,0.08947688748366549,0.024217220851609805,0.12268485303970225
2026-08-04,823756,MIL,PIT,4,71,16,4,19,4,0.16901408450704225,0.2676056338028169,0.056338028169014086,0.056338028169014086,4.0,0.24911303396908982,0.08988917361023732,0.023335386636442256,0.11655782310314851
2026-08-05,823753,MIL,PIT,4,64,7,2,24,9,0.109375,0.375,0.140625,0.03125,4.285714285714286,0.24477356431534644,0.08858282807433535,0.025227335343610637,0.12223366922465365
2026-08-06,823754,MIL,PIT,5,67,12,3,19,6,0.1791044776119403,0.2835820895522388,0.08955223880597014,0.04477611940298507,4.0,0.24935850640028853,0.09187071417472145,0.0245637253050006,0.11653265571114013
2026-08-07,823750,MIL,MIN,6,83,22,3,16,9,0.1686746987951807,0.1927710843373494,0.10843373493975904,0.03614457831325301,4.357142857142857,0.25969373501909926,0.0933069852005447,0.02577789256394398,0.12138932474691365
2026-08-08,823752,MIL,MIN,4,73,15,0,20,5,0.0410958904109589,0.273972602739726,0.0684931506849315,0.0,4.5,0.25029707502002957,0.09429549522519931,0.026429146227245837,0.12185450593498641
2026-08-09,823751,MIL,MIN,3,82,13,4,26,11,0.17073170731707318,0.3170731707317073,0.13414634146341464,0.04878048780487805,4.642857142857143,0.2546284514062005,0.09537833932174204,0.02452438432248393,0.11431373620243586
2026-08-10,823265,MIL,SD,2,65,11,3,17,5,0.16923076923076924,0.26153846153846155,0.07692307692307693,0.046153846153846156,4.285714285714286,0.2624342344733076,0.09846671436133658,0.027081061095188576,0.12001535166014887
2026-08-11,823264,MIL,SD,2,82,24,3,12,6,0.15853658536585366,0.14634146341463414,0.07317073170731707,0.036585365853658534,3.642857142857143,0.2635030286927868,0.10102579911220218,0.027442343648251953,0.11253379212379482
2026-08-12,823263,MIL,SD,3,89,12,2,22,15,0.0898876404494382,0.24719101123595505,0.16853932584269662,0.02247191011235955,3.7857142857142856,0.25873350792966343,0.09922651882431731,0.028884623879016785,0.11917399318622698
2026-08-13,823915,MIL,LAD,5,77,14,1,17,10,0.05194805194805195,0.22077922077922077,0.12987012987012986,0.012987012987012988,3.4285714285714284,0.26567572301794595,0.10501504209879564,0.02959690317275676,0.11845168178975829
2026-08-14,823913,MIL,LAD,1,70,13,2,22,6,0.12857142857142856,0.3142857142857143,0.08571428571428572,0.02857142857142857,3.5714285714285716,0.27181484873973616,0.10546322954537794,0.02891941052094629,0.1141365747459193
2026-08-15,823914,MIL,LAD,4,70,10,2,18,4,0.11428571428571428,0.2571428571428571,0.05714285714285714,0.02857142857142857,3.2142857142857144,0.2773465350984902,0.10312703190842845,0.02814067797529645,0.11298190235064541
2026-08-16,823912,MIL,LAD,6,75,17,2,19,5,0.12,0.25333333333333335,0.06666666666666667,0.02666666666666667,3.2857142857142856,0.273264902445429,0.10108621558189783,0.029161086138561755,0.11502271867717602
2026-08-18,823749,MIL,SEA,22,88,27,4,16,9,0.18181818181818182,0.18181818181818182,0.10227272727272728,0.045454545454545456,3.7142857142857144,0.26680656911209566,0.0980356203438026,0.029949776614752233,0.12024593296289031
2026-08-19,823748,MIL,SEA,5,82,18,1,21,10,0.07317073170731707,0.25609756097560976,0.12195121951219512,0.012195121951219513,5.071428571428571,0.2566024874794426,0.09699202108591763,0.03319652986150548,0.13230530216511666
2026-08-20,823747,MIL,SEA,7,77,17,1,22,9,0.1038961038961039,0.2857142857142857,0.11688311688311688,0.012987012987012988,5.142857142857143,0.2557804822774993,0.10167867761043056,0.030043465131663012,0.1254593483937077
2026-08-21,823746,MIL,ATL,2,71,17,0,17,6,0.014084507042253521,0.23943661971830985,0.08450704225352113,0.0,5.357142857142857,0.2494029312570911,0.09998282881636747,0.028738966059306797,0.12506799867200086
2026-08-22,823743,MIL,ATL,4,71,15,1,11,6,0.08450704225352113,0.15492957746478872,0.08450704225352113,0.014084507042253521,5.142857142857143,0.24624968341181044,0.09962245763404969,0.025540671816236434,0.11328085791702322
2026-08-23,823745,MIL,ATL,2,80,22,1,16,7,0.1,0.2,0.0875,0.0125,5.0,0.24354671863519894,0.09791340815646125,0.02396495243973647,0.10726888244976182
2026-08-25,823585,MIL,NYM,2,81,20,2,16,6,0.12345679012345678,0.19753086419753085,0.07407407407407407,0.024691358024691357,4.857142857142857,0.23826296129664712,0.09927104025039472,0.024857809582593614,0.11147631884897903
2026-08-26,823584,MIL,NYM,8,81,22,1,14,7,0.04938271604938271,0.1728395061728395,0.08641975308641975,0.012345679012345678,4.785714285714286,0.22972422511563453,0.09498016400829898,0.023137157455437422,0.108099539049435
2026-08-27,823581,MIL,NYM,8,76,15,2,16,5,0.13157894736842105,0.21052631578947367,0.06578947368421052,0.02631578947368421,5.214285714285714,0.2233885854466615,0.0956584980199663,0.020722288373901672,0.0995389638221931
2026-08-28,823744,MIL,TEX,6,71,16,1,14,5,0.07042253521126761,0.19718309859154928,0.07042253521126761,0.014084507042253521,5.642857142857143,0.22797321775915003,0.09513126530403014,0.019988747203903503,0.09761341825094794
2026-08-29,823741,MIL,TEX,5,71,15,4,18,5,0.18309859154929578,0.2535211267605634,0.07042253521126761,0.056338028169014086,5.857142857142857,0.22440122399883533,0.08812292311607092,0.019389646984610216,0.0962230535910786
2026-08-30,823740,MIL,TEX,4,84,17,3,19,10,0.16666666666666666,0.2261904761904762,0.11904761904761904,0.03571428571428571,5.857142857142857,0.22673993156893127,0.08387666635472361,0.02248614806903887,0.10559094927688173
2026-08-31,824635,MIL,CHC,3,88,29,10,14,9,0.38636363636363635,0.1590909090909091,0.10227272727272728,0.11363636363636363,6.071428571428571,0.22044741456212852,0.08625761873567599,0.02299635215067152,0.10831203771225588
2026-09-01,824633,MIL,CHC,9,78,19,2,13,8,0.15384615384615385,0.16666666666666666,0.10256410256410256,0.02564102564102564,6.0,0.21344370398698936,0.08948118088780957,0.029072418941024025,0.12774617500353602
2026-09-02,824634,MIL,CHC,9,84,20,2,18,10,0.11904761904761904,0.21428571428571427,0.11904761904761904,0.023809523809523808,6.214285714285714,0.20725322779651317,0.09204528345191212,0.02899915886776395,0.13016375742111844
2026-09-03,824632,MIL,CHC,1,61,8,2,17,2,0.11475409836065574,0.2786885245901639,0.03278688524590164,0.03278688524590164,5.285714285714286,0.20957233725847976,0.09324349000726154,0.027453085893119546,0.12568014579464967
2026-09-04,824471,MIL,CIN,10,84,20,2,22,10,0.17857142857142858,0.2619047619047619,0.11904761904761904,0.023809523809523808,5.0,0.2111859775166622,0.08687460898824059,0.028923926128453983,0.12865038626988815
2026-03-20,831604,MIN,TOR,0,70,16,0,11,4,0.07142857142857142,0.15714285714285714,0.05714285714285714,0.0,,,,,
2026-03-21,831599,MIN,TB,2,61,11,4,7,2,0.21311475409836064,0.11475409836065574,0.03278688524590164,0.06557377049180328,,,,,
2026-03-22,831492,MIN,ATL,7,72,18,2,12,5,0.125,0.16666666666666666,0.06944444444444445,0.027777777777777776,,,,,
2026-03-23,832036,MIN,BOS,9,90,28,4,17,8,0.16666666666666666,0.18888888888888888,0.08888888888888889,0.044444444444444446,3.0,0.1461878740567265,0.053124728944401074,0.03111718275652702,0.13651444184231068
2026-03-24,832037,MIN,BOS,15,83,25,6,13,6,0.2891566265060241,0.1566265060240964,0.07228915662650602,0.07228915662650602,4.5,0.1568631277647671,0.06206576893052303,0.03444899817850638,0.14405249804839967
2026-03-26,824865,MIN,BAL,1,67,10,0,17,7,0.04477611940298507,0.2537313432835821,0.1044776119402985,0.0,6.6,0.15681580341663298,0.06411044646971963,0.042017029868106306,0.17307332373992457
2026-03-28,824862,MIN,BAL,4,74,9,1,26,10,0.05405405405405406,0.35135135135135137,0.13513513513513514,0.013513513513513514,5.666666666666667,0.17296839339445783,0.07083830738148278,0.03501419155675525,0.15169045635043465
2026-03-29,824864,MIN,BAL,6,81,24,2,17,10,0.1728395061728395,0.20987654320987653,0.12345679012345678,0.024691358024691357,5.428571428571429,0.19845167310258546,0.08002356848914739,0.031942666122006434,0.13774239887952314
2026-03-30,824135,MIN,KC,1,64,11,3,13,5,0.15625,0.203125,0.078125,0.046875,5.5,0.19987978186599686,0.08545272119343607,0.03103625260984205,0.14212953729118769
2026-04-01,824136,MIN,KC,9,91,24,3,19,14,0.17582417582417584,0.2087912087912088,0.15384615384615385,0.03296703296703297,5.0,0.20024036165866388,0.08463852994972094,0.03279611343097071,0.14369847759216683
2026-04-02,824133,MIN,KC,5,73,15,3,18,5,0.136986301369863,0.2465753424657534,0.0684931506849315,0.0410958904109589,5.4,0.20109544637191834,0.09155929233936425,0.03281320538457694,0.14691104741536773
2026-04-03,823732,MIN,TB,10,80,15,1,19,9,0.1125,0.2375,0.1125,0.0125,5.363636363636363,0.20522998238044882,0.08946237037077945,0.03356617675061166,0.1460087977748673
2026-04-04,823730,MIN,TB,1,77,13,0,17,9,0.03896103896103896,0.22077922077922077,0.11688311688311688,0.0,5.75,0.20791915051541143,0.09138217283988116,0.03181066202139402,0.14321639796029503
2026-04-05,823729,MIN,TB,1,75,11,3,12,7,0.12,0.16,0.09333333333333334,0.04,5.384615384615385,0.20890838668955058,0.09334378392013007,0.029363688019748327,0.13519675496035224
2026-04-06,823728,MIN,DET,7,80,14,1,21,14,0.1,0.2625,0.175,0.0125,5.071428571428571,0.20541493049743983,0.09334303744964458,0.030123424589766305,0.13411127246318424
2026-04-07,823727,MIN,DET,4,78,19,0,24,6,0.07692307692307693,0.3076923076923077,0.07692307692307693,0.0,5.571428571428571,0.2129404407015215,0.10176140479658335,0.031016281732623448,0.13615208878971485
2026-04-08,823726,MIN,DET,8,85,23,0,10,8,0.058823529411764705,0.11764705882352941,0.09411764705882353,0.0,5.714285714285714,0.22672174136806805,0.10491398991638158,0.026332440983208926,0.12642411184862315
2026-04-09,823724,MIN,DET,3,72,14,1,18,8,0.06944444444444445,0.25,0.1111111111111111,0.013888888888888888,5.785714285714286,0.22322034080784395,0.10667636153169438,0.024348313999081946,0.12169722109232063
2026-04-10,822829,MIN,TOR,4,79,21,4,16,4,0.25316455696202533,0.20253164556962025,0.05063291139240506,0.05063291139240506,5.357142857142857,0.22758542017292333,0.10826366311899596,0.02216577431654226,0.11475277664787618
2026-04-11,822830,MIN,TOR,7,72,11,4,10,8,0.16666666666666666,0.1388888888888889,0.1111111111111111,0.05555555555555555,4.571428571428571,0.2308643587118893,0.10671678845941733,0.02061889965696362,0.11218191453759056
2026-04-12,822828,MIN,TOR,8,79,20,2,21,6,0.12658227848101267,0.26582278481012656,0.0759493670886076,0.02531645569620253,5.0,0.22266132625512552,0.10719060982876108,0.02458715362521759,0.12088838219928211
2026-04-13,823725,MIN,BOS,13,81,21,5,14,9,0.24691358024691357,0.1728395061728395,0.1111111111111111,0.06172839506172839,5.285714285714286,0.21655214293075228,0.10296305496829483,0.025430220923981093,0.1260689696583506
2026-04-14,823723,MIN,BOS,6,72,16,3,20,3,0.1388888888888889,0.2777777777777778,0.041666666666666664,0.041666666666666664,5.785714285714286,0.21390664028524967,0.10208122075312728,0.028075723569483735,0.13135997494935586
2026-04-15,823722,MIN,BOS,5,81,19,3,14,8,0.14814814814814814,0.1728395061728395,0.09876543209876543,0.037037037037037035,6.142857142857143,0.21923898155509094,0.09947705408646061,0.027703699759959927,0.1301198955842765
2026-04-17,823720,MIN,CIN,1,69,9,0,12,6,0.028985507246376812,0.17391304347826086,0.08695652173913043,0.0,5.857142857142857,0.216671002796636,0.09554271681879002,0.027994414336388784,0.12814303646456024
2026-04-18,823721,MIN,CIN,4,82,20,0,19,7,0.07317073170731707,0.23170731707317074,0.08536585365853659,0.0,5.571428571428571,0.21148083858324365,0.09686152903694709,0.025058993592748862,0.12042869402716837
2026-04-19,823718,MIN,CIN,4,90,16,0,19,13,0.05555555555555555,0.2111111111111111,0.14444444444444443,0.0,5.142857142857143,0.21106707551704157,0.09492337572684255,0.024166136449891722,0.11761946057769102
2026-04-21,823640,MIN,NYM,5,71,10,2,23,6,0.09859154929577464,0.323943661971831,0.08450704225352113,0.028169014084507043,5.357142857142857,0.21037649625503377,0.0968920419812231,0.024166136449891722,0.11880478319158506
2026-04-22,823641,MIN,NYM,2,71,15,1,15,8,0.11267605633802817,0.2112676056338028,0.11267605633802817,0.014084507042253521,5.642857142857143,0.22208675782445025,0.09626159261837937,0.02332106602735651,0.11727560814128324
2026-04-23,823639,MIN,NYM,8,85,22,4,18,10,0.2,0.21176470588235294,0.11764705882352941,0.047058823529411764,5.285714285714286,0.21842730108400757,0.09180988235680995,0.02343424510180319,0.11818104073685667
2026-04-24,822992,MIN,TB,2,72,16,6,13,5,0.2916666666666667,0.18055555555555555,0.06944444444444445,0.08333333333333333,5.571428571428571,0.21157532952615368,0.09471873820684228,0.026795589639618315,0.12697224952806546
2026-04-25,822989,MIN,TB,1,71,13,1,17,5,0.09859154929577464,0.23943661971830985,0.07042253521126761,0.014084507042253521,5.142857142857143,0.21606879357844125,0.09295636659152948,0.03274797059199926,0.1436039021891299
2026-04-26,822991,MIN,TB,2,70,14,2,10,8,0.12857142857142856,0.14285714285714285,0.11428571428571428,0.02857142857142857,5.0,0.2153142664154634,0.09005003974154066,0.032761943317239604,0.14568583824993922
2026-04-27,823719,MIN,SEA,11,79,17,3,14,12,0.1518987341772152,0.17721518987341772,0.1518987341772152,0.0379746835443038,4.857142857142857,0.21105180193600068,0.09459666851963418,0.031186123115741284,0.13678632907918228
2026-04-28,823716,MIN,SEA,1,78,19,2,14,3,0.16666666666666666,0.1794871794871795,0.038461538461538464,0.02564102564102564,5.142857142857143,0.21378939486346704,0.09751007016721304,0.029930346543509012,0.1357314767585072
2026-04-29,823717,MIN,SEA,3,79,19,1,20,8,0.0759493670886076,0.25316455696202533,0.10126582278481013,0.012658227848101266,4.642857142857143,0.207622565911828,0.09483236812242238,0.029953530110996378,0.13859464734319674
2026-04-30,823714,MIN,TOR,7,70,13,3,8,7,0.14285714285714285,0.11428571428571428,0.1,0.04285714285714286,3.9285714285714284,0.21336006953962697,0.09412913324197232,0.02644851816716587,0.12638291783188918
2026-05-01,823713,MIN,TOR,3,80,21,3,13,4,0.125,0.1625,0.05,0.0375,4.0,0.20168206500447955,0.09829579990863897,0.02653355218077131,0.1266663645439073
2026-05-02,823715,MIN,TOR,4,76,16,5,12,6,0.25,0.15789473684210525,0.07894736842105263,0.06578947368421052,3.857142857142857,0.20094352884927674,0.09481255475872716,0.026566620963840097,0.12501292539046818
2026-05-03,823711,MIN,TOR,4,77,20,1,18,7,0.1038961038961039,0.23376623376623376,0.09090909090909091,0.012987012987012988,4.071428571428571,0.19979936408955137,0.09424047237886446,0.03126586908414085,0.14079967487286985
2026-05-05,822743,MIN,WSH,11,82,16,1,14,9,0.13414634146341464,0.17073170731707318,0.10975609756097561,0.012195121951219513,4.071428571428571,0.19994642956762726,0.09463641789676118,0.032193512868927486,0.14299434431492603
2026-05-06,822740,MIN,WSH,2,74,17,5,12,5,0.3108108108108108,0.16216216216216217,0.06756756756756757,0.06756756756756757,4.571428571428571,0.1970621864394817,0.09215867883365628,0.033064593008300315,0.1486079718797731
2026-05-07,822741,MIN,WSH,5,76,19,2,13,8,0.17105263157894737,0.17105263157894737,0.10526315789473684,0.02631578947368421,4.357142857142857,0.18550636502450538,0.09094871635608817,0.035878775399947486,0.16376649055941855
2026-05-08,824443,MIN,CLE,4,78,21,2,17,5,0.11538461538461539,0.21794871794871795,0.0641025641025641,0.02564102564102564,4.571428571428571,0.18263386687773,0.0904192236101388,0.03675243843076397,0.1679362459337699
2026-05-09,824444,MIN,CLE,2,84,4,1,24,12,0.047619047619047616,0.2857142857142857,0.14285714285714285,0.011904761904761904,4.285714285714286,0.1830755820253275,0.08659461684435556,0.035222595724450675,0.16189228988981388
2026-05-10,824440,MIN,CLE,5,82,24,0,17,8,0.06097560975609756,0.2073170731707317,0.0975609756097561,0.0,4.285714285714286,0.19058691989380822,0.09183838101669116,0.030120554908124143,0.14446031710069823
2026-05-12,823712,MIN,MIA,3,64,6,1,17,6,0.046875,0.265625,0.09375,0.015625,4.571428571428571,0.18829266656898122,0.09377684104515462,0.02911451869082032,0.14177346427643558
2026-05-13,823710,MIN,MIA,5,83,19,4,20,8,0.2289156626506024,0.24096385542168675,0.0963855421686747,0.04819277108433735,4.642857142857143,0.19706179922204242,0.09231000431046074,0.028189773792861136,0.1359380050927621
2026-05-14,823709,MIN,MIA,9,72,14,0,15,9,0.06944444444444445,0.20833333333333334,0.125,0.0,4.214285714285714,0.20161527533263307,0.08834477630985071,0.028919637188577818,0.14143921426943262
2026-05-15,823707,MIN,MIL,2,73,17,0,14,2,0.0273972602739726,0.1917808219178082,0.0273972602739726,0.0,4.785714285714286,0.2036757148930726,0.09452609499116939,0.027088135357075986,0.13449476982498818
2026-05-16,823706,MIN,MIL,1,71,12,2,19,4,0.14084507042253522,0.2676056338028169,0.056338028169014086,0.028169014084507043,4.714285714285714,0.1992911623899143,0.08924976909753814,0.026183976225068756,0.1310267621953714
2026-05-17,823708,MIN,MIL,5,77,16,3,13,8,0.2077922077922078,0.16883116883116883,0.1038961038961039,0.03896103896103896,4.285714285714286,0.21024258521256448,0.0861310568238963,0.02513482416988048,0.13088304273575657
2026-05-18,823705,MIN,HOU,6,73,16,2,12,9,0.0958904109589041,0.1643835616438356,0.1232876712328767,0.0273972602739726,4.428571428571429,0.21069481155764794,0.08998077853076085,0.02523918409566898,0.1367967718637714
2026-05-19,823704,MIN,HOU,1,69,12,1,15,1,0.11594202898550725,0.21739130434782608,0.014492753623188406,0.014492753623188406,4.571428571428571,0.21115829904348585,0.09314794301731973,0.022496883137794837,0.1257889440751217
2026-05-20,823703,MIN,HOU,4,65,11,2,18,3,0.1076923076923077,0.27692307692307694,0.046153846153846156,0.03076923076923077,4.357142857142857,0.20998866122788526,0.08768963321118382,0.022604436040378796,0.12664936729579337
2026-05-22,824761,MIN,BOS,8,84,17,2,18,9,0.11904761904761904,0.21428571428571427,0.10714285714285714,0.023809523809523808,3.857142857142857,0.21757375905688556,0.08314661525353172,0.023931158098808174,0.12475979345500002
2026-05-23,824760,MIN,BOS,4,77,17,0,20,7,0.05194805194805195,0.2597402597402597,0.09090909090909091,0.0,4.285714285714286,0.22129686992285352,0.08597342165176669,0.020805583544662193,0.11106242261477203
2026-05-24,824759,MIN,BOS,6,81,23,2,19,6,0.18518518518518517,0.2345679012345679,0.07407407407407407,0.024691358024691357,4.214285714285714,0.22763170050580442,0.08494813115279197,0.01892588429654189,0.10255495264113665
2026-05-25,824598,MIN,CWS,1,69,13,3,15,3,0.15942028985507245,0.21739130434782608,0.043478260869565216,0.043478260869565216,4.357142857142857,0.22881878502622227,0.08566038186504267,0.018858050895375157,0.10754070762689162
2026-05-26,824597,MIN,CWS,5,82,15,1,25,3,0.0975609756097561,0.3048780487804878,0.036585365853658534,0.012195121951219513,4.285714285714286,0.2239385720714752,0.07856189029450143,0.021113300821432535,0.11552651064375055
2026-05-27,824596,MIN,CWS,2,76,21,4,13,7,0.18421052631578946,0.17105263157894737,0.09210526315789473,0.05263157894736842,4.285714285714286,0.23090721318645774,0.07420648959763732,0.021984380960805357,0.11813975106186901
2026-05-28,824595,MIN,CWS,2,71,13,0,18,6,0.07042253521126761,0.2535211267605634,0.08450704225352113,0.0,4.214285714285714,0.22415204401352543,0.0740890083946298,0.02462770802847453,0.12794943151299684
2026-05-29,823377,MIN,PIT,5,75,16,4,25,7,0.17333333333333334,0.3333333333333333,0.09333333333333334,0.05333333333333334,4.0,0.22504899196630232,0.07324054411497596,0.021185367236736148,0.11662849383875863
2026-05-30,823375,MIN,PIT,9,89,27,3,14,11,0.1797752808988764,0.15730337078651685,0.12359550561797752,0.033707865168539325,3.7142857142857144,0.23397756339487374,0.07097863935307121,0.02499489104625996,0.12404912875939356
2026-05-31,823373,MIN,PIT,3,71,14,4,24,5,0.18309859154929578,0.3380281690140845,0.07042253521126761,0.056338028169014086,4.214285714285714,0.23151488831406722,0.0778499425919287,0.02740259570115563,0.13493327308974382
2026-06-01,823702,MIN,CWS,9,77,21,4,17,5,0.22077922077922077,0.22077922077922077,0.06493506493506493,0.05194805194805195,4.357142857142857,0.2365450694005863,0.07885597880923254,0.02941466813576327,0.13795138174165528
2026-06-02,823700,MIN,CWS,6,76,18,0,18,6,0.02631578947368421,0.23684210526315788,0.07894736842105263,0.0,4.642857142857143,0.2402556445397329,0.0760730474548726,0.030342311920549918,0.13887902552644196
2026-06-03,823701,MIN,CWS,0,83,17,1,18,9,0.0963855421686747,0.21686746987951808,0.10843373493975904,0.012048192771084338,4.642857142857143,0.24543125479825592,0.07290588296831373,0.028385364758123303,0.13390940970606907
2026-06-04,823698,MIN,KC,6,85,21,5,14,8,0.2235294117647059,0.16470588235294117,0.09411764705882353,0.058823529411764705,4.571428571428571,0.24539383805051965,0.07961595306235449,0.028210753268687296,0.13251251779058107
2026-06-05,823699,MIN,KC,5,70,18,1,10,4,0.14285714285714285,0.14285714285714285,0.05714285714285714,0.014285714285714285,4.714285714285714,0.23737832415265278,0.08304193884128146,0.030214631743154006,0.1407865966528952
2026-06-06,823697,MIN,KC,2,73,12,2,13,7,0.1095890410958904,0.1780821917808219,0.0958904109589041,0.0273972602739726,4.5,0.23227628333632627,0.07947051026985288,0.02953435963431047,0.14248727692500404
2026-06-07,823696,MIN,KC,5,77,17,2,23,4,0.11688311688311688,0.2987012987012987,0.05194805194805195,0.025974025974025976,4.357142857142857,0.22644356419636644,0.07982631884483953,0.03149130679673708,0.14660449043556392
2026-06-09,824267,MIN,DET,4,83,20,8,19,9,0.3373493975903614,0.2289156626506024,0.10843373493975904,0.0963855421686747,4.285714285714286,0.23102452115827576,0.07824588869298081,0.03158292593597527,0.14172577127113048
2026-06-10,824266,MIN,DET,6,83,18,2,17,11,0.0963855421686747,0.20481927710843373,0.13253012048192772,0.024096385542168676,4.5,0.23184768960847404,0.08288556541228038,0.03536201745734023,0.15443499325222257
2026-06-11,824265,MIN,DET,0,73,18,6,12,4,0.273972602739726,0.1643835616438356,0.0547945205479452,0.0821917808219178,4.571428571428571,0.22470063448904162,0.08973876217144246,0.0362121077138366,0.15435103372071673
2026-06-12,823695,MIN,STL,9,78,23,5,17,6,0.2564102564102564,0.21794871794871795,0.07692307692307693,0.0641025641025641,4.428571428571429,0.22422427235081938,0.08707370912787463,0.03832355070487584,0.1607626106081408
2026-06-13,823694,MIN,STL,6,78,20,7,13,8,0.3333333333333333,0.16666666666666666,0.10256410256410256,0.08974358974358974,4.928571428571429,0.22168338600711612,0.0865319973185572,0.04290230528363042,0.17404744783664
2026-06-14,823693,MIN,STL,5,75,20,3,17,5,0.16,0.22666666666666666,0.06666666666666667,0.04,5.0,0.20977862410235423,0.08719133797789784,0.045503037884363016,0.1854760192652114
2026-06-15,822887,MIN,TEX,4,65,9,3,18,2,0.15384615384615385,0.27692307692307694,0.03076923076923077,0.046153846153846156,4.714285714285714,0.2147331452366506,0.08312499233851849,0.04595247608661022,0.18406349920100595
2026-06-16,822888,MIN,TEX,12,83,25,2,14,5,0.1686746987951807,0.1686746987951807,0.060240963855421686,0.024096385542168676,4.785714285714286,0.21036849580157865,0.08029261344980158,0.04522503451409821,0.18197403936506723
2026-06-18,822889,MIN,TEX,9,82,24,6,18,6,0.23170731707317074,0.21951219512195122,0.07317073170731707,0.07317073170731707,5.0,0.2066467442312901,0.07995732051554136,0.04323562977082084,0.1782522877947787
2026-06-19,825069,MIN,AZ,5,80,23,4,14,9,0.2125,0.175,0.1125,0.05,5.214285714285714,0.20540889350691818,0.07954470360741739,0.048462110607057775,0.19292311119474198
2026-06-20,825068,MIN,AZ,16,95,28,2,11,14,0.16842105263157894,0.11578947368421053,0.14736842105263157,0.021052631578947368,5.571428571428571,0.20241835994409546,0.07983515111172032,0.05117295398055175,0.20121700103983664
2026-06-21,825067,MIN,AZ,4,76,17,0,9,6,0.039473684210526314,0.11842105263157894,0.07894736842105263,0.0,6.285714285714286,0.19892433075347185,0.08363877782556374,0.04847503270677909,0.1972806896731847
2026-06-22,823692,MIN,LAD,1,72,12,3,13,7,0.1388888888888889,0.18055555555555555,0.09722222222222222,0.041666666666666664,6.214285714285714,0.19717889573736014,0.08519624291686342,0.047454624543513776,0.18989615691271214
2026-06-23,823690,MIN,LAD,3,88,24,3,15,9,0.1590909090909091,0.17045454545454544,0.10227272727272728,0.03409090909090909,6.142857142857143,0.19735556457841255,0.08529137229281471,0.048473867857277635,0.1919890031836406
2026-06-24,823691,MIN,LAD,3,76,18,1,25,5,0.07894736842105263,0.32894736842105265,0.06578947368421052,0.013157894736842105,6.0,0.18819508220364445,0.08888599195886294,0.04905364522276929,0.1950038454841972
2026-06-26,823688,MIN,COL,8,87,25,4,12,6,0.2413793103448276,0.13793103448275862,0.06896551724137931,0.04597701149425287,5.928571428571429,0.19534020404439092,0.08583997329775235,0.043108813263352676,0.1765465576863894
2026-06-27,823689,MIN,COL,5,81,22,4,8,5,0.24691358024691357,0.09876543209876543,0.06172839506172839,0.04938271604938271,6.071428571428571,0.19056247242827126,0.08129964449485604,0.04467171511707298,0.18690325541325747
2026-06-28,823686,MIN,COL,3,69,15,2,15,1,0.13043478260869565,0.21739130434782608,0.014492753623188406,0.028985507246376812,6.428571428571429,0.18587546317505194,0.08179492124584055,0.04232821049046333,0.18497046809234227
2026-06-29,824176,MIN,HOU,5,73,14,6,16,7,0.2465753424657534,0.2191780821917808,0.0958904109589041,0.0821917808219178,6.0,0.18583564791784538,0.07733561243870565,0.03981984928644995,0.17597221996365936
2026-06-30,824175,MIN,HOU,4,71,13,1,18,5,0.07042253521126761,0.2535211267605634,0.07042253521126761,0.014084507042253521,5.928571428571429,0.1895864633124964,0.07685892018119148,0.039280434363473386,0.1697752206159751
2026-07-01,824174,MIN,HOU,8,82,16,3,25,10,0.13414634146341464,0.3048780487804878,0.12195121951219512,0.036585365853658534,5.857142857142857,0.19150463903348905,0.07712719650580582,0.037429327723634345,0.16337683027392277
2026-07-03,823527,MIN,NYY,2,68,12,3,18,5,0.19117647058823528,0.2647058823529412,0.07352941176470588,0.04411764705882353,6.142857142857143,0.1935014227375898,0.08364019570173185,0.03674586484504951,0.16196970081801285
2026-07-04,823526,MIN,NYY,11,85,18,8,19,11,0.32941176470588235,0.2235294117647059,0.12941176470588237,0.09411764705882353,5.428571428571429,0.20036079299171553,0.08458937055239502,0.038175954953382,0.16357697023180243
2026-07-05,823525,MIN,NYY,6,75,18,0,21,5,0.06666666666666667,0.28,0.06666666666666667,0.0,5.571428571428571,0.2006477370376266,0.08860658719514967,0.03967216319277533,0.1705558593484247
2026-07-07,823687,MIN,CLE,3,69,13,1,21,4,0.10144927536231885,0.30434782608695654,0.057971014492753624,0.014492753623188406,5.642857142857143,0.2081477370376266,0.08533277767134015,0.036100734621346754,0.16013919268175808
2026-07-08,823684,MIN,CLE,5,86,19,2,20,14,0.09302325581395349,0.23255813953488372,0.16279069767441862,0.023255813953488372,4.714285714285714,0.22161619078067987,0.07894724863134886,0.03563217191022112,0.15535549430538234
2026-07-09,823683,MIN,CLE,2,69,9,4,23,5,0.21739130434782608,0.3333333333333333,0.07246376811594203,0.057971014492753624,4.785714285714286,0.22976883984520166,0.08493605786373215,0.03729330147832743,0.1591804637056271
2026-07-10,823685,MIN,LAA,3,75,19,1,10,5,0.14666666666666667,0.13333333333333333,0.06666666666666667,0.013333333333333334,4.857142857142857,0.24068153825790004,0.08316759685614071,0.03845789775161935,0.1647877790955512
2026-07-11,823682,MIN,LAA,5,75,19,1,13,8,0.13333333333333333,0.17333333333333334,0.10666666666666667,0.013333333333333334,4.857142857142857,0.2380300231063849,0.08062430681285067,0.03697521376893537,0.1639003332081053
2026-07-12,823681,MIN,LAA,4,67,13,3,14,6,0.14925373134328357,0.208955223880597,0.08955223880597014,0.04477611940298507,5.0,0.22691473488583352,0.08354410631159752,0.03698774509725617,0.16778504498755395
2026-07-17,824655,MIN,CHC,5,72,13,1,19,7,0.05555555555555555,0.2638888888888889,0.09722222222222222,0.013888888888888888,4.714285714285714,0.23198789127139344,0.08501458642335402,0.036901967090737044,0.16120464648744365
2026-07-18,824657,MIN,CHC,2,72,19,3,18,5,0.18055555555555555,0.25,0.06944444444444445,0.041666666666666664,4.714285714285714,0.2437824238992594,0.08754985979196073,0.034366693722130345,0.14753621615234666
2026-07-19,824653,MIN,CHC,1,78,20,1,13,9,0.11538461538461539,0.16666666666666666,0.11538461538461539,0.01282051282051282,4.642857142857143,0.24611161644584323,0.09147498056490758,0.03527249082357962,0.15111627136283665
2026-07-20,824410,MIN,CLE,4,84,29,7,16,5,0.35714285714285715,0.19047619047619047,0.05952380952380952,0.08333333333333333,4.357142857142857,0.2423608010511922,0.09286742373817268,0.030317400252050687,0.14174550514275536
2026-07-21,824409,MIN,CLE,2,72,15,1,12,5,0.08333333333333333,0.16666666666666666,0.06944444444444445,0.013888888888888888,4.357142857142857,0.23785759131659415,0.09208894333192566,0.03526374498712782,0.1622255281378689
2026-07-22,824408,MIN,CLE,10,88,24,3,14,7,0.14772727272727273,0.1590909090909091,0.07954545454545454,0.03409090909090909,3.9285714285714284,0.2279853497370355,0.08833845939851491,0.03364256806107284,0.1585960275571488
2026-07-23,824406,MIN,CLE,3,90,9,1,24,11,0.03333333333333333,0.26666666666666666,0.12222222222222222,0.011111111111111112,4.5,0.2204414230754618,0.08876817673999694,0.0329263724919361,0.1554925134242229
2026-07-24,823680,MIN,ATH,0,69,7,0,11,10,0.043478260869565216,0.15942028985507245,0.14492753623188406,0.0,3.9285714285714284,0.223522655568459,0.08825463799116408,0.02699733420995664,0.1343440540404694
2026-07-25,823679,MIN,ATH,2,66,9,0,18,5,0.06060606060606061,0.2727272727272727,0.07575757575757576,0.0,3.5,0.21490981912953558,0.09384470010296532,0.02699733420995664,0.13268773934067643
2026-07-26,823678,MIN,ATH,11,78,21,1,12,5,0.16666666666666666,0.15384615384615385,0.0641025641025641,0.01282051282051282,3.4285714285714284,0.21265120817527244,0.09511516876473834,0.025962137522586037,0.12977036685808657
2026-07-28,823676,MIN,KC,1,72,14,0,18,9,0.05555555555555555,0.25,0.125,0.0,3.857142857142857,0.2070289234832203,0.08806601636674873,0.02521675887023064,0.13503061049042323
2026-07-29,823677,MIN,KC,0,73,17,1,12,3,0.1232876712328767,0.1643835616438356,0.0410958904109589,0.0136986301369863,3.7857142857142856,0.20107654253083937,0.09181860435846716,0.021075972120748236,0.12347091414811819
2026-07-30,823674,MIN,KC,0,69,11,2,13,6,0.11594202898550725,0.18840579710144928,0.08695652173913043,0.028985507246376812,3.5714285714285716,0.20329441598158954,0.08999212034020232,0.021102064749580592,0.12180098590284748
2026-07-31,823111,MIN,SEA,5,71,11,4,22,6,0.2112676056338028,0.30985915492957744,0.08450704225352113,0.056338028169014086,3.2142857142857144,0.20437102053645498,0.0885842528453783,0.022220077171940845,0.12055874987800276
2026-08-01,823109,MIN,SEA,3,75,14,3,17,10,0.17333333333333334,0.22666666666666666,0.13333333333333333,0.04,3.2857142857142856,0.21157844418281072,0.08822388166306051,0.02304592779808577,0.12498831232732556
2026-08-02,823107,MIN,SEA,6,84,25,4,11,7,0.16666666666666666,0.13095238095238096,0.08333333333333333,0.047619047619047616,3.142857142857143,0.20891971402408055,0.09080324674242558,0.024911007163165137,0.13340101074002397
2026-08-04,824084,MIN,KC,2,76,17,1,9,8,0.10526315789473684,0.11842105263157894,0.10526315789473684,0.013157894736842105,3.4285714285714284,0.20041631266353632,0.09179531023448907,0.025336177231192348,0.13240894724796046
2026-08-05,824082,MIN,KC,1,60,8,1,14,3,0.05,0.23333333333333334,0.05,0.016666666666666666,3.5,0.19697019737531576,0.09107234898521203,0.025360275939501582,0.13168598599868345
2026-08-06,824080,MIN,KC,4,74,14,1,8,8,0.06756756756756757,0.10810810810810811,0.10810810810810811,0.013513513513513514,3.2857142857142856,0.20003142186511166,0.09039207687636852,0.02059837117759682,0.10974721048847937
2026-08-07,823750,MIN,MIL,8,83,22,3,16,9,0.1686746987951807,0.1927710843373494,0.10843373493975904,0.03614457831325301,3.4285714285714284,0.1958486676823575,0.09315376713805877,0.020571558650784298,0.10862108436235322
2026-08-08,823752,MIN,MIL,3,73,15,0,20,5,0.0410958904109589,0.273972602739726,0.0684931506849315,0.0,3.2857142857142856,0.19825439448567467,0.09521721573765196,0.020718249309523144,0.11011732908148951
2026-08-09,823751,MIN,MIL,3,82,13,4,26,11,0.17073170731707318,0.3170731707317073,0.13414634146341464,0.04878048780487805,3.2857142857142856,0.19877624706232178,0.09137942491355976,0.019924598515872353,0.11067179744417707
2026-08-10,823675,MIN,BAL,9,78,21,2,18,5,0.15384615384615385,0.23076923076923078,0.0641025641025641,0.02564102564102564,3.5,0.21003716712493856,0.0906093395729548,0.023408919073363642,0.11976132933328477
2026-08-11,823673,MIN,BAL,2,78,18,3,16,7,0.14102564102564102,0.20512820512820512,0.08974358974358974,0.038461538461538464,4.0,0.20704016412793555,0.08977683874045396,0.02524042090486547,0.12642133599329142
2026-08-12,823672,MIN,BAL,7,77,21,2,16,7,0.12987012987012986,0.2077922077922078,0.09090909090909091,0.025974025974025976,3.357142857142857,0.21070316779093923,0.09160834057195578,0.027071922736367306,0.1245898341617896
2026-08-13,823669,MIN,PHI,1,79,20,4,19,7,0.20253164556962025,0.24050632911392406,0.08860759493670886,0.05063291139240506,3.7857142857142856,0.2076883254903826,0.08917327563689086,0.02892721030594059,0.12989801804140205
2026-08-15,823671,MIN,PHI,1,84,22,1,22,10,0.13095238095238096,0.2619047619047619,0.11904761904761904,0.011904761904761904,3.857142857142857,0.21312566602396038,0.09256696881730156,0.03156537325275622,0.13555830192259802
2026-08-16,823670,MIN,PHI,5,78,16,3,16,8,0.1794871794871795,0.20512820512820512,0.10256410256410256,0.038461538461538464,3.9285714285714284,0.21837559208133986,0.09485919005362219,0.03034532001406944,0.13663046992023184
2026-08-17,823668,MIN,ATL,4,76,17,0,13,6,0.05263157894736842,0.17105263157894737,0.07894736842105263,0.0,3.9285714285714284,0.21089480995267038,0.09614898007580656,0.02906842789210689,0.1343604394811873
2026-08-18,823667,MIN,ATL,4,67,16,2,12,2,0.14925373134328357,0.1791044776119403,0.029850746268656716,0.029850746268656716,4.0,0.20692237887497614,0.09226426829635795,0.026211285034964033,0.12573888559647556
2026-08-19,823664,MIN,ATL,6,76,17,0,18,8,0.039473684210526314,0.23684210526315788,0.10526315789473684,0.0,3.857142857142857,0.21036181435065895,0.08844408350602391,0.024942120652793255,0.1244951045019482
2026-08-21,823262,MIN,SD,2,64,11,1,16,4,0.09375,0.25,0.0625,0.015625,4.142857142857143,0.21882046096720034,0.08844408350602391,0.02400227102873311,0.11979585638164744
2026-08-22,823261,MIN,SD,5,79,20,4,12,5,0.20253164556962025,0.1518987341772152,0.06329113924050633,0.05063291139240506,4.214285714285714,0.22001093715767653,0.08933694064888105,0.023927866266828347,0.12292085638164743
2026-08-23,823258,MIN,SD,1,71,15,4,11,8,0.2112676056338028,0.15492957746478872,0.11267605633802817,0.056338028169014086,4.285714285714286,0.22313883901975556,0.08613572858690947,0.02657925182960631,0.13256114766750834
2026-08-24,824964,MIN,ATH,9,89,28,1,12,6,0.11235955056179775,0.1348314606741573,0.06741573033707865,0.011235955056179775,3.7857142857142856,0.22043587424314412,0.0864387515439287,0.028021641105017817,0.13560349815598136
2026-08-25,824962,MIN,ATH,2,66,11,1,25,4,0.13636363636363635,0.3787878787878788,0.06060606060606061,0.015151515151515152,4.214285714285714,0.21049722123846062,0.08636179294765352,0.02882420932331637,0.14069375959532698
2026-08-26,824963,MIN,ATH,4,73,20,4,12,4,0.2328767123287671,0.1643835616438356,0.0547945205479452,0.0547945205479452,4.142857142857143,0.21490541467104432,0.0811089157435568,0.026422139848076166,0.1382388973843672
2026-08-28,823666,MIN,CWS,4,80,22,3,14,7,0.1625,0.175,0.0875,0.0375,3.7857142857142856,0.2101635811620875,0.08044405548965546,0.028504532341427562,0.14388393727598242
2026-08-29,823665,MIN,CWS,2,71,8,1,17,8,0.08450704225352113,0.23943661971830985,0.11267605633802817,0.014084507042253521,3.9285714285714284,0.20801156651007283,0.08028379907939905,0.02843585102274624,0.14541782005986523
2026-08-30,823662,MIN,CWS,5,66,15,1,8,2,0.09090909090909091,0.12121212121212122,0.030303030303030304,0.015151515151515152,3.5714285714285716,0.21027188164765157,0.08183858232432313,0.02758659967047678,0.14217759951582173
2026-08-31,823663,MIN,DET,11,75,14,5,16,10,0.22666666666666666,0.21333333333333335,0.13333333333333333,0.06666666666666667,3.857142857142857,0.20175086679752277,0.07767397056477467,0.025052214224698933,0.1342045598972125
2026-09-01,823661,MIN,DET,15,83,21,3,14,7,0.1927710843373494,0.1686746987951807,0.08433734939759036,0.03614457831325301,4.571428571428571,0.19828147904242074,0.07869437872803996,0.02896377885054927,0.14104129459109005
2026-09-02,823660,MIN,DET,6,107,23,1,28,9,0.11214953271028037,0.2616822429906542,0.08411214953271028,0.009345794392523364,5.285714285714286,0.19567765716149046,0.0773924677875748,0.02879828169710031,0.14199014493753076
2026-09-04,824554,MIN,CWS,1,69,14,4,12,5,0.18840579710144928,0.17391304347826086,0.07246376811594203,0.057971014492753624,5.428571428571429,0.2021512008337552,0.07776138072412178,0.02946583843942341,0.1462414273491673
2026-03-20,831456,NYM,STL,3,73,10,2,15,10,0.0958904109589041,0.2054794520547945,0.136986301369863,0.0273972602739726,,,,,
2026-03-21,831448,NYM,WSH,1,67,12,2,14,2,0.13432835820895522,0.208955223880597,0.029850746268656716,0.029850746268656716,,,,,
2026-03-21,831549,NYM,HOU,5,78,20,1,14,6,0.1282051282051282,0.1794871794871795,0.07692307692307693,0.01282051282051282,,,,,
2026-03-22,831446,NYM,MIA,3,74,16,0,23,6,0.04054054054054054,0.3108108108108108,0.08108108108108109,0.0,3.0,0.19797395180752367,0.08125337485386555,0.023356173121047378,0.1194746324576625
2026-03-26,823649,NYM,PIT,11,82,21,5,20,9,0.25609756097560976,0.24390243902439024,0.10975609756097561,0.06097560975609756,3.0,0.22618316655834544,0.08121030141066943,0.017517129840785534,0.09974110947838202
2026-03-28,823651,NYM,PIT,1,91,18,1,17,9,0.04395604395604396,0.18681318681318682,0.0989010989010989,0.01098901098901099,4.6,0.22972702105155438,0.08691946064073067,0.026208825823847936,0.13101239977782758
2026-03-29,823647,NYM,PIT,3,85,16,1,28,10,0.08235294117647059,0.32941176470588235,0.11764705882352941,0.011764705882352941,4.0,0.22257471534515982,0.08891640035079203,0.023672190018041783,0.11650300714086363
2026-03-30,823080,NYM,STL,4,76,15,1,13,8,0.11842105263157894,0.17105263157894737,0.10526315789473684,0.013157894736842105,3.857142857142857,0.23783715096812016,0.09302078013261166,0.021971120855800517,0.11162442628880749
2026-03-31,823077,NYM,STL,0,67,9,1,16,8,0.08955223880597014,0.23880597014925373,0.11940298507462686,0.014925373134328358,3.875,0.22948908604447357,0.09455107735287731,0.020869467590930717,0.11247400458165392
2026-04-01,823078,NYM,STL,1,83,10,1,19,8,0.060240963855421686,0.2289156626506024,0.0963855421686747,0.012048192771084338,3.4444444444444446,0.23052429538944916,0.09731240043307171,0.02020901265130823,0.10992714171768905
2026-04-02,823242,NYM,SF,2,74,18,2,17,7,0.13513513513513514,0.22972972972972974,0.0945945945945946,0.02702702702702703,3.2,0.23036343211556445,0.09721971460663201,0.019392930663285842,0.10495852393146232
2026-04-03,823240,NYM,SF,10,80,20,3,18,9,0.1625,0.225,0.1125,0.0375,3.090909090909091,0.2303058228077613,0.09698106733281042,0.020086939423625952,0.1077018522227053
2026-04-04,823239,NYM,SF,9,74,15,1,15,4,0.06756756756756757,0.20270270270270271,0.05405405405405406,0.013513513513513514,3.6666666666666665,0.22986367090711454,0.09827431172174289,0.021538027804990454,0.11226836453747986
2026-04-05,823238,NYM,SF,5,74,20,0,13,4,0.06756756756756757,0.17567567567567569,0.05405405405405406,0.0,4.076923076923077,0.22777436566062131,0.09487275343961298,0.02092075747487684,0.10882984169364046
2026-04-07,823648,NYM,AZ,3,83,17,0,17,7,0.03614457831325301,0.20481927710843373,0.08433734939759036,0.0,4.142857142857143,0.22405303066169663,0.0919571320549302,0.01942641765524278,0.10588253639892097
2026-04-08,823646,NYM,AZ,2,78,18,0,15,5,0.07692307692307693,0.19230769230769232,0.0641025641025641,0.0,4.142857142857143,0.22400587530838514,0.08819649262833928,0.01746947049281617,0.1016149769242316
2026-04-09,823645,NYM,AZ,1,73,14,1,15,5,0.1506849315068493,0.2054794520547945,0.0684931506849315,0.0136986301369863,4.214285714285714,0.22281676591032054,0.09064305104504697,0.01533727433076926,0.097514599689526
2026-04-10,823643,NYM,ATH,0,70,15,0,14,4,0.02857142857142857,0.2,0.05714285714285714,0.0,3.9285714285714284,0.22467335680800732,0.09004091345660802,0.015399996996231652,0.09912029992536323
2026-04-11,823644,NYM,ATH,6,86,25,6,21,8,0.22093023255813954,0.2441860465116279,0.09302325581395349,0.06976744186046512,3.7142857142857144,0.21675829889294937,0.08833104031816344,0.015399996996231652,0.09826536335614096
2026-04-12,823642,NYM,ATH,0,65,8,1,15,4,0.06153846153846154,0.23076923076923078,0.06153846153846154,0.015384615384615385,3.357142857142857,0.21677855657060924,0.08713583733623328,0.016027985003686476,0.09575341132632165
2026-04-13,823964,NYM,LAD,0,65,11,1,14,5,0.09230769230769231,0.2153846153846154,0.07692307692307693,0.015384615384615385,3.2857142857142856,0.21991827399604094,0.08446707752461634,0.01634195674622965,0.09700929829649432
2026-04-14,823965,NYM,LAD,1,63,7,1,20,5,0.07936507936507936,0.31746031746031744,0.07936507936507936,0.015873015873015872,3.0714285714285716,0.21177347761595047,0.08155822167458401,0.016600521710676965,0.09772035194872444
2026-04-15,823963,NYM,LAD,2,74,17,4,22,4,0.22972972972972974,0.2972972972972973,0.05405405405405406,0.05405405405405406,2.857142857142857,0.22223116946461977,0.07970835892246561,0.016794458934689376,0.09493063957254591
2026-04-17,824693,NYM,CHC,4,80,28,3,12,6,0.175,0.15,0.075,0.0375,3.0,0.2264091214037657,0.07504057813528185,0.019589364714669787,0.10494331749567161
2026-04-18,824694,NYM,CHC,2,69,12,3,10,7,0.14492753623188406,0.14492753623188406,0.10144927536231885,0.043478260869565216,3.2142857142857144,0.22077228835729415,0.07351303940894795,0.02140735094530662,0.11314039150599861
2026-04-19,824691,NYM,CHC,1,74,13,1,17,3,0.0945945945945946,0.22972972972972974,0.04054054054054054,0.013513513513513514,3.2142857142857144,0.2147149888217337,0.07400265946378538,0.022582439076916486,0.11383984872719496
2026-04-21,823640,NYM,MIN,3,71,10,2,23,6,0.09859154929577464,0.323943661971831,0.08450704225352113,0.028169014084507043,2.5714285714285716,0.21505282665957154,0.06886269807382399,0.020869118613596024,0.10898946262680886
2026-04-22,823641,NYM,MIN,3,71,15,1,15,8,0.11267605633802817,0.2112676056338028,0.11267605633802817,0.014084507042253521,2.142857142857143,0.223712895178795,0.07103791151664307,0.021915940082952706,0.11120546132168078
2026-04-23,823639,NYM,MIN,10,85,22,4,18,10,0.2,0.21176470588235294,0.11764705882352941,0.047058823529411764,2.0,0.22625517589008978,0.07522519739406978,0.022921976300256528,0.11442749623385655
2026-04-24,823638,NYM,COL,3,77,21,0,19,4,0.025974025974025976,0.24675324675324675,0.05194805194805195,0.0,2.5,0.22675127794536973,0.07760446235306544,0.026283320838071656,0.12613145492576705
2026-04-26,823635,NYM,COL,1,68,11,1,19,6,0.07352941176470588,0.27941176470588236,0.08823529411764706,0.014705882352941176,2.5714285714285716,0.23064024612005216,0.07673628291345744,0.026283320838071656,0.12249223700083485
2026-04-26,823637,NYM,COL,0,71,10,1,16,9,0.056338028169014086,0.22535211267605634,0.1267605633802817,0.014084507042253521,2.5714285714285716,0.2359211255951299,0.07814643601579425,0.026355267424925576,0.1169811284478246
2026-04-28,823636,NYM,WSH,8,68,9,2,14,7,0.08823529411764706,0.20588235294117646,0.10294117647058823,0.029411764705882353,2.5714285714285716,0.23773199078627677,0.08311912931846743,0.0273613036422294,0.11896445699050928
2026-04-29,823633,NYM,WSH,2,87,25,3,27,8,0.16091954022988506,0.3103448275862069,0.09195402298850575,0.034482758620689655,2.7142857142857144,0.2349960126741017,0.08382755222251279,0.024478755274044917,0.10948624710190268
2026-04-30,823634,NYM,WSH,4,73,14,2,13,5,0.136986301369863,0.1780821917808219,0.0684931506849315,0.0273972602739726,2.857142857142857,0.24067998387531425,0.08600009232608737,0.025842908362335933,0.1165848955798615
2026-05-01,824041,NYM,LAA,4,67,10,2,20,4,0.08955223880597014,0.29850746268656714,0.05970149253731343,0.029850746268656716,3.142857142857143,0.23801552504647186,0.08539795473764841,0.02670095442586145,0.11977622479858797
2026-05-02,824042,NYM,LAA,3,83,21,0,20,5,0.04819277108433735,0.24096385542168675,0.060240963855421686,0.0,3.357142857142857,0.23666174970548967,0.0839934128213794,0.027699363739835798,0.12050387904436588
2026-05-03,824043,NYM,LAA,5,75,13,2,20,7,0.09333333333333334,0.26666666666666666,0.09333333333333334,0.02666666666666667,3.4285714285714284,0.2326379324286604,0.08443533495004853,0.023838359878831934,0.10753695342683788
2026-05-04,824363,NYM,COL,4,65,9,1,19,2,0.15384615384615385,0.2923076923076923,0.03076923076923077,0.015384615384615385,3.5,0.2409712657619937,0.08574485875957234,0.023064550355022414,0.10170362009350453
2026-05-06,824361,NYM,COL,10,87,28,4,11,7,0.21839080459770116,0.12643678160919541,0.08045977011494253,0.04597701149425287,3.642857142857143,0.25149841976740855,0.08069628414578034,0.02105786139181171,0.10234066420880951
2026-05-07,824362,NYM,COL,2,73,13,1,16,12,0.0958904109589041,0.2191780821917808,0.1643835616438356,0.0136986301369863,4.285714285714286,0.24412035204451327,0.08354765768680905,0.023376682676150236,0.11118325063760283
2026-05-08,825088,NYM,AZ,3,74,10,2,20,4,0.12162162162162163,0.2702702702702703,0.05405405405405406,0.02702702702702703,4.214285714285714,0.23663709634593827,0.08925312335754579,0.022343083822755898,0.11099031218496923
2026-05-09,825089,NYM,AZ,1,66,9,0,16,7,0.06060606060606061,0.24242424242424243,0.10606060606060606,0.0,4.214285714285714,0.2408515723914002,0.08506583748011907,0.023267549535954005,0.11162928113379733
2026-05-10,825085,NYM,AZ,1,70,9,0,11,8,0.05714285714285714,0.15714285714285714,0.11428571428571428,0.0,3.5714285714285716,0.2430415392872495,0.08423823371133884,0.01990620499813888,0.10167257117708738
2026-05-12,823632,NYM,DET,10,84,23,1,19,9,0.10714285714285714,0.2261904761904762,0.10714285714285714,0.011904761904761904,3.4285714285714284,0.23664079717222167,0.0886909238783147,0.01990620499813888,0.10389891626057532
2026-05-13,823631,NYM,DET,2,80,15,0,22,7,0.0125,0.275,0.0875,0.0,4.071428571428571,0.23283927656397835,0.09004146409440114,0.01970612496612607,0.10629987664472898
2026-05-14,823630,NYM,DET,9,74,17,7,11,7,0.2972972972972973,0.14864864864864866,0.0945945945945946,0.0945945945945946,4.214285714285714,0.23638555422997434,0.08723713813866675,0.018700088748822247,0.10316858891837082
2026-05-15,823629,NYM,NYY,2,75,15,2,21,7,0.10666666666666667,0.28,0.09333333333333334,0.02666666666666667,4.285714285714286,0.23229743249479376,0.0866409537189529,0.02335600516944455,0.11810158914548871
2026-05-16,823627,NYM,NYY,6,77,17,0,25,8,0.07792207792207792,0.3246753246753247,0.1038961038961039,0.0,4.285714285714286,0.23012994481006468,0.0867394758864406,0.022797712887014338,0.1142263838909731
2026-05-17,823628,NYM,NYY,6,91,17,2,11,13,0.0989010989010989,0.12087912087912088,0.14285714285714285,0.02197802197802198,4.428571428571429,0.24060088287395778,0.0892682582586672,0.020840765724587724,0.11000751078755988
2026-05-18,822734,NYM,WSH,16,116,30,2,19,13,0.13793103448275862,0.16379310344827586,0.11206896551724138,0.017241379310344827,4.571428571428571,0.2279131441734259,0.09520794756722643,0.020278428275256673,0.11067528650864052
2026-05-19,822736,NYM,WSH,6,76,19,5,15,2,0.2236842105263158,0.19736842105263158,0.02631578947368421,0.06578947368421052,5.5,0.22240094760389653,0.09890994768592785,0.02150995536885273,0.11708516246567059
2026-05-20,822735,NYM,WSH,4,69,17,4,13,3,0.2318840579710145,0.18840579710144928,0.043478260869565216,0.057971014492753624,5.571428571428571,0.21745107291717972,0.09412298026738149,0.024304441584391576,0.1263959394080265
2026-05-21,822733,NYM,WSH,2,74,11,0,19,6,0.02702702702702703,0.25675675675675674,0.08108108108108109,0.0,5.571428571428571,0.21002950897387665,0.09503076813169108,0.02734632723497288,0.1319700754169451
2026-05-22,823863,NYM,MIA,1,60,8,1,15,3,0.11666666666666667,0.25,0.05,0.016666666666666666,5.0,0.2193380786272739,0.09507514748641525,0.02406225498538339,0.11830123416189696
2026-05-23,823862,NYM,MIA,1,66,11,2,20,5,0.13636363636363635,0.30303030303030304,0.07575757575757576,0.030303030303030304,4.928571428571429,0.22153964418500385,0.08690489308328415,0.024274257594646274,0.11978525242673713
2026-05-24,823861,NYM,MIA,0,76,14,1,14,10,0.07894736842105263,0.18421052631578946,0.13157894736842105,0.013157894736842105,4.785714285714286,0.22387964652500617,0.0884551446335357,0.024508257828646508,0.12083825347973819
2026-05-25,823625,NYM,CIN,2,77,15,3,27,4,0.15584415584415584,0.35064935064935066,0.05194805194805195,0.03896103896103896,4.714285714285714,0.21972152394583097,0.09027788329837962,0.025448107452706658,0.12214834689509477
2026-05-26,823624,NYM,CIN,2,77,20,1,22,7,0.09090909090909091,0.2857142857142857,0.09090909090909091,0.012987012987012988,4.785714285714286,0.2335434163391519,0.08582519313140373,0.028231038807066584,0.12919843965947325
2026-05-27,823626,NYM,CIN,4,80,16,2,13,11,0.0875,0.1625,0.1375,0.025,4.214285714285714,0.23779511701942405,0.08466563840042045,0.0283083424557988,0.12803888492848994
2026-05-29,823623,NYM,MIA,7,84,21,3,18,6,0.17857142857142858,0.21428571428571427,0.07142857142857142,0.03571428571428571,4.357142857142857,0.22975940273370976,0.088237066971849,0.030094056741513088,0.1333960277856328
2026-05-30,823622,NYM,MIA,6,70,16,2,19,5,0.15714285714285714,0.2714285714285714,0.07142857142857142,0.02857142857142857,4.214285714285714,0.23444776456492872,0.08658235103141879,0.0258883203929196,0.12491560859092789
2026-05-31,823621,NYM,MIA,10,78,12,3,15,12,0.14102564102564102,0.19230769230769232,0.15384615384615385,0.038461538461538464,4.5,0.23383551966696953,0.08501772518107865,0.026024374814688306,0.12852105076779863
2026-06-01,823131,NYM,SEA,2,65,6,4,21,1,0.18461538461538463,0.3230769230769231,0.015384615384615385,0.06153846153846154,4.785714285714286,0.22438068878356723,0.08858558589179652,0.028771627561941054,0.13302844813233886
2026-06-02,823129,NYM,SEA,3,74,16,5,19,6,0.22972972972972974,0.25675675675675674,0.08108108108108109,0.06756756756756757,4.5,0.2388233889405531,0.07948040535804456,0.03159737324482959,0.13915089711193068
2026-06-03,823130,NYM,SEA,7,77,20,1,19,4,0.09090909090909091,0.24675324675324675,0.05194805194805195,0.012987012987012988,3.5714285714285716,0.24546364989115887,0.07726698504117595,0.03519210097748836,0.14570794677242865
2026-06-05,823293,NYM,SD,5,67,12,2,13,2,0.14925373134328357,0.19402985074626866,0.029850746268656716,0.029850746268656716,3.642857142857143,0.24899113744120283,0.07909786093220224,0.03142049664197425,0.13622400965691256
2026-06-06,823292,NYM,SD,2,66,11,2,16,6,0.09090909090909091,0.24242424242424243,0.09090909090909091,0.030303030303030304,3.7142857142857144,0.24939285555868992,0.07812446703213734,0.029411906054538754,0.1303218434692175
2026-06-07,823291,NYM,SD,7,82,20,4,14,8,0.21951219512195122,0.17073170731707318,0.0975609756097561,0.04878048780487805,3.7142857142857144,0.2483691045349389,0.07882646773413804,0.03157640821904092,0.13488484803222206
2026-06-09,823620,NYM,STL,0,72,15,1,15,3,0.1111111111111111,0.20833333333333334,0.041666666666666664,0.013888888888888888,4.142857142857143,0.24270708362901552,0.08222368027769203,0.03387025258605602,0.14223095720759954
2026-06-10,823618,NYM,STL,2,76,14,4,14,6,0.17105263157894737,0.18421052631578946,0.07894736842105263,0.05263157894736842,4.071428571428571,0.2359430143649463,0.07978861534262711,0.03269781391361735,0.14042720540384773
2026-06-11,823619,NYM,STL,5,70,17,6,18,2,0.32857142857142857,0.2571428571428571,0.02857142857142857,0.08571428571428572,4.214285714285714,0.23594301436494627,0.0760292168463865,0.0355173627857978,0.14700615277226878
2026-06-12,823617,NYM,ATL,7,74,17,4,21,7,0.1891891891891892,0.28378378378378377,0.0945945945945946,0.05405405405405406,4.428571428571429,0.22926397911448243,0.07435945803377055,0.03885688041102971,0.15934381510993112
2026-06-13,823616,NYM,ATL,1,67,13,2,20,2,0.14925373134328357,0.29850746268656714,0.029850746268656716,0.029850746268656716,4.785714285714286,0.2291260861194466,0.0746227082970208,0.04179024048724693,0.16636382212993814
2026-06-14,823615,NYM,ATL,8,76,17,2,12,10,0.09210526315789473,0.15789473684210525,0.13157894736842105,0.02631578947368421,4.571428571428571,0.23884090488277282,0.06693347588763915,0.04213672236357955,0.1707748029401727
2026-06-15,824505,NYM,CIN,0,78,15,3,17,11,0.15384615384615385,0.21794871794871795,0.14102564102564102,0.038461538461538464,4.642857142857143,0.23481297792251504,0.07122993131191412,0.04146540120353658,0.1645986482677774
2026-06-16,824504,NYM,CIN,3,74,13,3,24,11,0.13513513513513514,0.32432432432432434,0.14864864864864866,0.04054054054054054,4.214285714285714,0.2309929883882398,0.07620115056884766,0.042171837624258725,0.16436316946087004
2026-06-17,824503,NYM,CIN,9,81,20,0,13,5,0.09876543209876543,0.16049382716049382,0.06172839506172839,0.0,3.7142857142857144,0.24042274781799922,0.07582990019759729,0.04232033777275886,0.1639424190401196
2026-06-18,823448,NYM,PHI,6,79,18,2,19,6,0.1518987341772152,0.24050632911392406,0.0759493670886076,0.02531645569620253,4.214285714285714,0.2288096695382543,0.07914017017453392,0.03792473337715447,0.1578102795746468
2026-06-20,823447,NYM,PHI,3,78,25,6,14,2,0.32051282051282054,0.1794871794871795,0.02564102564102564,0.07692307692307693,4.428571428571429,0.22764892470662337,0.07877361917507154,0.03490679681491411,0.15225092274946722
2026-06-21,823449,NYM,PHI,2,71,15,3,21,6,0.14084507042253522,0.29577464788732394,0.08450704225352113,0.04225352112676056,4.142857142857143,0.22284420561618998,0.0768945458674268,0.039473658524632964,0.1686511891497336
2026-06-23,823614,NYM,CHC,6,80,14,4,19,14,0.1875,0.2375,0.175,0.05,3.9285714285714284,0.23011169112626537,0.08079856700920283,0.04035957101449753,0.1680505705125373
2026-06-24,823611,NYM,CHC,5,84,20,4,19,8,0.25,0.2261904761904762,0.09523809523809523,0.047619047619047616,4.214285714285714,0.2297599595245338,0.08680506051569635,0.041766497421423944,0.17494992116188796
2026-06-24,823613,NYM,CHC,3,77,16,5,23,7,0.24675324675324675,0.2987012987012987,0.09090909090909091,0.06493506493506493,4.071428571428571,0.23372130015834827,0.08663914048914913,0.04168353740815033,0.17712762151032
2026-06-25,823612,NYM,CHC,3,85,15,2,20,8,0.10588235294117647,0.23529411764705882,0.09411764705882353,0.023529411764705882,4.285714285714286,0.2401761548274887,0.09015645650646517,0.045329692840020044,0.18681634548475826
2026-06-26,823610,NYM,PHI,1,68,14,0,16,3,0.04411764705882353,0.23529411764705882,0.04411764705882353,0.0,4.357142857142857,0.24382498277972217,0.09124004783773451,0.043250966612687014,0.18216132558206036
2026-06-27,823609,NYM,PHI,6,71,13,1,19,8,0.09859154929577464,0.2676056338028169,0.11267605633802817,0.014084507042253521,4.071428571428571,0.24226435853002232,0.09235049201540557,0.03712851763309517,0.16184319833115998
2026-06-28,823608,NYM,PHI,4,83,19,2,19,9,0.10843373493975904,0.2289156626506024,0.10843373493975904,0.024096385542168676,4.0,0.24110877638852468,0.0936420249970794,0.034273549989395136,0.15537193833877322
2026-06-29,822792,NYM,TOR,1,69,9,1,13,6,0.11594202898550725,0.18840579710144928,0.08695652173913043,0.014492753623188406,4.214285714285714,0.23613793352881293,0.09925509561644384,0.033862524223217415,0.15245622430995004
2026-06-30,822793,NYM,TOR,3,72,13,2,20,5,0.1111111111111111,0.2777777777777778,0.06944444444444445,0.027777777777777776,3.7142857142857144,0.23831729497590892,0.09606777950006595,0.03301802166246772,0.1541588504404938
2026-07-01,822791,NYM,TOR,3,71,17,4,18,7,0.2112676056338028,0.2535211267605634,0.09859154929577464,0.056338028169014086,3.9285714285714284,0.24259079924941318,0.09095483688712334,0.032254895899341954,0.15110634738799075
2026-07-03,824904,NYM,ATL,3,73,15,5,16,6,0.2191780821917808,0.2191780821917808,0.0821917808219178,0.0684931506849315,3.9285714285714284,0.23753342799485885,0.08737932979048947,0.03338328787280435,0.15654438099503842
2026-07-04,824903,NYM,ATL,3,85,22,7,15,7,0.27058823529411763,0.17647058823529413,0.08235294117647059,0.08235294117647059,3.5,0.2417251604970936,0.08884100020193157,0.03827565577887089,0.16514528457311095
2026-07-05,824902,NYM,ATL,10,83,24,3,16,6,0.1566265060240964,0.1927710843373494,0.07228915662650602,0.03614457831325301,3.2857142857142856,0.2371511790057629,0.08929839835106465,0.04234969045603289,0.17362310608146111
2026-07-06,824900,NYM,ATL,7,94,24,4,22,10,0.19148936170212766,0.23404255319148937,0.10638297872340426,0.0425531914893617,3.7857142857142856,0.23810002935220362,0.09263040770717039,0.03943694055533119,0.16191694076083799
2026-07-07,823607,NYM,KC,12,101,32,4,15,16,0.21782178217821782,0.1485148514851485,0.15841584158415842,0.039603960396039604,4.142857142857143,0.23369059401678685,0.09419297459787633,0.03945834558123127,0.16553439013795174
2026-07-08,823605,NYM,KC,6,77,17,1,13,8,0.1038961038961039,0.16883116883116883,0.1038961038961039,0.012987012987012988,4.571428571428571,0.22733451198001173,0.09300839185388764,0.03871577132380551,0.16770023172211015
2026-07-09,823606,NYM,KC,7,71,17,4,16,5,0.22535211267605634,0.22535211267605634,0.07042253521126761,0.056338028169014086,4.642857142857143,0.2232374185972041,0.09362682104374541,0.036242054564374473,0.15726423914326043
2026-07-10,823604,NYM,BOS,2,80,21,3,13,6,0.1625,0.1625,0.075,0.0375,4.928571428571429,0.21799819102397247,0.09216349563675803,0.03562798050965656,0.1557355867091754
2026-07-11,823603,NYM,BOS,0,74,9,2,17,12,0.12162162162162163,0.22972972972972974,0.16216216216216217,0.02702702702702703,4.857142857142857,0.21279861119203972,0.09079794941827064,0.036625879669320426,0.15977970435623418
2026-07-12,823602,NYM,BOS,2,74,10,1,20,5,0.0945945945945946,0.2702702702702703,0.06756756756756757,0.013513513513513514,4.785714285714286,0.2124011549122305,0.09922970049708053,0.03855638159982235,0.16531570253929123
2026-07-16,823440,NYM,PHI,4,70,11,4,17,7,0.21428571428571427,0.24285714285714285,0.1,0.05714285714285714,4.5,0.21259148608847717,0.09600766558490478,0.0385155963477695,0.1650302057749212
2026-07-18,823441,NYM,PHI,1,75,15,3,21,7,0.14666666666666667,0.28,0.09333333333333334,0.04,4.5,0.21358730610323004,0.09540525594635056,0.040876058604961525,0.17259106144248945
2026-07-19,823439,NYM,PHI,6,82,20,2,22,10,0.12195121951219512,0.2682926829268293,0.12195121951219512,0.024390243902439025,4.5,0.22012974916741226,0.09586074248879362,0.04269800477473379,0.17478567841971512
2026-07-20,823762,NYM,MIL,3,74,16,3,23,7,0.1891891891891892,0.3108108108108108,0.0945945945945946,0.04054054054054054,4.714285714285714,0.21945224239234448,0.0996112264222044,0.04245603806935245,0.1755599718769354
2026-07-21,823760,NYM,MIL,4,72,17,2,10,5,0.1111111111111111,0.1388888888888889,0.06944444444444445,0.027777777777777776,4.714285714285714,0.22354436268164787,0.09932572965783439,0.04132764609589005,0.17398294213089158
2026-07-22,823761,NYM,MIL,3,74,16,2,24,7,0.16216216216216217,0.32432432432432434,0.0945945945945946,0.02702702702702703,4.785714285714286,0.2178094203028699,0.098415205630872,0.0384194051739505,0.1662638727679866
2026-07-24,823601,NYM,LAD,2,71,15,3,16,5,0.2112676056338028,0.22535211267605634,0.07042253521126761,0.04225352112676056,4.785714285714286,0.22837040145208634,0.09928960944645229,0.03446755416327596,0.1585191532585612
2026-07-25,823600,NYM,LAD,3,77,14,1,20,8,0.06493506493506493,0.2597402597402597,0.1038961038961039,0.012987012987012988,4.214285714285714,0.23069761776199396,0.09915627934536383,0.034903907221383645,0.16242208894496882
2026-07-26,823599,NYM,LAD,8,77,15,2,19,9,0.12987012987012986,0.24675324675324675,0.11688311688311688,0.025974025974025976,3.9285714285714284,0.2325331682297633,0.09897864542912808,0.03279203732835874,0.15338249631875006
2026-07-27,823597,NYM,ATL,14,80,25,5,16,7,0.225,0.2,0.0875,0.0625,3.642857142857143,0.2395501964631989,0.09601202223619655,0.03181847058392919,0.1471002354396009
2026-07-29,823596,NYM,ATL,3,71,13,1,15,7,0.08450704225352113,0.2112676056338028,0.09859154929577464,0.014084507042253521,4.214285714285714,0.24177654154668682,0.09484087195790343,0.03535511251342826,0.15575051373273635
2026-07-29,823598,NYM,ATL,0,66,9,0,24,2,0.015151515151515152,0.36363636363636365,0.030303030303030304,0.0,3.9285714285714284,0.240770505329383,0.09685294439251105,0.03233700386151679,0.14569015155969814
2026-07-30,823595,NYM,MIA,4,68,13,2,17,5,0.10294117647058823,0.25,0.07352941176470588,0.029411764705882353,3.7857142857142856,0.2551373884462661,0.09366030369987036,0.029658432432945366,0.13516525978480634
2026-07-31,823593,NYM,MIA,2,72,15,2,18,4,0.1388888888888889,0.25,0.05555555555555555,0.027777777777777776,4.071428571428571,0.2565852648941426,0.08732939295719493,0.02982877083857789,0.13383094227401823
2026-08-01,823594,NYM,MIA,2,76,17,3,11,5,0.13157894736842105,0.14473684210526316,0.06578947368421052,0.039473684210526314,4.071428571428571,0.2551373884462661,0.08647139209919406,0.03084764685745391,0.1369948204378964
2026-08-02,823592,NYM,MIA,0,70,10,1,15,6,0.08571428571428572,0.21428571428571427,0.08571428571428572,0.014285714285714285,3.9285714285714284,0.24812879553541758,0.08402778307663768,0.02958556307657313,0.1310871942295183
2026-08-04,824403,NYM,CLE,6,78,16,3,17,11,0.15384615384615385,0.21794871794871795,0.14102564102564102,0.038461538461538464,3.857142857142857,0.24343491798439712,0.08348356538956284,0.02774882838269558,0.12673345273291967
2026-08-05,824402,NYM,CLE,6,90,19,3,29,7,0.16666666666666666,0.32222222222222224,0.07777777777777778,0.03333333333333333,3.857142857142857,0.23983892048596062,0.0848460240690947,0.028753920851202687,0.12901166232820244
2026-08-06,824401,NYM,CLE,13,92,28,4,23,10,0.18478260869565216,0.25,0.10869565217391304,0.043478260869565216,4.071428571428571,0.24065402130106145,0.0836448228678935,0.02823912033640217,0.12740291071945084
2026-08-07,823349,NYM,PIT,6,79,22,1,11,7,0.0759493670886076,0.13924050632911392,0.08860759493670886,0.012658227848101266,4.714285714285714,0.24859052923756939,0.08644848056285555,0.029360583414386986,0.13266516054691804
2026-08-08,823348,NYM,PIT,0,76,15,1,17,10,0.09210526315789473,0.2236842105263158,0.13157894736842105,0.013157894736842105,4.928571428571429,0.23537025652362578,0.08602083773014942,0.02833424061589229,0.12650710375594984
2026-08-09,823345,NYM,PIT,11,82,19,3,23,7,0.17073170731707318,0.2804878048780488,0.08536585365853659,0.036585365853658534,4.785714285714286,0.23525112065578718,0.0903891528842318,0.026255981588040968,0.11799550786481357
2026-08-10,824887,NYM,ATL,8,85,21,2,19,11,0.12941176470588237,0.2235294117647059,0.12941176470588237,0.023529411764705882,5.357142857142857,0.23673308816562924,0.08906556358154841,0.027941578221372797,0.12555241089209987
2026-08-11,824886,NYM,ATL,0,64,7,2,9,9,0.09375,0.140625,0.140625,0.03125,5.357142857142857,0.2350742428093049,0.08996046699746023,0.027766962920707072,0.12551967052322505
2026-08-12,824883,NYM,ATL,3,70,19,6,14,3,0.3142857142857143,0.2,0.04285714285714286,0.08571428571428572,4.357142857142857,0.23083317138073345,0.0937551098546031,0.025534820063564216,0.11614467052322505
2026-08-14,823591,NYM,WSH,4,73,12,2,17,7,0.0958904109589041,0.2328767123287671,0.0958904109589041,0.0273972602739726,4.357142857142857,0.23002834240689043,0.08977408082327225,0.03065123282585223,0.13255743281123886
2026-08-15,823588,NYM,WSH,4,73,15,3,23,9,0.1780821917808219,0.3150684931506849,0.1232876712328767,0.0410958904109589,4.642857142857143,0.22068836731349067,0.09445889372726324,0.03260817998827885,0.1383244967974809
2026-08-16,823590,NYM,WSH,4,70,15,2,20,5,0.14285714285714285,0.2857142857142857,0.07142857142857142,0.02857142857142857,4.642857142857143,0.22533611682425386,0.09801305511784686,0.03344276039578431,0.1436917121767833
2026-08-17,823589,NYM,SD,2,65,12,0,12,7,0.0,0.18461538461538463,0.1076923076923077,0.0,4.785714285714286,0.22788713723241713,0.09914684196591943,0.033499449738187935,0.14397515888880147
2026-08-18,823586,NYM,SD,2,78,17,5,20,7,0.21794871794871795,0.2564102564102564,0.08974358974358974,0.0641025641025641,4.785714285714286,0.23073560455456862,0.10213990153792638,0.03067990086600749,0.13457666264819995
2026-08-19,823587,NYM,SD,4,69,12,1,16,8,0.08695652173913043,0.2318840579710145,0.11594202898550725,0.014492753623188406,4.928571428571429,0.2337445004206074,0.10242770896859096,0.03423824728149676,0.1440219792363737
2026-08-21,824559,NYM,CWS,4,71,14,5,16,4,0.2535211267605634,0.22535211267605634,0.056338028169014086,0.07042253521126761,4.785714285714286,0.2347398818507714,0.10063602239429567,0.03252619122161461,0.1392441483715863
2026-08-22,824560,NYM,CWS,10,89,25,7,19,9,0.25842696629213485,0.21348314606741572,0.10112359550561797,0.07865168539325842,4.642857142857143,0.22782058831175958,0.09910461170795541,0.03517541992718135,0.1454480383782932
2026-08-23,824558,NYM,CWS,1,71,12,1,20,7,0.08450704225352113,0.28169014084507044,0.09859154929577464,0.014084507042253521,4.428571428571429,0.22521224160228925,0.0985637505173629,0.03768780739315943,0.15070834963518484
2026-08-25,823585,NYM,MIL,2,81,20,2,16,6,0.12345679012345678,0.19753086419753085,0.07407407407407407,0.024691358024691357,4.071428571428571,0.23538721549628616,0.09927689011443903,0.03778968447845602,0.15131961214696438
2026-08-26,823584,NYM,MIL,1,81,22,1,14,7,0.04938271604938271,0.1728395061728395,0.08641975308641975,0.012345679012345678,4.214285714285714,0.23351911932994437,0.09516939916484281,0.03861350328473097,0.15355900693021882
2026-08-27,823581,NYM,MIL,2,76,15,2,16,5,0.13157894736842105,0.21052631578947367,0.06578947368421052,0.02631578947368421,3.5,0.22582995513671514,0.09524467769540591,0.03688209708178005,0.14489122183966946
2026-08-28,823583,NYM,HOU,1,68,9,0,22,7,0.014705882352941176,0.3235294117647059,0.10294117647058823,0.0,3.0714285714285716,0.2249011625670557,0.09070022833671505,0.037081124060992794,0.14504602060127939
2026-08-29,823582,NYM,HOU,6,71,15,1,12,5,0.14084507042253522,0.16901408450704225,0.07042253521126761,0.014084507042253521,3.142857142857143,0.2379657634073918,0.0880085266560428,0.03484898120384993,0.13940001219791803
2026-08-30,823580,NYM,HOU,3,75,15,4,16,5,0.21333333333333335,0.21333333333333335,0.06666666666666667,0.05333333333333334,3.357142857142857,0.23575248372932342,0.08997748325276599,0.02973256844156192,0.12701139477911955
2026-08-31,822932,NYM,TB,3,73,19,1,18,2,0.0684931506849315,0.2465753424657534,0.0273972602739726,0.0136986301369863,3.2857142857142856,0.23435652808679244,0.0878900729461776,0.03158514508865912,0.13540017494872164
2026-09-01,822929,NYM,TB,2,74,16,2,14,5,0.14864864864864866,0.1891891891891892,0.06756756756756757,0.02702702702702703,3.2142857142857144,0.2294641601807259,0.08104075787768446,0.0296281979262325,0.12757238629901516
2026-09-02,822931,NYM,TB,10,82,21,2,13,6,0.13414634146341464,0.15853658536585366,0.07317073170731707,0.024390243902439025,3.0714285714285716,0.2225695104289333,0.08076497188761275,0.02951788353020382,0.12798606528412274
2026-09-04,823579,NYM,SF,10,82,21,6,15,10,0.25609756097560976,0.18292682926829268,0.12195121951219512,0.07317073170731707,3.642857142857143,0.2207067390539668,0.07829914503154199,0.031260043808949464,0.13756794681722379
2026-03-20,831603,NYY,BAL,3,62,9,0,21,5,0.14516129032258066,0.3387096774193548,0.08064516129032258,0.0,,,,,
2026-03-21,831601,NYY,DET,1,68,15,0,9,6,0.08823529411764706,0.1323529411764706,0.08823529411764706,0.0,,,,,
2026-03-22,831493,NYY,PHI,6,70,16,2,17,4,0.14285714285714285,0.24285714285714285,0.05714285714285714,0.02857142857142857,,,,,
2026-03-23,831780,NYY,CHC,6,88,31,6,18,8,0.2840909090909091,0.20454545454545456,0.09090909090909091,0.06818181818181818,3.3333333333333335,0.23797325381765608,0.07534110418360893,0.009523809523809523,0.1254179090991235
2026-03-24,831779,NYY,CHC,8,78,18,5,16,6,0.2692307692307692,0.20512820512820512,0.07692307692307693,0.0641025641025641,4.0,0.2296163039996057,0.07923310086497942,0.024188311688311686,0.16508615909706992
2026-03-25,823244,NYY,SF,7,74,13,0,18,5,0.02702702702702703,0.24324324324324326,0.06756756756756757,0.0,4.8,0.22471868422532557,0.07877109607659892,0.03217116217116217,0.18591508112380978
2026-03-27,823243,NYY,SF,3,67,9,2,20,5,0.11940298507462686,0.29850746268656714,0.07462686567164178,0.029850746268656716,5.166666666666667,0.2278061107283119,0.0769038413250937,0.02680930180930181,0.159433738774346
2026-03-28,823241,NYY,SF,3,70,16,1,18,5,0.11428571428571428,0.2571428571428571,0.07142857142857142,0.014285714285714285,4.857142857142857,0.23790630386520548,0.07657855908888629,0.027243793874923934,0.15371505967438612
2026-03-30,823159,NYY,SEA,1,72,15,0,21,5,0.041666666666666664,0.2916666666666667,0.06944444444444445,0.0,4.625,0.24031087302491194,0.07593481063134692,0.02562403392627273,0.14878639150080214
2026-03-31,823158,NYY,SEA,5,69,13,0,17,4,0.043478260869565216,0.2463768115942029,0.057971014492753624,0.0,4.222222222222222,0.24601707231844022,0.0752136588328022,0.022776919045575758,0.13688419985256484
2026-04-01,823157,NYY,SEA,5,70,13,2,19,4,0.12857142857142856,0.2714285714285714,0.05714285714285714,0.02857142857142857,4.3,0.2460530462460165,0.07348939439879734,0.020499227141018185,0.1275436059542649
2026-04-03,823568,NYY,MIA,8,72,10,4,20,11,0.20833333333333334,0.2777777777777778,0.1527777777777778,0.05555555555555555,4.363636363636363,0.2483599121717033,0.07200334555734823,0.021233063634691855,0.12763704437400705
2026-04-04,823569,NYY,MIA,9,88,21,1,21,15,0.07954545454545454,0.23863636363636365,0.17045454545454544,0.011363636363636364,4.666666666666667,0.2508114009722095,0.07873454824238403,0.024093271294763827,0.13436173512061758
2026-04-05,823566,NYY,MIA,6,83,14,1,18,14,0.08433734939759036,0.21686746987951808,0.1686746987951807,0.012048192771084338,5.0,0.24987485963868292,0.08578993264331952,0.023114068607754026,0.13014509815329733
2026-04-07,823567,NYY,ATH,5,74,15,2,20,8,0.13513513513513514,0.2702702702702703,0.10810810810810811,0.02702702702702703,5.071428571428571,0.24751718894159971,0.09171027308273819,0.022323648905134764,0.12687311609931826
2026-04-08,823564,NYY,ATH,2,77,13,0,24,10,0.025974025974025976,0.3116883116883117,0.12987012987012986,0.0,5.214285714285714,0.24262865985952223,0.09367191214115143,0.024254150835636694,0.12615696215735786
2026-04-09,823565,NYY,ATH,0,66,9,0,16,3,0.045454545454545456,0.24242424242424243,0.045454545454545456,0.0,5.285714285714286,0.2554383291817966,0.09664582898061448,0.024254150835636694,0.1217097287185278
2026-04-10,822997,NYY,TB,3,74,14,2,17,7,0.12162162162162163,0.22972972972972974,0.0945945945945946,0.02702702702702703,4.857142857142857,0.2554074077223037,0.0958109495743065,0.02221333450910608,0.11475240033262799
2026-04-11,822996,NYY,TB,4,84,17,1,17,8,0.09523809523809523,0.20238095238095238,0.09523809523809523,0.011904761904761904,4.642857142857143,0.2572062845211805,0.09607419983755679,0.01927370656947814,0.10314745122767888
2026-04-12,822998,NYY,TB,4,71,18,1,17,3,0.14084507042253522,0.23943661971830985,0.04225352112676056,0.014084507042253521,4.357142857142857,0.25701005218209105,0.09738241543148665,0.015545292126777983,0.09071940308534503
2026-04-13,823563,NYY,LAA,10,89,26,7,15,10,0.29213483146067415,0.16853932584269662,0.11235955056179775,0.07865168539325842,4.142857142857143,0.25673815050173865,0.09557426925714331,0.01655132834408181,0.09884926332788131
2026-04-14,823562,NYY,LAA,1,75,17,5,24,6,0.22666666666666666,0.32,0.08,0.06666666666666667,4.642857142857143,0.2474547121557479,0.09826946103501158,0.02003710971012479,0.11118725235545612
2026-04-15,823561,NYY,LAA,3,70,13,4,13,7,0.21428571428571427,0.18571428571428572,0.1,0.05714285714285714,4.5,0.2519445080741152,0.09888170593297077,0.023778606308764244,0.11921446323980986
2026-04-16,823560,NYY,LAA,4,80,17,6,15,11,0.2375,0.1875,0.1375,0.075,4.642857142857143,0.2443764808632309,0.10106424561551045,0.027860238961825465,0.131544395212599
2026-04-17,823559,NYY,KC,4,69,9,3,18,8,0.14492753623188406,0.2608695652173913,0.11594202898550725,0.043478260869565216,4.571428571428571,0.24017099432078784,0.10674488743745662,0.03321738181896832,0.1454030908647729
2026-04-18,823558,NYY,KC,13,77,18,5,18,8,0.2727272727272727,0.23376623376623376,0.1038961038961039,0.06493506493506493,4.5,0.2394167795914178,0.1109448282833602,0.03428215555454951,0.14657138426909114
2026-04-19,823556,NYY,KC,7,75,13,3,18,12,0.16,0.24,0.16,0.04,4.857142857142857,0.23627309787630751,0.10745328014895492,0.03495212051022876,0.15117095136865824
2026-04-21,824773,NYY,BOS,4,73,14,1,13,7,0.0821917808219178,0.1780821917808219,0.0958904109589041,0.0136986301369863,4.714285714285714,0.23637050047371014,0.10670652690220168,0.036997575055683296,0.1569177046154115
2026-04-22,824774,NYY,BOS,4,68,11,1,18,4,0.10294117647058823,0.2647058823529412,0.058823529411764705,0.014705882352941176,4.571428571428571,0.2336001234666604,0.1015076491996105,0.037115463438962014,0.15676444971714917
2026-04-23,824770,NYY,BOS,4,70,14,2,22,3,0.11428571428571428,0.3142857142857143,0.04285714285714286,0.02857142857142857,4.5,0.2332026671868512,0.09798732214987167,0.0362353816765273,0.15446488124111007
2026-04-24,824204,NYY,HOU,12,82,24,6,15,8,0.25609756097560976,0.18292682926829268,0.0975609756097561,0.07317073170731707,4.642857142857143,0.2333881959438085,0.09177210879180119,0.03827619800305792,0.16077285897765928
2026-04-25,824203,NYY,HOU,8,80,19,5,17,12,0.2125,0.2125,0.15,0.0625,5.5,0.22913838071838355,0.09549399666003051,0.04350267883929485,0.1758187886577353
2026-04-26,824202,NYY,HOU,4,70,14,3,13,4,0.2,0.18571428571428572,0.05714285714285714,0.04285714285714286,5.857142857142857,0.22790768573768855,0.09945152561755946,0.04603646262307864,0.18231010139904802
2026-04-27,822906,NYY,TEX,4,74,16,4,13,7,0.1891891891891892,0.17567567567567569,0.0945945945945946,0.05405405405405406,5.857142857142857,0.22671720954721233,0.09673043718218532,0.048247346976820135,0.18979309459632693
2026-04-28,822908,NYY,TEX,3,72,12,2,18,4,0.1388888888888889,0.25,0.05555555555555555,0.027777777777777776,5.857142857142857,0.22216285640130992,0.1004690852870306,0.05110231462052017,0.19324624593680223
2026-04-29,822907,NYY,TEX,0,67,12,0,14,5,0.014925373134328358,0.208955223880597,0.07462686567164178,0.0,5.357142857142857,0.22798147598397445,0.09641165707229903,0.04746846407655727,0.18230010718167472
2026-05-01,823557,NYY,BAL,7,72,14,3,20,8,0.16666666666666666,0.2777777777777778,0.1111111111111111,0.041666666666666664,5.285714285714286,0.22004970626115997,0.09602786176313058,0.04270655931465251,0.16717572907222197
2026-05-02,823554,NYY,BAL,9,75,15,4,16,12,0.22666666666666666,0.21333333333333335,0.16,0.05333333333333334,5.571428571428571,0.22662566997998082,0.09682151255678136,0.04160111713778176,0.16377436852800425
2026-05-03,823555,NYY,BAL,11,79,24,3,12,6,0.189873417721519,0.1518987341772152,0.0759493670886076,0.0379746835443038,5.928571428571429,0.22847090807521891,0.09842865541392422,0.04005349809016272,0.16300055900419477
2026-05-04,823552,NYY,BAL,12,79,20,1,12,11,0.11392405063291139,0.1518987341772152,0.13924050632911392,0.012658227848101266,6.428571428571429,0.2206872772866349,0.0955720367070028,0.03966038542407261,0.16621097911059723
2026-05-05,823553,NYY,TEX,7,79,19,3,15,8,0.189873417721519,0.189873417721519,0.10126582278481013,0.0379746835443038,6.357142857142857,0.21483959874456215,0.09809663688078926,0.035926325632146636,0.1548678918181429
2026-05-06,823550,NYY,TEX,1,71,11,3,23,6,0.14084507042253522,0.323943661971831,0.08450704225352113,0.04225352112676056,6.357142857142857,0.2112591285818135,0.09390133850827567,0.03578166017102548,0.15700170736967994
2026-05-07,823551,NYY,TEX,9,82,20,1,10,13,0.12195121951219512,0.12195121951219512,0.15853658536585366,0.012195121951219513,6.142857142857143,0.22167780502402845,0.09308824074360547,0.03782129524172364,0.16119122805543834
2026-05-08,823794,NYY,MIL,0,66,11,0,21,5,0.030303030303030304,0.3181818181818182,0.07575757575757576,0.0,6.5,0.2114810433925466,0.10021060188318325,0.03764195521302923,0.16254908827269596
2026-05-09,823792,NYY,MIL,3,80,13,2,23,9,0.0875,0.2875,0.1125,0.025,6.214285714285714,0.21175933652798257,0.10256063280464275,0.03560113888649862,0.15655032513107567
2026-05-10,823793,NYY,MIL,3,74,12,2,22,11,0.10810810810810811,0.2972972972972973,0.14864864864864866,0.02702702702702703,5.571428571428571,0.2192288487231045,0.10362770597537445,0.032160372335975976,0.14450764220424642
2026-05-11,824844,NYY,BAL,2,65,8,2,20,6,0.12307692307692308,0.3076923076923077,0.09230769230769231,0.03076923076923077,5.214285714285714,0.22528579853005432,0.10353118087884935,0.02962658855219219,0.1370510784976827
2026-05-12,824843,NYY,BAL,6,75,15,2,15,7,0.12,0.2,0.09333333333333334,0.02666666666666667,5.071428571428571,0.23399851438562733,0.10604295481919472,0.02876316626019847,0.13155657300317722
2026-05-13,824841,NYY,BAL,0,67,11,1,14,8,0.07462686567164178,0.208955223880597,0.11940298507462686,0.014925373134328358,5.214285714285714,0.23573596612307907,0.10595286472910463,0.026806924303956512,0.12661448806109227
2026-05-15,823629,NYY,NYM,5,75,15,2,21,7,0.10666666666666667,0.28,0.09333333333333334,0.02666666666666667,5.0,0.23280419640026453,0.11051339540903829,0.02588889540085298,0.12202434354557463
2026-05-16,823627,NYY,NYM,3,77,17,0,25,8,0.07792207792207792,0.3246753246753247,0.1038961038961039,0.0,5.357142857142857,0.23787882326593618,0.1118495716705877,0.02779365730561489,0.1285772930835988
2026-05-17,823628,NYY,NYM,6,91,17,2,11,13,0.0989010989010989,0.12087912087912088,0.14285714285714285,0.02197802197802198,5.071428571428571,0.24122864804433242,0.11133421401237291,0.02481746682942441,0.12223839388755674
2026-05-18,823549,NYY,TOR,7,76,20,5,18,7,0.25,0.23684210526315788,0.09210526315789473,0.06578947368421052,4.857142857142857,0.23462477572617435,0.11010972421645453,0.022577801732616455,0.11311228190430189
2026-05-19,823548,NYY,TOR,5,76,15,2,19,9,0.07894736842105263,0.25,0.11842105263157894,0.02631578947368421,4.571428571428571,0.24069215937517027,0.11126371679283219,0.02456457245689551,0.11740703778133624
2026-05-20,823547,NYY,TOR,1,69,13,0,22,2,0.043478260869565216,0.3188405797101449,0.028985507246376812,0.0,4.071428571428571,0.24769939264822632,0.10977661295729398,0.02554011257300858,0.11490870333763205
2026-05-21,823545,NYY,TOR,0,69,10,1,24,6,0.11594202898550725,0.34782608695652173,0.08695652173913043,0.014492753623188406,3.642857142857143,0.25691133279027106,0.10461373327597731,0.022827635176986875,0.10445190641963535
2026-05-22,823546,NYY,TB,2,76,19,1,11,6,0.13157894736842105,0.14473684210526316,0.07894736842105263,0.013157894736842105,3.5714285714285716,0.25861722028917755,0.10478869609637798,0.02084472321244601,0.10267311774556194
2026-05-24,823544,NYY,TB,0,65,14,1,12,7,0.07692307692307693,0.18461538461538463,0.1076923076923077,0.015384615384615385,3.0714285714285716,0.26024476476011094,0.0991037520288922,0.020913492697133336,0.10336081259243521
2026-05-25,824107,NYY,KC,4,73,14,3,11,7,0.1780821917808219,0.1506849315068493,0.0958904109589041,0.0410958904109589,3.0714285714285716,0.2507043052196514,0.10138480430994445,0.022012393796034434,0.10669081592243854
2026-05-26,824106,NYY,KC,15,89,30,7,11,6,0.30337078651685395,0.12359550561797752,0.06741573033707865,0.07865168539325842,3.142857142857143,0.2409318003272835,0.10019840509272335,0.02316210025396007,0.11316097247821154
2026-05-27,824104,NYY,KC,7,68,12,1,17,4,0.10294117647058823,0.25,0.058823529411764705,0.014705882352941176,4.0,0.22852452949304639,0.09439605378475405,0.02684957585154803,0.1271083066502648
2026-05-29,825002,NYY,ATH,8,79,20,4,10,6,0.189873417721519,0.12658227848101267,0.0759493670886076,0.05063291139240506,4.357142857142857,0.22440365037216728,0.09200432786361636,0.025702193821813057,0.1256700390355266
2026-05-30,825000,NYY,ATH,4,76,14,3,19,12,0.13157894736842105,0.25,0.15789473684210525,0.039473684210526314,4.5,0.2191595274065253,0.09076261598899309,0.027414068445080087,0.13066099744420653
2026-05-31,825001,NYY,ATH,13,87,23,2,16,10,0.16091954022988506,0.1839080459770115,0.11494252873563218,0.022988505747126436,4.785714285714286,0.2220912971293398,0.09351202682952728,0.029167519236237085,0.13472900327969076
2026-06-02,823541,NYY,CLE,4,81,20,2,23,5,0.16049382716049382,0.2839506172839506,0.06172839506172839,0.024691358024691357,5.357142857142857,0.21522758612769777,0.09505554078683431,0.028904793456269923,0.13860420853420635
2026-06-03,823540,NYY,CLE,4,69,14,5,17,2,0.2898550724637681,0.2463768115942029,0.028985507246376812,0.07246376811594203,5.428571428571429,0.21231867845688535,0.09204356158437892,0.03066846188660502,0.14450219062266464
2026-06-04,823542,NYY,CLE,2,62,7,0,15,6,0.016129032258064516,0.24193548387096775,0.0967741935483871,0.0,5.285714285714286,0.22128279922224836,0.08390987332646707,0.03427458661074217,0.15814176016285528
2026-06-05,823538,NYY,BOS,3,72,15,4,13,5,0.18055555555555555,0.18055555555555555,0.06944444444444445,0.05555555555555555,4.928571428571429,0.22164661197994903,0.08424336835435939,0.029575338490441416,0.14143669103843134
2026-06-07,823537,NYY,BOS,6,68,16,2,16,2,0.14705882352941177,0.23529411764705882,0.029411764705882353,0.029411764705882353,4.785714285714286,0.2166862945196316,0.08074503919813548,0.031663893210575084,0.14869441869089584
2026-06-08,824427,NYY,CLE,7,87,17,3,22,12,0.11494252873563218,0.25287356321839083,0.13793103448275862,0.034482758620689655,5.142857142857143,0.21071869008655403,0.08077548615952876,0.03376473354670954,0.15609303030945632
2026-06-09,824429,NYY,CLE,3,81,18,2,17,8,0.07407407407407407,0.20987654320987653,0.09876543209876543,0.024691358024691357,5.642857142857143,0.20393636696240183,0.0844165227840736,0.03519259104653106,0.15602163743446523
2026-06-10,824428,NYY,CLE,8,81,17,1,17,10,0.13580246913580246,0.20987654320987653,0.12345679012345678,0.012345679012345678,5.714285714285714,0.20858920275558848,0.08583209876105309,0.036016409852806006,0.151914146484869
2026-06-12,822803,NYY,TOR,5,80,17,3,16,11,0.175,0.2,0.1375,0.0375,6.285714285714286,0.2103935712266236,0.0869581332204209,0.03579934296907245,0.15611981735720654
2026-06-13,822802,NYY,TOR,3,73,11,3,20,9,0.136986301369863,0.273972602739726,0.1232876712328767,0.0410958904109589,6.357142857142857,0.21391607611899152,0.0899302467233563,0.03554249365400396,0.15589966080143355
2026-06-14,822801,NYY,TOR,8,82,23,3,14,7,0.17073170731707318,0.17073170731707318,0.08536585365853659,0.036585365853658534,5.5,0.22465729734197357,0.09392109964448474,0.03285993686955399,0.14401505471950563
2026-06-16,823535,NYY,CWS,12,79,20,5,19,8,0.20253164556962025,0.24050632911392406,0.10126582278481013,0.06329113924050633,5.571428571428571,0.21899527643605024,0.09581697994782558,0.03442275711960523,0.14885723549425456
2026-06-17,823536,NYY,CWS,10,81,24,6,17,5,0.30864197530864196,0.20987654320987653,0.06172839506172839,0.07407407407407407,5.857142857142857,0.2271327086241153,0.09762529821184006,0.03532691625161246,0.14976139462626176
2026-06-18,823533,NYY,CWS,1,67,12,3,21,2,0.1791044776119403,0.31343283582089554,0.029850746268656716,0.04477611940298507,6.285714285714286,0.22426674742482078,0.090756273798956,0.0377983726704373,0.162408753764849
2026-06-19,823534,NYY,CIN,5,69,12,2,23,6,0.11594202898550725,0.3333333333333333,0.08695652173913043,0.028985507246376812,5.428571428571429,0.23351851812795535,0.08467828933702917,0.03935463078871292,0.16370767786356724
2026-06-20,823532,NYY,CIN,2,85,23,2,18,6,0.15294117647058825,0.21176470588235294,0.07058823529411765,0.023529411764705882,5.5,0.23704585498862557,0.08648029838541504,0.039661355733119026,0.1605254065653539
2026-06-21,823531,NYY,CIN,1,73,14,2,16,7,0.0958904109589041,0.2191780821917808,0.0958904109589041,0.0273972602739726,5.357142857142857,0.2345735617234934,0.08945192181739652,0.03616604456517359,0.15074584256584106
2026-06-22,824261,NYY,DET,3,74,16,2,19,5,0.14864864864864866,0.25675675675675674,0.06756756756756757,0.02702702702702703,5.285714285714286,0.23294803303212291,0.0893887944895763,0.038122991727600204,0.15644308390161532
2026-06-23,824262,NYY,DET,4,72,17,1,20,5,0.09722222222222222,0.2777777777777778,0.06944444444444445,0.013888888888888888,5.285714285714286,0.23839097597506584,0.08925473185551368,0.03608523968984816,0.15416401912255054
2026-06-24,824259,NYY,DET,4,71,14,3,24,3,0.16901408450704225,0.3380281690140845,0.04225352112676056,0.04225352112676056,5.142857142857143,0.24142552312726004,0.09211420897969667,0.0349764628457772,0.15060426188632273
2026-06-25,824747,NYY,BOS,3,77,15,2,20,6,0.1038961038961039,0.2597402597402597,0.07792207792207792,0.025974025974025976,4.928571428571429,0.2475079949698096,0.08528010088283969,0.03553151731049655,0.15446651586999485
2026-06-26,824743,NYY,BOS,1,68,12,1,9,6,0.1323529411764706,0.1323529411764706,0.08823529411764706,0.014705882352941176,4.928571428571429,0.2510696890076941,0.08379128987021914,0.035623136449734735,0.1565966608572827
2026-06-27,824745,NYY,BOS,1,65,10,3,15,5,0.15384615384615385,0.23076923076923078,0.07692307692307693,0.046153846153846156,4.428571428571429,0.24553228886245085,0.08127546872694702,0.03579172240263442,0.1563502660030447
2026-06-28,824744,NYY,BOS,4,74,9,0,20,6,0.013513513513513514,0.2702702702702703,0.08108108108108109,0.0,4.142857142857143,0.24773009106025307,0.07694854565002394,0.03640985427076628,0.15483927699205569
2026-06-29,823529,NYY,DET,3,74,14,1,22,3,0.10810810810810811,0.2972972972972973,0.04054054054054054,0.013513513513513514,4.214285714285714,0.2474656387410062,0.07393378921060997,0.03347443352712636,0.14601979214517358
2026-06-30,823528,NYY,DET,3,72,15,6,19,2,0.2638888888888889,0.2638888888888889,0.027777777777777776,0.08333333333333333,3.857142857142857,0.2565060380253079,0.0707319811307531,0.031826444074258865,0.1415466779159618
2026-07-01,823530,NYY,DET,2,85,13,2,22,6,0.09411764705882353,0.25882352941176473,0.07058823529411765,0.023529411764705882,3.2142857142857144,0.2581762208663768,0.06548283505882223,0.03325802936660365,0.14592933815305242
2026-07-03,823527,NYY,MIN,5,68,12,3,18,5,0.19117647058823528,0.2647058823529412,0.07352941176470588,0.04411764705882353,2.642857142857143,0.2616724341665117,0.06611568078970717,0.02964769634450592,0.13060617184949394
2026-07-04,823526,NYY,MIN,4,85,18,8,19,11,0.32941176470588235,0.2235294117647059,0.12941176470588237,0.09411764705882353,2.9285714285714284,0.25819193749022923,0.0692355854679964,0.029600662605637238,0.13146845706208646
2026-07-05,823525,NYY,MIN,1,75,18,0,21,5,0.06666666666666667,0.28,0.06666666666666667,0.0,2.857142857142857,0.2503488002353273,0.0722681028227644,0.03425295830652629,0.14671629532782754
2026-07-06,822958,NYY,TB,5,63,7,3,26,2,0.14285714285714285,0.4126984126984127,0.031746031746031744,0.047619047619047616,2.7857142857142856,0.25522274981515924,0.07198799077794647,0.032572286037618726,0.14055383034183314
2026-07-07,822956,NYY,TB,4,72,19,4,23,3,0.19444444444444445,0.3194444444444444,0.041666666666666664,0.05555555555555555,3.0714285714285716,0.26904563056563296,0.06740624940559845,0.0340166994194098,0.14390859690599303
2026-07-08,822957,NYY,TB,0,65,14,0,18,1,0.03076923076923077,0.27692307692307694,0.015384615384615385,0.0,3.142857142857143,0.2735233225433249,0.0655561850555341,0.03605445145716184,0.14717972517712133
2026-07-09,822954,NYY,TB,12,84,24,4,16,6,0.25,0.19047619047619047,0.07142857142857142,0.047619047619047616,2.857142857142857,0.27346227248227484,0.061694768694117726,0.03506238796509835,0.14243308293047907
2026-07-10,822709,NYY,WSH,5,77,21,6,19,3,0.2597402597402597,0.24675324675324675,0.03896103896103896,0.07792207792207792,3.4285714285714284,0.26292284544385386,0.0637787008585328,0.035445639857404565,0.14821779117997605
2026-07-11,822711,NYY,WSH,4,76,16,5,14,9,0.21052631578947367,0.18421052631578946,0.11842105263157894,0.06578947368421052,3.5714285714285716,0.2619952016590672,0.06099576950417286,0.039156214996551135,0.15934951659741575
2026-07-12,822708,NYY,WSH,5,71,14,2,14,6,0.16901408450704225,0.19718309859154928,0.08450704225352113,0.028169014084507043,3.7857142857142856,0.2656993148833043,0.06315189511231085,0.042805042948784656,0.16493332906977312
2026-07-17,823524,NYY,LAD,1,67,11,1,18,5,0.1044776119402985,0.26865671641791045,0.07462686567164178,0.014925373134328358,4.071428571428571,0.2633003054420413,0.0636936069216283,0.041520412086689,0.16601675268840801
2026-07-19,823521,NYY,LAD,2,70,12,2,17,9,0.11428571428571428,0.24285714285714285,0.12857142857142856,0.02857142857142857,3.857142857142857,0.2631850515954442,0.06323259153523977,0.04258651016771246,0.17251418829032122
2026-07-19,823523,NYY,LAD,2,76,14,1,20,7,0.11842105263157894,0.2631578947368421,0.09210526315789473,0.013157894736842105,3.7857142857142856,0.25929646913543314,0.06952051210887464,0.0436620755289921,0.17295544587443593
2026-07-20,823522,NYY,PIT,8,74,20,3,18,4,0.16216216216216217,0.24324324324324326,0.05405405405405406,0.04054054054054054,3.7142857142857144,0.2592442552674298,0.0741153324931687,0.0386495442006713,0.16256488614177095
2026-07-22,823518,NYY,PIT,3,82,13,3,29,8,0.12195121951219512,0.35365853658536583,0.0975609756097561,0.036585365853658534,4.142857142857143,0.258131377683964,0.07293431954744989,0.03986462482751663,0.16742520864915228
2026-07-22,823519,NYY,PIT,2,61,8,0,18,5,0.03278688524590164,0.29508196721311475,0.08196721311475409,0.0,4.0,0.2644851387005657,0.07465085982209632,0.03932660474143342,0.16248054785800653
2026-07-24,823434,NYY,PHI,1,65,8,1,25,1,0.06153846153846154,0.38461538461538464,0.015384615384615385,0.015384615384615385,3.857142857142857,0.26959603551830924,0.07126196327987287,0.03260391566580317,0.14129305646800794
2026-07-25,823435,NYY,PHI,3,71,14,2,18,3,0.11267605633802817,0.2535211267605634,0.04225352112676056,0.028169014084507043,3.857142857142857,0.2770685629908367,0.06759895961686921,0.03370281676470427,0.14092675610170757
2026-07-26,823433,NYY,PHI,4,81,20,2,23,9,0.1728395061728395,0.2839506172839506,0.1111111111111111,0.024691358024691357,3.7142857142857144,0.2656987568524189,0.06834949457263555,0.03231352865509423,0.13877096420748508
2026-07-27,824570,NYY,CWS,9,81,21,1,19,7,0.12345679012345678,0.2345679012345679,0.08641975308641975,0.012345679012345678,3.7142857142857144,0.2631634834838122,0.07330981203295302,0.030108943117175355,0.13722775433094186
2026-07-28,824569,NYY,CWS,3,73,13,1,20,6,0.0821917808219178,0.273972602739726,0.0821917808219178,0.0136986301369863,4.357142857142857,0.26013811379177587,0.07838375044022476,0.030990777332342904,0.14384829428481516
2026-07-29,824567,NYY,CWS,5,93,15,3,23,7,0.13978494623655913,0.24731182795698925,0.07526881720430108,0.03225806451612903,3.7142857142857144,0.2661021432391712,0.07915255111117805,0.028567890369338524,0.13186199291495215
2026-07-30,824568,NYY,CWS,1,85,12,0,23,10,0.03529411764705882,0.27058823529411763,0.11764705882352941,0.0,3.7142857142857144,0.2661420418965814,0.08174596384283965,0.02530617512605646,0.1232937562361164
2026-07-31,824651,NYY,CHC,2,63,9,2,18,3,0.1111111111111111,0.2857142857142857,0.047619047619047616,0.031746031746031744,3.5,0.2723118782521763,0.0816906785708361,0.02060692700575571,0.11077717065451533
2026-08-01,824649,NYY,CHC,2,70,15,2,16,7,0.12857142857142856,0.22857142857142856,0.1,0.02857142857142857,3.2857142857142856,0.2786355344752289,0.07905582181123086,0.020862428267293186,0.10664124398337739
2026-08-02,824648,NYY,CHC,2,70,9,1,19,7,0.05714285714285714,0.2714285714285714,0.1,0.014285714285714285,3.357142857142857,0.2757722996290516,0.08086818854897074,0.02183714651280035,0.10836223088560096
2026-08-03,823520,NYY,STL,7,82,23,10,20,8,0.4146341463414634,0.24390243902439024,0.0975609756097561,0.12195121951219512,3.357142857142857,0.2778131159555822,0.07882737222244011,0.02081673834953504,0.10428059823253974
2026-08-04,823517,NYY,STL,2,65,11,2,15,6,0.1076923076923077,0.23076923076923078,0.09230769230769231,0.03076923076923077,3.7142857142857144,0.27643772626183566,0.07921706596900165,0.028587690119203115,0.12543867635467434
2026-08-05,823516,NYY,STL,1,77,13,0,18,11,0.07792207792207792,0.23376623376623376,0.14285714285714285,0.0,3.2857142857142856,0.27554672537083474,0.08194946870140439,0.027889739421252415,0.12154797246397046
2026-08-07,823515,NYY,ATL,2,81,14,2,26,9,0.1111111111111111,0.32098765432098764,0.1111111111111111,0.024691358024691357,3.142857142857143,0.26698298945518245,0.08518490921907486,0.02527649900313395,0.11840303377896208
2026-08-08,823514,NYY,ATL,5,72,17,3,23,5,0.2222222222222222,0.3194444444444444,0.06944444444444445,0.041666666666666664,3.142857142857143,0.2688333956771734,0.08726661621881464,0.027040167433469046,0.12399762134076275
2026-08-09,823513,NYY,ATL,1,68,8,2,23,3,0.11764705882352941,0.3382352941176471,0.04411764705882353,0.029411764705882353,3.4285714285714284,0.26417832852210626,0.09112803258023103,0.028917456810758423,0.13547503281817425
2026-08-11,823512,NYY,SEA,4,67,11,1,16,6,0.08955223880597014,0.23880597014925373,0.08955223880597014,0.014925373134328358,3.2857142857142856,0.27022934047618363,0.09126118443252121,0.02900622471228523,0.13583010442428148
2026-08-12,823511,NYY,SEA,10,80,22,5,16,10,0.275,0.2,0.125,0.0625,3.2857142857142856,0.2670047228237053,0.08972126498215402,0.028308654362973588,0.12988101389807652
2026-08-13,823508,NYY,SEA,0,66,9,1,20,6,0.06060606060606061,0.30303030303030304,0.09090909090909091,0.015151515151515152,3.357142857142857,0.26453558702123614,0.09247699690455259,0.031891105862091755,0.1407055288892582
2026-08-14,822777,NYY,TOR,1,65,13,2,13,3,0.13846153846153847,0.2,0.046153846153846156,0.03076923076923077,3.142857142857143,0.2666111370419917,0.09309966191077924,0.03199488336312953,0.13916369173098267
2026-08-15,822775,NYY,TOR,1,71,14,0,18,7,0.014084507042253521,0.2535211267605634,0.09859154929577464,0.0,2.857142857142857,0.2632317207593496,0.09102002112146103,0.03188853809549394,0.13906916260419547
2026-08-16,822774,NYY,TOR,4,76,13,1,17,7,0.09210526315789473,0.2236842105263158,0.09210526315789473,0.013157894736842105,2.857142857142857,0.2620126415783814,0.08965891329805,0.03188853809549394,0.13755419041813793
2026-08-18,824803,NYY,BAL,3,72,9,2,23,7,0.08333333333333333,0.3194444444444444,0.09722222222222222,0.027777777777777776,3.0,0.2575819219220979,0.09283650012225335,0.030560814023408964,0.13619662985005104
2026-08-19,824801,NYY,BAL,5,76,16,3,21,6,0.14473684210526316,0.27631578947368424,0.07894736842105263,0.039473684210526314,3.0714285714285716,0.26407285162731325,0.09263808742384065,0.030504124681005336,0.13296533733304425
2026-08-20,824802,NYY,BAL,6,70,15,3,21,3,0.17142857142857143,0.3,0.04285714285714286,0.04285714285714286,3.2857142857142856,0.2644219386305356,0.09113432802534441,0.03230326538992048,0.1392220505446447
2026-08-21,823510,NYY,TOR,3,70,13,1,20,8,0.11428571428571428,0.2857142857142857,0.11428571428571428,0.014285714285714285,3.2142857142857144,0.2684289072716506,0.08722691140015774,0.02665368848598818,0.12185022376515241
2026-08-22,823509,NYY,TOR,3,80,19,2,18,7,0.125,0.225,0.0875,0.025,3.2857142857142856,0.27235355405344025,0.0887967701128736,0.025476294451451283,0.12232118137896718
2026-08-23,823507,NYY,TOR,8,74,16,2,16,6,0.16216216216216217,0.21621621621621623,0.08108108108108109,0.02702702702702703,3.4285714285714284,0.27172739449870925,0.08484268848022054,0.027262008737165572,0.12568389009881875
2026-08-25,823505,NYY,HOU,7,86,24,5,12,9,0.2441860465116279,0.13953488372093023,0.10465116279069768,0.05813953488372093,3.857142857142857,0.2642437203483684,0.08269768633521839,0.027428842237332406,0.12933039374532238
2026-08-26,823506,NYY,HOU,9,75,17,3,19,8,0.17333333333333334,0.25333333333333335,0.10666666666666667,0.04,4.0,0.251393037439546,0.08521245193137934,0.028605475681407706,0.13089923833742279
2026-08-27,823503,NYY,HOU,1,75,14,2,19,4,0.13333333333333333,0.25333333333333335,0.05333333333333334,0.02666666666666667,4.571428571428571,0.24532861166923786,0.08968023904622528,0.029361778202416113,0.13487682937383735
2026-08-28,823504,NYY,BOS,1,68,8,1,20,10,0.08823529411764706,0.29411764705882354,0.14705882352941177,0.014705882352941176,4.357142857142857,0.2463662804681007,0.08709317436960838,0.030200442026154562,0.13800405041150615
2026-08-29,823501,NYY,BOS,9,75,19,1,15,3,0.08,0.2,0.04,0.013333333333333334,3.7142857142857144,0.25308896954373095,0.08866880462170922,0.026786576479936073,0.12466371427705238
2026-08-29,823539,NYY,BOS,0,71,13,1,17,3,0.07042253521126761,0.23943661971830985,0.04225352112676056,0.014084507042253521,4.357142857142857,0.2457296621844236,0.08503244098534557,0.026656706350065947,0.12604899566233377
2026-08-30,823502,NYY,BOS,16,80,25,5,11,8,0.2125,0.1375,0.1,0.0625,4.285714285714286,0.2485465635928743,0.08475384634055375,0.02546494036956757,0.12118906685874299
2026-08-31,823982,NYY,LAA,1,76,18,1,20,4,0.09210526315789473,0.2631578947368421,0.05263157894736842,0.013157894736842105,5.357142857142857,0.24025934025283405,0.08485444996228413,0.029929226083853285,0.1353616020700106
2026-09-01,823984,NYY,LAA,7,79,23,2,20,5,0.12658227848101267,0.25316455696202533,0.06329113924050633,0.02531645569620253,5.142857142857143,0.2430788891250145,0.08203490109010368,0.02992922608385329,0.13536160207001058
2026-09-02,823983,NYY,LAA,6,75,16,2,24,1,0.09333333333333334,0.32,0.013333333333333334,0.02666666666666667,5.428571428571429,0.23834461144769886,0.07961125230569539,0.029753417363740767,0.13845081243770196
2026-09-04,823256,NYY,SD,2,69,11,2,21,4,0.11594202898550725,0.30434782608695654,0.057971014492753624,0.028985507246376812,5.5,0.24146491219957858,0.07492453551371546,0.028838630396322222,0.134779133239707
2026-03-20,831550,PHI,DET,4,67,13,1,22,1,0.1044776119402985,0.3283582089552239,0.014925373134328358,0.014925373134328358,,,,,
2026-03-21,831499,PHI,BAL,8,88,20,1,14,15,0.10227272727272728,0.1590909090909091,0.17045454545454544,0.011363636363636364,,,,,
2026-03-22,831493,PHI,NYY,2,70,16,2,17,4,0.14285714285714285,0.24285714285714285,0.05714285714285714,0.02857142857142857,,,,,
2026-03-23,831547,PHI,TB,0,78,16,2,19,10,0.11538461538461539,0.24358974358974358,0.1282051282051282,0.02564102564102564,4.666666666666667,0.24343542030109191,0.0808409252439103,0.018286812689797764,0.11653582735672287
2026-03-26,823486,PHI,TEX,5,72,18,3,21,2,0.16666666666666666,0.2916666666666667,0.027777777777777776,0.041666666666666664,3.5,0.24347400112325485,0.09268197598421478,0.020125365927604735,0.116248024363696
2026-03-28,823488,PHI,TEX,4,82,15,2,24,6,0.08536585365853659,0.2926829268292683,0.07317073170731707,0.024390243902439025,3.8,0.25311253423193725,0.07970113634292739,0.02443362607541712,0.12633175282429013
2026-03-29,823487,PHI,TEX,3,76,11,2,20,11,0.10526315789473684,0.2631578947368421,0.14473684210526316,0.02631578947368421,3.8333333333333335,0.25970759966482576,0.07861273557032566,0.0244263957132541,0.11950410296333121
2026-03-30,823484,PHI,WSH,2,90,24,1,15,7,0.08888888888888889,0.16666666666666666,0.07777777777777778,0.011111111111111112,3.7142857142857144,0.2602004989608281,0.08805903650388816,0.02469630910760126,0.1174696822392463
2026-03-31,823485,PHI,WSH,3,69,15,2,14,4,0.11594202898550725,0.2028985507246377,0.057971014492753624,0.028985507246376812,3.5,0.2485087699240579,0.08677387916312436,0.022998159358039994,0.11389708307045163
2026-04-01,823483,PHI,WSH,5,88,22,3,15,9,0.13636363636363635,0.17045454545454544,0.10227272727272728,0.03409090909090909,3.4444444444444446,0.243440967790789,0.0835735608664165,0.02366342023452186,0.11412429928323559
2026-04-03,824377,PHI,COL,10,77,18,3,24,5,0.18181818181818182,0.3116883116883117,0.06493506493506493,0.03896103896103896,3.6,0.23614232555716463,0.08544347750704759,0.024706169120160583,0.11634823299127565
2026-04-04,824378,PHI,COL,2,72,13,0,23,5,0.027777777777777776,0.3194444444444444,0.06944444444444445,0.0,4.181818181818182,0.243010142478178,0.08357907636414007,0.026002066378422253,0.12230004652099441
2026-04-05,824379,PHI,COL,1,67,13,4,18,3,0.22388059701492538,0.26865671641791045,0.04477611940298507,0.05970149253731343,4.0,0.24937966764203354,0.0824011903708321,0.02383522751355373,0.114423190792393
2026-04-06,823237,PHI,SF,6,82,22,0,14,7,0.0975609756097561,0.17073170731707318,0.08536585365853659,0.0,3.769230769230769,0.2508625175478702,0.07950695414253617,0.026594170976919865,0.12284299127104935
2026-04-07,823235,PHI,SF,0,71,17,0,16,5,0.09859154929577464,0.22535211267605634,0.07042253521126761,0.0,3.9285714285714284,0.24513888824567043,0.07992544696510763,0.024694587335711303,0.12103713300952841
2026-04-08,823234,PHI,SF,0,70,13,1,16,6,0.08571428571428572,0.22857142857142856,0.08571428571428572,0.014285714285714285,3.642857142857143,0.23778130994001562,0.08388952997060328,0.02362848925468785,0.12061669996349098
2026-04-10,823482,PHI,AZ,4,75,14,1,26,5,0.10666666666666667,0.3466666666666667,0.06666666666666667,0.013333333333333334,3.0714285714285716,0.24274420418862414,0.07783665427487045,0.023837209106264846,0.11943395413788802
2026-04-11,823480,PHI,AZ,4,71,12,3,22,7,0.15492957746478872,0.30985915492957744,0.09859154929577464,0.04225352112676056,3.2142857142857144,0.25015917017501865,0.07851692638371399,0.022748773732115184,0.11684892012428258
2026-04-12,823479,PHI,AZ,3,74,19,1,16,4,0.12162162162162163,0.21621621621621623,0.05405405405405406,0.013513513513513514,3.5,0.2548926995564354,0.07640167074733159,0.023935380552524817,0.11967356027286638
2026-04-13,823481,PHI,CHC,13,89,26,3,17,10,0.14606741573033707,0.19101123595505617,0.11235955056179775,0.033707865168539325,3.357142857142857,0.2495033816671175,0.07827854762420848,0.02192444104158531,0.11645605705536317
2026-04-14,823478,PHI,CHC,4,82,23,2,19,7,0.10975609756097561,0.23170731707317074,0.08536585365853659,0.024390243902439025,4.0,0.24224111803324525,0.0810777489709571,0.022589985417735332,0.12079188291763464
2026-04-15,823477,PHI,CHC,2,76,20,4,20,3,0.21052631578947367,0.2631578947368421,0.039473684210526314,0.05263157894736842,4.071428571428571,0.23999464820012584,0.0768369640819052,0.022452446448360672,0.12111280717950883
2026-04-17,823476,PHI,ATL,0,81,18,4,10,7,0.1728395061728395,0.12345679012345678,0.08641975308641975,0.04938271604938271,4.071428571428571,0.24688687877656695,0.07410095739853009,0.025418194150950483,0.1298011948152649
2026-04-18,823474,PHI,ATL,1,73,15,1,22,5,0.0821917808219178,0.3013698630136986,0.0684931506849315,0.0136986301369863,3.857142857142857,0.241212467305054,0.07613301015522053,0.026875137636879477,0.13386530032864577
2026-04-19,823475,PHI,ATL,2,78,14,2,16,8,0.1282051282051282,0.20512820512820512,0.10256410256410256,0.02564102564102564,3.5714285714285716,0.25056356141642205,0.07372018325609227,0.025418546283027844,0.12999588207566587
2026-04-20,824692,PHI,CHC,1,74,14,1,15,10,0.08108108108108109,0.20270270270270271,0.13513513513513514,0.013513513513513514,3.0,0.24295212523355733,0.07640797165816637,0.024467116760169754,0.12616637824616203
2026-04-21,824690,PHI,CHC,4,85,18,4,9,12,0.1411764705882353,0.10588235294117647,0.1411764705882353,0.047058823529411764,2.9285714285714284,0.2346134293948615,0.08110016385035858,0.025432367725420717,0.12997375705354083
2026-04-22,824688,PHI,CHC,2,74,22,2,19,1,0.16216216216216217,0.25675675675675674,0.013513513513513514,0.02702702702702703,3.142857142857143,0.22298668914652336,0.08798590322073359,0.02452931993914203,0.1240663194516344
2026-04-23,824689,PHI,CHC,7,96,26,6,14,10,0.22916666666666666,0.14583333333333334,0.10416666666666667,0.0625,2.857142857142857,0.22913133553507217,0.08285359321037479,0.02645982186964396,0.12868068991966342
2026-04-24,824932,PHI,ATL,3,80,20,3,7,7,0.125,0.0875,0.0875,0.0375,3.357142857142857,0.22345142272487767,0.08526388831433186,0.03092410758392967,0.13800748401758428
2026-04-25,824933,PHI,ATL,8,85,20,0,16,7,0.11764705882352941,0.18823529411764706,0.08235294117647059,0.0,3.5714285714285716,0.21337489211263277,0.08539143933474004,0.032582270849235796,0.14081360646656385
2026-04-26,824934,PHI,ATL,2,69,12,3,20,5,0.15942028985507245,0.2898550724637681,0.07246376811594203,0.043478260869565216,3.857142857142857,0.20205836550198855,0.08651188751401175,0.03162988989685484,0.14159792019205406
2026-04-28,823473,PHI,SF,7,67,13,0,18,5,0.07462686567164178,0.26865671641791045,0.07462686567164178,0.0,3.7142857142857144,0.20062950246871644,0.08464561742973799,0.031717371307055174,0.1419186853627886
2026-04-30,823471,PHI,SF,5,91,22,2,16,11,0.15384615384615385,0.17582417582417584,0.12087912087912088,0.02197802197802198,4.0,0.2043752524831232,0.0861151039738514,0.03075212034180421,0.1385619170806472
2026-04-30,823472,PHI,SF,2,73,18,1,18,5,0.1095890410958904,0.2465753424657534,0.0684931506849315,0.0136986301369863,3.4285714285714284,0.20329046247377458,0.08672364471080304,0.0299142743996244,0.13911754123177694
2026-05-01,823877,PHI,MIA,6,80,17,1,22,7,0.1,0.275,0.0875,0.0125,3.2857142857142856,0.20435246428753048,0.08551845164125982,0.029150587702092064,0.13910560862712804
2026-05-02,823876,PHI,MIA,0,67,11,1,20,7,0.07462686567164178,0.29850746268656714,0.1044776119402985,0.014925373134328358,3.5714285714285716,0.2051983289491846,0.08894890276907938,0.026284046348708602,0.13121087178502275
2026-05-03,823875,PHI,MIA,7,76,20,2,16,3,0.14473684210526316,0.21052631578947367,0.039473684210526314,0.02631578947368421,3.5714285714285716,0.21770194841797824,0.09023874983007071,0.023822807569061865,0.12419568317779435
2026-05-04,823874,PHI,MIA,1,68,14,1,15,0,0.058823529411764705,0.22058823529411764,0.0,0.014705882352941176,4.0,0.21121312361624783,0.08816593079618462,0.02472403323596886,0.12866318755517617
2026-05-05,823469,PHI,ATH,9,77,18,3,18,7,0.16883116883116883,0.23376623376623376,0.09090909090909091,0.03896103896103896,3.9285714285714284,0.2123174114852416,0.08083992347017731,0.023942951572534253,0.12370735906993592
2026-05-06,823470,PHI,ATH,6,75,19,2,14,5,0.14666666666666667,0.18666666666666668,0.06666666666666667,0.02666666666666667,4.5,0.2145362351326367,0.07768092031117414,0.025760631961643216,0.12997522248065646
2026-05-07,823467,PHI,ATH,1,76,19,5,16,6,0.23684210526315788,0.21052631578947367,0.07894736842105263,0.06578947368421052,4.642857142857143,0.220306543255886,0.07235879145963353,0.024304049328589993,0.13036737934340156
2026-05-08,823466,PHI,COL,7,97,22,4,27,10,0.16494845360824742,0.27835051546391754,0.10309278350515463,0.041237113402061855,4.571428571428571,0.21700436890108005,0.07703263823874347,0.027072795518388815,0.13570166099347267
2026-05-09,823468,PHI,COL,9,75,20,4,18,2,0.2,0.24,0.02666666666666667,0.05333333333333334,4.571428571428571,0.22646988191040748,0.07695593229863547,0.025554017904250378,0.13111464577501417
2026-05-10,823463,PHI,COL,6,68,16,3,13,2,0.14705882352941177,0.19117647058823528,0.029411764705882353,0.04411764705882353,5.0,0.23736273905326466,0.07261069420339737,0.026684970285202756,0.13647178863215703
2026-05-12,824764,PHI,BOS,2,68,12,1,16,3,0.058823529411764705,0.23529411764705882,0.04411764705882353,0.014705882352941176,4.857142857142857,0.23757282308687808,0.06882918159835535,0.029836230789404432,0.13857262896829148
2026-05-13,824763,PHI,BOS,1,63,11,3,18,3,0.14285714285714285,0.2857142857142857,0.047619047619047616,0.047619047619047616,4.857142857142857,0.2336756120285417,0.06680445866570403,0.027781060895359862,0.1313871460794838
2026-05-14,824762,PHI,BOS,3,76,16,1,24,3,0.10526315789473684,0.3157894736842105,0.039473684210526314,0.013157894736842105,4.428571428571429,0.23489400983542566,0.06487532880480444,0.03118242143957755,0.13626073730701957
2026-05-15,823384,PHI,PIT,11,91,25,5,18,6,0.17582417582417584,0.1978021978021978,0.06593406593406594,0.054945054945054944,4.285714285714286,0.2448915311111424,0.05906065475704769,0.030552412350921845,0.1327905233104898
2026-05-16,823382,PHI,PIT,6,75,14,1,24,8,0.10666666666666667,0.32,0.10666666666666667,0.013333333333333334,4.928571428571429,0.2414077350637456,0.05887786298912872,0.03349858555149817,0.13752160436251018
2026-05-17,823381,PHI,PIT,6,70,13,2,22,2,0.14285714285714285,0.3142857142857143,0.02857142857142857,0.02857142857142857,4.928571428571429,0.24462202077803127,0.06024691060817634,0.033558109361021986,0.13799779483870064
2026-05-18,823465,PHI,CIN,5,70,11,3,9,9,0.15714285714285714,0.12857142857142856,0.12857142857142856,0.04285714285714286,5.357142857142857,0.24574903874939896,0.054825040367542766,0.03453282760652914,0.14287138606623645
2026-05-19,823464,PHI,CIN,1,67,10,1,22,6,0.1044776119402985,0.3283582089552239,0.08955223880597014,0.014925373134328358,5.214285714285714,0.2398951182338243,0.06118916496475008,0.035714352848204754,0.14375752999749314
2026-05-20,823462,PHI,CIN,4,79,21,3,17,3,0.21518987341772153,0.21518987341772153,0.0379746835443038,0.0379746835443038,5.214285714285714,0.2475929734953319,0.06758575345089081,0.03573003076116099,0.14701853589238842
2026-05-22,823461,PHI,CLE,0,62,11,1,19,2,0.06451612903225806,0.3064516129032258,0.03225806451612903,0.016129032258064516,4.857142857142857,0.24626609061329532,0.063804724353406,0.035659576802822765,0.15032987193428507
2026-05-23,823458,PHI,CLE,3,68,10,0,19,7,0.04411764705882353,0.27941176470588236,0.10294117647058823,0.0,4.428571428571429,0.25482215820162096,0.06134696705693904,0.03490688863077975,0.14446197638897015
2026-05-24,823459,PHI,CLE,1,71,15,1,15,6,0.11267605633802817,0.2112676056338028,0.08450704225352113,0.014084507042253521,4.571428571428571,0.25974254740993585,0.06306081048904873,0.030207640510479,0.13069594366008913
2026-05-25,823296,PHI,SD,3,67,8,2,17,7,0.08955223880597014,0.2537313432835821,0.1044776119402985,0.029850746268656716,4.142857142857143,0.25495091099349915,0.06173325754250347,0.028268168627635544,0.1269622009979306
2026-05-26,823294,PHI,SD,4,73,14,5,15,5,0.2054794520547945,0.2054794520547945,0.0684931506849315,0.0684931506849315,3.7142857142857144,0.2559317212280407,0.06729118220490574,0.026590840980158646,0.11907307519835704
2026-05-27,823295,PHI,SD,3,66,13,1,14,0,0.07575757575757576,0.21212121212121213,0.0,0.015151515151515152,3.5714285714285716,0.2569533627613664,0.07008270977483781,0.028331948382023502,0.12324597723588439
2026-05-29,823946,PHI,LAD,2,61,9,5,16,1,0.26229508196721313,0.26229508196721313,0.01639344262295082,0.08196721311475409,3.642857142857143,0.2552981552238059,0.06693144927063614,0.02836377929620736,0.12445555197487089
2026-05-30,823945,PHI,LAD,4,73,15,2,20,4,0.1232876712328767,0.273972602739726,0.0547945205479452,0.0273972602739726,3.7142857142857144,0.25362535495615784,0.06470104891377208,0.030817219688757818,0.1329868333398759
2026-05-31,823944,PHI,LAD,1,77,18,4,19,8,0.22077922077922077,0.24675324675324675,0.1038961038961039,0.05194805194805195,3.7857142857142856,0.2506384356029804,0.06579539436644487,0.03183431722712428,0.13427429857831447
2026-06-02,823460,PHI,SD,3,68,16,2,17,5,0.10294117647058823,0.25,0.07352941176470588,0.029411764705882353,3.0714285714285716,0.25413493909948387,0.06850696850659042,0.03162024558448121,0.13748537321796053
2026-06-03,823456,PHI,SD,3,69,14,2,19,4,0.13043478260869565,0.2753623188405797,0.057971014492753624,0.028985507246376812,2.857142857142857,0.24913493909948387,0.06614002172787894,0.03276870496823472,0.13721926677538349
2026-06-04,823457,PHI,SD,6,72,14,3,20,8,0.1388888888888889,0.2777777777777778,0.1111111111111111,0.041666666666666664,2.642857142857143,0.24635469656768852,0.06823999215083074,0.0327982820164453,0.13633195532906586
2026-06-05,823455,PHI,CWS,8,77,21,5,13,6,0.22077922077922077,0.16883116883116883,0.07792207792207792,0.06493506493506493,2.7142857142857144,0.25701229293957056,0.06699282661795092,0.03271324800283986,0.13502810045378238
2026-06-06,823454,PHI,CWS,3,77,15,4,25,8,0.19480519480519481,0.3246753246753247,0.1038961038961039,0.05194805194805195,3.2142857142857144,0.24561750435928095,0.06616210084053005,0.036285368845749615,0.14333535822799112
2026-06-07,823453,PHI,CWS,9,82,21,2,20,11,0.14634146341463414,0.24390243902439024,0.13414634146341464,0.024390243902439025,3.142857142857143,0.25343789373482406,0.07087077372280148,0.037283466588874485,0.1418793097556678
2026-06-08,822806,PHI,TOR,5,73,13,2,19,7,0.1506849315068493,0.2602739726027397,0.0958904109589041,0.0273972602739726,3.7857142857142856,0.2489700956006215,0.07814850779046474,0.037873553134901226,0.14772397649726607
2026-06-09,822805,PHI,TOR,2,67,14,1,23,2,0.11940298507462686,0.34328358208955223,0.029850746268656716,0.014925373134328358,3.9285714285714284,0.24760311045039704,0.0776448816824873,0.03983050029732784,0.1553359253864108
2026-06-10,822804,PHI,TOR,7,83,18,3,20,12,0.12048192771084337,0.24096385542168675,0.14457831325301204,0.03614457831325301,4.0,0.25703282305437913,0.07374086054071127,0.03989056216104748,0.15581642029616782
2026-06-12,823778,PHI,MIL,0,65,10,1,23,5,0.09230769230769231,0.35384615384615387,0.07692307692307693,0.015384615384615385,4.285714285714286,0.2561208596356723,0.07660519634876224,0.04034012159280436,0.15802568378937307
2026-06-13,823776,PHI,MIL,9,90,29,5,21,7,0.18888888888888888,0.23333333333333334,0.07777777777777778,0.05555555555555555,4.0,0.266718481192198,0.07720733393720121,0.03654665478563891,0.14994198666458008
2026-06-14,823777,PHI,MIL,0,66,14,2,11,1,0.12121212121212122,0.16666666666666666,0.015151515151515152,0.030303030303030304,4.428571428571429,0.2682336327073495,0.08276288949275676,0.0394326576716418,0.1580227947453881
2026-06-15,823452,PHI,MIA,7,75,15,2,17,7,0.10666666666666667,0.22666666666666666,0.09333333333333334,0.02666666666666667,4.285714285714286,0.2614030316144533,0.0826741803876542,0.035742358899375826,0.1479454404057387
2026-06-16,823451,PHI,MIA,8,70,13,4,19,6,0.22857142857142856,0.2714285714285714,0.08571428571428572,0.05714285714285714,4.5,0.25802403618066333,0.08542695272946764,0.03569017364171111,0.14675822579386658
2026-06-17,823450,PHI,MIA,4,85,23,5,21,5,0.2235294117647059,0.24705882352941178,0.058823529411764705,0.058823529411764705,5.0,0.259786559371758,0.08412825143076634,0.03606123115562577,0.14731481206473854
2026-06-18,823448,PHI,NYM,4,79,18,2,19,6,0.1518987341772152,0.24050632911392406,0.0759493670886076,0.02531645569620253,5.071428571428571,0.25957647533814454,0.08307783126269912,0.03816207149176022,0.1559282574428898
2026-06-20,823447,PHI,NYM,15,78,25,6,14,2,0.32051282051282054,0.1794871794871795,0.02564102564102564,0.07692307692307693,5.142857142857143,0.25708676178624057,0.08436199930526012,0.03789999638103348,0.15746139684064117
2026-06-21,823449,PHI,NYM,6,71,15,3,21,6,0.14084507042253522,0.29577464788732394,0.08450704225352113,0.04225352112676056,5.785714285714286,0.2500660047654836,0.07825699320025402,0.040418311399348504,0.17043453481377918
2026-06-22,822720,PHI,WSH,1,71,17,3,20,1,0.18309859154929578,0.28169014084507044,0.014084507042253521,0.04225352112676056,5.642857142857143,0.2591333961266375,0.0787273477953571,0.03879820112732676,0.16472495264544448
2026-06-23,822718,PHI,WSH,14,87,25,5,29,7,0.22988505747126436,0.3333333333333333,0.08045977011494253,0.05747126436781609,5.5,0.2560630258530479,0.07231223373436779,0.03810573464009166,0.16388876669859456
2026-06-24,822719,PHI,WSH,5,75,14,4,16,5,0.21333333333333335,0.21333333333333335,0.06666666666666667,0.05333333333333334,5.857142857142857,0.2624509468751152,0.06847747863804834,0.040468664673332884,0.16985616627406816
2026-06-25,822717,PHI,WSH,10,83,21,4,22,6,0.1686746987951807,0.26506024096385544,0.07228915662650602,0.04819277108433735,5.857142857142857,0.25909804407015763,0.06639006833145995,0.04232124132043008,0.17433105211881703
2026-06-26,823610,PHI,NYM,2,68,14,0,16,3,0.04411764705882353,0.23529411764705882,0.04411764705882353,0.0,6.428571428571429,0.2535106625611793,0.06942138335702062,0.044697484031145006,0.17785046024171372
2026-06-27,823609,PHI,NYM,2,71,13,1,19,8,0.09859154929577464,0.2676056338028169,0.11267605633802817,0.014084507042253521,6.071428571428571,0.253105681291563,0.06224562148600716,0.042115728437341224,0.17239586876656943
2026-06-28,823608,PHI,NYM,5,83,19,2,19,9,0.10843373493975904,0.2289156626506024,0.10843373493975904,0.024096385542168676,6.214285714285714,0.2469456441456104,0.06479940572993224,0.04202286355574395,0.1728447156942896
2026-06-29,823444,PHI,PIT,7,83,20,7,26,8,0.30120481927710846,0.3132530120481928,0.0963855421686747,0.08433734939759036,5.928571428571429,0.24663009623970103,0.06698911695578805,0.03977577998335917,0.1670979189836375
2026-06-30,823445,PHI,PIT,8,75,17,1,21,6,0.08,0.28,0.08,0.013333333333333334,6.428571428571429,0.2571005494812386,0.07279154745701374,0.043635374204399176,0.1799545402739937
2026-07-01,823446,PHI,PIT,10,86,23,4,26,8,0.16279069767441862,0.3023255813953488,0.09302325581395349,0.046511627906976744,6.5,0.26091007329076243,0.07183916650463278,0.04268299325201823,0.1780497783692318
2026-07-02,823442,PHI,PIT,1,78,18,2,22,8,0.15384615384615385,0.28205128205128205,0.10256410256410256,0.02564102564102564,6.642857142857143,0.2631170025741037,0.0723612357974662,0.04192361973516962,0.17335115473373106
2026-07-04,824092,PHI,KC,6,74,17,3,23,3,0.16216216216216217,0.3108108108108108,0.04054054054054054,0.04054054054054054,6.428571428571429,0.2656164638970944,0.07548556245120462,0.03955344089440255,0.16837377916812027
2026-07-05,824091,PHI,KC,2,68,13,0,15,4,0.08823529411764706,0.22058823529411764,0.058823529411764705,0.0,6.571428571428571,0.2706382125897292,0.0729563605549141,0.04064087552614098,0.16910688116704503
2026-07-06,824089,PHI,KC,1,93,32,4,18,12,0.17204301075268819,0.1935483870967742,0.12903225806451613,0.043010752688172046,5.642857142857143,0.27357400229022477,0.0753265393956812,0.035146370031635475,0.15251562928167547
2026-07-07,824495,PHI,CIN,4,72,13,2,27,5,0.09722222222222222,0.375,0.06944444444444445,0.027777777777777776,5.285714285714286,0.26627212651947124,0.0785069119536094,0.03520045800030773,0.15474405359097212
2026-07-08,824496,PHI,CIN,5,84,19,7,17,15,0.34523809523809523,0.20238095238095238,0.17857142857142858,0.08333333333333333,5.5,0.27293711645910906,0.08246119319662304,0.034166476332523246,0.14861002721046687
2026-07-09,824494,PHI,CIN,1,68,8,0,21,3,0.014705882352941176,0.3088235294117647,0.04411764705882353,0.0,4.857142857142857,0.2635833749625104,0.08946916880065776,0.036013766972917326,0.15684952990809764
2026-07-10,824252,PHI,DET,2,74,12,4,16,8,0.20270270270270271,0.21621621621621623,0.10810810810810811,0.05405405405405406,4.571428571428571,0.27040410325382697,0.08785852454295469,0.03220424316339352,0.14266185483806965
2026-07-11,824249,PHI,DET,4,71,17,1,16,4,0.07042253521126761,0.22535211267605634,0.056338028169014086,0.014084507042253521,4.0,0.2669152443432813,0.09041702107735483,0.032622906232659,0.14509242654574978
2026-07-12,824250,PHI,DET,5,71,11,0,26,5,0.028169014084507043,0.36619718309859156,0.07042253521126761,0.0,4.142857142857143,0.2662051011310668,0.09128990544236844,0.033628942449962826,0.1469713471280672
2026-07-16,823440,PHI,NYM,1,70,11,4,17,7,0.21428571428571427,0.24285714285714285,0.1,0.05714285714285714,4.357142857142857,0.2732473546521936,0.08827179679045696,0.032622906232659,0.1419411660415481
2026-07-18,823441,PHI,NYM,6,75,15,3,21,7,0.14666666666666667,0.28,0.09333333333333334,0.04,4.071428571428571,0.2742431746669465,0.08766938715190276,0.034983368489851036,0.14950202170911633
2026-07-19,823439,PHI,NYM,1,82,20,2,22,10,0.12195121951219512,0.2682926829268293,0.12195121951219512,0.024390243902439025,4.0,0.27186795952064696,0.08745137223509265,0.031816414961451725,0.1384635822369419
2026-07-20,823436,PHI,LAD,10,80,22,7,19,4,0.3125,0.2375,0.05,0.0875,3.5,0.2710317225868491,0.09044788791453516,0.03260619428781642,0.14146009791638442
2026-07-21,823437,PHI,LAD,1,65,12,1,22,1,0.1076923076923077,0.3384615384615385,0.015384615384615385,0.015384615384615385,3.5,0.2664013239157527,0.08737479821353848,0.035533935151603795,0.15215361951106882
2026-07-22,823438,PHI,LAD,5,77,18,4,16,7,0.23376623376623376,0.2077922077922078,0.09090909090909091,0.05194805194805195,3.5,0.27043062794505673,0.08114769198643225,0.03480133441900306,0.14885691621436553
2026-07-24,823434,PHI,NYY,0,65,8,1,25,1,0.06153846153846154,0.38461538461538464,0.015384615384615385,0.015384615384615385,3.4285714285714284,0.26307215630087083,0.08474544558418584,0.03561615666239673,0.15397149275751348
2026-07-25,823435,PHI,NYY,1,71,14,2,18,3,0.11267605633802817,0.2535211267605634,0.04225352112676056,0.028169014084507043,3.2857142857142856,0.2747883812523899,0.08164266601081806,0.03671505776129783,0.15206457614471452
2026-07-26,823433,PHI,NYY,11,81,20,2,23,9,0.1728395061728395,0.2839506172839506,0.1111111111111111,0.024691358024691357,3.2857142857142856,0.279072148371232,0.07544418480097836,0.035654933575321755,0.14782407940081024
2026-07-27,823839,PHI,MIA,7,82,24,3,18,6,0.1951219512195122,0.21951219512195122,0.07317073170731707,0.036585365853658534,3.7857142857142856,0.2725686210343713,0.07842037527716884,0.03543447502152987,0.15322531396871145
2026-07-28,823838,PHI,MIA,0,66,10,1,13,6,0.06060606060606061,0.19696969696969696,0.09090909090909091,0.015151515151515152,3.9285714285714284,0.2737922812301569,0.07089175407258945,0.03209533448726738,0.1425027322530984
2026-07-29,823837,PHI,MIA,6,74,17,3,13,9,0.1891891891891892,0.17567567567567569,0.12162162162162163,0.04054054054054054,3.857142857142857,0.26580272177000924,0.07423400006189426,0.03317758556951846,0.1457813164140355
2026-07-31,824809,PHI,BAL,4,71,12,3,16,9,0.18309859154929578,0.22535211267605634,0.1267605633802817,0.04225352112676056,4.142857142857143,0.26290696887425635,0.07519925102714523,0.0322123346042675,0.1448160654487845
2026-08-01,824808,PHI,BAL,5,76,13,0,21,9,0.02631578947368421,0.27631578947368424,0.11842105263157894,0.0,4.142857142857143,0.26290696887425635,0.08022943211366433,0.03422440703887515,0.1528643551872151
2026-08-02,824807,PHI,BAL,8,50,13,2,11,7,0.14,0.22,0.14,0.04,4.142857142857143,0.2564868693296201,0.08365789764368657,0.03422440703887515,0.15273198200072777
2026-08-03,823431,PHI,WSH,6,70,11,4,16,8,0.17142857142857143,0.22857142857142856,0.11428571428571428,0.05714285714285714,4.642857142857143,0.2548542162683956,0.08651504050082943,0.032999917242956776,0.14742585955174817
2026-08-04,823432,PHI,WSH,5,69,16,0,13,4,0.07246376811594203,0.18840579710144928,0.057971014492753624,0.0,4.642857142857143,0.2511807468806405,0.08801163914028522,0.03422440703887515,0.14919456703474138
2026-08-05,823429,PHI,WSH,4,96,15,2,16,14,0.10416666666666667,0.16666666666666666,0.14583333333333334,0.020833333333333332,4.928571428571429,0.24547454075025624,0.0834416244960394,0.0324822467601295,0.14565974907786616
2026-08-06,823430,PHI,WSH,7,76,24,1,15,5,0.18421052631578946,0.19736842105263158,0.06578947368421052,0.013157894736842105,4.5,0.24041501694073242,0.09028686259127748,0.02772034199822474,0.13077879669691378
2026-08-07,823428,PHI,TOR,4,83,14,2,13,15,0.12048192771084337,0.1566265060240964,0.18072289156626506,0.024096385542168676,4.928571428571429,0.23033693712581046,0.09388720961267714,0.027561290523383797,0.13624438374144818
2026-08-08,823426,PHI,TOR,5,92,19,4,20,9,0.17391304347826086,0.21739130434782608,0.09782608695652174,0.043478260869565216,4.857142857142857,0.22668224414237395,0.1003024810881896,0.025571885780106416,0.1281526475946346
2026-08-09,823425,PHI,TOR,6,102,20,2,24,14,0.0784313725490196,0.23529411764705882,0.13725490196078433,0.0196078431372549,5.214285714285714,0.2147376669804055,0.10619115762904004,0.02757857474331712,0.1361794034474774
2026-08-10,823018,PHI,STL,6,80,16,0,20,11,0.0875,0.25,0.1375,0.0,5.571428571428571,0.2134357377580123,0.11297697054575602,0.026967062532799107,0.13373335460540534
2026-08-11,823019,PHI,STL,0,64,11,1,14,8,0.046875,0.21875,0.125,0.015625,5.214285714285714,0.21101069366630157,0.11486189118067665,0.02520339410246401,0.12763767559305966
2026-08-12,823017,PHI,STL,1,71,14,0,17,6,0.07042253521126761,0.23943661971830985,0.08450704225352113,0.0,4.714285714285714,0.21095625115759079,0.11856398177301115,0.023706225112916975,0.1170486076488088
2026-08-13,823669,PHI,MIN,7,79,20,4,19,7,0.20253164556962025,0.24050632911392406,0.08860759493670886,0.05063291139240506,4.785714285714286,0.21398960278249166,0.1181066925833276,0.022623974030665888,0.11774978440632358
2026-08-15,823671,PHI,MIN,9,84,22,1,22,10,0.13095238095238096,0.2619047619047619,0.11904761904761904,0.011904761904761904,4.857142857142857,0.21862036374236657,0.11574854782011955,0.023344857662941927,0.1187028170049258
2026-08-16,823670,PHI,MIN,7,78,16,3,16,8,0.1794871794871795,0.20512820512820512,0.10256410256410256,0.038461538461538464,5.214285714285714,0.22123126725870268,0.11519762322492934,0.021177089147084882,0.11497808767657473
2026-08-17,823427,PHI,MIA,6,85,25,1,11,11,0.07058823529411765,0.12941176470588237,0.12941176470588237,0.011764705882352941,5.357142857142857,0.21614643980545417,0.11406498393439532,0.023924341894337627,0.12591890124896726
2026-08-18,823423,PHI,MIA,6,74,15,1,17,9,0.05405405405405406,0.22972972972972974,0.12162162162162163,0.013513513513513514,5.214285714285714,0.20967585157016003,0.11330868141338692,0.021907535171648555,0.12096091805568995
2026-08-19,823424,PHI,MIA,4,69,17,2,11,2,0.10144927536231885,0.15942028985507245,0.028985507246376812,0.028985507246376812,5.214285714285714,0.20975858736718153,0.11383267479452316,0.018791153483838297,0.11257702395751014
2026-08-21,823420,PHI,STL,5,84,22,2,19,6,0.15476190476190477,0.2261904761904762,0.07142857142857142,0.023809523809523808,5.142857142857143,0.20768819399244037,0.11176228141978195,0.020861546858579494,0.11464741733225135
2026-08-22,823422,PHI,STL,12,74,22,3,13,1,0.20270270270270271,0.17567567567567569,0.013513513513513514,0.04054054054054054,5.214285714285714,0.21193989467271246,0.10644765556944182,0.021074131892593103,0.11826136291048263
2026-08-23,823421,PHI,STL,4,74,19,2,14,4,0.13513513513513514,0.1891891891891892,0.05405405405405406,0.02702702702702703,5.571428571428571,0.2103904128600728,0.10271365841439203,0.023030035164285843,0.11958223265240502
2026-08-24,823097,PHI,SEA,2,73,15,6,20,8,0.2465753424657534,0.273972602739726,0.1095890410958904,0.0821917808219178,5.571428571428571,0.21271631880043654,0.09366588430637697,0.023239366698918584,0.1206288903255687
2026-08-25,823098,PHI,SEA,1,70,11,1,18,8,0.04285714285714286,0.2571428571428571,0.11428571428571428,0.014285714285714285,5.357142857142857,0.21675784011414367,0.09450609531633188,0.026004618124086627,0.12581905453896103
2026-08-26,823096,PHI,SEA,6,70,12,2,22,4,0.12857142857142856,0.3142857142857143,0.05714285714285714,0.02857142857142857,5.0,0.21831846436384356,0.09286543905382685,0.025624466063262297,0.12327803813239842
2026-08-28,823985,PHI,LAA,5,74,14,1,14,7,0.04054054054054054,0.1891891891891892,0.0945945945945946,0.013513513513513514,5.0,0.2229103010985374,0.08712564313545952,0.02766528238979291,0.12621171160178615
2026-08-29,823986,PHI,LAA,4,78,11,1,16,9,0.05128205128205128,0.20512820512820512,0.11538461538461539,0.01282051282051282,5.357142857142857,0.22079881461205095,0.08495382846364485,0.027514461926472444,0.12575925021182477
2026-08-30,823987,PHI,LAA,5,79,18,2,17,8,0.12658227848101267,0.21518987341772153,0.10126582278481013,0.02531645569620253,5.571428571428571,0.2183482135699006,0.08715936940158013,0.02843021284222336,0.12439207278830933
2026-08-31,825040,PHI,AZ,2,75,15,1,12,7,0.06666666666666667,0.16,0.09333333333333334,0.013333333333333334,5.428571428571429,0.21653989530588613,0.08806352853358737,0.026621894578208898,0.11896711799626593
2026-09-01,825038,PHI,AZ,7,78,19,1,14,6,0.0641025641025641,0.1794871794871795,0.07692307692307693,0.01282051282051282,4.928571428571429,0.20926098374126026,0.08622679383970981,0.026723935394535426,0.11437528126157205
2026-09-02,825037,PHI,AZ,0,59,6,1,17,2,0.06779661016949153,0.288135593220339,0.03389830508474576,0.01694915254237288,4.928571428571429,0.20742948190975846,0.08439529200820801,0.024892433563033594,0.10613352301981381
2026-09-04,823418,PHI,ATL,2,73,14,2,16,5,0.1506849315068493,0.2191780821917808,0.0684931506849315,0.0273972602739726,4.5,0.21876689823221968,0.07757290203526968,0.02526275118160645,0.10593412122519766
2026-03-20,831451,PIT,ATL,1,74,15,1,20,8,0.0945945945945946,0.2702702702702703,0.10810810810810811,0.013513513513513514,,,,,
2026-03-21,831553,PIT,TOR,8,78,16,2,14,11,0.1282051282051282,0.1794871794871795,0.14102564102564102,0.02564102564102564,,,,,
2026-03-22,831552,PIT,BOS,3,74,15,2,21,4,0.13513513513513514,0.28378378378378377,0.05405405405405406,0.02702702702702703,,,,,
2026-03-23,831447,PIT,ATL,2,70,13,4,13,5,0.21428571428571427,0.18571428571428572,0.07142857142857142,0.05714285714285714,4.0,0.24451374451374452,0.10106260106260107,0.02206052206052206,0.11931161931161931
2026-03-26,823649,PIT,NYM,7,82,21,5,20,9,0.25609756097560976,0.24390243902439024,0.10975609756097561,0.06097560975609756,3.5,0.22981387981387982,0.09365409365409366,0.03083110583110583,0.14305514305514305
2026-03-28,823651,PIT,NYM,2,91,18,1,17,9,0.04395604395604396,0.18681318681318682,0.0989010989010989,0.01098901098901099,4.2,0.23263159165598193,0.09687449443547005,0.03686000661610418,0.1656636266392364
2026-03-29,823647,PIT,NYM,4,85,16,1,28,10,0.08235294117647059,0.32941176470588235,0.11764705882352941,0.011764705882352941,3.8333333333333335,0.22499519084884936,0.09721226184640819,0.032548174011588646,0.145379029525371
2026-03-30,824539,PIT,CIN,0,67,8,0,18,10,0.029850746268656716,0.26865671641791045,0.14925373134328357,0.0,3.857142857142857,0.23991184425699696,0.10013151855742551,0.029579107135983544,0.1363753026183852
2026-03-31,824537,PIT,CIN,8,78,14,6,19,11,0.23076923076923078,0.24358974358974358,0.14102564102564102,0.07692307692307693,3.375,0.24350495327711114,0.10627179515565777,0.0258817187439856,0.12305973307466915
2026-04-01,824536,PIT,CIN,8,76,14,3,19,8,0.14473684210526316,0.25,0.10526315789473684,0.039473684210526314,3.888888888888889,0.2435143744229592,0.1101333335856559,0.03155298076388464,0.13502745504073155
2026-04-03,823406,PIT,BAL,5,73,15,1,19,11,0.1232876712328767,0.2602739726027397,0.1506849315068493,0.0136986301369863,4.3,0.24416293698066327,0.10964631601656401,0.03234505110854881,0.13599839374718473
2026-04-04,823404,PIT,BAL,2,79,14,0,15,13,0.0379746835443038,0.189873417721519,0.16455696202531644,0.0,4.363636363636363,0.24562757658267023,0.11337709924295357,0.03064992192931585,0.13484287351861127
2026-04-05,823405,PIT,BAL,8,73,18,2,17,5,0.1232876712328767,0.2328767123287671,0.0684931506849315,0.0273972602739726,4.166666666666667,0.24098139667757426,0.11764208780815048,0.02809576176853953,0.12677052435408565
2026-04-06,823401,PIT,SD,0,78,18,0,15,10,0.07692307692307693,0.19230769230769232,0.1282051282051282,0.0,4.461538461538462,0.24035795941997373,0.11386140033713364,0.028042030884342074,0.1265026125755311
2026-04-07,823402,PIT,SD,7,69,15,1,19,4,0.07246376811594203,0.2753623188405797,0.057971014492753624,0.014492753623188406,4.142857142857143,0.23692579748338222,0.11488595232770468,0.02603902867831764,0.12296121717178439
2026-04-08,823403,PIT,SD,2,77,16,1,15,5,0.12987012987012986,0.19480519480519481,0.06493506493506493,0.012987012987012988,4.571428571428571,0.2372895152384043,0.11130473135517935,0.026108974400437274,0.12138044385188063
2026-04-10,824695,PIT,CHC,2,69,9,1,17,8,0.043478260869565216,0.2463768115942029,0.11594202898550725,0.014492753623188406,4.142857142857143,0.2383836591896911,0.10586969020585249,0.025205116353722086,0.12149937254223789
2026-04-11,824697,PIT,CHC,4,98,20,0,26,13,0.02040816326530612,0.2653061224489796,0.1326530612244898,0.0,4.071428571428571,0.23571173260472106,0.11029025984381344,0.024309811110590756,0.11495245295184002
2026-04-12,824696,PIT,CHC,6,80,17,5,22,10,0.225,0.275,0.125,0.0625,4.214285714285714,0.24139686380005632,0.11466343768637903,0.02022817845752953,0.10110405645038231
2026-04-13,823400,PIT,WSH,16,88,24,4,18,9,0.18181818181818182,0.20454545454545456,0.10227272727272728,0.045454545454545456,4.142857142857143,0.24361811815545703,0.11575228786059506,0.020337063474951133,0.09888280209498161
2026-04-14,823398,PIT,WSH,4,76,17,3,15,8,0.17105263157894737,0.19736842105263158,0.10526315789473684,0.039473684210526314,5.142857142857143,0.24488470870776188,0.11599311845856851,0.022798887365346455,0.10873009765656287
2026-04-15,823399,PIT,WSH,2,67,8,0,15,5,0.029850746268656716,0.22388059701492538,0.07462686567164178,0.0,5.142857142857143,0.23545304130395822,0.1151085541065119,0.024778100103073124,0.11506578982816837
2026-04-16,823396,PIT,WSH,7,94,25,1,21,7,0.09574468085106383,0.22340425531914893,0.07446808510638298,0.010638297872340425,5.285714285714286,0.23225474706088786,0.10977806370139463,0.024778100103073124,0.11506578982816837
2026-04-17,823397,PIT,TB,5,73,16,1,12,7,0.0958904109589041,0.1643835616438356,0.0958904109589041,0.0136986301369863,5.214285714285714,0.2308129264701311,0.10502395256430477,0.020043473028020516,0.10542117911972788
2026-04-18,823394,PIT,TB,7,111,22,3,26,12,0.10810810810810811,0.23423423423423423,0.10810810810810811,0.02702702702702703,5.0,0.22469746658754794,0.10435447064031671,0.018202397737053372,0.10193214832355937
2026-04-19,823393,PIT,TB,6,69,18,3,16,1,0.2028985507246377,0.2318840579710145,0.014492753623188406,0.043478260869565216,5.142857142857143,0.2228374852755118,0.10131326896897806,0.019154426086341995,0.10084789381464732
2026-04-21,822914,PIT,TEX,1,71,14,0,19,6,0.056338028169014086,0.2676056338028169,0.08450704225352113,0.0,5.428571428571429,0.22583824529333296,0.09059439694025463,0.022260016148453795,0.11262817004181404
2026-04-22,822913,PIT,TEX,8,73,16,2,19,4,0.1232876712328767,0.2602739726027397,0.0547945205479452,0.0273972602739726,4.928571428571429,0.2283188825414794,0.09173824633801102,0.02030306898602718,0.10784605268010956
2026-04-23,822912,PIT,TEX,1,73,14,3,20,7,0.136986301369863,0.273972602739726,0.0958904109589041,0.0410958904109589,5.5,0.23317361684826846,0.0864946315053551,0.022260016148453795,0.11115780941652384
2026-04-24,823800,PIT,MIL,6,69,10,1,14,4,0.07246376811594203,0.2028985507246377,0.057971014492753624,0.014492753623188406,5.071428571428571,0.2330743514124932,0.08920315982436586,0.024160240204723116,0.1157665617918039
2026-04-25,823799,PIT,MIL,6,82,15,0,26,6,0.024390243902439025,0.3170731707317073,0.07317073170731707,0.0,5.357142857142857,0.23365244826388198,0.08870572764991504,0.024267793107307072,0.1116661073807905
2026-04-26,823797,PIT,MIL,0,68,9,0,25,6,0.058823529411764705,0.36764705882352944,0.08823529411764706,0.0,5.642857142857143,0.23870218820227512,0.08565063498718717,0.023232596419936472,0.11030267759742433
2026-04-27,823395,PIT,STL,2,69,14,2,14,4,0.11594202898550725,0.2028985507246377,0.057971014492753624,0.028985507246376812,5.357142857142857,0.24601225508617156,0.0824779373366984,0.023232596419936472,0.11304663232217138
2026-04-28,823390,PIT,STL,7,82,25,5,21,6,0.24390243902439024,0.25609756097560976,0.07317073170731707,0.06097560975609756,5.071428571428571,0.2408621515665028,0.07769015265760937,0.02083870408039196,0.1052567772497076
2026-04-29,823392,PIT,STL,4,82,15,2,20,10,0.12195121951219512,0.24390243902439024,0.12195121951219512,0.024390243902439025,4.428571428571429,0.2445444448829425,0.0756114386886515,0.021947351530502823,0.10969136705015106
2026-04-30,823391,PIT,STL,5,84,20,3,20,9,0.15476190476190477,0.23809523809523808,0.10714285714285714,0.03571428571428571,4.428571428571429,0.24786830330949666,0.07680344308989852,0.02086996293706802,0.10618412333109732
2026-05-01,823389,PIT,CIN,9,76,15,4,13,9,0.21052631578947367,0.17105263157894737,0.11842105263157894,0.05263157894736842,4.642857142857143,0.2488836348152333,0.07912601390927106,0.023420983345231284,0.11510634893775791
2026-05-02,823388,PIT,CIN,17,94,30,2,22,13,0.19148936170212766,0.23404255319148937,0.13829787234042554,0.02127659574468085,4.785714285714286,0.24514423311950462,0.0822655115896422,0.026420503422018998,0.12330503714764432
2026-05-03,823387,PIT,CIN,1,61,9,0,15,5,0.04918032786885246,0.2459016393442623,0.08196721311475409,0.0,5.642857142857143,0.2501198753729084,0.08529461597403658,0.02696178667971147,0.13013353362930316
2026-05-05,825092,PIT,AZ,0,73,11,0,13,10,0.1095890410958904,0.1780821917808219,0.136986301369863,0.0,5.214285714285714,0.25095326145219615,0.083427409188797,0.02503128474920954,0.1259244064693563
2026-05-06,825091,PIT,AZ,1,66,9,1,15,3,0.07575757575757576,0.22727272727272727,0.045454545454545456,0.015151515151515152,4.785714285714286,0.24711027101003954,0.09217694831355948,0.021925694687097735,0.11925944149587438
2026-05-07,825090,PIT,AZ,4,72,12,3,14,7,0.125,0.19444444444444445,0.09722222222222222,0.041666666666666664,4.785714285714286,0.24422934911503316,0.08938748425648979,0.023007945769348816,0.1206465520379145
2026-05-08,823225,PIT,SF,2,71,17,2,13,7,0.09859154929577464,0.18309859154929578,0.09859154929577464,0.028169014084507043,4.5,0.23952723996086922,0.09241803437608101,0.02402718908311268,0.12076886123556616
2026-05-09,823224,PIT,SF,13,89,27,1,18,8,0.10112359550561797,0.20224719101123595,0.0898876404494382,0.011235955056179775,4.571428571428571,0.23303623916155275,0.09261097282871462,0.0231038407740804,0.11802637894455983
2026-05-10,823221,PIT,SF,6,106,20,3,17,14,0.16981132075471697,0.16037735849056603,0.1320754716981132,0.02830188679245283,5.071428571428571,0.23298971346773834,0.09489073182562066,0.022871212305008357,0.12007350947239383
2026-05-12,823385,PIT,COL,3,68,13,0,17,4,0.08823529411764706,0.25,0.058823529411764705,0.0,5.071428571428571,0.22179715545051398,0.09909821325353466,0.024892775647326417,0.13046072924755653
2026-05-13,823386,PIT,COL,4,74,17,3,10,5,0.21621621621621623,0.13513513513513514,0.06756756756756757,0.04054054054054054,5.285714285714286,0.21339379410597617,0.09699737291740021,0.024892775647326417,0.132561569583691
2026-05-14,823383,PIT,COL,7,71,17,1,14,7,0.11267605633802817,0.19718309859154928,0.09859154929577464,0.014084507042253521,5.428571428571429,0.2085535501352974,0.09768284099417264,0.025718135168338114,0.13972401152874164
2026-05-15,823384,PIT,PHI,9,91,25,5,18,6,0.17582417582417584,0.1978021978021978,0.06593406593406594,0.054945054945054944,5.428571428571429,0.2043453742507217,0.09949861367906246,0.022368770688777826,0.13035069847971578
2026-05-16,823382,PIT,PHI,0,75,14,1,24,8,0.10666666666666667,0.32,0.10666666666666667,0.013333333333333334,5.785714285714286,0.2010524998777079,0.09549738842348181,0.02455125719182182,0.1341987667877144
2026-05-17,823381,PIT,PHI,0,70,13,2,22,2,0.14285714285714285,0.3142857142857143,0.02857142857142857,0.02857142857142857,5.428571428571429,0.20690284001376233,0.09546337481803964,0.02295261773603951,0.13076339263805453
2026-05-19,823059,PIT,STL,6,84,21,4,20,8,0.15476190476190477,0.23809523809523808,0.09523809523809523,0.047619047619047616,4.785714285714286,0.2171337744928171,0.08904554452802889,0.021234035566329516,0.1259298802857452
2026-05-20,823057,PIT,STL,7,80,20,1,12,5,0.075,0.15,0.0625,0.0125,4.0,0.21742325198594203,0.08596984616357672,0.023115639271641425,0.12330649050430069
2026-05-21,823056,PIT,STL,6,75,18,3,20,4,0.16,0.26666666666666666,0.05333333333333334,0.04,4.428571428571429,0.2105731348899233,0.0845793309410943,0.024008496414498568,0.12515075279938268
2026-05-22,822816,PIT,TOR,2,75,12,0,26,9,0.06666666666666667,0.3466666666666667,0.12,0.0,4.857142857142857,0.2169005973817693,0.07860411893848503,0.02686563927164143,0.12875153557824764
2026-05-23,822814,PIT,TOR,2,69,16,2,16,4,0.15942028985507245,0.2318840579710145,0.057971014492753624,0.028985507246376812,4.928571428571429,0.22542873590990786,0.08392879426316036,0.025783388189390348,0.12810218492889697
2026-05-24,822813,PIT,TOR,4,75,11,3,20,9,0.14666666666666667,0.26666666666666666,0.12,0.04,4.785714285714286,0.22810299401894857,0.08112513656819831,0.024877591087941072,0.13056077706140215
2026-05-25,823380,PIT,CHC,2,69,14,2,16,5,0.10144927536231885,0.2318840579710145,0.07246376811594203,0.028985507246376812,4.928571428571429,0.23407214224161793,0.08265431161850012,0.025722661510476284,0.13399471401646587
2026-05-26,823379,PIT,CHC,12,82,23,2,17,4,0.13414634146341464,0.2073170731707317,0.04878048780487805,0.024390243902439025,4.142857142857143,0.23618906131017356,0.08140974930896469,0.026990486666918924,0.13401797686337308
2026-05-27,823376,PIT,CHC,4,86,21,4,19,11,0.18604651162790697,0.22093023255813954,0.12790697674418605,0.046511627906976744,4.571428571428571,0.23954189807304252,0.07546010760230502,0.02671108360334651,0.13147047834256578
2026-05-28,823378,PIT,CHC,2,79,14,2,22,11,0.10126582278481013,0.27848101265822783,0.13924050632911392,0.02531645569620253,4.642857142857143,0.2374654861129096,0.08039463955462083,0.030033342739559134,0.13845699387901292
2026-05-29,823377,PIT,MIN,4,75,16,4,25,7,0.17333333333333334,0.3333333333333333,0.09333333333333334,0.05333333333333334,4.5,0.2477044773645591,0.08551413518044558,0.02894590810782071,0.13024625149105531
2026-05-30,823375,PIT,MIN,10,89,27,3,14,11,0.1797752808988764,0.15730337078651685,0.12359550561797752,0.033707865168539325,4.285714285714286,0.2574294941318294,0.08513854832598547,0.03174939570004069,0.13457891413357712
2026-05-31,823373,PIT,MIN,9,71,14,4,24,5,0.18309859154929578,0.3380281690140845,0.07042253521126761,0.056338028169014086,4.357142857142857,0.2545367207735665,0.08925722258912203,0.03023245357314672,0.13486113592462717
2026-06-02,824189,PIT,HOU,10,84,21,4,20,13,0.17857142857142858,0.23809523809523808,0.15476190476190477,0.047619047619047616,5.0,0.25582444713171537,0.08666835605659351,0.03330421748998106,0.14032055913052924
2026-06-03,824188,PIT,HOU,9,88,25,3,23,10,0.18181818181818182,0.26136363636363635,0.11363636363636363,0.03409090909090909,5.714285714285714,0.2503822702609671,0.0956819614987704,0.03466476170766814,0.14287157953869253
2026-06-04,824185,PIT,HOU,5,74,17,2,14,5,0.14864864864864866,0.1891891891891892,0.06756756756756757,0.02702702702702703,5.928571428571429,0.2520442987087098,0.09699612352721812,0.03369846609851539,0.14480417075699803
2026-06-05,824914,PIT,ATL,3,72,13,1,17,8,0.08333333333333333,0.2361111111111111,0.1111111111111111,0.013888888888888888,5.785714285714286,0.25484352650793757,0.09735809263918725,0.034736110886160174,0.1500647885176158
2026-06-06,824915,PIT,ATL,3,73,17,1,17,5,0.0958904109589041,0.2328767123287671,0.0684931506849315,0.0136986301369863,5.571428571428571,0.2526609868253979,0.10148507676617137,0.032871031521080805,0.1445885980414253
2026-06-07,824916,PIT,ATL,2,68,8,1,18,8,0.08823529411764706,0.2647058823529412,0.11764705882352941,0.014705882352941176,5.642857142857143,0.24453313294411938,0.09780601610080933,0.03384950510229411,0.1466760083480137
2026-06-09,823374,PIT,LAD,3,85,20,3,21,11,0.16470588235294117,0.24705882352941178,0.12941176470588237,0.03529411764705882,5.642857142857143,0.24687754897139985,0.10206859069586474,0.03282953189562014,0.14159136579534046
2026-06-10,823372,PIT,LAD,9,79,19,5,15,9,0.26582278481012656,0.189873417721519,0.11392405063291139,0.06329113924050633,5.571428571428571,0.24547698874731022,0.10274085960342778,0.03249339744183862,0.1428798812015029
2026-06-11,823371,PIT,LAD,6,90,22,3,17,11,0.15555555555555556,0.18888888888888888,0.12222222222222222,0.03333333333333333,6.071428571428571,0.2424762287294891,0.10570230835463987,0.034943799727133594,0.1546208461620606
2026-06-12,823370,PIT,MIA,3,77,17,3,16,7,0.18181818181818182,0.2077922077922078,0.09090909090909091,0.03896103896103896,5.642857142857143,0.24115992985221463,0.11094814652730732,0.03558259182934033,0.15615007574007067
2026-06-13,823369,PIT,MIA,3,75,15,0,21,6,0.04,0.28,0.08,0.0,5.571428571428571,0.24022149951179092,0.1083054403962291,0.03504326404748763,0.15584805218223316
2026-06-14,823368,PIT,MIA,2,79,17,3,24,6,0.13924050632911392,0.3037974683544304,0.0759493670886076,0.0379746835443038,5.642857142857143,0.2403299986076318,0.10407397565843524,0.03323494578347316,0.15147192198331813
2026-06-15,824993,PIT,ATH,2,80,22,4,14,5,0.2,0.175,0.0625,0.05,5.5,0.23822029396628158,0.10283226378381197,0.03213789936997106,0.14903672005444535
2026-06-16,824991,PIT,ATH,6,80,19,4,22,9,0.1875,0.275,0.1125,0.05,4.928571428571429,0.2394843389101018,0.09846829909681357,0.03330162328650396,0.15048134284738277
2026-06-17,824992,PIT,ATH,12,85,22,4,22,7,0.2,0.25882352941176473,0.08235294117647059,0.047058823529411764,4.714285714285714,0.2349823268376672,0.10147383229600875,0.03284890698871724,0.1507957291652902
2026-06-19,824345,PIT,COL,3,70,16,1,11,3,0.15714285714285714,0.15714285714285714,0.04285714285714286,0.014285714285714285,4.857142857142857,0.23646291907456196,0.09630176346847774,0.032808890982314674,0.15232634141018814
2026-06-20,824342,PIT,COL,1,66,11,2,20,4,0.15151515151515152,0.30303030303030304,0.06060606060606061,0.030303030303030304,4.428571428571429,0.22901857770164916,0.09124610484139054,0.03139423421051505,0.15056381821909354
2026-06-21,824343,PIT,COL,8,78,21,3,16,5,0.16666666666666666,0.20512820512820512,0.0641025641025641,0.038461538461538464,4.142857142857143,0.2371500858331573,0.09074885434414003,0.031628234444515284,0.15076856842384373
2026-06-23,823365,PIT,SEA,2,75,18,2,19,5,0.12,0.25333333333333335,0.06666666666666667,0.02666666666666667,4.5,0.23493702112009257,0.08739110098638668,0.03338342369970454,0.15672094937622466
2026-06-24,823367,PIT,SEA,11,76,22,0,20,3,0.13157894736842105,0.2631578947368421,0.039473684210526314,0.0,4.428571428571429,0.23639820833470446,0.08726063784222492,0.034309712023253135,0.15844306287916007
2026-06-25,823366,PIT,SEA,5,72,14,2,20,7,0.1111111111111111,0.2777777777777778,0.09722222222222222,0.027777777777777776,5.071428571428571,0.23628763779069736,0.08167682536986755,0.03325929185518591,0.16153903811135825
2026-06-26,823363,PIT,CIN,4,76,17,4,23,4,0.17105263157894737,0.3026315789473684,0.05263157894736842,0.05263157894736842,5.214285714285714,0.23848184880843784,0.07937757233532039,0.03272241043595155,0.15771084016551323
2026-06-27,823364,PIT,CIN,7,83,21,4,21,7,0.1927710843373494,0.25301204819277107,0.08433734939759036,0.04819277108433735,4.857142857142857,0.24653600318171276,0.07499953864349589,0.03196101327215599,0.15094154350614328
2026-06-28,823362,PIT,CIN,9,82,19,4,17,12,0.18292682926829268,0.2073170731707317,0.14634146341463414,0.04878048780487805,4.928571428571429,0.25111622884627577,0.07229347629887935,0.03302240168294199,0.15359979556198572
2026-06-29,823444,PIT,PHI,11,83,20,7,26,8,0.30120481927710846,0.3132530120481928,0.0963855421686747,0.08433734939759036,5.357142857142857,0.2510822906590275,0.07625293147784672,0.03372379088607335,0.15367898466556507
2026-06-30,823445,PIT,PHI,0,75,17,1,21,6,0.08,0.28,0.08,0.013333333333333334,5.928571428571429,0.25345750580532694,0.07742332734703775,0.039747887271615524,0.1723364717567871
2026-07-01,823446,PIT,PHI,6,86,23,4,26,8,0.16279069767441862,0.3023255813953488,0.09302325581395349,0.046511627906976744,5.785714285714286,0.25175768663715337,0.07771265826928007,0.03798779082797477,0.16810500701899325
2026-07-02,823442,PIT,PHI,6,78,18,2,22,8,0.15384615384615385,0.28205128205128205,0.10256410256410256,0.02564102564102564,6.071428571428571,0.26085237102253545,0.0798928908274196,0.03773862139275882,0.16544719971002314
2026-07-03,822714,PIT,WSH,5,82,25,6,9,6,0.34146341463414637,0.10975609756097561,0.07317073170731707,0.07317073170731707,6.071428571428571,0.26135603402619845,0.07918318386771264,0.03599869465283208,0.163043353556177
2026-07-04,822716,PIT,WSH,7,76,17,1,20,8,0.039473684210526314,0.2631578947368421,0.10526315789473684,0.013157894736842105,5.571428571428571,0.25070836032257066,0.0785273117627731,0.03786383095125389,0.1731478831729017
2026-07-05,822715,PIT,WSH,11,85,23,4,14,11,0.16470588235294117,0.16470588235294117,0.12941176470588237,0.047058823529411764,5.857142857142857,0.2582808630078553,0.08298488426545839,0.03778327241204874,0.1647429422491638
2026-07-07,823361,PIT,ATL,12,82,25,3,10,8,0.15853658536585366,0.12195121951219512,0.0975609756097561,0.036585365853658534,6.571428571428571,0.2484005472451866,0.08789957741544566,0.038980114785361696,0.16568513730900594
2026-07-08,823360,PIT,ATL,0,66,9,1,24,2,0.07575757575757576,0.36363636363636365,0.030303030303030304,0.015151515151515152,6.857142857142857,0.24245933398690014,0.09028946395167367,0.038846102456227424,0.1651044172160907
2026-07-09,823359,PIT,ATL,5,86,19,6,17,13,0.2558139534883721,0.19767441860465115,0.1511627906976744,0.06976744186046512,6.714285714285714,0.25033812186568805,0.08769206135427107,0.038023591633716596,0.16194424405591756
2026-07-11,823356,PIT,MIL,3,72,14,1,15,7,0.09722222222222222,0.20833333333333334,0.09722222222222222,0.013888888888888888,6.285714285714286,0.24566073071338868,0.09566985467478165,0.04300698033803553,0.1708181730644855
2026-07-11,823357,PIT,MIL,7,78,16,4,17,8,0.20512820512820512,0.21794871794871795,0.10256410256410256,0.05128205128205128,6.142857142857143,0.2407004132530712,0.09566985467478163,0.042014916845972035,0.169826109572422
2026-07-12,823358,PIT,MIL,14,82,23,3,18,7,0.21951219512195122,0.21951219512195122,0.08536585365853659,0.036585365853658534,6.357142857142857,0.23465163746745335,0.09923646350454837,0.041918522012735104,0.1722600791116547
2026-07-18,824412,PIT,CLE,3,75,17,1,20,9,0.10666666666666667,0.26666666666666666,0.12,0.013333333333333334,6.857142857142857,0.23225879081953762,0.09930992809461595,0.04108942163911518,0.17417015845341197
2026-07-18,824414,PIT,CLE,7,71,17,3,27,1,0.18309859154929578,0.38028169014084506,0.014084507042253521,0.04225352112676056,6.428571428571429,0.23649804749781866,0.09742839499357066,0.038557482034004845,0.16872300398186726
2026-07-19,824411,PIT,CLE,7,74,18,1,26,7,0.13513513513513514,0.35135135135135137,0.0945945945945946,0.013513513513513514,6.142857142857143,0.24128581021872245,0.09154974962739772,0.035551494300374145,0.16028684485845204
2026-07-20,823522,PIT,NYY,5,74,20,3,18,4,0.16216216216216217,0.24324324324324326,0.05405405405405406,0.04054054054054054,6.642857142857143,0.2463823353152475,0.09259222066986875,0.03556436431324416,0.164225068796676
2026-07-22,823518,PIT,NYY,5,82,13,3,29,8,0.12195121951219512,0.35365853658536583,0.0975609756097561,0.036585365853658534,6.571428571428571,0.24216216830438284,0.08980870625844738,0.03513785807278443,0.16418017340294339
2026-07-22,823519,PIT,NYY,0,61,8,0,18,5,0.03278688524590164,0.29508196721311475,0.08196721311475409,0.0,6.5,0.24727697219967454,0.08945134004742261,0.03591959665940107,0.16190196380766064
2026-07-24,823352,PIT,CHC,2,78,14,1,17,6,0.05128205128205128,0.21794871794871795,0.07692307692307693,0.01282051282051282,6.142857142857143,0.2605145343176845,0.09007966014795385,0.030693115823164134,0.13985364027992886
2026-07-25,823355,PIT,CHC,0,83,21,1,23,5,0.08433734939759036,0.27710843373493976,0.060240963855421686,0.012048192771084338,5.785714285714286,0.25728530740424704,0.08805536864997812,0.030669017114854896,0.14069709507075207
2026-07-26,823354,PIT,CHC,8,76,23,4,17,5,0.23684210526315788,0.2236842105263158,0.06578947368421052,0.05263157894736842,5.0,0.26531406107438976,0.08311459716065951,0.028168257774974368,0.1349564855739413
2026-07-27,823353,PIT,AZ,2,79,17,0,17,3,0.05063291139240506,0.21518987341772153,0.0379746835443038,0.0,4.714285714285714,0.27258070328968415,0.08084520416597767,0.029314415853096503,0.1405497369951773
2026-07-28,823350,PIT,AZ,7,109,29,2,21,6,0.1559633027522936,0.1926605504587156,0.05504587155963303,0.01834862385321101,4.857142857142857,0.26197738255978115,0.08139317939749723,0.028232164770845423,0.13875511811195085
2026-07-29,823351,PIT,AZ,0,66,11,1,10,4,0.07575757575757576,0.15151515151515152,0.06060606060606061,0.015151515151515152,5.0,0.2616192491207857,0.07452768517335141,0.024559392056041556,0.13162292877365953
2026-07-30,824488,PIT,CIN,2,78,16,1,22,11,0.11538461538461539,0.28205128205128205,0.14102564102564102,0.01282051282051282,4.785714285714286,0.2575608075623442,0.07191224505791129,0.024649579646229148,0.13008973974047047
2026-07-31,824486,PIT,CIN,7,85,24,3,20,10,0.16470588235294117,0.23529411764705882,0.11764705882352941,0.03529411764705882,4.428571428571429,0.26213956214109874,0.07465949780516404,0.0219023268989764,0.12367948333021407
2026-08-01,824485,PIT,CIN,4,72,9,1,13,9,0.06944444444444445,0.18055555555555555,0.125,0.013888888888888888,3.9285714285714284,0.2632668423214636,0.0769652981740921,0.02181009488421928,0.11976474670385621
2026-08-02,824483,PIT,CIN,2,76,14,3,22,10,0.18421052631578946,0.2894736842105263,0.13157894736842105,0.039473684210526314,4.0,0.25711604867066995,0.07732244103123495,0.021849777423901817,0.11710601654512606
2026-08-03,823757,PIT,MIL,4,77,14,0,25,9,0.012987012987012988,0.3246753246753247,0.11688311688311688,0.0,3.642857142857143,0.25062976253278996,0.08571490105453264,0.021651217644170797,0.11718544045701847
2026-08-04,823756,PIT,MIL,2,71,16,4,19,4,0.16901408450704225,0.2676056338028169,0.056338028169014086,0.056338028169014086,3.4285714285714284,0.24872433205593095,0.08730693836085567,0.020685966678919834,0.10846057458929545
2026-08-05,823753,PIT,MIL,2,64,7,2,24,9,0.109375,0.375,0.140625,0.03125,3.2142857142857144,0.25046450281018623,0.08747007936906707,0.02181435865238223,0.10894999761392975
2026-08-06,823754,PIT,MIL,2,67,12,3,19,6,0.1791044776119403,0.2835820895522388,0.08955223880597014,0.04477611940298507,3.0,0.25198889305408867,0.09054608111122738,0.02143326109140662,0.10805169622020151
2026-08-07,823349,PIT,NYM,4,79,22,1,11,7,0.0759493670886076,0.13924050632911392,0.08860759493670886,0.012658227848101266,3.142857142857143,0.25116747322116895,0.09108786866059994,0.02463155533447698,0.1185029528177757
2026-08-08,823348,PIT,NYM,9,76,15,1,17,10,0.09210526315789473,0.2236842105263158,0.13157894736842105,0.013157894736842105,3.2857142857142856,0.24554545810548295,0.09192247709014509,0.024619963550733297,0.12026490394681545
2026-08-09,823345,PIT,NYM,1,82,19,3,23,7,0.17073170731707318,0.2804878048780488,0.08536585365853659,0.036585365853658534,3.9285714285714284,0.24172944216200978,0.0970180473410736,0.02469922797685885,0.12081975492969434
2026-08-11,823832,PIT,MIA,0,62,9,1,19,4,0.04838709677419355,0.3064516129032258,0.06451612903225806,0.016129032258064516,3.4285714285714284,0.24578684175856216,0.09841636019638263,0.023553069898736716,0.11609758364783114
2026-08-12,823833,PIT,MIA,2,76,15,2,10,10,0.11842105263157894,0.13157894736842105,0.13157894736842105,0.02631578947368421,3.2857142857142856,0.2523055374360982,0.10031217773123648,0.024705143631455612,0.11593716831795887
2026-08-13,823829,PIT,MIA,13,77,19,5,19,5,0.23376623376623376,0.24675324675324675,0.06493506493506493,0.06493506493506493,2.9285714285714284,0.24794256578679144,0.10577882600329278,0.025274226890060838,0.11325557902362213
2026-08-14,823346,PIT,BOS,8,74,18,2,18,5,0.13513513513513514,0.24324324324324326,0.06756756756756757,0.02702702702702703,3.857142857142857,0.2547452868752268,0.10608804059822165,0.028830194731742968,0.12454191173852627
2026-08-15,823347,PIT,BOS,0,70,15,1,21,5,0.11428571428571428,0.3,0.07142857142857142,0.014285714285714285,4.285714285714286,0.251973284103224,0.10084103535121638,0.029844945746493982,0.1259526631492777
2026-08-16,823344,PIT,BOS,8,72,16,1,20,7,0.09722222222222222,0.2777777777777778,0.09722222222222222,0.013888888888888888,3.7857142857142856,0.2565951328427198,0.09753971482300514,0.028344345506397944,0.12235122257304719
2026-08-17,823343,PIT,DET,5,87,20,1,19,12,0.06896551724137931,0.21839080459770116,0.13793103448275862,0.011494252873563218,4.071428571428571,0.26353957728716426,0.09555558783887814,0.028344345506397944,0.12433534955717417
2026-08-18,823341,PIT,DET,4,63,11,2,11,1,0.1111111111111111,0.1746031746031746,0.015873015873015872,0.031746031746031744,4.285714285714286,0.25846222874339103,0.0960093083470451,0.02634581469661487,0.1161035631947163
2026-08-19,823342,PIT,DET,3,75,15,3,19,10,0.14666666666666667,0.25333333333333335,0.13333333333333333,0.04,4.285714285714286,0.2477427894525232,0.08879430113203789,0.02861338839275999,0.12311242734643758
2026-08-21,823911,PIT,LAD,4,85,14,2,28,9,0.11764705882352941,0.32941176470588235,0.10588235294117647,0.023529411764705882,4.357142857142857,0.24672333941898866,0.09429396578663211,0.027446386380687554,0.12151618321498218
2026-08-22,823910,PIT,LAD,3,71,13,0,25,6,0.07042253521126761,0.352112676056338,0.08450704225352113,0.0,4.5,0.24346703689798024,0.0918123481395733,0.026894915792452262,0.12210704455952001
2026-08-23,823909,PIT,LAD,0,68,8,0,16,8,0.0,0.23529411764705882,0.11764705882352941,0.0,4.571428571428571,0.2483620787911302,0.09145197695725552,0.023696621549381902,0.11434404867375769
2026-08-24,823260,PIT,SD,3,94,16,1,25,11,0.06382978723404255,0.26595744680851063,0.11702127659574468,0.010638297872340425,4.285714285714286,0.25522305102812626,0.09352622437774269,0.02279246241737467,0.10891909388171428
2026-08-25,823259,PIT,SD,1,65,9,1,17,4,0.07692307692307693,0.26153846153846155,0.06153846153846154,0.015384615384615385,3.857142857142857,0.2582425679054259,0.09248639075112296,0.022612491212767406,0.10689941703001056
2026-08-26,823255,PIT,SD,0,70,12,0,12,8,0.05714285714285714,0.17142857142857143,0.11428571428571428,0.0,3.857142857142857,0.25688904338116963,0.09078443417111759,0.02109815189355004,0.10019880057329654
2026-08-28,823013,PIT,STL,1,69,14,1,19,3,0.07246376811594203,0.2753623188405797,0.043478260869565216,0.014492753623188406,3.857142857142857,0.24724454041869431,0.09433940454636447,0.019946078160831143,0.10082421202820109
2026-08-29,823011,PIT,STL,6,77,14,3,20,6,0.14285714285714285,0.2597402597402597,0.07792207792207792,0.03896103896103896,3.7857142857142856,0.25751478123813426,0.08804649836787477,0.019101575600081442,0.09754154884851272
2026-08-30,823010,PIT,STL,5,79,17,2,21,7,0.11392405063291139,0.26582278481012656,0.08860759493670886,0.02531645569620253,3.2857142857142856,0.25844242502292086,0.08897414215266142,0.017246288030508157,0.09104804235500623
2026-09-01,823340,PIT,SF,12,101,35,2,16,12,0.09900990099009901,0.15841584158415842,0.1188118811881188,0.019801980198019802,3.0714285714285716,0.2600552494205554,0.09047700125045721,0.017124104364020697,0.08953296489056169
2026-09-02,823339,PIT,SF,4,84,15,1,14,9,0.09523809523809523,0.16666666666666666,0.10714285714285714,0.011904761904761904,3.9285714285714284,0.2499420952479953,0.09386152337613916,0.017518123357756803,0.0884418353694463
2026-09-03,823337,PIT,SF,5,70,7,0,15,12,0.014285714285714285,0.21428571428571427,0.17142857142857143,0.0,3.642857142857143,0.24200558731148739,0.09457014015618452,0.01737640000174773,0.08830011201343724
2026-09-04,823338,PIT,LAA,1,64,9,0,22,5,0.03125,0.34375,0.078125,0.0,3.642857142857143,0.24171236657491685,0.09696282136659971,0.01655538193935036,0.0843944118023183
2026-03-20,831766,SD,LAD,3,75,16,1,20,9,0.08,0.26666666666666666,0.12,0.013333333333333334,,,,,
2026-03-20,831864,SD,COL,3,76,18,4,15,5,0.23684210526315788,0.19736842105263158,0.06578947368421052,0.05263157894736842,,,,,
2026-03-21,831767,SD,MIL,1,68,14,4,16,3,0.22058823529411764,0.23529411764705882,0.04411764705882353,0.058823529411764705,,,,,
2026-03-22,831947,SD,AZ,1,81,21,5,22,6,0.2716049382716049,0.2716049382716049,0.07407407407407407,0.06172839506172839,2.3333333333333335,0.23310973512211905,0.07663570691434468,0.04159614723082215,0.1791434468524252
2026-03-23,831735,SD,SEA,10,79,15,3,19,9,0.13924050632911392,0.24050632911392406,0.11392405063291139,0.0379746835443038,2.0,0.24273353590949048,0.07599529870427703,0.04662920918854871,0.20225881970722012
2026-03-26,823325,SD,DET,2,79,17,2,17,7,0.11392405063291139,0.21518987341772153,0.08860759493670886,0.02531645569620253,3.6,0.24228809455037723,0.0835810490900039,0.04489830405969973,0.18965515703159888
2026-03-27,823324,SD,DET,2,77,14,0,21,10,0.03896103896103896,0.2727272727272727,0.12987012987012986,0.0,3.3333333333333335,0.23777172436160124,0.0844188067311214,0.04163466266578353,0.17703330596515096
2026-03-28,823323,SD,DET,3,68,9,0,19,8,0.014705882352941176,0.27941176470588236,0.11764705882352941,0.0,3.142857142857143,0.24276537412812577,0.09091185289383688,0.03568685371352874,0.15730869639313497
2026-03-30,823320,SD,SF,2,68,9,2,18,6,0.10294117647058823,0.2647058823529412,0.08823529411764706,0.029411764705882353,3.125,0.24734617295034533,0.09425375363504845,0.031225996999337646,0.13948334463811074
2026-03-31,823322,SD,SF,3,79,22,2,15,6,0.1518987341772152,0.189873417721519,0.0759493670886076,0.02531645569620253,3.0,0.24927502955063374,0.09358503591089275,0.03102441563339817,0.13542310373060826
2026-04-01,823321,SD,SF,7,73,13,1,21,8,0.1095890410958904,0.2876712328767123,0.1095890410958904,0.0136986301369863,3.0,0.24333486836772228,0.09182146902866423,0.03045361963967861,0.13707066677526894
2026-04-03,824786,SD,BOS,2,65,13,2,14,2,0.16923076923076924,0.2153846153846154,0.03076923076923077,0.03076923076923077,3.3636363636363638,0.24736544695944865,0.09343670285295752,0.028930438775797488,0.1345723371680527
2026-04-04,824782,SD,BOS,3,73,15,0,17,6,0.0684931506849315,0.2328767123287671,0.0821917808219178,0.0,3.25,0.24470037766154587,0.08821441351264696,0.02908367144191693,0.13746053983994574
2026-04-05,824781,SD,BOS,8,79,21,2,17,7,0.189873417721519,0.21518987341772153,0.08860759493670886,0.02531645569620253,3.230769230769231,0.24379086494363983,0.08775113407489857,0.02684646594638486,0.1321553560587908
2026-04-06,823401,SD,PIT,5,78,18,0,15,10,0.07692307692307693,0.19230769230769232,0.1282051282051282,0.0,3.5714285714285716,0.2417479369775028,0.08781230985074215,0.02673717949994326,0.13627807474898568
2026-04-07,823402,SD,PIT,1,69,15,1,19,4,0.07246376811594203,0.2753623188405797,0.057971014492753624,0.014492753623188406,3.7142857142857144,0.2364365816661475,0.08839839043682272,0.02578479854756231,0.13605829452920545
2026-04-08,823403,SD,PIT,8,77,16,1,15,5,0.12987012987012986,0.19480519480519481,0.06493506493506493,0.012987012987012988,3.5714285714285716,0.2420075743652866,0.08783992906600438,0.023060596738692308,0.12431698473297577
2026-04-09,823319,SD,COL,3,97,19,2,21,8,0.1134020618556701,0.21649484536082475,0.08247422680412371,0.020618556701030927,4.071428571428571,0.23911550844801063,0.08932688748573592,0.019786559851210046,0.11783712005983375
2026-04-10,823318,SD,COL,2,67,14,3,13,4,0.14925373134328357,0.19402985074626866,0.05970149253731343,0.04477611940298507,4.214285714285714,0.23517907324009776,0.08992689839502518,0.01685014282544594,0.1065369146015527
2026-04-11,823316,SD,COL,9,79,19,5,15,11,0.26582278481012656,0.189873417721519,0.13924050632911392,0.06329113924050633,3.642857142857143,0.23185932478526522,0.08605385853105388,0.017335959672494603,0.10725214495970768
2026-04-12,823317,SD,COL,7,70,12,3,14,8,0.15714285714285714,0.2,0.11428571428571428,0.04285714285714286,4.142857142857143,0.2300510065212508,0.08967049505908284,0.020048437068516303,0.1181020545437945
2026-04-14,823315,SD,SEA,4,69,15,0,11,4,0.043478260869565216,0.15942028985507245,0.057971014492753624,0.0,4.5,0.2248562013264456,0.08855732251733886,0.023109661558312223,0.1265436129853529
2026-04-15,823314,SD,SEA,5,82,20,2,19,9,0.17073170731707318,0.23170731707317074,0.10975609756097561,0.024390243902439025,4.571428571428571,0.21628538169424488,0.08429474792228345,0.023109661558312223,0.1285987828793975
2026-04-16,823313,SD,SEA,5,73,17,0,18,5,0.0273972602739726,0.2465753424657534,0.0684931506849315,0.0,4.785714285714286,0.21392834131711844,0.08583194816823549,0.02275098150092341,0.13344096365414643
2026-04-17,824048,SD,LAA,0,76,16,2,22,7,0.13157894736842105,0.2894736842105263,0.09210526315789473,0.02631578947368421,4.928571428571429,0.21797847879884943,0.08529936128225861,0.02094266323690894,0.12454800123248623
2026-04-18,824049,SD,LAA,4,75,15,0,20,9,0.04,0.26666666666666666,0.12,0.0,4.428571428571429,0.2181072253226933,0.08405052000097321,0.021843888903815938,0.12611870882338128
2026-04-19,824047,SD,LAA,2,71,7,0,22,10,0.028169014084507043,0.30985915492957744,0.14084507042253522,0.0,4.571428571428571,0.22177022898569695,0.0904241463745996,0.019646086706013737,0.11688793959261205
2026-04-21,824369,SD,COL,1,66,9,0,23,1,0.030303030303030304,0.3484848484848485,0.015151515151515152,0.0,4.5,0.22726897488575484,0.09461366706035797,0.019646086706013737,0.11400764412115316
2026-04-22,824367,SD,COL,3,79,22,2,13,7,0.17721518987341772,0.16455696202531644,0.08860759493670886,0.02531645569620253,4.0,0.2367900445334068,0.08936680421855843,0.017837768441999274,0.10260975930554683
2026-04-23,824368,SD,COL,10,88,27,4,17,8,0.23863636363636365,0.19318181818181818,0.09090909090909091,0.045454545454545456,3.857142857142857,0.23480784951323708,0.0865384089850999,0.019646086706013737,0.1097734816591426
2026-04-25,825093,SD,AZ,6,76,13,3,14,7,0.13157894736842105,0.18421052631578946,0.09210526315789473,0.039473684210526314,4.5,0.22893781375189695,0.088891128729124,0.021857643265396385,0.12164295276774414
2026-04-26,825094,SD,AZ,7,81,26,6,14,5,0.2962962962962963,0.1728395061728395,0.06172839506172839,0.07407407407407407,4.357142857142857,0.22818105171693942,0.09083185717361184,0.023749548352790195,0.12176501116047923
2026-04-27,823311,SD,CHC,9,80,22,3,16,7,0.175,0.2,0.0875,0.0375,4.642857142857143,0.22506281320351193,0.08935001204915503,0.02756779959372185,0.13482888504909538
2026-04-28,823310,SD,CHC,3,79,14,2,17,7,0.10126582278481013,0.21518987341772153,0.08860759493670886,0.02531645569620253,5.142857142857143,0.2254892524359213,0.09133561972506121,0.027048076779222913,0.13666790423886085
2026-04-29,823312,SD,CHC,4,74,12,4,11,9,0.20270270270270271,0.14864864864864866,0.12162162162162163,0.05405405405405406,4.714285714285714,0.22729757069993578,0.08771898319703228,0.024335599383201213,0.12491383552276682
2026-05-01,823309,SD,CWS,2,77,14,2,10,11,0.12987012987012986,0.12987012987012986,0.14285714285714285,0.025974025974025976,4.5,0.2236296170319821,0.08824297657816851,0.025135378754409157,0.12816811020561295
2026-05-02,823308,SD,CWS,0,69,13,0,20,6,0.014492753623188406,0.2898550724637681,0.08695652173913043,0.0,4.357142857142857,0.22151889131877192,0.09430627146133917,0.02699066632398244,0.13433895799136755
2026-05-03,823307,SD,CWS,4,68,16,4,23,5,0.19117647058823528,0.3382352941176471,0.07352941176470588,0.058823529411764705,4.0,0.22567230241810027,0.09267773033120738,0.025248506045236797,0.12317903272751862
2026-05-04,823228,SD,SF,2,64,9,3,14,3,0.203125,0.21875,0.046875,0.046875,3.9285714285714284,0.232219441821807,0.09303746326547697,0.029450186717505707,0.13487754774996596
2026-05-05,823227,SD,SF,10,78,22,3,13,2,0.19230769230769232,0.16666666666666666,0.02564102564102564,0.038461538461538464,4.071428571428571,0.22716775009248366,0.0898067301827702,0.03091870175509969,0.13998798008079302
2026-05-06,823226,SD,SF,5,68,9,3,17,4,0.17647058823529413,0.25,0.058823529411764705,0.04411764705882353,4.5,0.22002489294962652,0.08306680344284346,0.033665954502352435,0.1508671009599139
2026-05-07,823306,SD,STL,1,65,9,1,17,8,0.1076923076923077,0.26153846153846155,0.12307692307692308,0.015384615384615385,4.714285714285714,0.21574923902608528,0.07720812194207415,0.03681721500655412,0.161460070542113
2026-05-08,823303,SD,STL,0,71,12,0,19,5,0.014084507042253521,0.2676056338028169,0.07042253521126761,0.0,4.714285714285714,0.20953878281562904,0.08491707965103186,0.037916116105455214,0.16698787606991855
2026-05-09,823304,SD,STL,4,69,12,2,22,4,0.11594202898550725,0.3188405797101449,0.057971014492753624,0.028985507246376812,4.5,0.21689940222830767,0.08361814681350034,0.03610779784144075,0.1553356844391211
2026-05-10,823305,SD,STL,2,73,7,2,20,8,0.0958904109589041,0.273972602739726,0.1095890410958904,0.0273972602739726,4.071428571428571,0.2258750280517596,0.08126542706947625,0.03493143796942871,0.14657180339263132
2026-05-12,823790,SD,MIL,4,73,19,2,22,5,0.136986301369863,0.3013698630136986,0.0684931506849315,0.0273972602739726,3.7857142857142856,0.23228660493918363,0.08251426835076166,0.03406883625967487,0.14402262222052298
2026-05-13,823791,SD,MIL,3,71,15,1,20,3,0.056338028169014086,0.28169014084507044,0.04225352112676056,0.014084507042253521,3.5714285714285716,0.24146734471353068,0.08299746518099045,0.03073477813109619,0.1326433368686349
2026-05-14,823789,SD,MIL,1,78,17,0,21,10,0.08974358974358974,0.2692307692307692,0.1282051282051282,0.0,3.142857142857143,0.24730235477389287,0.07976557383290192,0.029062242919828587,0.1241674817378502
2026-05-15,823140,SD,SEA,2,72,16,0,16,4,0.027777777777777776,0.2222222222222222,0.05555555555555555,0.0,3.0,0.25116241876053913,0.08259396906636043,0.027253924655814117,0.12334446509204873
2026-05-16,823139,SD,SEA,7,75,15,4,15,8,0.17333333333333334,0.2,0.10666666666666667,0.05333333333333334,2.857142857142857,0.25641767401579435,0.07787496434735572,0.023392920794810257,0.11084982759741124
2026-05-17,823138,SD,SEA,8,75,11,2,18,9,0.13333333333333333,0.24,0.12,0.02666666666666667,3.2142857142857144,0.2614269504536423,0.07528993033375028,0.025347157034760783,0.1139543421304972
2026-05-18,823301,SD,LAD,1,64,9,1,18,7,0.046875,0.28125,0.109375,0.015625,3.7857142857142856,0.2578658738490874,0.07765017878095525,0.02725191893952269,0.12244295496693612
2026-05-19,823302,SD,LAD,4,72,12,4,16,6,0.2222222222222222,0.2222222222222222,0.08333333333333333,0.05555555555555555,3.5714285714285716,0.2537954956978269,0.08021057794061912,0.024166309695825207,0.11213570706777645
2026-05-20,823299,SD,LAD,0,71,15,2,11,8,0.14084507042253522,0.15492957746478872,0.11267605633802817,0.028169014084507043,3.7142857142857144,0.25404351157084276,0.08281474460728577,0.024786349378364887,0.11349979436936375
2026-05-22,823298,SD,ATH,7,71,15,3,13,8,0.15492957746478872,0.18309859154929578,0.11267605633802817,0.04225352112676056,3.0,0.2532051480564229,0.08903153251421451,0.02405116906571979,0.10982389280613825
2026-05-23,823300,SD,ATH,2,70,7,0,17,14,0.02857142857142857,0.24285714285714285,0.2,0.0,3.142857142857143,0.24842647602422976,0.0928781415803762,0.023918017213429576,0.10828524917967357
2026-05-24,823297,SD,ATH,2,81,19,2,18,11,0.12345679012345678,0.2222222222222222,0.13580246913580246,0.024691358024691357,3.2142857142857144,0.24709209611842128,0.09837264707488169,0.022819116114528477,0.10263375781389651
2026-05-25,823296,SD,PHI,0,67,8,2,17,7,0.08955223880597014,0.2537313432835821,0.1044776119402985,0.029850746268656716,3.357142857142857,0.2438504238626645,0.10304264235520562,0.024582784544863574,0.11044606374826815
2026-05-26,823294,SD,PHI,3,73,14,5,15,5,0.2054794520547945,0.2054794520547945,0.0684931506849315,0.0684931506849315,3.0714285714285716,0.23919976411791,0.10636454217288739,0.02464458733216928,0.10856107873544409
2026-05-27,823295,SD,PHI,0,66,13,1,14,0,0.07575757575757576,0.21212121212121213,0.0,0.015151515151515152,3.142857142857143,0.23430739621184352,0.10342912142924747,0.027580008075809206,0.11638886738515053
2026-05-29,822732,SD,WSH,7,85,19,4,13,10,0.1411764705882353,0.15294117647058825,0.11764705882352941,0.047058823529411764,2.857142857142857,0.2279324925766659,0.09853675352318093,0.02670531199563367,0.11201538698427287
2026-05-30,822731,SD,WSH,4,76,14,4,13,11,0.18421052631578946,0.17105263157894737,0.14473684210526316,0.05263157894736842,3.142857142857143,0.2187361379784886,0.10392200621580729,0.029060620316144977,0.11807527572850297
2026-05-31,822729,SD,WSH,2,68,15,2,13,6,0.1323529411764706,0.19117647058823528,0.08823529411764706,0.029411764705882353,3.357142857142857,0.2117234138605013,0.10510284292295978,0.032820018812385575,0.12482291405508865
2026-06-02,823460,SD,PHI,2,68,16,2,17,5,0.10294117647058823,0.25,0.07352941176470588,0.029411764705882353,3.357142857142857,0.2095058601723594,0.10743710996310918,0.034920859148520035,0.13229256858356672
2026-06-03,823456,SD,PHI,2,69,14,2,19,4,0.13043478260869565,0.2753623188405797,0.057971014492753624,0.028985507246376812,3.0,0.21307728874378795,0.10507016318439769,0.03321217567513068,0.12726455737908493
2026-06-04,823457,SD,PHI,4,72,14,3,20,8,0.1388888888888889,0.2777777777777778,0.1111111111111111,0.041666666666666664,2.5714285714285716,0.21560316866097223,0.10063952136245154,0.03337780714510997,0.1270575180416108
2026-06-05,823293,SD,NYM,0,67,12,2,13,2,0.14925373134328357,0.19402985074626866,0.029850746268656716,0.029850746268656716,2.7857142857142856,0.21535515278795633,0.10076352929895946,0.035237926192729016,0.13362993867653145
2026-06-06,823292,SD,NYM,3,66,11,2,16,6,0.09090909090909091,0.24242424242424243,0.09090909090909091,0.030303030303030304,2.5,0.21334141196824538,0.0969433445086254,0.03340186838652196,0.1284179036137501
2026-06-07,823291,SD,NYM,3,82,20,4,14,8,0.21951219512195122,0.17073170731707318,0.0975609756097561,0.04878048780487805,2.7142857142857144,0.21959103089392065,0.09538856126370132,0.03355429811641648,0.12485104793421838
2026-06-08,823289,SD,CIN,6,75,18,1,17,6,0.09333333333333334,0.22666666666666666,0.08,0.013333333333333334,2.4285714285714284,0.21870768202019047,0.09430891264025332,0.0340205100219963,0.1294640920525871
2026-06-09,823290,SD,CIN,3,97,20,1,29,12,0.09278350515463918,0.29896907216494845,0.12371134020618557,0.010309278350515464,2.7142857142857144,0.21755121943515646,0.08573748406882475,0.034972890974377245,0.13408994239272318
2026-06-10,823287,SD,CIN,4,77,21,4,11,5,0.23376623376623376,0.14285714285714285,0.06493506493506493,0.05194805194805195,2.7857142857142856,0.2230331372882083,0.08487383200242356,0.03394559956907897,0.13189899346637907
2026-06-12,824826,SD,BAL,3,75,15,2,17,10,0.12,0.22666666666666666,0.13333333333333333,0.02666666666666667,3.0714285714285716,0.2151135515434627,0.08204936435919256,0.035523978546178635,0.14219999310639792
2026-06-13,824828,SD,BAL,9,83,20,6,15,9,0.2891566265060241,0.18072289156626506,0.10843373493975904,0.07228915662650602,3.0714285714285716,0.21662692401573924,0.08668080597693555,0.032536372544874,0.13609431795962684
2026-06-14,824823,SD,BAL,5,76,18,2,17,5,0.10526315789473684,0.2236842105263158,0.06578947368421052,0.02631578947368421,3.7142857142857144,0.21438418683324303,0.09442607275834691,0.03661763265023049,0.15133710729880173
2026-06-15,823046,SD,STL,0,61,9,0,13,4,0.03278688524590164,0.21311475409836064,0.06557377049180328,0.0,3.5714285714285716,0.21943726069436642,0.09072195953410986,0.035135987360535664,0.14877187067783756
2026-06-16,823045,SD,STL,2,70,12,0,11,6,0.02857142857142857,0.15714285714285714,0.08571428571428572,0.0,3.2857142857142856,0.22244169801718167,0.08506745441886272,0.03137658886429506,0.1379558963157027
2026-06-17,823044,SD,STL,6,77,20,1,13,6,0.07792207792207792,0.16883116883116883,0.07792207792207792,0.012987012987012988,3.2857142857142856,0.22001072562822607,0.0848873823900512,0.02927574852816061,0.13054293112962828
2026-06-19,822886,SD,TEX,7,82,23,4,15,8,0.21951219512195122,0.18292682926829268,0.0975609756097561,0.04878048780487805,3.5714285714285716,0.21421295197330956,0.08520114425843492,0.028102551976812797,0.12875585266187756
2026-06-20,822885,SD,TEX,6,83,18,2,26,5,0.13253012048192772,0.3132530120481928,0.060240963855421686,0.024096385542168676,3.9285714285714284,0.2076104170038605,0.08802899862393508,0.029516479159562885,0.13511852498425295
2026-06-21,822883,SD,TEX,3,72,18,1,17,6,0.06944444444444445,0.2361111111111111,0.08333333333333333,0.013888888888888888,4.071428571428571,0.21014436230889014,0.08439541667710014,0.028261459079241602,0.13466432724089858
2026-06-22,823288,SD,ATL,1,69,11,1,18,8,0.057971014492753624,0.2608695652173913,0.11594202898550725,0.014492753623188406,4.285714285714286,0.21315016662066458,0.08821560146743417,0.027121326409258188,0.1289636638909815
2026-06-23,823286,SD,ATL,6,85,18,2,22,8,0.12941176470588237,0.25882352941176473,0.09411764705882353,0.023529411764705882,4.142857142857143,0.21446768967731808,0.0900036684728925,0.025992020932126624,0.12661094414695742
2026-06-24,823284,SD,ATL,5,73,13,2,14,8,0.1232876712328767,0.1917808219178082,0.1095890410958904,0.0273972602739726,4.357142857142857,0.22075996268408174,0.08975771643354015,0.024188372643542896,0.1201751991172382
2026-06-26,823285,SD,LAD,7,72,14,2,10,13,0.1388888888888889,0.1388888888888889,0.18055555555555555,0.027777777777777776,4.285714285714286,0.2182681166305919,0.0918712193689609,0.02519293885358856,0.1223147946814913
2026-06-27,823283,SD,LAD,3,88,26,4,12,9,0.22727272727272727,0.13636363636363635,0.10227272727272728,0.045454545454545456,4.571428571428571,0.20683381782515906,0.09593152046534446,0.026440688812678723,0.12560803637679485
2026-06-28,823281,SD,LAD,2,75,11,1,19,7,0.05333333333333334,0.25333333333333335,0.09333333333333334,0.013333333333333334,4.5,0.2063699959327657,0.09859849634660607,0.0259768669202854,0.12514421448440152
2026-06-29,824662,SD,CHC,2,78,21,0,16,6,0.05128205128205128,0.20512820512820512,0.07692307692307693,0.0,4.428571428571429,0.20827475783752764,0.09574135348946321,0.025024485967904447,0.12038230972249676
2026-06-30,824661,SD,CHC,7,85,26,9,9,8,0.32941176470588235,0.10588235294117647,0.09411764705882353,0.10588235294117647,3.9285714285714284,0.21001799452052333,0.09349059220255736,0.019860974780296876,0.10339126863507013
2026-07-01,824660,SD,CHC,3,90,28,9,17,10,0.3888888888888889,0.18888888888888888,0.1111111111111111,0.1,4.071428571428571,0.20160357612158483,0.09551403315788684,0.02554430074226061,0.11940188340729482
2026-07-02,823935,SD,LAD,7,86,27,4,13,11,0.2558139534883721,0.1511627906976744,0.12790697674418605,0.046511627906976744,4.285714285714286,0.19987315717805115,0.09876670034498027,0.03268715788511775,0.14483774081036532
2026-07-03,823933,SD,LAD,3,71,13,2,19,8,0.11267605633802817,0.2676056338028169,0.11267605633802817,0.028169014084507043,4.642857142857143,0.19944600957482378,0.10178046398997313,0.03600941702133038,0.16106934973300419
2026-07-04,823932,SD,LAD,0,63,9,1,20,5,0.07936507936507936,0.31746031746031744,0.07936507936507936,0.015873015873015872,4.428571428571429,0.2065013285013701,0.10426289101968388,0.03709384567115138,0.1635517767627149
2026-07-05,823931,SD,LAD,5,77,12,1,19,12,0.05194805194805195,0.24675324675324675,0.15584415584415584,0.012987012987012988,3.9285714285714284,0.21611086337222898,0.10296318414506411,0.03474331196173265,0.1535412684943669
2026-07-06,823282,SD,AZ,0,75,19,3,20,1,0.16,0.26666666666666666,0.013333333333333334,0.04,3.857142857142857,0.21136088013687573,0.10979198357283083,0.0339497853506501,0.14778540645623292
2026-07-07,823280,SD,AZ,4,65,11,1,13,6,0.07692307692307693,0.2,0.09230769230769231,0.015384615384615385,3.642857142857143,0.2135434198194154,0.10479198357283083,0.03581486471572947,0.15425366042448688
2026-07-08,823279,SD,AZ,10,78,23,2,8,4,0.15384615384615385,0.10256410256410256,0.05128205128205128,0.02564102564102564,3.857142857142857,0.20919559373245886,0.10310381666727263,0.035878569127259965,0.15560737916951
2026-07-09,823277,SD,AZ,1,67,11,2,19,5,0.08955223880597014,0.2835820895522388,0.07462686567164178,0.029850746268656716,4.142857142857143,0.198034206100483,0.10004413125464605,0.03602939868985423,0.1573526926795294
2026-07-10,823278,SD,TOR,3,76,19,2,13,5,0.10526315789473684,0.17105263157894737,0.06578947368421052,0.02631578947368421,3.857142857142857,0.2045914395029423,0.09754683301005686,0.036204647689474526,0.15494301893475032
2026-07-11,823276,SD,TOR,8,84,16,3,14,17,0.11904761904761904,0.16666666666666666,0.20238095238095238,0.03571428571428571,3.5714285714285716,0.20688884969508936,0.08934925573353221,0.03610021995346785,0.15254118100659664
2026-07-12,823274,SD,TOR,5,74,16,2,16,6,0.10810810810810811,0.21621621621621623,0.08108108108108109,0.02702702702702703,3.9285714285714284,0.20905335185959154,0.09649984324126258,0.03540448711487786,0.1448108161333746
2026-07-17,824090,SD,KC,6,86,21,2,13,7,0.12790697674418605,0.1511627906976744,0.08139534883720931,0.023255813953488372,4.142857142857143,0.20640212920836887,0.0956246823661017,0.03638260809299885,0.14872330004585851
2026-07-18,824088,SD,KC,1,70,15,3,13,7,0.22857142857142856,0.18571428571428572,0.1,0.04285714285714286,4.428571428571429,0.20254745674904528,0.0959441303599683,0.03804373766110515,0.15419650900743959
2026-07-19,824086,SD,KC,19,92,27,6,11,8,0.2608695652173913,0.11956521739130435,0.08695652173913043,0.06521739130434782,4.0,0.20824973766141022,0.09636429842719518,0.03354193694081704,0.14699362785497858
2026-07-20,824898,SD,ATL,2,63,11,4,13,4,0.20634920634920634,0.20634920634920634,0.06349206349206349,0.06349206349206349,5.142857142857143,0.20329804684015415,0.09463897061491086,0.0310574648911276,0.13784939044987163
2026-07-21,824895,SD,ATL,8,81,17,4,20,14,0.2222222222222222,0.24691358024691357,0.1728395061728395,0.04938271604938271,4.785714285714286,0.20723993367240645,0.09003790538261638,0.03227035314720522,0.1343161942256455
2026-07-22,824896,SD,ATL,6,83,22,2,20,11,0.14457831325301204,0.24096385542168675,0.13253012048192772,0.024096385542168676,5.142857142857143,0.20576192984698477,0.09433529465653147,0.03378561757326777,0.14214092036023077
2026-07-23,824893,SD,ATL,5,72,18,5,23,1,0.20833333333333334,0.3194444444444444,0.013888888888888888,0.06944444444444445,5.571428571428571,0.20029789684422544,0.09813279759344921,0.0343730011210644,0.14679900849508312
2026-07-24,823843,SD,MIA,4,79,14,3,19,8,0.1518987341772152,0.24050632911392406,0.10126582278481013,0.0379746835443038,5.571428571428571,0.20549012525073954,0.087993135668073,0.03840567479659522,0.15796938573688893
2026-07-25,823841,SD,MIA,7,72,16,0,8,7,0.041666666666666664,0.1111111111111111,0.09722222222222222,0.0,5.857142857142857,0.20362152971125794,0.09427402777174991,0.03826100933547406,0.1573907238924043
2026-07-26,823840,SD,MIA,5,75,18,3,18,3,0.16,0.24,0.04,0.04,6.071428571428571,0.1972723233620516,0.09462506562278776,0.03716210823657296,0.1548724088740893
2026-07-28,823275,SD,COL,7,85,26,2,16,9,0.11764705882352941,0.18823529411764706,0.10588235294117647,0.023529411764705882,5.714285714285714,0.20708917317890144,0.09381920481692696,0.03818774926221399,0.1553119693136497
2026-07-29,823273,SD,COL,3,66,12,0,17,3,0.015151515151515152,0.25757575757575757,0.045454545454545456,0.0,6.142857142857143,0.20027868779071628,0.09605173962189371,0.03773622536907465,0.1573187421720468
2026-07-30,823271,SD,SF,1,76,17,1,14,5,0.06578947368421052,0.18421052631578946,0.06578947368421052,0.013157894736842105,6.142857142857143,0.20645891107620273,0.09459924474834623,0.03585652612095434,0.1508821962618167
2026-07-31,823272,SD,SF,7,69,14,1,12,6,0.07246376811594203,0.17391304347826086,0.08695652173913043,0.014492753623188406,5.642857142857143,0.20771204390828293,0.08484271055572179,0.034245355336851226,0.1470780430215732
2026-08-01,823269,SD,SF,5,79,22,2,21,7,0.12658227848101267,0.26582278481012656,0.08860759493670886,0.02531645569620253,5.785714285714286,0.2046903887127147,0.08526238488843961,0.0333500500937199,0.1445320187364185
2026-08-02,823270,SD,SF,5,76,15,3,17,7,0.13157894736842105,0.2236842105263158,0.09210526315789473,0.039473684210526314,5.714285714285714,0.21288038829217557,0.08577754532411815,0.03349723878962805,0.14443739743190612
2026-08-03,825095,SD,AZ,1,70,15,1,12,6,0.07142857142857142,0.17142857142857143,0.08571428571428572,0.014285714285714285,6.0,0.21559252577874916,0.08521363554968207,0.03325556317201258,0.1375093630602627
2026-08-04,825054,SD,AZ,9,80,22,2,9,4,0.125,0.1125,0.05,0.025,4.714285714285714,0.21929705106712535,0.0851249044050503,0.02961758624211019,0.12397786350391844
2026-08-05,825052,SD,AZ,4,78,18,2,17,9,0.14102564102564102,0.21794871794871795,0.11538461538461539,0.02564102564102564,5.214285714285714,0.21259353632789632,0.08416118558418863,0.02686815313553423,0.11816720590754656
2026-08-06,825053,SD,AZ,5,76,20,0,14,4,0.07894736842105263,0.18421052631578946,0.05263157894736842,0.0,4.928571428571429,0.21052461759231095,0.08005726481360119,0.025172318106365863,0.11236745010779077
2026-08-07,823266,SD,HOU,3,78,18,3,10,11,0.1794871794871795,0.1282051282051282,0.14102564102564102,0.038461538461538464,4.857142857142857,0.2064708083704611,0.07435022613256123,0.02345114771049667,0.1076795254769365
2026-08-08,823267,SD,HOU,3,70,10,2,16,7,0.1,0.22857142857142856,0.1,0.02857142857142857,4.714285714285714,0.19281085721050997,0.08343142271375782,0.02123808299743196,0.10561908591649695
2026-08-09,823268,SD,HOU,7,66,14,5,11,1,0.24242424242424243,0.16666666666666666,0.015151515151515152,0.07575757575757576,4.642857142857143,0.19195836431461744,0.08334100680055709,0.02056642192794087,0.10191203347526731
2026-08-10,823265,SD,MIL,3,65,11,3,17,5,0.16923076923076924,0.26153846153846155,0.07692307692307693,0.046153846153846156,4.642857142857143,0.19592661828287142,0.07747881343836373,0.025977677339196283,0.11625186031509414
2026-08-11,823264,SD,MIL,11,82,24,3,12,6,0.15853658536585366,0.14634146341463414,0.07317073170731707,0.036585365853658534,4.5,0.19746507982133293,0.08011617607572638,0.026417237778756725,0.11691120097443482
2026-08-12,823263,SD,MIL,3,89,12,2,22,15,0.0898876404494382,0.24719101123595505,0.16853932584269662,0.02247191011235955,4.785714285714286,0.1944726633425463,0.07777963170187926,0.027349805927967624,0.11983188144174368
2026-08-14,824399,SD,CLE,7,82,22,4,16,7,0.21951219512195122,0.1951219512195122,0.08536585365853659,0.04878048780487805,4.785714285714286,0.19373089574684613,0.08657140172960434,0.028954942364564733,0.12517017610588105
2026-08-15,824400,SD,CLE,1,67,12,0,20,5,0.07462686567164178,0.29850746268656714,0.07462686567164178,0.0,5.214285714285714,0.1945102832399692,0.08796971458491334,0.031499413297995875,0.13615037049429107
2026-08-16,824397,SD,CLE,5,73,13,4,11,7,0.1780821917808219,0.1506849315068493,0.0958904109589041,0.0547945205479452,4.785714285714286,0.20340988461199108,0.08708902486580702,0.03046421661062527,0.13630487746255535
2026-08-17,823589,SD,NYM,1,65,12,0,12,7,0.0,0.18461538461538463,0.1076923076923077,0.0,4.785714285714286,0.19518575223318552,0.08760922601024954,0.03256979267146404,0.139983442698256
2026-08-18,823586,SD,NYM,5,78,17,5,20,7,0.21794871794871795,0.2564102564102564,0.08974358974358974,0.0641025641025641,4.5,0.19239512181097615,0.08872258633413618,0.029750243799283586,0.1305849464576545
2026-08-19,823587,SD,NYM,2,69,12,1,16,8,0.08695652173913043,0.2318840579710145,0.11594202898550725,0.014492753623188406,4.785714285714286,0.1984652421668108,0.08901039376480077,0.03330859021477286,0.14105067120909354
2026-08-21,823262,SD,MIN,6,64,11,1,16,4,0.09375,0.25,0.0625,0.015625,4.285714285714286,0.20699267487902615,0.09372053869233699,0.03255807261642917,0.13833327990474573
2026-08-22,823261,SD,MIN,7,79,20,4,12,5,0.20253164556962025,0.1518987341772152,0.06329113924050633,0.05063291139240506,4.428571428571429,0.20928205216840343,0.08994306616486446,0.03184264221349877,0.13495644840291424
2026-08-23,823258,SD,MIN,8,71,15,4,11,8,0.2112676056338028,0.15492957746478872,0.11267605633802817,0.056338028169014086,4.571428571428571,0.20697406701564813,0.09070446332866003,0.035459278741527704,0.14378389677066905
2026-08-24,823260,SD,PIT,2,94,16,1,25,11,0.06382978723404255,0.26595744680851063,0.11702127659574468,0.010638297872340425,4.928571428571429,0.20888295624848102,0.08867949299383052,0.03673617086349024,0.14605392720971358
2026-08-25,823259,SD,PIT,0,65,9,1,17,4,0.07692307692307693,0.26153846153846155,0.06153846153846154,0.015384615384615385,4.857142857142857,0.2115533861225583,0.08989529846495516,0.03545523295641252,0.14347034058357377
2026-08-26,823255,SD,PIT,3,70,12,0,12,8,0.05714285714285714,0.17142857142857143,0.11428571428571428,0.0,4.357142857142857,0.21832994289911506,0.09320865177830848,0.031142878644058212,0.13164882876206194
2026-08-28,822935,SD,TB,4,75,15,3,11,5,0.13333333333333333,0.14666666666666667,0.06666666666666667,0.04,4.357142857142857,0.21189352217698004,0.09587741158992542,0.027846175347354916,0.12364254932721107
2026-08-29,822936,SD,TB,6,78,21,3,15,7,0.14102564102564102,0.19230769230769232,0.08974358974358974,0.038461538461538464,3.857142857142857,0.2119167509806967,0.09541283551559325,0.028090077786379307,0.1218423170391739
2026-08-30,822933,SD,TB,4,87,13,2,22,9,0.06896551724137931,0.25287356321839083,0.10344827586206896,0.022988505747126436,4.071428571428571,0.2079965139143922,0.08978456865137133,0.029232194097034942,0.12549503136604553
2026-08-31,824473,SD,CIN,5,80,20,0,21,4,0.05,0.2625,0.05,0.0,3.857142857142857,0.21212162905716925,0.09107617023733793,0.0273899096643384,0.11474169723171897
2026-09-01,824472,SD,CIN,3,73,15,2,17,8,0.1780821917808219,0.2328767123287671,0.1095890410958904,0.0273972602739726,4.142857142857143,0.20954966743670014,0.08931710840364923,0.0273899096643384,0.11298263539803026
2026-09-02,824470,SD,CIN,3,73,17,4,17,6,0.1917808219178082,0.2328767123287671,0.0821917808219178,0.0547945205479452,4.0,0.21542050892398001,0.09029558198486254,0.025432962501911786,0.11298263539803026
2026-09-04,823256,SD,NYY,1,69,11,2,21,4,0.11594202898550725,0.30434782608695654,0.057971014492753624,0.028985507246376812,4.142857142857143,0.21886774661779304,0.08847411577983469,0.029346856826765015,0.12668126553501657
2026-03-20,831743,SEA,CLE,20,104,35,8,21,12,0.27884615384615385,0.20192307692307693,0.11538461538461539,0.07692307692307693,,,,,
2026-03-21,831923,SEA,CHC,1,75,20,1,19,6,0.10666666666666667,0.25333333333333335,0.08,0.013333333333333334,,,,,
2026-03-22,831746,SEA,CWS,4,68,11,2,14,4,0.16176470588235295,0.20588235294117646,0.058823529411764705,0.029411764705882353,,,,,
2026-03-23,831735,SEA,SD,3,79,15,3,19,9,0.13924050632911392,0.24050632911392406,0.11392405063291139,0.0379746835443038,8.333333333333334,0.2203795877325289,0.08473604826546004,0.03988939165409754,0.1824258421317245
2026-03-26,823163,SEA,CLE,4,75,18,6,25,4,0.32,0.3333333333333333,0.05333333333333334,0.08,7.0,0.2254112730778777,0.09203304885732287,0.03941071462664911,0.17162950818107184
2026-03-27,823162,SEA,CLE,5,67,7,3,19,10,0.16417910447761194,0.2835820895522388,0.14925373134328357,0.04477611940298507,6.4,0.24699568512896883,0.08429310575252497,0.047528571701319286,0.20130360654485752
2026-03-28,823161,SEA,CLE,5,86,17,2,25,10,0.12790697674418605,0.29069767441860467,0.11627906976744186,0.023255813953488372,6.166666666666667,0.25309341919951384,0.09511987668431805,0.047069829651596916,0.19511618953364987
2026-03-29,823160,SEA,CLE,8,71,11,1,22,6,0.08450704225352113,0.30985915492957744,0.08450704225352113,0.014084507042253521,6.0,0.25846545565938395,0.09814261855333575,0.04366782740900998,0.18551487342086934
2026-03-30,823159,SEA,NYY,1,72,15,0,21,5,0.041666666666666664,0.2916666666666667,0.06944444444444445,0.0,6.25,0.2648896680681581,0.09643817151585893,0.039969912363165425,0.17288889452495082
2026-03-31,823158,SEA,NYY,0,69,13,0,17,4,0.043478260869565216,0.2463768115942029,0.057971014492753624,0.0,5.666666666666667,0.2678648901346591,0.09343886850792399,0.03552881098948038,0.15830864698514147
2026-04-01,823157,SEA,NYY,3,70,13,2,19,4,0.12857142857142856,0.2714285714285714,0.05714285714285714,0.02857142857142857,5.1,0.26571608228061344,0.08989208310640695,0.03197592989053234,0.14682560837358385
2026-04-03,824056,SEA,LAA,3,74,8,0,19,7,0.02702702702702703,0.25675675675675674,0.0945945945945946,0.0,4.909090909090909,0.2662353994758824,0.08691488074608424,0.03166642977061382,0.14516613748247884
2026-04-04,824054,SEA,LAA,0,66,12,1,17,3,0.07575757575757576,0.25757575757575757,0.045454545454545456,0.015151515151515152,4.75,0.2654455125826219,0.08755485690012677,0.029027560623062665,0.13532121161119118
2026-04-05,824053,SEA,LAA,7,96,18,1,24,11,0.09375,0.25,0.11458333333333333,0.010416666666666666,4.384615384615385,0.2648401468128631,0.08431637140431282,0.027960172509866703,0.13073939346860536
2026-04-06,822918,SEA,TEX,1,63,9,1,14,4,0.09523809523809523,0.2222222222222222,0.06349206349206349,0.015873015873015872,4.571428571428571,0.26378013632623004,0.08647829725638571,0.026707064949638124,0.12809729393513355
2026-04-07,822916,SEA,TEX,2,65,14,2,13,2,0.09230769230769231,0.2,0.03076923076923077,0.03076923076923077,3.2142857142857144,0.265230075276169,0.08277168640691772,0.022346346303205193,0.1149824326059865
2026-04-08,822915,SEA,TEX,0,62,8,0,17,5,0.016129032258064516,0.27419354838709675,0.08064516129032258,0.0,3.2857142857142856,0.26142055146664517,0.0792552028904342,0.02359176754862644,0.11395679158034548
2026-04-10,823156,SEA,HOU,9,81,17,2,16,14,0.1111111111111111,0.19753086419753085,0.1728395061728395,0.024691358024691357,3.0,0.2662999225699252,0.08081389088175975,0.021490927212491986,0.10355424346432487
2026-04-11,823155,SEA,HOU,7,84,24,3,17,11,0.20238095238095238,0.20238095238095238,0.13095238095238096,0.03571428571428571,3.4285714285714284,0.2632302465044685,0.08502213770604035,0.02054211824680538,0.10154500094875325
2026-04-12,823154,SEA,HOU,6,72,13,1,15,10,0.09722222222222222,0.20833333333333334,0.1388888888888889,0.013888888888888888,3.642857142857143,0.2538765050078699,0.09056635539311518,0.01737885294068293,0.09314364040453556
2026-04-13,823153,SEA,HOU,6,72,20,2,9,3,0.1111111111111111,0.125,0.041666666666666664,0.027777777777777776,3.7142857142857144,0.24850159384937662,0.08982600950351556,0.015172622189676063,0.08836100595772202
2026-04-14,823315,SEA,SD,1,69,15,0,11,4,0.043478260869565216,0.15942028985507245,0.057971014492753624,0.0,3.7857142857142856,0.23666604567661917,0.08449655213917448,0.015495619605696734,0.08716130126964525
2026-04-15,823314,SEA,SD,6,82,20,2,19,9,0.17073170731707318,0.23170731707317074,0.10975609756097561,0.024390243902439025,3.2857142857142856,0.2259204124570117,0.08260112158483393,0.014489583388392914,0.08423067402793409
2026-04-16,823313,SEA,SD,2,73,17,0,18,5,0.0273972602739726,0.2465753424657534,0.0684931506849315,0.0,3.642857142857143,0.22163760177176192,0.08548052537887187,0.016231743667138556,0.09344960550296312
2026-04-17,823152,SEA,TEX,0,82,21,1,19,7,0.12195121951219512,0.23170731707317074,0.08536585365853659,0.012195121951219513,3.7857142857142856,0.22165178254830128,0.086232106535456,0.016231743667138556,0.09230096260327793
2026-04-18,823151,SEA,TEX,7,84,22,2,16,11,0.13095238095238096,0.19047619047619047,0.13095238095238096,0.023809523809523808,3.5714285714285716,0.2188145500943441,0.08824803485800455,0.015062007479980766,0.09182809052761841
2026-04-19,823150,SEA,TEX,5,71,13,3,18,5,0.16901408450704225,0.2535211267605634,0.07042253521126761,0.04225352112676056,3.857142857142857,0.2140802239314465,0.09084501959784642,0.016762687752089608,0.09925133009371512
2026-04-20,823149,SEA,ATH,4,78,23,5,13,3,0.2564102564102564,0.16666666666666666,0.038461538461538464,0.0641025641025641,4.214285714285714,0.21379060744464692,0.0926284474376123,0.018698545321749995,0.10591250929010558
2026-04-21,823148,SEA,ATH,2,81,21,3,15,7,0.16049382716049382,0.18518518518518517,0.08641975308641975,0.037037037037037035,4.0,0.20783822649226597,0.08719117637534123,0.022533252281456955,0.11753109903369532
2026-04-22,823147,SEA,ATH,4,80,23,2,15,4,0.125,0.1875,0.05,0.025,4.071428571428571,0.2051927238467633,0.0888288684892238,0.02404496807888704,0.12219222274243809
2026-04-24,823069,SEA,STL,3,71,12,1,15,6,0.07042253521126761,0.2112676056338028,0.08450704225352113,0.014084507042253521,4.214285714285714,0.20429986670390615,0.09020249486285019,0.02363288016679913,0.12452738757760293
2026-04-25,823070,SEA,STL,11,93,33,8,13,5,0.27956989247311825,0.13978494623655913,0.053763440860215055,0.08602150537634409,4.428571428571429,0.19980515650724232,0.09047834350307868,0.02463891638410295,0.12840549493140313
2026-04-26,823068,SEA,STL,3,71,15,4,17,3,0.19718309859154928,0.23943661971830985,0.04225352112676056,0.056338028169014086,4.571428571428571,0.19568044808145862,0.08197291026646263,0.029019641194935292,0.14043826502868936
2026-04-27,823719,SEA,MIN,4,79,17,3,14,12,0.1518987341772152,0.17721518987341772,0.1518987341772152,0.0379746835443038,4.285714285714286,0.19832728146269843,0.07563727742177546,0.030492765655987315,0.1400669897580177
2026-04-28,823716,SEA,MIN,7,78,19,2,14,3,0.16666666666666666,0.1794871794871795,0.038461538461538464,0.02564102564102564,4.142857142857143,0.19610455692984735,0.07656655208522734,0.03221317955994552,0.14397245489766006
2026-04-29,823717,SEA,MIN,5,79,19,1,20,8,0.0759493670886076,0.25316455696202533,0.10126582278481013,0.012658227848101266,4.214285714285714,0.19999649832178873,0.07633761435628961,0.03206055440732037,0.147940708865914
2026-05-01,823146,SEA,KC,6,77,16,6,20,7,0.2727272727272727,0.2597402597402597,0.09090909090909091,0.07792207792207792,4.5,0.20669251740085676,0.07943010066286507,0.0329647135393276,0.15026007359584564
2026-05-02,823144,SEA,KC,2,76,16,0,26,2,0.039473684210526314,0.34210526315789475,0.02631578947368421,0.0,4.5,0.20869487044850601,0.07808388590201618,0.03678841596930181,0.1575454711251456
2026-05-03,823145,SEA,KC,1,72,12,0,17,8,0.013888888888888888,0.2361111111111111,0.1111111111111111,0.0,4.5,0.21551843621223038,0.07507121724406994,0.03678841596930181,0.1584080728348994
2026-05-04,823143,SEA,ATL,5,76,17,6,14,10,0.25,0.18421052631578946,0.13157894736842105,0.07894736842105263,4.571428571428571,0.21583299292922611,0.0769101642049681,0.03591733582992899,0.1506893349332347
2026-05-05,823142,SEA,ATL,2,67,9,2,25,5,0.1044776119402985,0.373134328358209,0.07462686567164178,0.029850746268656716,4.428571428571429,0.21538544548919747,0.07695491894897098,0.03985575330218105,0.15919273629377892
2026-05-06,823141,SEA,ATL,3,66,13,1,21,4,0.09090909090909091,0.3181818181818182,0.06060606060606061,0.015151515151515152,4.214285714285714,0.223929245603315,0.07725522826756914,0.038969840812316484,0.15458298825329722
2026-05-08,824607,SEA,CWS,12,84,22,6,14,6,0.25,0.16666666666666666,0.07142857142857142,0.07142857142857142,4.142857142857143,0.23475175642582585,0.07883697984932071,0.035473337315812994,0.1427614764317854
2026-05-09,824606,SEA,CWS,1,73,13,3,19,6,0.1506849315068493,0.2602739726027397,0.0821917808219178,0.0410958904109589,4.857142857142857,0.23342900510307452,0.07776618115947441,0.03792987548663688,0.14915477449175013
2026-05-10,824605,SEA,CWS,1,68,12,1,22,4,0.11764705882352941,0.3235294117647059,0.058823529411764705,0.014705882352941176,4.642857142857143,0.2386271460032702,0.08006559407532567,0.039079581944562514,0.1509894124565251
2026-05-11,824199,SEA,HOU,3,72,16,1,20,4,0.041666666666666664,0.2777777777777778,0.05555555555555555,0.013888888888888888,4.5,0.24664584644119183,0.07823105744377164,0.039123965895325914,0.15436259271454378
2026-05-12,824197,SEA,HOU,10,80,16,2,16,9,0.125,0.2,0.1125,0.025,3.9285714285714284,0.2565024772655646,0.07835906563629595,0.03397163614622197,0.1373695051569401
2026-05-13,824195,SEA,HOU,3,87,20,3,17,9,0.12643678160919541,0.19540229885057472,0.10344827586206896,0.034482758620689655,4.428571428571429,0.2536855758571139,0.08337667127009878,0.03173320556272097,0.13221356954325802
2026-05-14,824196,SEA,HOU,8,79,16,3,14,10,0.21518987341772153,0.17721518987341772,0.12658227848101267,0.0379746835443038,4.357142857142857,0.254984655069768,0.07991592424758834,0.03148378235389138,0.13039485864554232
2026-05-15,823140,SEA,SD,0,72,16,0,16,4,0.027777777777777776,0.2222222222222222,0.05555555555555555,0.0,4.428571428571429,0.2548223700973564,0.08621026282040792,0.03236475791841125,0.13386080198490338
2026-05-16,823139,SEA,SD,4,75,15,4,15,8,0.17333333333333334,0.2,0.10666666666666667,0.05333333333333334,4.071428571428571,0.25261220333022766,0.08294524373260402,0.03146059878640402,0.13041997417698695
2026-05-17,823138,SEA,SD,3,75,11,2,18,9,0.13333333333333333,0.24,0.12,0.02666666666666667,3.9285714285714284,0.2483450419202091,0.08407078485814515,0.029704259887207977,0.12332040707741987
2026-05-18,823137,SEA,CWS,6,71,14,3,20,4,0.15492957746478872,0.28169014084507044,0.056338028169014086,0.04225352112676056,4.0,0.2410518088375023,0.09076251418145341,0.03160902179196988,0.13002466772904894
2026-05-19,823136,SEA,CWS,1,69,5,0,27,7,0.014492753623188406,0.391304347826087,0.10144927536231885,0.0,4.357142857142857,0.24430745381849941,0.08685015111416079,0.034627130443881354,0.1400990026273275
2026-05-20,823134,SEA,CWS,5,75,18,3,18,8,0.18666666666666668,0.24,0.10666666666666667,0.04,4.071428571428571,0.2590998696406635,0.08469803168515348,0.02898803269952045,0.12327705645755524
2026-05-22,824110,SEA,KC,2,67,9,1,18,5,0.05970149253731343,0.26865671641791045,0.07462686567164178,0.014925373134328358,4.285714285714286,0.24959027475793433,0.08698658889908384,0.0297129793946164,0.1291477032237244
2026-05-23,824109,SEA,KC,0,65,13,0,6,3,0.03076923076923077,0.09230769230769231,0.046153846153846156,0.0,4.214285714285714,0.24605276748908375,0.08798807497519677,0.02969682639338877,0.12691858905431172
2026-05-24,824108,SEA,KC,6,80,23,1,10,6,0.15,0.125,0.075,0.0125,3.357142857142857,0.24074141217772846,0.08618273745557352,0.02459478557706224,0.11125924839497105
2026-05-25,825005,SEA,ATH,9,76,19,5,20,3,0.25,0.2631578947368421,0.039473684210526314,0.06578947368421052,3.7142857142857144,0.23107898556324707,0.08566903882543654,0.02255222197627946,0.11121032471591039
2026-05-26,825004,SEA,ATH,4,74,15,1,13,3,0.06756756756756757,0.17567567567567569,0.04054054054054054,0.013513513513513514,4.285714285714286,0.22676673434697106,0.08428690702534809,0.02620104992851299,0.12066410622851542
2026-05-27,825003,SEA,ATH,9,80,21,2,17,6,0.125,0.2125,0.075,0.025,4.357142857142857,0.21947372705396376,0.08321440595284701,0.02617423740170046,0.1225141705785798
2026-05-29,823135,SEA,AZ,6,88,26,5,16,6,0.23863636363636365,0.18181818181818182,0.06818181818181818,0.056818181818181816,4.285714285714286,0.22036658419682092,0.08053583452427558,0.02617423740170046,0.1225141705785798
2026-05-30,823132,SEA,AZ,5,65,12,4,12,1,0.2153846153846154,0.18461538461538463,0.015384615384615385,0.06153846153846154,4.5,0.21939629012307857,0.07801680183282911,0.027769624772949895,0.13052842643766321
2026-05-31,823133,SEA,AZ,2,80,14,2,18,7,0.0875,0.225,0.0875,0.025,4.285714285714286,0.21992487546179046,0.07007411161165787,0.029452751772532593,0.13054233657815567
2026-06-01,823131,SEA,NYM,2,65,6,4,21,1,0.18461538461538463,0.3230769230769231,0.015384615384615385,0.06153846153846154,4.428571428571429,0.22012328816020316,0.0723558576434039,0.03123846605824688,0.13480820959402867
2026-06-02,823129,SEA,NYM,8,74,16,5,19,6,0.22972972972972974,0.25675675675675674,0.08108108108108109,0.06756756756756757,4.285714285714286,0.22891449695141194,0.06583571112325738,0.03182454664432747,0.13561407039988946
2026-06-03,823130,SEA,NYM,1,77,20,1,19,4,0.09090909090909091,0.24675324675324675,0.05194805194805195,0.012987012987012988,4.642857142857143,0.23011140814832315,0.0630557883433346,0.03474603956582039,0.14249952728534637
2026-06-05,824271,SEA,DET,3,76,23,3,19,3,0.17105263157894737,0.25,0.039473684210526314,0.039473684210526314,4.285714285714286,0.2276159157131929,0.06274221861326588,0.03265557469869556,0.1379266353885108
2026-06-06,824269,SEA,DET,4,71,12,1,18,6,0.11267605633802817,0.2535211267605634,0.08450704225352113,0.014084507042253521,4.428571428571429,0.21752274801132954,0.05831539067385213,0.03547512357087601,0.14910948381392217
2026-06-07,824268,SEA,DET,4,79,17,1,18,8,0.10126582278481013,0.22784810126582278,0.10126582278481013,0.012658227848101266,4.357142857142857,0.2184885427799412,0.05673256035862744,0.03362401693103698,0.1438244402190194
2026-06-08,824829,SEA,BAL,6,77,15,1,11,9,0.05194805194805195,0.14285714285714285,0.11688311688311688,0.012987012987012988,4.5,0.21557364169764923,0.05863534300956804,0.033462077982020756,0.14679332095098346
2026-06-09,824830,SEA,BAL,6,86,19,3,13,4,0.12790697674418605,0.1511627906976744,0.046511627906976744,0.03488372093023256,4.928571428571429,0.21918431673689567,0.06368743377594452,0.0343897217668074,0.14830609389232782
2026-06-10,824831,SEA,BAL,2,73,15,2,17,8,0.136986301369863,0.2328767123287671,0.1095890410958904,0.0273972602739726,4.928571428571429,0.2210530875010153,0.06165255005501429,0.03598855897610973,0.14672802080262684
2026-06-11,824827,SEA,BAL,5,74,16,5,16,7,0.21621621621621623,0.21621621621621623,0.0945945945945946,0.06756756756756757,4.428571428571429,0.2188901459004385,0.0666607898325403,0.03324625801823559,0.13865561375761706
2026-06-12,822726,SEA,WSH,10,69,15,5,12,3,0.2463768115942029,0.17391304347826086,0.043478260869565216,0.07246376811594203,4.5,0.22178589879619143,0.07052179369354415,0.03710726187923945,0.14927337437537763
2026-06-13,822725,SEA,WSH,3,76,18,2,15,6,0.11842105263157894,0.19736842105263158,0.07894736842105263,0.02631578947368421,4.571428571428571,0.21902968761606717,0.0682702408985131,0.04049753103037817,0.15794314663210643
2026-06-14,822722,SEA,WSH,1,71,19,2,13,2,0.16901408450704225,0.18309859154929578,0.028169014084507043,0.028169014084507043,4.357142857142857,0.22014041898995645,0.06903920877274414,0.03831878872005691,0.14935633870319326
2026-06-16,823128,SEA,BAL,3,66,9,0,14,7,0.015151515151515152,0.21212121212121213,0.10606060606060606,0.0,4.071428571428571,0.220032076628093,0.06995238010845069,0.03593525675906016,0.14604415792622372
2026-06-17,823127,SEA,BAL,3,72,17,4,23,5,0.20833333333333334,0.3194444444444444,0.06944444444444445,0.05555555555555555,4.142857142857143,0.21911216320817956,0.07127813768420825,0.034149542473345874,0.1408764090084748
2026-06-18,823125,SEA,BAL,3,64,8,0,21,5,0.03125,0.328125,0.078125,0.0,4.214285714285714,0.2188527004487168,0.07513955404562463,0.03372219204599545,0.142570548202614
2026-06-19,823124,SEA,BOS,2,68,12,2,19,4,0.14705882352941177,0.27941176470588236,0.058823529411764705,0.029411764705882353,3.857142857142857,0.22395043210894847,0.07492840539697597,0.02889593721974062,0.12839342465049045
2026-06-20,823126,SEA,BOS,1,70,8,1,21,6,0.04285714285714286,0.3,0.08571428571428572,0.014285714285714285,3.9285714285714284,0.22628318339127956,0.07541951093009831,0.030069133771088434,0.13240411983765624
2026-06-21,823123,SEA,BOS,3,64,11,2,17,5,0.109375,0.265625,0.078125,0.03125,3.7857142857142856,0.22985461196270812,0.07872241103750968,0.028269993062173288,0.12324729921467019
2026-06-23,823365,SEA,PIT,3,75,18,2,19,5,0.12,0.25333333333333335,0.06666666666666667,0.02666666666666667,3.7142857142857144,0.2307191743369536,0.0782665508765439,0.029496099702012318,0.12301150947623961
2026-06-24,823367,SEA,PIT,1,76,22,0,20,3,0.13157894736842105,0.2631578947368421,0.039473684210526314,0.0,3.642857142857143,0.2325395480560615,0.07579518258239079,0.03049670247476699,0.12434966499161033
2026-06-25,823366,SEA,PIT,1,72,14,2,20,7,0.1111111111111111,0.2777777777777778,0.09722222222222222,0.027777777777777776,3.2857142857142856,0.24113245890461146,0.07026593739149146,0.02956905868998035,0.13003758609306526
2026-06-26,824423,SEA,CLE,3,67,10,1,20,7,0.07462686567164178,0.29850746268656714,0.1044776119402985,0.014925373134328358,2.9285714285714284,0.25017638655319024,0.0738881226997233,0.029061491321947863,0.12883788140498847
2026-06-27,824421,SEA,CLE,3,72,15,1,16,3,0.08333333333333333,0.2222222222222222,0.041666666666666664,0.013888888888888888,3.0,0.2548642972930331,0.073523020617181,0.0281706422405447,0.12438363599797267
2026-06-28,824422,SEA,CLE,5,88,25,0,16,10,0.03409090909090909,0.18181818181818182,0.11363636363636363,0.0,2.857142857142857,0.2552932977220335,0.06974245433661473,0.024336450906353366,0.11489200150633817
2026-06-29,823121,SEA,LAA,6,67,14,4,14,4,0.22388059701492538,0.208955223880597,0.05970149253731343,0.05970149253731343,2.5,0.25585795046059934,0.07475374739138606,0.019160467469500366,0.09972872275610291
2026-06-30,823122,SEA,LAA,8,75,19,0,22,6,0.013333333333333334,0.29333333333333333,0.08,0.0,2.7142857142857144,0.2566855792340254,0.07337904197111897,0.021545160545473886,0.10726154735491336
2026-07-02,823119,SEA,LAA,1,64,6,0,20,5,0.015625,0.3125,0.078125,0.0,3.2142857142857144,0.2645594893614567,0.07708125525079702,0.019533088110866237,0.09614149369964843
2026-07-03,823120,SEA,TOR,0,69,10,0,17,4,0.043478260869565216,0.2463768115942029,0.057971014492753624,0.0,3.0714285714285716,0.2717294027813701,0.0750858548178966,0.019533088110866237,0.09617531404596878
2026-07-04,823118,SEA,TOR,11,67,12,3,17,3,0.16417910447761194,0.2537313432835821,0.04477611940298507,0.04477611940298507,2.857142857142857,0.26651028614921,0.07426632410706153,0.015564834142612269,0.0843999517271282
2026-07-05,823117,SEA,TOR,4,64,9,1,16,4,0.078125,0.25,0.0625,0.015625,3.4285714285714284,0.2611964535266087,0.07188426120727476,0.018763128385682632,0.09389488776124334
2026-07-07,823847,SEA,MIA,5,86,19,3,16,8,0.1511627906976744,0.18604651162790697,0.09302325581395349,0.03488372093023256,3.5714285714285716,0.25909561319047425,0.07214686624929156,0.017778359478119603,0.0889710432234282
2026-07-08,823848,SEA,MIA,0,64,13,1,16,2,0.125,0.25,0.03125,0.015625,3.857142857142857,0.25095607830675337,0.07266893554212497,0.019249645667013766,0.09670716092632334
2026-07-09,823846,SEA,MIA,4,79,19,3,13,11,0.16455696202531644,0.16455696202531644,0.13924050632911392,0.0379746835443038,3.642857142857143,0.24984000687818192,0.06932072125641069,0.01813357423844234,0.09782323235489476
2026-07-10,822955,SEA,TB,2,71,19,5,11,2,0.2535211267605634,0.15492957746478872,0.028169014084507043,0.07042253521126761,3.7142857142857144,0.24349883749903786,0.07450456694658548,0.018941289729702136,0.10100587249956021
2026-07-11,822953,SEA,TB,1,73,18,1,15,6,0.1506849315068493,0.2054794520547945,0.0821917808219178,0.0136986301369863,3.7857142857142856,0.2357682434081769,0.0736970905090127,0.02397147081622125,0.10971602817042754
2026-07-12,822951,SEA,TB,8,77,13,3,17,9,0.15584415584415584,0.22077922077922077,0.11688311688311688,0.03896103896103896,3.7857142857142856,0.23060407728510662,0.07262348755184808,0.02296581741330757,0.11254272962726597
2026-07-17,823115,SEA,SF,0,75,14,2,13,5,0.08,0.17333333333333334,0.06666666666666667,0.02666666666666667,4.142857142857143,0.22505206000601047,0.07350959504776368,0.024682650686644044,0.11834396463958839
2026-07-18,823116,SEA,SF,3,79,10,3,20,6,0.11392405063291139,0.25316455696202533,0.0759493670886076,0.0379746835443038,3.9285714285714284,0.221559996513947,0.07529530933347797,0.025595349099342458,0.11810586940149316
2026-07-19,823113,SEA,SF,6,72,17,3,23,5,0.1527777777777778,0.3194444444444444,0.06944444444444445,0.041666666666666664,3.7857142857142856,0.22665616616707868,0.07260338100863825,0.028307826495364154,0.12380823665449332
2026-07-20,823112,SEA,CIN,8,72,16,1,16,5,0.05555555555555555,0.2222222222222222,0.06944444444444445,0.013888888888888888,3.7857142857142856,0.23454825335021062,0.0732993061448619,0.027019624647460817,0.11872946385183993
2026-07-21,823114,SEA,CIN,2,74,11,5,13,9,0.20270270270270271,0.17567567567567569,0.12162162162162163,0.06756756756756757,3.7857142857142856,0.22946888827084555,0.07254533789089364,0.02801168813952431,0.12174533686771295
2026-07-22,823110,SEA,CIN,3,71,15,2,11,3,0.1267605633802817,0.15492957746478872,0.04225352112676056,0.028169014084507043,3.857142857142857,0.21969572224767955,0.07565223943529518,0.03283794296577913,0.135108029917906
2026-07-24,822872,SEA,TEX,4,74,20,2,13,3,0.12162162162162163,0.17567567567567569,0.04054054054054054,0.02702702702702703,4.071428571428571,0.21316377695272135,0.07452956133772425,0.03485001540038678,0.1410567658115286
2026-07-25,822869,SEA,TEX,1,70,17,0,16,5,0.11428571428571428,0.22857142857142856,0.07142857142857142,0.0,3.5714285714285716,0.2075883721235852,0.07422701999040679,0.03358222308781835,0.1380169456075293
2026-07-26,822870,SEA,TEX,6,76,20,3,19,2,0.17105263157894737,0.25,0.02631578947368421,0.039473684210526314,3.357142857142857,0.20605775987868727,0.0748647750924476,0.03246615165924692,0.1405998537707946
2026-07-27,822868,SEA,TEX,3,72,18,5,19,4,0.2638888888888889,0.2638888888888889,0.05555555555555555,0.06944444444444445,3.4285714285714284,0.21062586619097962,0.07009995606814265,0.03279400617926791,0.1420205566908855
2026-07-28,823923,SEA,LAD,7,78,23,7,15,3,0.32051282051282054,0.19230769230769232,0.038461538461538464,0.08974358974358974,3.642857142857143,0.2116179296830431,0.07183606717925375,0.03663825221101393,0.15194119161152045
2026-07-29,823924,SEA,LAD,2,69,16,1,12,3,0.11594202898550725,0.17391304347826086,0.043478260869565216,0.014492753623188406,3.857142857142857,0.2136001247032128,0.06463756947442695,0.04033603122524865,0.16308089578919932
2026-07-30,823921,SEA,LAD,2,75,16,2,24,8,0.13333333333333333,0.32,0.10666666666666667,0.02666666666666667,3.857142857142857,0.21495608656131795,0.06573108710193111,0.03634104682610013,0.1532538173766953
2026-07-31,823111,SEA,MIN,3,71,11,4,22,6,0.2112676056338028,0.30985915492957744,0.08450704225352113,0.056338028169014086,3.9285714285714284,0.22313612570026123,0.06747929323369888,0.03726733514964873,0.15201441750715844
2026-08-01,823109,SEA,MIN,3,75,14,3,17,10,0.17333333333333334,0.22666666666666666,0.13333333333333333,0.04,3.5714285714285716,0.2294989781395724,0.06516671647444204,0.038508548664504094,0.15597323534927607
2026-08-02,823107,SEA,MIN,6,84,25,4,11,7,0.16666666666666666,0.13095238095238096,0.08333333333333333,0.047619047619047616,3.7857142857142856,0.2333085019490962,0.0699286212363468,0.039460929616885056,0.16263990201594275
2026-08-04,823108,SEA,DET,0,77,17,3,19,9,0.14285714285714285,0.24675324675324675,0.11688311688311688,0.03896103896103896,4.0,0.22457906080555018,0.07045604739668436,0.040149812765081026,0.16640723173263955
2026-08-05,823106,SEA,DET,4,65,11,3,12,3,0.15384615384615385,0.18461538461538463,0.046153846153846156,0.046153846153846156,3.5714285714285716,0.21938683239903606,0.07384452399944666,0.03995655364325048,0.16569861495259416
2026-08-06,823105,SEA,DET,0,80,23,2,18,6,0.1,0.225,0.075,0.025,3.2857142857142856,0.21670062971283335,0.0721809098358325,0.0422611934478903,0.17271937197335124
2026-08-07,823103,SEA,TB,1,70,10,3,20,7,0.14285714285714285,0.2857142857142857,0.1,0.04285714285714286,3.142857142857143,0.22022379573599937,0.06885079400571668,0.03922065290734974,0.1653834646374439
2026-08-08,823102,SEA,TB,2,71,15,3,12,4,0.15492957746478872,0.16901408450704225,0.056338028169014086,0.04225352112676056,3.0,0.22956556061096345,0.07297554249666235,0.04026980496253802,0.16653322031436255
2026-08-09,823104,SEA,TB,1,80,20,0,13,4,0.05,0.1625,0.05,0.0,2.857142857142857,0.22908973267034677,0.07410393447012474,0.04135741168394756,0.1689123600174459
2026-08-11,823512,SEA,NYY,1,67,11,1,16,6,0.08955223880597014,0.23880597014925373,0.08955223880597014,0.014925373134328358,2.857142857142857,0.22437034491524474,0.07257332222522679,0.04135741168394756,0.164320523282752
2026-08-12,823511,SEA,NYY,5,80,22,5,16,10,0.275,0.2,0.125,0.0625,2.5,0.22357077135447717,0.07709021146324721,0.039603960892790564,0.1584990666561108
2026-08-13,823508,SEA,NYY,1,66,9,1,20,6,0.06060606060606061,0.30303030303030304,0.09090909090909091,0.015151515151515152,2.642857142857143,0.2190072792909851,0.08205052892356467,0.03910792914675881,0.1592927174497616
2026-08-14,824159,SEA,HOU,7,90,24,2,18,7,0.15555555555555556,0.2,0.07777777777777778,0.022222222222222223,2.2142857142857144,0.22691603719974301,0.08579678266981841,0.033779923818753485,0.14072794888499304
2026-08-15,824157,SEA,HOU,10,80,23,3,18,4,0.2,0.225,0.05,0.0375,2.5714285714285716,0.2287793912370101,0.08824674816326217,0.034332028718684474,0.14355748649713934
2026-08-16,824156,SEA,HOU,3,77,15,4,17,9,0.19480519480519481,0.22077922077922077,0.11688311688311688,0.05194805194805195,3.142857142857143,0.2219936769512958,0.08419912911564312,0.035105838242494,0.14831939125904411
2026-08-18,823749,SEA,MIL,0,88,27,4,16,9,0.18181818181818182,0.18181818181818182,0.10227272727272728,0.045454545454545456,3.142857142857143,0.2156308245119846,0.08651170587489997,0.03479226851242528,0.14714350477128638
2026-08-19,823748,SEA,MIL,7,82,18,1,21,10,0.07317073170731707,0.25609756097560976,0.12195121951219512,0.012195121951219513,2.9285714285714284,0.2124273613085214,0.08429309115628525,0.03518187890203566,0.14774956537734701
2026-08-20,823747,SEA,MIL,4,77,17,1,22,9,0.1038961038961039,0.2857142857142857,0.11688311688311688,0.012987012987012988,3.0,0.22136630273875202,0.08705151159763251,0.0326515984971908,0.14107128430882201
2026-08-21,823101,SEA,CHC,5,87,20,5,18,6,0.20689655172413793,0.20689655172413793,0.06896551724137931,0.05747126436781609,3.2857142857142856,0.22414923409311197,0.08705151159763251,0.030796310927617514,0.1382883529544621
2026-08-22,823100,SEA,CHC,3,73,15,4,21,5,0.2328767123287671,0.2876712328767123,0.0684931506849315,0.0547945205479452,3.357142857142857,0.22574074602945152,0.08868091667531344,0.031604697942901085,0.14207766708860384
2026-08-23,823099,SEA,CHC,2,90,24,5,15,11,0.16666666666666666,0.16666666666666666,0.12222222222222222,0.05555555555555555,3.5714285714285716,0.23021726266350237,0.08821614172423713,0.03373287798204002,0.15156886082637291
2026-08-24,823097,SEA,PHI,9,73,15,6,20,8,0.2465753424657534,0.273972602739726,0.1095890410958904,0.0821917808219178,3.642857142857143,0.22171386130295814,0.08980344331153874,0.034639907460498075,0.15326954109848173
2026-08-25,823098,SEA,PHI,4,70,11,1,18,8,0.04285714285714286,0.2571428571428571,0.11428571428571428,0.014285714285714285,4.142857142857143,0.22921089831957842,0.09360708709202989,0.03749264029586645,0.15981566716997922
2026-08-26,823096,SEA,PHI,0,70,12,2,22,4,0.12857142857142856,0.3142857142857143,0.05714285714285714,0.02857142857142857,4.357142857142857,0.23597110240121105,0.09819892382672377,0.03851304845913175,0.1593054630883466
2026-08-28,822769,SEA,TOR,1,74,16,4,12,6,0.20270270270270271,0.16216216216216217,0.08108108108108109,0.05405405405405406,4.285714285714286,0.24136251269667253,0.09588396799364428,0.03948776670463892,0.1620925480715936
2026-08-29,822770,SEA,TOR,3,71,11,1,16,10,0.056338028169014086,0.22535211267605634,0.14084507042253522,0.014084507042253521,4.0,0.23865980999396982,0.09274690235657863,0.03888448485135706,0.15692845540750094
2026-08-30,822766,SEA,TOR,0,68,11,2,20,6,0.1323529411764706,0.29411764705882354,0.08823529411764706,0.029411764705882353,4.142857142857143,0.23311136782580935,0.09631375803611035,0.0388082699864098,0.15662359594771189
2026-08-31,824719,SEA,BOS,8,89,23,4,17,8,0.24719101123595505,0.19101123595505617,0.0898876404494382,0.0449438202247191,3.642857142857143,0.2398340569014396,0.09706072348895818,0.039321808735242665,0.15496626634920582
2026-09-01,824716,SEA,BOS,9,87,25,5,18,7,0.25287356321839083,0.20689655172413793,0.08045977011494253,0.05747126436781609,3.5,0.23740628804108646,0.09990984066391805,0.03985351017986546,0.15833705286605976
2026-09-02,824717,SEA,BOS,8,81,24,1,10,6,0.1111111111111111,0.12345679012345678,0.07407407407407407,0.012345679012345678,3.9285714285714284,0.23641466882286627,0.09730817303761988,0.04024802535270576,0.16248479346700234
2026-09-03,823095,SEA,ATH,4,88,23,2,26,11,0.11363636363636363,0.29545454545454547,0.125,0.022727272727272728,4.5,0.23224599798752874,0.09529398352343035,0.03788310632112006,0.15743428841649726
2026-09-04,823093,SEA,ATH,6,78,21,5,14,7,0.2564102564102564,0.1794871794871795,0.08974358974358974,0.0641025641025641,4.285714285714286,0.2350572111645956,0.09551175355827356,0.038635402805123856,0.16032469069714347
2026-03-20,831749,SF,TEX,5,73,15,4,15,7,0.1917808219178082,0.2054794520547945,0.0958904109589041,0.0547945205479452,,,,,
2026-03-20,831835,SF,KC,5,66,11,2,12,9,0.13636363636363635,0.18181818181818182,0.13636363636363635,0.030303030303030304,,,,,
2026-03-21,831873,SF,CLE,10,80,24,5,15,3,0.25,0.1875,0.0375,0.0625,,,,,
2026-03-25,823244,SF,NYY,0,74,13,0,18,5,0.02702702702702703,0.24324324324324326,0.06756756756756757,0.0,6.666666666666667,0.1915992112909921,0.08991801577418014,0.04919918361699183,0.1927148194271482
2026-03-27,823243,SF,NYY,0,67,9,2,20,5,0.11940298507462686,0.29850746268656714,0.07462686567164178,0.029850746268656716,5.0,0.20451021927905488,0.08433040372252701,0.03689938771274388,0.15129287132711788
2026-03-28,823241,SF,NYY,1,70,16,1,18,5,0.11428571428571428,0.2571428571428571,0.07142857142857142,0.014285714285714285,4.0,0.22330966796055735,0.08238969611234996,0.03548965942392644,0.14491489407661967
2026-03-30,823320,SF,SD,3,68,9,2,18,6,0.10294117647058823,0.2647058823529412,0.08823529411764706,0.029411764705882353,3.5,0.22894853282427396,0.08056284199838687,0.03195566856755775,0.13981003077813545
2026-03-31,823322,SF,SD,9,79,22,2,15,6,0.1518987341772152,0.189873417721519,0.0759493670886076,0.02531645569620253,3.4285714285714284,0.23405672561408356,0.08165890658685261,0.03159225373017555,0.134543051591343
2026-04-01,823321,SF,SD,1,73,13,1,21,8,0.1095890410958904,0.2876712328767123,0.1095890410958904,0.0136986301369863,4.125,0.228533812127513,0.08094521414957198,0.030807778975928925,0.136712511914577
2026-04-02,823242,SF,NYM,7,74,18,2,17,7,0.13513513513513514,0.22972972972972974,0.0945945945945946,0.02702702702702703,3.7777777777777777,0.2351046366552018,0.0841278615880518,0.028906762438268632,0.13369879293472295
2026-04-03,823240,SF,NYM,3,80,20,3,18,9,0.1625,0.225,0.1125,0.0375,4.1,0.2345671459626546,0.08517453488870609,0.028718788897144472,0.1338424271547642
2026-04-04,823239,SF,NYM,0,74,15,1,15,4,0.06756756756756757,0.20270270270270271,0.05405405405405406,0.013513513513513514,4.0,0.2336974054205951,0.0876586680806419,0.029517080815585885,0.1364476610497856
2026-04-05,823238,SF,NYM,2,74,20,0,13,4,0.06756756756756757,0.17567567567567569,0.05405405405405406,0.0,3.6666666666666665,0.2311145135274374,0.08485828357842624,0.028183450207079852,0.13070765325960076
2026-04-06,823237,SF,PHI,4,82,22,0,14,7,0.0975609756097561,0.17073170731707318,0.08536585365853659,0.0,3.5384615384615383,0.22684998753884036,0.08248872746116684,0.02601549249884294,0.12585072359098284
2026-04-07,823235,SF,PHI,6,71,17,0,16,5,0.09859154929577464,0.22535211267605634,0.07042253521126761,0.0,3.5714285714285716,0.22284153895157124,0.08269423647526468,0.024157243034639873,0.1238300273066095
2026-04-08,823234,SF,PHI,5,70,13,1,16,6,0.08571428571428572,0.22857142857142856,0.08571428571428572,0.014285714285714285,3.642857142857143,0.22426101471023283,0.08087510249329066,0.020243348709786644,0.11717365069074996
2026-04-10,824858,SF,BAL,6,80,20,3,12,7,0.225,0.15,0.0875,0.0375,3.642857142857143,0.2276005323354647,0.07725729173262275,0.019099254708549788,0.11355583993008204
2026-04-11,824857,SF,BAL,2,73,19,2,17,5,0.1232876712328767,0.2328767123287671,0.0684931506849315,0.0273972602739726,3.357142857142857,0.2249219609068933,0.08082872030405132,0.0173135404228355,0.11177012564436777
2026-04-12,824859,SF,BAL,2,72,18,2,14,5,0.1388888888888889,0.19444444444444445,0.06944444444444445,0.027777777777777776,3.5,0.22418149441300214,0.08089483338386304,0.019270487585262116,0.11864588594478562
2026-04-14,824531,SF,CIN,1,65,10,3,14,6,0.15384615384615385,0.2153846153846154,0.09230769230769231,0.046153846153846156,3.642857142857143,0.21674842168142197,0.08052466043906321,0.01912241840734219,0.12003773621723289
2026-04-15,824532,SF,CIN,3,75,19,4,16,8,0.18666666666666668,0.21333333333333335,0.10666666666666667,0.05333333333333334,3.642857142857143,0.21376569012726182,0.08201602621614328,0.02139871354078018,0.12286348190012143
2026-04-16,824530,SF,CIN,3,65,7,0,21,5,0.015384615384615385,0.3230769230769231,0.07692307692307693,0.0,3.642857142857143,0.210096222340147,0.08333255282678755,0.023107397014169535,0.1288438740569842
2026-04-17,822752,SF,WSH,10,82,23,5,16,6,0.23170731707317074,0.1951219512195122,0.07317073170731707,0.06097560975609756,3.2142857142857144,0.21961075843696157,0.08340210352924964,0.021299078750155073,0.11909286557179846
2026-04-18,822751,SF,WSH,7,103,26,2,19,6,0.10679611650485436,0.18446601941747573,0.05825242718446602,0.019417475728155338,3.857142857142857,0.21300009546144727,0.08080079571578012,0.024676005865805876,0.12781559957017563
2026-04-19,822750,SF,WSH,0,69,16,1,17,2,0.10144927536231885,0.2463768115942029,0.028985507246376812,0.014492753623188406,3.857142857142857,0.2097669732962863,0.07820492661505664,0.02413246648731504,0.125791383953727
2026-04-21,823236,SF,LAD,3,68,9,0,20,10,0.014705882352941176,0.29411764705882354,0.14705882352941177,0.0,3.642857142857143,0.2112938884101579,0.07223960570408357,0.02248909174611421,0.12143061790817836
2026-04-22,823231,SF,LAD,3,66,12,1,13,3,0.06060606060606061,0.19696969696969696,0.045454545454545456,0.015151515151515152,3.857142857142857,0.217823527292738,0.07888280352375197,0.021523840780863248,0.11765478324999078
2026-04-23,823233,SF,LAD,0,65,9,0,16,4,0.03076923076923077,0.24615384615384617,0.06153846153846154,0.0,3.9285714285714284,0.21934452881373948,0.07826855290950137,0.02260609186311433,0.11715753275274025
2026-04-24,823232,SF,MIA,4,84,27,3,12,6,0.20238095238095238,0.14285714285714285,0.07142857142857142,0.03571428571428571,3.642857142857143,0.22473182444493758,0.076566596329496,0.02260609186311433,0.11238669383555988
2026-04-25,823229,SF,MIA,6,76,17,3,13,10,0.18421052631578946,0.17105263157894737,0.13157894736842105,0.039473684210526314,3.5,0.21883932660072944,0.0766384560593034,0.025157112271277596,0.1198002226273583
2026-04-26,823230,SF,MIA,6,68,10,2,13,6,0.1323529411764706,0.19117647058823528,0.08823529411764706,0.029411764705882353,3.5714285714285716,0.2147308411012665,0.07991450332031307,0.02695625298019274,0.12683566838460855
2026-04-28,823473,SF,PHI,0,67,13,0,18,5,0.07462686567164178,0.26865671641791045,0.07462686567164178,0.0,3.5714285714285716,0.21767201757185475,0.07996702432871643,0.026378521887755763,0.12021802132578503
2026-04-30,823471,SF,PHI,5,91,22,2,16,11,0.15384615384615385,0.17582417582417584,0.12087912087912088,0.02197802197802198,3.4285714285714284,0.2202277321496507,0.08040514682776716,0.02442157472532915,0.11674224949998255
2026-04-30,823472,SF,PHI,2,73,18,1,18,5,0.1095890410958904,0.2465753424657534,0.0684931506849315,0.0136986301369863,3.642857142857143,0.21889771296248864,0.08407905228738691,0.024007306453918024,0.11781062556835861
2026-05-01,822990,SF,TB,0,58,11,2,13,0,0.13793103448275862,0.22413793103448276,0.0,0.034482758620689655,3.7142857142857144,0.2211256220397128,0.08237801360004685,0.021689076738428036,0.11464940322905408
2026-05-02,822988,SF,TB,1,70,16,0,16,6,0.05714285714285714,0.22857142857142856,0.08571428571428572,0.0,3.5,0.22189737901836631,0.07475896598099922,0.020342607116096343,0.11116828664448922
2026-05-03,822987,SF,TB,1,75,14,0,11,6,0.05333333333333334,0.14666666666666667,0.08,0.0,3.357142857142857,0.21514698655368814,0.07538690946608557,0.020342607116096343,0.11415101819864934
2026-05-04,823228,SF,SD,3,64,9,3,14,3,0.203125,0.21875,0.046875,0.046875,2.7142857142857144,0.21168589479991348,0.07587471434413437,0.01598720641923223,0.10141001936008953
2026-05-05,823227,SF,SD,5,78,22,3,13,2,0.19230769230769232,0.16666666666666666,0.02564102564102564,0.038461538461538464,2.4285714285714284,0.21413475055580805,0.07506204097381537,0.01794845815293542,0.10829065389545708
2026-05-06,823226,SF,SD,1,68,9,3,17,4,0.17647058823529413,0.25,0.058823529411764705,0.04411764705882353,2.7857142857142856,0.20844116877526978,0.07482314943057598,0.019660514212817566,0.1147805408201266
2026-05-08,823225,SF,PIT,5,71,17,2,13,7,0.09859154929577464,0.18309859154929578,0.09859154929577464,0.028169014084507043,2.642857142857143,0.20528990827106805,0.06852062842217263,0.02281177471701925,0.1263351626688661
2026-05-09,823224,SF,PIT,3,89,27,1,18,8,0.10112359550561797,0.20224719101123595,0.0898876404494382,0.011235955056179775,2.7857142857142856,0.20429911502675369,0.07231612869654615,0.023741596069375814,0.12904841186098853
2026-05-10,823221,SF,PIT,6,106,20,3,17,14,0.16981132075471697,0.16037735849056603,0.1320754716981132,0.02830188679245283,3.0,0.2011629253737101,0.07434107004733019,0.024544164287674367,0.13407372362787334
2026-05-11,823953,SF,LAD,9,85,22,2,14,8,0.11764705882352941,0.16470588235294117,0.09411764705882353,0.023529411764705882,3.142857142857143,0.20241436934752605,0.0786729914951546,0.02401470722182916,0.1317473213688565
2026-05-12,823951,SF,LAD,6,75,14,4,19,6,0.2,0.25333333333333335,0.08,0.05333333333333334,3.357142857142857,0.20196103011709704,0.07599718433018335,0.022875830618556275,0.12699278797655222
2026-05-13,823952,SF,LAD,0,69,15,2,12,5,0.13043478260869565,0.17391304347826086,0.07246376811594203,0.028985507246376812,3.357142857142857,0.20640080602746116,0.0754089490360657,0.024584514091945626,0.13182472074966148
2026-05-14,823950,SF,LAD,2,68,10,2,19,7,0.11764705882352941,0.27941176470588236,0.10294117647058823,0.029411764705882353,3.357142857142857,0.19963340081748623,0.07525444206780144,0.02665490746668683,0.1358110005308796
2026-05-15,825009,SF,ATH,2,73,20,3,16,3,0.1780821917808219,0.2191780821917808,0.0410958904109589,0.0410958904109589,3.142857142857143,0.2070325143090367,0.0739731603243348,0.027185889090105424,0.13322535088640644
2026-05-16,825007,SF,ATH,6,80,20,3,19,5,0.225,0.2375,0.0625,0.0375,3.142857142857143,0.20507556714661007,0.0720162131619082,0.02914283625253204,0.13811771879247298
2026-05-17,825006,SF,ATH,10,79,17,2,10,9,0.11392405063291139,0.12658227848101267,0.11392405063291139,0.02531645569620253,3.5714285714285716,0.20603000064414703,0.07648049887619392,0.029358353493911353,0.14433693061513306
2026-05-18,825087,SF,AZ,2,77,24,3,10,3,0.19480519480519481,0.12987012987012986,0.03896103896103896,0.03896103896103896,4.214285714285714,0.19874506135197448,0.07849548208466718,0.03116667175792582,0.14839273015013693
2026-05-19,825086,SF,AZ,3,75,18,3,11,7,0.2,0.14666666666666667,0.09333333333333334,0.04,4.285714285714286,0.19754530872365036,0.07556412772474139,0.033949603112285745,0.15849786311241276
2026-05-20,825084,SF,AZ,3,70,17,2,15,2,0.14285714285714285,0.21428571428571427,0.02857142857142857,0.02857142857142857,4.285714285714286,0.19239649919984084,0.07888258010569375,0.033458531683714314,0.15827464882669848
2026-05-22,823223,SF,CWS,4,80,12,0,21,8,0.05,0.2625,0.1,0.0,4.142857142857143,0.19579785974405856,0.07909189460072255,0.03275209526299218,0.1547424667230878
2026-05-23,823222,SF,CWS,10,77,24,3,18,4,0.18181818181818182,0.23376623376623376,0.05194805194805195,0.03896103896103896,4.357142857142857,0.1966907168869157,0.08203307107131078,0.0296008347587905,0.14570885327770963
2026-05-24,823220,SF,CWS,8,78,15,4,14,10,0.21794871794871795,0.1794871794871795,0.1282051282051282,0.05128205128205128,4.714285714285714,0.20030983418812556,0.07870139268933059,0.03037169367854278,0.15165361274359587
2026-05-25,823219,SF,AZ,2,75,16,1,14,6,0.12,0.18666666666666668,0.08,0.013333333333333334,5.071428571428571,0.19868411907926437,0.08143835610045129,0.03323212912324789,0.15999826434667444
2026-05-26,823216,SF,AZ,5,77,17,5,17,9,0.2727272727272727,0.22077922077922077,0.11688311688311688,0.06493506493506493,4.785714285714286,0.20056192680612872,0.07771867955058608,0.03216294673331078,0.15644031286419466
2026-05-27,823217,SF,AZ,2,69,12,0,13,3,0.028985507246376812,0.18840579710144928,0.043478260869565216,0.0,4.5,0.20456716526514865,0.0793447845380356,0.03512049338833643,0.1675174710001763
2026-05-29,824353,SF,COL,6,86,25,3,15,6,0.19767441860465115,0.1744186046511628,0.06976744186046512,0.03488372093023256,4.214285714285714,0.19992948410572842,0.0767360888858617,0.03131096957881262,0.15530215008920326
2026-05-30,824352,SF,COL,3,77,23,3,12,4,0.2077922077922078,0.15584415584415584,0.05194805194805195,0.03896103896103896,4.642857142857143,0.19996559561807853,0.07654349415332763,0.03173227055623089,0.16010498123177147
2026-05-31,824354,SF,COL,19,100,35,3,19,9,0.23,0.19,0.09,0.03,4.714285714285714,0.19113933784224094,0.0729011281160036,0.03241436157445636,0.16654392044381994
2026-06-01,823781,SF,MIL,2,87,23,1,16,16,0.14942528735632185,0.1839080459770115,0.1839080459770115,0.011494252873563218,5.928571428571429,0.1890551891142566,0.0763942788009351,0.03162179797367358,0.17025233531661838
2026-06-02,823782,SF,MIL,3,80,22,2,20,9,0.1375,0.25,0.1125,0.025,5.642857142857143,0.18522719239832883,0.08506628208500736,0.02976424460749952,0.16485414155635564
2026-06-03,823780,SF,MIL,1,68,11,1,14,5,0.058823529411764705,0.20588235294117646,0.07352941176470588,0.014705882352941176,5.142857142857143,0.19404274393539933,0.08496456418265655,0.02974164062919934,0.1665381379397191
2026-06-04,823779,SF,MIL,12,95,31,5,13,10,0.23157894736842105,0.1368421052631579,0.10526315789473684,0.05263157894736842,5.071428571428571,0.19947218844047412,0.08743373366863275,0.028009129442906643,0.15682516184018838
2026-06-05,824673,SF,CHC,18,88,27,8,16,8,0.3181818181818182,0.18181818181818182,0.09090909090909091,0.09090909090909091,5.714285714285714,0.1987704340545092,0.0882858639944473,0.028911385082004387,0.15908080093793275
2026-06-06,824669,SF,CHC,2,78,13,3,19,7,0.11538461538461539,0.24358974358974358,0.08974358974358974,0.038461538461538464,6.785714285714286,0.19645132459254258,0.09273855416142318,0.03336407524898027,0.17160399203255244
2026-06-07,824670,SF,CHC,2,77,11,0,19,9,0.025974025974025976,0.24675324675324675,0.11688311688311688,0.0,6.642857142857143,0.19510059199180999,0.09200595342882244,0.03611132799623302,0.1762743217028821
2026-06-08,823218,SF,WSH,3,76,21,0,15,1,0.039473684210526314,0.19736842105263158,0.013157894736842105,0.0,6.071428571428571,0.19602823577659662,0.09664417235275566,0.033328396641873086,0.1651425962854424
2026-06-09,823214,SF,WSH,3,85,18,2,17,12,0.2,0.2,0.1411764705882353,0.023529411764705882,5.714285714285714,0.19730546731698606,0.08842651281930665,0.029665392978869425,0.15239437958985727
2026-06-10,823215,SF,WSH,7,84,28,6,13,5,0.2619047619047619,0.15476190476190477,0.05952380952380952,0.07142857142857142,5.785714285714286,0.19825784826936702,0.09279626071846629,0.03039368429539604,0.158108665304143
2026-06-12,823211,SF,CHC,1,66,10,2,14,3,0.15151515151515152,0.21212121212121213,0.045454545454545456,0.030303030303030304,5.928571428571429,0.19354232569670163,0.08869916733565864,0.030857506187789357,0.1573356288168208
2026-06-13,823213,SF,CHC,1,82,18,3,19,8,0.1951219512195122,0.23170731707317074,0.0975609756097561,0.036585365853658534,5.857142857142857,0.19523628391239894,0.08884033052030008,0.03302200835229152,0.1660877462645904
2026-06-14,823212,SF,CHC,5,71,16,1,11,5,0.08450704225352113,0.15492957746478872,0.07042253521126761,0.014084507042253521,5.5,0.19932833479968523,0.09082558293096374,0.03314355441825052,0.16590542716565193
2026-06-16,824912,SF,ATL,7,78,17,4,17,7,0.1794871794871795,0.21794871794871795,0.08974358974358974,0.05128205128205128,5.642857142857143,0.19926300777258757,0.09214518887833627,0.03136665928119441,0.15709934391288857
2026-06-17,824913,SF,ATL,7,80,21,4,13,5,0.1875,0.1625,0.0625,0.05,4.785714285714286,0.20125934476892457,0.09212687386002126,0.03288680580134094,0.15349128530483
2026-06-19,823853,SF,MIA,3,74,19,2,13,5,0.13513513513513514,0.17567567567567569,0.06756756756756757,0.02702702702702703,5.142857142857143,0.1997301986277095,0.08345487057594901,0.03563721631037214,0.15621090763652126
2026-06-20,823854,SF,MIA,3,79,16,2,16,8,0.1518987341772152,0.20253164556962025,0.10126582278481013,0.02531645569620253,5.142857142857143,0.19442131831882917,0.08024541111648954,0.035782003955159784,0.15604198871760236
2026-06-21,823852,SF,MIA,1,63,9,1,11,4,0.07936507936507936,0.1746031746031746,0.06349206349206349,0.015873015873015872,5.285714285714286,0.19418198207800372,0.08222658333221129,0.03653990205110702,0.16269021762942026
2026-06-23,823210,SF,ATH,3,70,12,1,18,9,0.05714285714285714,0.2571428571428571,0.12857142857142856,0.014285714285714285,4.5,0.19687920131657632,0.07924293373202032,0.03391429040293898,0.15181779848632443
2026-06-24,823208,SF,ATH,1,66,9,3,20,6,0.16666666666666666,0.30303030303030304,0.09090909090909091,0.045454545454545456,3.4285714285714284,0.20225953526833887,0.08193310070790158,0.028441192072697793,0.1331721584121129
2026-06-25,823209,SF,ATH,6,80,20,2,19,7,0.125,0.2375,0.0875,0.025,3.357142857142857,0.2065052895140931,0.08201635079115167,0.028940692572198296,0.13683516207511656
2026-06-26,823206,SF,ATL,1,75,15,0,11,6,0.06666666666666667,0.14666666666666667,0.08,0.0,3.642857142857143,0.20584434331743262,0.07991755672807188,0.030726406857912582,0.1439084459341147
2026-06-27,823207,SF,ATL,5,61,7,2,15,4,0.13114754098360656,0.2459016393442623,0.06557377049180328,0.03278688524590164,3.5,0.20222278943272082,0.08469199281829745,0.030726406857912582,0.145850801823839
2026-06-28,823204,SF,ATL,3,70,16,0,15,3,0.04285714285714286,0.21428571428571427,0.04285714285714286,0.0,3.642857142857143,0.205501477957311,0.0792917999542666,0.03138765496371228,0.1409327690369538
2026-06-29,825065,SF,AZ,4,71,15,3,6,7,0.18309859154929578,0.08450704225352113,0.09859154929577464,0.04225352112676056,3.357142857142857,0.20975317863758308,0.0781013237637904,0.026285614147385748,0.12528651053355241
2026-06-30,825066,SF,AZ,2,73,14,4,8,9,0.2191780821917808,0.1095890410958904,0.1232876712328767,0.0547945205479452,3.5714285714285716,0.2006378807898909,0.08189682403816392,0.02713922063479505,0.1275424705359913
2026-07-01,825064,SF,AZ,6,74,18,2,16,2,0.12162162162162163,0.21621621621621623,0.02702702702702703,0.02702702702702703,3.642857142857143,0.1919151467915137,0.08373444515410111,0.028439874541529814,0.12926076560543906
2026-07-03,824336,SF,COL,3,83,26,4,16,8,0.24096385542168675,0.1927710843373494,0.0963855421686747,0.04819277108433735,3.7142857142857144,0.1962927638451871,0.08063476599808393,0.029364340254727922,0.1319118069888748
2026-07-04,824334,SF,COL,6,82,21,2,15,7,0.15853658536585366,0.18292682926829268,0.08536585365853659,0.024390243902439025,3.4285714285714284,0.19449436144437507,0.08110919117130429,0.02914367738346264,0.13630299812705388
2026-07-05,824333,SF,COL,6,77,21,5,21,4,0.2597402597402597,0.2727272727272727,0.05194805194805195,0.06493506493506493,3.357142857142857,0.19595342067782454,0.08274246643262831,0.02731440909077971,0.13423418279604343
2026-07-06,823205,SF,TOR,10,71,11,3,15,8,0.15492957746478872,0.2112676056338028,0.11267605633802817,0.04225352112676056,3.5714285714285716,0.2028856776100815,0.08162678674552006,0.030022126084210992,0.1431345488392666
2026-07-07,823203,SF,TOR,3,75,22,1,11,2,0.06666666666666667,0.14666666666666667,0.02666666666666667,0.013333333333333334,4.071428571428571,0.2035096747575231,0.08244180342789277,0.031231916472107997,0.14335103764552187
2026-07-08,823202,SF,TOR,0,75,12,3,14,7,0.12,0.18666666666666668,0.09333333333333334,0.04,4.214285714285714,0.2015142099049154,0.07981141794036442,0.031050510576416387,0.14244400816706385
2026-07-09,823201,SF,COL,8,78,18,4,18,10,0.21794871794871795,0.23076923076923078,0.1282051282051282,0.05128205128205128,4.0,0.1964801962994732,0.07729441113764335,0.032887245270293936,0.14693380408543116
2026-07-10,823200,SF,COL,3,84,21,1,12,13,0.07142857142857142,0.14285714285714285,0.15476190476190477,0.011904761904761904,4.5,0.19131869113796804,0.079958413801646,0.03330349568654435,0.15059680774843484
2026-07-11,823198,SF,COL,4,68,13,2,15,4,0.14705882352941177,0.22058823529411764,0.058823529411764705,0.029411764705882353,4.285714285714286,0.1845584870563354,0.0847628355703535,0.03236812153688449,0.14677027713618992
2026-07-12,823199,SF,COL,3,69,12,1,10,7,0.043478260869565216,0.14492753623188406,0.10144927536231885,0.014492753623188406,4.5,0.18983859910115333,0.08325023052833669,0.03446896187301894,0.15251257405495747
2026-07-17,823115,SF,SEA,7,75,14,2,13,5,0.08,0.17333333333333334,0.06666666666666667,0.02666666666666667,4.357142857142857,0.1826261631645549,0.08581276659051637,0.03316223818568228,0.1462504826182402
2026-07-18,823116,SF,SEA,3,79,10,3,20,6,0.11392405063291139,0.25316455696202533,0.0759493670886076,0.0379746835443038,4.642857142857143,0.17970099309652768,0.08751344686262522,0.03506700009044419,0.14890354384273
2026-07-19,823113,SF,SEA,3,72,17,3,23,5,0.1527777777777778,0.3194444444444444,0.06944444444444445,0.041666666666666664,4.571428571428571,0.19174795843284942,0.08589614813354185,0.03476136883455442,0.1439625052058454
2026-07-20,824087,SF,KC,3,73,14,3,14,4,0.1506849315068493,0.1917808219178082,0.0547945205479452,0.0410958904109589,4.642857142857143,0.20673763010060325,0.08205020336293954,0.03382366498589166,0.1392196263191309
2026-07-21,824085,SF,KC,2,71,13,1,17,5,0.056338028169014086,0.23943661971830985,0.07042253521126761,0.014084507042253521,4.428571428571429,0.2049922447935741,0.08403359575729084,0.03482858379902966,0.14129557702521858
2026-07-22,824083,SF,KC,4,67,13,2,14,3,0.1791044776119403,0.208955223880597,0.04477611940298507,0.029850746268656716,4.357142857142857,0.20832549732078556,0.0821790952603332,0.032392279224595096,0.12810801793574197
2026-07-24,823196,SF,LAA,6,82,18,3,18,10,0.17073170731707318,0.21951219512195122,0.12195121951219512,0.036585365853658534,4.214285714285714,0.21018466836452163,0.0792798285277938,0.03278231510789636,0.12957715309617673
2026-07-25,823197,SF,LAA,9,79,20,2,14,7,0.12658227848101267,0.17721518987341772,0.08860759493670886,0.02531645569620253,4.214285714285714,0.20638359139271292,0.08428005478237546,0.03075733660208162,0.12321939935166341
2026-07-26,823194,SF,LAA,3,73,13,2,19,9,0.1232876712328767,0.2602739726027397,0.1232876712328767,0.0273972602739726,4.142857142857143,0.2039512759812568,0.0825608789679955,0.02954754621418462,0.1211945922813937
2026-07-27,823195,SF,MIL,3,61,9,1,13,6,0.06557377049180328,0.21311475409836064,0.09836065573770492,0.01639344262295082,4.142857142857143,0.2120660835481192,0.08946237929415336,0.03055211242423028,0.1252389497504087
2026-07-28,823193,SF,MIL,2,80,20,1,12,7,0.1,0.15,0.0875,0.0125,4.357142857142857,0.21395523265038308,0.0898214737516085,0.02886592975444105,0.12135136192839466
2026-07-29,823192,SF,MIL,16,89,25,2,12,11,0.11235955056179775,0.1348314606741573,0.12359550561797752,0.02247191011235955,3.9285714285714284,0.2081860018811523,0.08691396459409932,0.02609578323429453,0.11292645350348622
2026-07-30,823271,SF,SD,4,76,17,1,14,5,0.06578947368421052,0.18421052631578946,0.06578947368421052,0.013157894736842105,4.857142857142857,0.2076127388680819,0.08468779322667595,0.02685057953483722,0.11585009487014523
2026-07-31,823272,SF,SD,0,69,14,1,12,6,0.07246376811594203,0.17391304347826086,0.08695652173913043,0.014492753623188406,4.857142857142857,0.2050143310839156,0.08518536067470779,0.025689588822762916,0.11004514130977373
2026-08-01,823269,SF,SD,5,79,22,2,21,7,0.12658227848101267,0.26582278481012656,0.08860759493670886,0.02531645569620253,4.642857142857143,0.2070847244586568,0.08415016398733718,0.025689588822762916,0.11211553468451493
2026-08-02,823270,SF,SD,4,76,15,3,17,7,0.13157894736842105,0.2236842105263158,0.09210526315789473,0.039473684210526314,4.5,0.21369111384985628,0.08571737314948305,0.025593145182015477,0.11544284029030154
2026-08-03,822867,SF,TEX,5,75,13,3,16,8,0.13333333333333333,0.21333333333333335,0.10666666666666667,0.04,4.571428571428571,0.21158537481873418,0.08687136572586072,0.025700216658174232,0.11670390434283795
2026-08-04,822865,SF,TEX,4,79,17,1,13,9,0.11392405063291139,0.16455696202531644,0.11392405063291139,0.012658227848101266,4.714285714285714,0.20400600973936914,0.08953009588459086,0.02558116903912661,0.11531501545394907
2026-08-05,822866,SF,TEX,0,74,17,1,18,8,0.12162162162162163,0.24324324324324326,0.10810810810810811,0.013513513513513514,4.785714285714286,0.20206144831847686,0.09375363374780275,0.02354990742749392,0.11268923824866779
2026-08-07,823191,SF,DET,5,74,16,2,15,7,0.08108108108108109,0.20270270270270271,0.0945945945945946,0.02702702702702703,4.642857142857143,0.2023333499988292,0.09644546038329135,0.023509122175441065,0.11735235206671117
2026-08-08,823188,SF,DET,0,75,12,0,12,10,0.06666666666666667,0.16,0.13333333333333333,0.0,4.714285714285714,0.20188674134326537,0.10000392289697775,0.023307427943896085,0.11035068088593551
2026-08-09,823190,SF,DET,1,74,12,0,21,4,0.04054054054054054,0.28378378378378377,0.05405405405405406,0.0,4.285714285714286,0.19763587026312598,0.10081693102705905,0.02069418752577762,0.10291746369662076
2026-08-10,823189,SF,HOU,3,79,14,3,14,7,0.1518987341772152,0.17721518987341772,0.08860759493670886,0.0379746835443038,3.7142857142857144,0.205247912685295,0.09834882096401229,0.01888586926176315,0.09677162527230132
2026-08-11,823186,SF,HOU,4,73,14,1,12,6,0.0684931506849315,0.1643835616438356,0.0821917808219178,0.0136986301369863,3.7142857142857144,0.1993151424903434,0.09587167265714315,0.019641399495358237,0.09881527262546838
2026-08-12,823187,SF,HOU,1,68,9,0,15,6,0.04411764705882353,0.22058823529411764,0.08823529411764706,0.0,3.7857142857142856,0.1958343430293059,0.0947167530203012,0.019448912889217913,0.09902379978212039
2026-08-14,823185,SF,COL,2,73,13,2,12,8,0.1780821917808219,0.1643835616438356,0.1095890410958904,0.0273972602739726,3.7142857142857144,0.20087635983602858,0.09476927402870458,0.01855605574636077,0.09503220314346492
2026-08-15,823184,SF,COL,7,70,15,1,16,3,0.07142857142857142,0.22857142857142856,0.04285714285714286,0.014285714285714285,2.7142857142857144,0.20298722419100562,0.09376881227712693,0.01890786647219028,0.09972667751625237
2026-08-16,823182,SF,COL,7,87,20,3,12,14,0.13793103448275862,0.13793103448275862,0.16091954022988506,0.034482758620689655,2.9285714285714284,0.20615586006640843,0.09213078864662208,0.018988425011395436,0.10012947021227814
2026-08-18,824398,SF,CLE,1,73,19,2,20,5,0.1506849315068493,0.273972602739726,0.0684931506849315,0.0273972602739726,3.4285714285714284,0.20358571656672966,0.09741386139596171,0.020416282511216948,0.1048057035241936
2026-08-19,824394,SF,CLE,1,69,13,0,23,2,0.043478260869565216,0.3333333333333333,0.028985507246376812,0.0,3.142857142857143,0.20416784641884395,0.09597711537797761,0.020564911409629096,0.10652732159746767
2026-08-20,824395,SF,CLE,2,76,14,1,19,10,0.039473684210526314,0.25,0.13157894736842105,0.013157894736842105,2.9285714285714284,0.21199992661934516,0.09146856138429774,0.01774536253744865,0.10023441541897794
2026-08-21,824721,SF,BOS,4,76,18,3,15,8,0.19736842105263158,0.19736842105263158,0.10526315789473684,0.039473684210526314,2.7142857142857144,0.2146189742383928,0.09324801000585163,0.01582806930436594,0.09353015476734887
2026-08-22,824718,SF,BOS,2,79,16,2,19,10,0.10126582278481013,0.24050632911392406,0.12658227848101267,0.02531645569620253,2.7142857142857144,0.21696264988320105,0.09262937481026774,0.017743459044539157,0.09949046694018604
2026-08-23,824720,SF,BOS,4,71,19,2,12,2,0.16901408450704225,0.16901408450704225,0.028169014084507043,0.028169014084507043,2.857142857142857,0.2167671560168211,0.09394895840833235,0.018586526343302656,0.09803648130898522
2026-08-24,823183,SF,CIN,5,67,15,1,18,3,0.11940298507462686,0.26865671641791045,0.04477611940298507,0.014925373134328358,2.7857142857142856,0.21436082614570245,0.08920427408618324,0.01866809684740837,0.10431741012512531
2026-08-25,823181,SF,CIN,3,69,12,2,12,5,0.11594202898550725,0.17391304347826086,0.07246376811594203,0.028985507246376812,3.142857142857143,0.22212202017555324,0.08287875880544407,0.019734194928431825,0.10808429001140818
2026-08-26,823180,SF,CIN,9,90,27,6,20,8,0.25555555555555554,0.2222222222222222,0.08888888888888889,0.06666666666666667,3.2857142857142856,0.21427411015373019,0.08419373838129321,0.021804588303173028,0.11347011061462009
2026-08-27,823179,SF,AZ,6,69,13,2,12,5,0.10144927536231885,0.17391304347826086,0.07246376811594203,0.028985507246376812,3.7142857142857144,0.21748889817864478,0.08421383080644892,0.02385401566905609,0.12087416928450152
2026-08-28,823178,SF,AZ,6,81,17,5,20,6,0.2345679012345679,0.24691358024691357,0.07407407407407407,0.06172839506172839,3.857142857142857,0.2181695754525323,0.08351897275602209,0.024945935462583984,0.1232281781900292
2026-08-29,823176,SF,AZ,7,75,15,0,17,9,0.02666666666666667,0.22666666666666666,0.12,0.0,4.214285714285714,0.22004995723487483,0.08250745703862401,0.029355106538421726,0.13683176777401093
2026-08-29,823177,SF,AZ,1,73,13,1,15,8,0.0547945205479452,0.2054794520547945,0.1095890410958904,0.0136986301369863,4.571428571428571,0.22449875045079137,0.08325109696034613,0.027398159375995112,0.12601637312299985
2026-08-31,824911,SF,ATL,7,77,20,4,17,4,0.19480519480519481,0.22077922077922077,0.05194805194805195,0.05194805194805195,4.142857142857143,0.22284932355674608,0.08801766112025668,0.027356224793943115,0.12482822663152655
2026-09-01,823340,SF,PIT,12,101,35,2,16,12,0.09900990099009901,0.15841584158415842,0.1188118811881188,0.019801980198019802,4.142857142857143,0.2287670511493505,0.08023398338584002,0.028603745745897562,0.1288906666545577
2026-09-02,823339,SF,PIT,5,84,15,1,14,9,0.09523809523809523,0.16666666666666666,0.10714285714285714,0.011904761904761904,4.928571428571429,0.22051299678109568,0.08382817842178196,0.028061225740472363,0.1251995930462184
2026-09-03,823337,SF,PIT,2,70,7,0,15,12,0.014285714285714285,0.21428571428571427,0.17142857142857143,0.0,5.214285714285714,0.2086082348763338,0.08941084627153058,0.028911565876526785,0.12889672407254196
2026-09-04,823579,SF,NYM,6,82,21,6,15,10,0.25609756097560976,0.18292682926829268,0.12195121951219512,0.07317073170731707,5.214285714285714,0.20605721446817052,0.09225724799011274,0.027971716252466635,0.12709758336362684
2026-03-20,831456,STL,NYM,4,73,10,2,15,10,0.0958904109589041,0.2054794520547945,0.136986301369863,0.0273972602739726,,,,,
2026-03-21,831449,STL,MIA,7,72,19,3,12,4,0.18055555555555555,0.16666666666666666,0.05555555555555555,0.041666666666666664,,,,,
2026-03-22,831496,STL,HOU,3,71,13,2,20,7,0.14084507042253522,0.28169014084507044,0.09859154929577464,0.028169014084507043,,,,,
2026-03-26,823081,STL,TB,9,90,31,3,8,7,0.12222222222222222,0.08888888888888889,0.07777777777777778,0.03333333333333333,4.666666666666667,0.21794541985551052,0.09704446874039774,0.03241098034171543,0.13909701231233162
2026-03-28,823082,STL,TB,4,76,13,0,16,5,0.02631578947368421,0.21052631578947367,0.06578947368421052,0.0,5.75,0.18568128711385512,0.09222779599974275,0.03264156858961991,0.13487831478980428
2026-03-29,823079,STL,TB,7,88,28,3,11,7,0.18181818181818182,0.125,0.07954545454545454,0.03409090909090909,5.4,0.19065029284897883,0.0869401315366363,0.02611325487169593,0.11316580972658026
2026-03-30,823080,STL,NYM,2,76,15,1,13,8,0.11842105263157894,0.17105263157894737,0.10526315789473684,0.013157894736842105,5.666666666666667,0.17970857737414903,0.08570768537143934,0.027442863908231457,0.12460787174184718
2026-03-31,823077,STL,NYM,3,67,9,1,16,8,0.08955223880597014,0.23880597014925373,0.11940298507462686,0.014925373134328358,5.142857142857143,0.17847201368912022,0.08850132430333899,0.025402154026604402,0.1237240404403803
2026-04-01,823078,STL,NYM,1,83,10,1,19,8,0.060240963855421686,0.2289156626506024,0.0963855421686747,0.012048192771084338,4.875,0.1860137582466369,0.09236403189974997,0.0240925564150699,0.11945256523607903
2026-04-03,824299,STL,DET,0,71,15,1,14,5,0.07042253521126761,0.19718309859154928,0.07042253521126761,0.014084507042253521,4.444444444444445,0.1907806365137442,0.09281086637407493,0.022754293787960393,0.112873498416006
2026-04-04,824295,STL,DET,6,81,18,5,17,12,0.2345679012345679,0.20987654320987653,0.14814814814814814,0.06172839506172839,4.0,0.1914208827215247,0.0905720332577942,0.021887315113389705,0.10862840209553215
2026-04-05,824296,STL,DET,5,77,12,1,15,10,0.05194805194805195,0.19480519480519481,0.12987012987012986,0.012987012987012988,4.181818181818182,0.19309867003864759,0.09580622552055364,0.025509231472329585,0.12007744747180812
2026-04-06,822755,STL,WSH,6,84,21,5,12,14,0.25,0.14285714285714285,0.16666666666666666,0.05952380952380952,4.25,0.19324088043585985,0.09864488421635166,0.02446571326521987,0.11439999784482845
2026-04-07,822754,STL,WSH,7,91,19,4,21,14,0.15384615384615385,0.23076923076923078,0.15384615384615385,0.04395604395604396,4.384615384615385,0.18936520831442008,0.10387732902022205,0.027162489900496,0.1248307672413801
2026-04-08,822753,STL,WSH,6,73,12,1,11,8,0.0410958904109589,0.1506849315068493,0.1095890410958904,0.0136986301369863,4.571428571428571,0.1923226384897637,0.10744653079350289,0.02836202947589228,0.1269032948560068
2026-04-10,823076,STL,BOS,3,73,13,0,16,6,0.0410958904109589,0.2191780821917808,0.0821917808219178,0.0,4.714285714285714,0.1884087441649105,0.10548958363107627,0.027383555894678974,0.12298940053115358
2026-04-11,823074,STL,BOS,1,78,15,1,14,8,0.05128205128205128,0.1794871794871795,0.10256410256410256,0.01282051282051282,4.428571428571429,0.19215955955956152,0.10739217115010216,0.024407365418488498,0.1130279958779681
2026-04-12,823075,STL,BOS,3,78,18,3,8,5,0.14102564102564102,0.10256410256410256,0.0641025641025641,0.038461538461538464,4.285714285714286,0.18485934803399787,0.10767592495498272,0.023311043899631765,0.10663063736793353
2026-04-13,823073,STL,CLE,3,82,20,3,12,9,0.14634146341463414,0.14634146341463414,0.10975609756097561,0.036585365853658534,3.857142857142857,0.18583614901079884,0.10669912397818175,0.023677344265932133,0.10797373871103487
2026-04-14,823072,STL,CLE,5,77,17,5,14,6,0.24675324675324675,0.18181818181818182,0.07792207792207792,0.06493506493506493,3.7857142857142856,0.18125151669831027,0.10983959711223638,0.026290584684050596,0.11654700113538843
2026-04-15,823071,STL,CLE,5,75,17,0,15,9,0.06666666666666667,0.2,0.12,0.0,3.642857142857143,0.18530995825675184,0.10972364163913806,0.028493738672918874,0.12118522005932165
2026-04-17,824207,STL,HOU,9,81,18,5,19,6,0.2222222222222222,0.2345679012345679,0.07407407407407407,0.06172839506172839,3.857142857142857,0.18737762742968417,0.11077627321808543,0.027553889048858724,0.11748847820468507
2026-04-18,824206,STL,HOU,7,80,14,5,20,12,0.225,0.25,0.15,0.0625,4.285714285714286,0.18707490822149234,0.10753849386090308,0.030896962043673013,0.1269649055915602
2026-04-19,824205,STL,HOU,7,84,16,1,19,6,0.10714285714285714,0.2261904761904762,0.07142857142857142,0.011904761904761904,4.714285714285714,0.18858093231787784,0.11136809799171203,0.03450066256002413,0.1387334081733158
2026-04-20,823879,STL,MIA,3,70,11,1,17,8,0.1,0.24285714285714285,0.11428571428571428,0.014285714285714285,5.214285714285714,0.19065288786065837,0.11143995772151945,0.03434496647877473,0.1413562883112865
2026-04-21,823880,STL,MIA,5,78,18,2,21,6,0.11538461538461539,0.2692307692307692,0.07692307692307693,0.02564102564102564,5.0,0.19300864497832024,0.10902121244563132,0.030956203566202295,0.1317442953659602
2026-04-22,823878,STL,MIA,1,71,16,1,14,5,0.056338028169014086,0.19718309859154928,0.07042253521126761,0.014084507042253521,5.0,0.19832475743728986,0.10523928009227039,0.03186006161291748,0.13627547846857188
2026-04-24,823069,STL,SEA,2,71,12,1,15,6,0.07042253521126761,0.2112676056338028,0.08450704225352113,0.014084507042253521,4.642857142857143,0.20220518284689032,0.0983646992740276,0.0286143971499492,0.12244248048064431
2026-04-25,823070,STL,SEA,9,93,33,8,13,5,0.27956989247311825,0.13978494623655913,0.053763440860215055,0.08602150537634409,4.285714285714286,0.20081220962293117,0.09341190558883956,0.026480715941821307,0.11648365057815244
2026-04-26,823068,STL,SEA,2,71,15,4,17,3,0.19718309859154928,0.23943661971830985,0.04225352112676056,0.056338028169014086,4.5,0.20003363924648188,0.08942436271486276,0.031646635601775434,0.13351750786830668
2026-04-27,823395,STL,PIT,4,69,14,2,14,4,0.11594202898550725,0.2028985507246377,0.057971014492753624,0.028985507246376812,4.428571428571429,0.20148067764123392,0.08657162987949438,0.035670780470990725,0.1446665941669203
2026-04-28,823390,STL,PIT,11,82,25,5,21,6,0.24390243902439024,0.25609756097560976,0.07317073170731707,0.06097560975609756,4.642857142857143,0.20315291844390954,0.08338640930296946,0.03682542292998102,0.14928516400288142
2026-04-29,823392,STL,PIT,5,82,15,2,20,10,0.12195121951219512,0.24390243902439024,0.12195121951219512,0.024390243902439025,5.214285714285714,0.2141195940447315,0.0840341355604518,0.03843357087959238,0.1566335067170778
2026-04-30,823391,STL,PIT,10,84,20,3,20,9,0.15476190476190477,0.23809523809523808,0.10714285714285714,0.03571428571428571,5.357142857142857,0.22108823515971404,0.08490521569982463,0.037562490740219556,0.15489134643833213
2026-05-01,823066,STL,LAD,7,75,19,2,17,5,0.14666666666666667,0.22666666666666666,0.06666666666666667,0.02666666666666667,5.714285714285714,0.2251080248937895,0.08699241421559457,0.03547529222444961,0.1483205362960934
2026-05-02,823067,STL,LAD,3,69,14,1,13,7,0.10144927536231885,0.18840579710144928,0.10144927536231885,0.014492753623188406,5.857142857142857,0.22701278679855139,0.08318289040607077,0.03738005412921152,0.15403482201037916
2026-05-03,823065,STL,LAD,1,76,17,0,7,6,0.039473684210526314,0.09210526315789473,0.07894736842105263,0.0,5.428571428571429,0.2237154936461858,0.08513826192665967,0.03400607974074437,0.1454081829489575
2026-05-04,823064,STL,MIL,6,81,22,1,16,8,0.12345679012345678,0.19753086419753085,0.09876543209876543,0.012345679012345678,5.0,0.212437298157464,0.08006307395673486,0.029541794026458658,0.13215630324970934
2026-05-06,823063,STL,MIL,2,75,15,1,15,7,0.08,0.2,0.09333333333333334,0.013333333333333334,4.928571428571429,0.21039018301511073,0.08201570686174874,0.029573288105571784,0.13332158417689505
2026-05-07,823306,STL,SD,2,65,9,1,17,8,0.1076923076923077,0.26153846153846155,0.12307692307692308,0.015384615384615385,4.857142857142857,0.20732895852531483,0.08051910822229294,0.029505260894687434,0.13189301274832363
2026-05-08,823303,STL,SD,6,71,12,0,19,5,0.014084507042253521,0.2676056338028169,0.07042253521126761,0.0,4.642857142857143,0.20677950797586428,0.08381581151899624,0.028772660162086704,0.13134356219887305
2026-05-09,823304,STL,SD,2,69,12,2,22,4,0.11594202898550725,0.3188405797101449,0.057971014492753624,0.028985507246376812,5.0,0.21180968906238337,0.08381581151899622,0.027766623944782878,0.1283254535469616
2026-05-10,823305,STL,SD,2,73,7,2,20,8,0.0958904109589041,0.273972602739726,0.1095890410958904,0.0273972602739726,5.0,0.21949347292497928,0.0819203809646557,0.028830981102220255,0.13157684595940727
2026-05-12,825011,STL,ATH,6,78,17,2,16,9,0.1282051282051282,0.20512820512820512,0.11538461538461539,0.02564102564102564,4.5,0.2290783055323483,0.08590792383863251,0.024643535023479435,0.11845688299410627
2026-05-13,825010,STL,ATH,2,77,26,2,12,3,0.11688311688311688,0.15584415584415584,0.03896103896103896,0.025974025974025976,4.785714285714286,0.226627704490198,0.09113157342847929,0.022450891985765973,0.1135298851093619
2026-05-14,825008,STL,ATH,5,81,19,4,12,6,0.18518518518518517,0.14814814814814814,0.07407407407407407,0.04938271604938271,4.642857142857143,0.2232666762844493,0.08977371803335679,0.022235786180598054,0.11359710567347689
2026-05-15,823061,STL,KC,4,93,19,2,18,12,0.0967741935483871,0.1935483870967742,0.12903225806451613,0.021505376344086023,4.214285714285714,0.21555600393963056,0.08983824248812518,0.02140772234440414,0.10940301611353366
2026-05-16,823060,STL,KC,4,68,16,1,6,4,0.10294117647058823,0.08823529411764706,0.058823529411764705,0.014705882352941176,4.142857142857143,0.2119592859448009,0.0903440309561481,0.021201660375950355,0.1076046571161188
2026-05-17,823058,STL,KC,0,71,14,1,13,4,0.056338028169014086,0.18309859154929578,0.056338028169014086,0.014084507042253521,3.7142857142857144,0.2012550042321158,0.0868926504039272,0.019701060135854317,0.10390317652388191
2026-05-19,823059,STL,PIT,6,84,21,4,20,8,0.15476190476190477,0.23809523809523808,0.09523809523809523,0.047619047619047616,3.2142857142857144,0.19814299886658931,0.08615489051123773,0.018802334448396234,0.09745113091690673
2026-05-20,823057,STL,PIT,0,80,20,1,12,5,0.075,0.15,0.0625,0.0125,3.4285714285714284,0.20169224465185995,0.08571123478807889,0.021168498305243318,0.10125917587402002
2026-05-21,823056,STL,PIT,2,75,18,3,20,4,0.16,0.26666666666666666,0.05333333333333334,0.04,3.357142857142857,0.20582758299772458,0.08453642275800373,0.02206135544810046,0.10379676985898242
2026-05-23,824516,STL,CIN,6,93,19,4,22,10,0.17204301075268819,0.23655913978494625,0.10752688172043011,0.043010752688172046,3.0714285714285716,0.21076585460266287,0.08129127284618716,0.024036664090075772,0.10640699913587835
2026-05-23,824518,STL,CIN,8,77,14,3,13,11,0.14285714285714285,0.16883116883116883,0.14285714285714285,0.03896103896103896,3.357142857142857,0.21337722173015905,0.08230509773097976,0.026156479758278534,0.1129814999039275
2026-05-25,823784,STL,MIL,1,68,13,1,25,5,0.07352941176470588,0.36764705882352944,0.07352941176470588,0.014705882352941176,3.7857142857142856,0.20675527225106669,0.08371797057242403,0.02784051001373736,0.11549327384427288
2026-05-26,823785,STL,MIL,0,72,17,2,17,5,0.125,0.2361111111111111,0.06944444444444445,0.027777777777777776,3.4285714285714284,0.21390108832397473,0.08393989032624107,0.028890930181804587,0.11973933846730521
2026-05-27,823783,STL,MIL,1,65,11,0,18,2,0.07692307692307693,0.27692307692307694,0.03076923076923077,0.0,3.2857142857142856,0.20799184056690087,0.08475942103707612,0.028804663791190375,0.12038633639691183
2026-05-29,823055,STL,CHC,6,75,20,4,13,2,0.21333333333333335,0.17333333333333334,0.02666666666666667,0.05333333333333334,3.2142857142857144,0.20820258872285452,0.07912943458517185,0.02684771662876376,0.11903152682292417
2026-05-30,823054,STL,CHC,1,78,17,1,14,5,0.07692307692307693,0.1794871794871795,0.0641025641025641,0.01282051282051282,3.2142857142857144,0.20593152645179225,0.07279243824817551,0.02882573860678574,0.12511211290351026
2026-05-31,823053,STL,CHC,5,69,15,1,13,5,0.057971014492753624,0.18840579710144928,0.07246376811594203,0.014492753623188406,3.142857142857143,0.20762031385486537,0.07458826147257017,0.027886201952963367,0.12225782433493596
2026-06-01,823050,STL,TEX,1,70,13,1,19,3,0.07142857142857142,0.2714285714285714,0.04285714285714286,0.014285714285714285,3.142857142857143,0.2104958602086726,0.07447323961841788,0.025394061779663774,0.11317109785690514
2026-06-02,823052,STL,TEX,4,82,22,1,25,4,0.0975609756097561,0.3048780487804878,0.04878048780487805,0.012195121951219513,2.9285714285714284,0.2160587305180867,0.06831787424646264,0.024878371632637224,0.11136069627691832
2026-06-03,823051,STL,TEX,5,76,17,0,16,7,0.10526315789473684,0.21052631578947367,0.09210526315789473,0.0,2.9285714285714284,0.2315332129940039,0.06760051413168502,0.02469903160394282,0.1109763962154303
2026-06-05,823049,STL,CIN,10,84,19,1,17,13,0.08333333333333333,0.20238095238095238,0.15476190476190477,0.011904761904761904,3.2857142857142856,0.2334923361540166,0.07015531663089078,0.023692995386638997,0.11447104833869622
2026-06-06,823048,STL,CIN,6,77,22,3,13,6,0.12987012987012986,0.16883116883116883,0.07792207792207792,0.03896103896103896,3.5714285714285716,0.23094131574585333,0.0744070173111629,0.021141974978475732,0.10936900752236967
2026-06-07,823047,STL,CIN,5,78,16,4,16,8,0.19230769230769232,0.20512820512820512,0.10256410256410256,0.05128205128205128,4.0,0.23228639923379396,0.07550859430559705,0.02303204918997851,0.11328830251309323
2026-06-09,823620,STL,NYM,7,72,15,1,15,3,0.1111111111111111,0.20833333333333334,0.041666666666666664,0.013888888888888888,4.214285714285714,0.22789079483818958,0.07902507782208056,0.02383790999583932,0.11559599482078553
2026-06-10,823618,STL,NYM,9,76,14,4,14,6,0.17105263157894737,0.18421052631578946,0.07894736842105263,0.05263157894736842,4.285714285714286,0.22587466580593146,0.07432077674681173,0.021757776867319095,0.11124371627495862
2026-06-11,823619,STL,NYM,4,70,17,6,18,2,0.32857142857142857,0.2571428571428571,0.02857142857142857,0.08571428571428572,4.357142857142857,0.22697319134054728,0.06975579285851959,0.022734244009199767,0.11325767975508749
2026-06-12,823695,STL,MIN,8,78,23,5,17,6,0.2564102564102564,0.21794871794871795,0.07692307692307693,0.0641025641025641,4.571428571428571,0.21908003407764212,0.06654450834471405,0.027806272820724377,0.1314749666698534
2026-06-13,823694,STL,MIN,9,78,20,7,13,8,0.3333333333333333,0.16666666666666666,0.10256410256410256,0.08974358974358974,5.142857142857143,0.21778272028032827,0.0670786963789021,0.030400900415351973,0.14086141355630027
2026-06-14,823693,STL,MIN,4,75,20,3,17,5,0.16,0.22666666666666666,0.06666666666666667,0.04,5.714285714285714,0.20990726240487043,0.07220690150710722,0.03681115682560838,0.1591764318713186
2026-06-15,823046,STL,SD,3,61,9,0,13,4,0.03278688524590164,0.21311475409836064,0.06557377049180328,0.0,5.571428571428571,0.21371678621439424,0.07506404436425007,0.03585877587322743,0.1553669080617948
2026-06-16,823045,STL,SD,3,70,12,0,11,6,0.02857142857142857,0.15714285714285714,0.08571428571428572,0.0,5.714285714285714,0.2161187558294786,0.07516913053491002,0.03494302495747652,0.15221432294199658
2026-06-17,823044,STL,SD,1,77,20,1,13,6,0.07792207792207792,0.16883116883116883,0.07792207792207792,0.012987012987012988,5.571428571428571,0.21388568868957916,0.07611559607764885,0.03390782827010592,0.15011435251904476
2026-06-18,824098,STL,KC,6,92,30,3,13,8,0.22826086956521738,0.14130434782608695,0.08695652173913043,0.03260869565217391,5.571428571428571,0.2065573027897647,0.07862023429657279,0.03381506389162725,0.1505781744114381
2026-06-19,824097,STL,KC,5,71,17,1,4,7,0.16901408450704225,0.056338028169014086,0.09859154929577464,0.014084507042253521,5.714285714285714,0.1948734670073075,0.08134709386330509,0.035273176298838284,0.15991388112254248
2026-06-21,824095,STL,KC,12,93,28,8,16,7,0.3010752688172043,0.17204301075268819,0.07526881720430108,0.08602150537634409,5.714285714285714,0.18386001789156037,0.0818104000160108,0.0362792125161421,0.16446751873770712
2026-06-22,823040,STL,AZ,3,68,15,1,6,4,0.07352941176470588,0.08823529411764706,0.058823529411764705,0.014705882352941176,5.857142857142857,0.18169302206097004,0.07613232233332483,0.041573265621255115,0.18002051412941222
2026-06-23,823043,STL,AZ,3,76,13,0,14,10,0.07894736842105263,0.18421052631578946,0.13157894736842105,0.0,5.642857142857143,0.17593617386714708,0.07476814029687388,0.03984075443496242,0.17599617712188192
2026-06-24,823041,STL,AZ,4,82,20,3,12,7,0.1951219512195122,0.14634146341463414,0.08536585365853659,0.036585365853658534,5.5,0.1744420539519745,0.07684062921146806,0.03617775077195876,0.16789901112997913
2026-06-26,823039,STL,MIA,0,70,11,0,11,7,0.02857142857142857,0.15714285714285714,0.1,0.0,5.285714285714286,0.17001406324349605,0.07996199971088734,0.037798927698013726,0.17389978542343631
2026-06-27,823038,STL,MIA,1,74,20,0,15,4,0.05405405405405406,0.20270270270270271,0.05405405405405406,0.0,4.642857142857143,0.16808065830257227,0.08146575910938358,0.034039529201773125,0.16372255663718496
2026-06-28,823037,STL,MIA,2,61,10,1,11,3,0.08196721311475409,0.18032786885245902,0.04918032786885246,0.01639344262295082,4.428571428571429,0.16419207584256124,0.08328594664385683,0.027917080222181288,0.1441141727430868
2026-06-30,824907,STL,ATL,5,79,12,2,18,12,0.08860759493670886,0.22784810126582278,0.1518987341772152,0.02531645569620253,4.0,0.1615048723356856,0.08130432171141222,0.024509285830780343,0.13165395536483662
2026-07-01,824905,STL,ATL,1,65,9,1,16,5,0.07692307692307693,0.24615384615384617,0.07692307692307693,0.015384615384615385,3.7142857142857144,0.1658749748070539,0.0848282239694917,0.019907347684538397,0.11417354547936345
2026-07-02,824906,STL,ATL,11,82,23,3,10,6,0.13414634146341464,0.12195121951219512,0.07317073170731707,0.036585365853658534,3.5,0.1672669161989953,0.08556082470209243,0.018149105926296642,0.10823947954529753
2026-07-03,824659,STL,CHC,17,87,24,3,13,5,0.19540229885057472,0.14942528735632185,0.05747126436781609,0.034482758620689655,4.071428571428571,0.16075523515712634,0.08610346478891485,0.020762346344415105,0.1154794407036913
2026-07-04,824658,STL,CHC,3,72,13,1,25,8,0.06944444444444445,0.3472222222222222,0.1111111111111111,0.013888888888888888,5.071428571428571,0.16020398017237383,0.08408610612130987,0.023225400531607227,0.12739593143791603
2026-07-05,824656,STL,CHC,4,73,14,1,12,5,0.0547945205479452,0.1643835616438356,0.0684931506849315,0.0136986301369863,5.214285714285714,0.17294619827173477,0.08645675134909794,0.023289820238884075,0.12679038618951363
2026-07-06,823036,STL,MIL,3,74,15,0,15,5,0.05405405405405406,0.20270270270270271,0.06756756756756757,0.0,5.071428571428571,0.1745947135444311,0.08513793913094089,0.021939101273513534,0.1143999326882799
2026-07-07,823035,STL,MIL,2,78,15,2,11,8,0.14102564102564102,0.14102564102564102,0.10256410256410256,0.02564102564102564,4.928571428571429,0.18504933315398028,0.08292194043606896,0.020933065056209708,0.1061885019416379
2026-07-07,823062,STL,MIL,3,74,15,2,18,5,0.16216216216216217,0.24324324324324326,0.06756756756756757,0.02702702702702703,4.214285714285714,0.1828338067449055,0.08487160367605477,0.016620173646544105,0.09475638567081195
2026-07-08,823032,STL,MIL,5,67,14,2,16,2,0.16417910447761194,0.23880597014925373,0.029850746268656716,0.029850746268656716,4.214285714285714,0.19390580311101951,0.0854961778300407,0.01750025540897881,0.10108729641348739
2026-07-09,823034,STL,MIL,4,77,16,3,15,6,0.15584415584415584,0.19480519480519481,0.07792207792207792,0.03896103896103896,4.357142857142857,0.19780547767055268,0.07822987775148608,0.01963245157102572,0.10717527756038449
2026-07-10,823033,STL,ATL,2,62,8,1,18,4,0.08064516129032258,0.2903225806451613,0.06451612903225806,0.016129032258064516,4.357142857142857,0.20126717276987843,0.0776981794845962,0.019802142507267174,0.10436972074785904
2026-07-11,823030,STL,ATL,4,65,11,2,17,3,0.13846153846153847,0.26153846153846155,0.046153846153846156,0.03076923076923077,4.5,0.21078001016290018,0.07516361727261464,0.020954216239986067,0.10808927308492289
2026-07-12,823029,STL,ATL,3,79,11,0,15,11,0.05063291139240506,0.189873417721519,0.13924050632911392,0.0,4.714285714285714,0.21498256436545438,0.07459931670831407,0.023152018437788267,0.11411837911402893
2026-07-17,825060,STL,AZ,5,77,16,3,13,8,0.16883116883116883,0.16883116883116883,0.1038961038961039,0.03896103896103896,4.785714285714286,0.21566438928467296,0.08103218659833275,0.021981058250434636,0.11188021470528971
2026-07-18,825059,STL,AZ,3,73,16,1,15,7,0.0684931506849315,0.2054794520547945,0.0958904109589041,0.0136986301369863,4.785714285714286,0.2114488941107691,0.07760342729253908,0.0229556713407801,0.1176104699834654
2026-07-19,825057,STL,AZ,7,90,23,2,14,12,0.13333333333333333,0.15555555555555556,0.13333333333333333,0.022222222222222223,4.928571428571429,0.20854358024655112,0.07895823686652674,0.022835243823092304,0.11700833239502646
2026-07-20,824006,STL,LAA,2,66,10,1,18,4,0.07575757575757576,0.2727272727272727,0.06060606060606061,0.015151515151515152,4.642857142857143,0.210943889963934,0.08325556555409933,0.021809304992275423,0.11695026038573494
2026-07-21,824005,STL,LAA,1,71,17,1,20,5,0.07042253521126761,0.28169014084507044,0.07042253521126761,0.014084507042253521,3.5714285714285716,0.2197511746332876,0.08347947957111679,0.02042850188733439,0.10840420873623502
2026-07-22,824004,STL,LAA,1,67,10,1,20,5,0.05970149253731343,0.29850746268656714,0.07462686567164178,0.014925373134328358,3.4285714285714284,0.2150703116777768,0.08057315272112796,0.020442474612574722,0.10847407236243667
2026-07-23,823042,STL,AZ,6,87,29,1,8,7,0.12643678160919541,0.09195402298850575,0.08045977011494253,0.011494252873563218,3.2142857142857144,0.22465059032368617,0.08101127522017869,0.02053009911238487,0.10882457036167725
2026-07-24,823031,STL,CIN,2,73,13,1,20,6,0.0821917808219178,0.273972602739726,0.0821917808219178,0.0136986301369863,3.4285714285714284,0.2167399703441007,0.08193214683070547,0.021351117174782244,0.1139947651870445
2026-07-25,823027,STL,CIN,7,69,13,0,18,5,0.028985507246376812,0.2608695652173913,0.07246376811594203,0.0,3.4285714285714284,0.22623618189510677,0.080476980991978,0.020498088924493712,0.10979234660106427
2026-07-26,823028,STL,CIN,3,84,16,3,21,8,0.11904761904761904,0.25,0.09523809523809523,0.03571428571428571,3.7142857142857144,0.22749520489326017,0.08082670960257618,0.018567586993991785,0.1002797283927939
2026-07-27,823025,STL,CHC,3,79,22,3,15,6,0.17721518987341772,0.189873417721519,0.0759493670886076,0.0379746835443038,3.5714285714285716,0.22829477845402776,0.08549723452896464,0.01898641124010814,0.0970560508620801
2026-07-28,823026,STL,CHC,2,82,24,0,12,6,0.07317073170731707,0.14634146341463414,0.07317073170731707,0.0,3.5,0.22794250866233665,0.08535632661228819,0.018915957281769917,0.09858255329274167
2026-07-29,823022,STL,CHC,1,78,10,1,18,9,0.08974358974358974,0.23076923076923078,0.11538461538461539,0.01282051282051282,3.5,0.21765814314587043,0.08597451251764955,0.017763883549051025,0.09804866546538414
2026-07-30,823023,STL,CHC,2,84,21,1,14,7,0.09523809523809523,0.16666666666666666,0.08333333333333333,0.011904761904761904,3.2857142857142856,0.21546034094806824,0.09091956746270449,0.01648183226699974,0.09456881198553066
2026-07-31,822782,STL,TOR,1,70,14,0,15,7,0.04285714285714286,0.21428571428571427,0.1,0.0,3.2142857142857144,0.21380271587272162,0.08692619796300587,0.017332172403054163,0.0977548965459371
2026-08-01,822781,STL,TOR,1,77,20,0,10,7,0.06493506493506493,0.12987012987012986,0.09090909090909091,0.0,2.9285714285714284,0.2170494691194749,0.0866479048275699,0.014549241048694235,0.08875675183350666
2026-08-02,822783,STL,TOR,5,72,13,0,16,4,0.05555555555555555,0.2222222222222222,0.05555555555555555,0.0,2.7857142857142856,0.21164880324914168,0.08629209625258323,0.013570767467480928,0.08850260285137335
2026-08-03,823520,STL,NYY,13,82,23,10,20,8,0.4146341463414634,0.24390243902439024,0.0975609756097561,0.12195121951219512,2.642857142857143,0.21641070801104645,0.08073654069702767,0.011983465880179341,0.0829470472958178
2026-08-04,823517,STL,NYY,0,65,11,2,15,6,0.1076923076923077,0.23076923076923078,0.09230769230769231,0.03076923076923077,3.4285714285714284,0.2143517913179834,0.08337617748300594,0.019612016191656482,0.10715251662323833
2026-08-05,823516,STL,NYY,3,77,13,0,18,11,0.07792207792207792,0.23376623376623376,0.14285714285714285,0.0,3.357142857142857,0.21071458345542343,0.08493940298989341,0.020803782172154856,0.10981464322902691
2026-08-07,823024,STL,COL,3,70,15,1,17,5,0.1,0.24285714285714285,0.07142857142857142,0.014285714285714285,3.5,0.20609020996111393,0.08981299421742919,0.019737684091131403,0.11111611361365295
2026-08-08,823021,STL,COL,6,84,21,3,10,9,0.16666666666666666,0.11904761904761904,0.10714285714285714,0.03571428571428571,3.2857142857142856,0.21686900423744512,0.08916790859697411,0.019937074191999336,0.10922777207013898
2026-08-09,823020,STL,COL,7,78,24,3,8,6,0.16666666666666666,0.10256410256410256,0.07692307692307693,0.038461538461538464,3.5714285714285716,0.2058029339737232,0.09095012833418406,0.021509621018949293,0.11526169248762105
2026-08-10,823018,STL,PHI,5,80,16,0,20,11,0.0875,0.25,0.1375,0.0,3.5714285714285716,0.19449540092705972,0.09126865039183656,0.02425687376620204,0.12509606101764173
2026-08-11,823019,STL,PHI,2,64,11,1,14,8,0.046875,0.21875,0.125,0.015625,3.7142857142857144,0.19449540092705972,0.09428735787482975,0.02170585335803878,0.12284265965709754
2026-08-12,823017,STL,PHI,7,71,14,0,17,6,0.07042253521126761,0.23943661971830985,0.08450704225352113,0.0,3.642857142857143,0.19655801394695122,0.09779097451135778,0.020109447390588505,0.11353264609471056
2026-08-14,824643,STL,CHC,0,64,9,1,12,5,0.0625,0.1875,0.078125,0.015625,4.0,0.20320766796864234,0.09860071097894378,0.020109447390588505,0.11333634634499272
2026-08-15,824644,STL,CHC,8,73,15,6,10,5,0.273972602739726,0.136986301369863,0.0684931506849315,0.0821917808219178,3.9285714285714284,0.200117008627983,0.09593930988004269,0.02030976790340902,0.11139037564902203
2026-08-16,824642,STL,CHC,11,83,19,4,20,10,0.21686746987951808,0.24096385542168675,0.12048192771084337,0.04819277108433735,4.357142857142857,0.1979969825353542,0.09487929683372828,0.02533026925463444,0.12415712618485279
2026-08-17,824478,STL,CIN,5,81,24,2,21,5,0.12345679012345678,0.25925925925925924,0.06172839506172839,0.024691358024691357,5.071428571428571,0.19990256404506648,0.09634229167021709,0.028772610046372823,0.13658643525787958
2026-08-17,824514,STL,CIN,2,71,10,1,24,7,0.11267605633802817,0.3380281690140845,0.09859154929577464,0.014084507042253521,5.357142857142857,0.2091446447157186,0.09425795625254833,0.03053627847670792,0.1407665584856219
2026-08-18,824475,STL,CIN,3,68,10,1,17,3,0.10294117647058823,0.25,0.04411764705882353,0.014705882352941176,5.142857142857143,0.21741649805799446,0.09733195580542112,0.031542314694011746,0.14484659425579852
2026-08-19,824476,STL,CIN,4,75,16,2,24,8,0.12,0.32,0.10666666666666667,0.02666666666666667,4.428571428571429,0.2178520381276809,0.09351457519464022,0.023881933468350748,0.12258281069359313
2026-08-20,824474,STL,CIN,10,84,15,2,15,14,0.07142857142857142,0.17857142857142858,0.16666666666666666,0.023809523809523808,4.714285714285714,0.22422566450130726,0.09454021622028126,0.023588893175310457,0.123461931572714
2026-08-21,823420,STL,PHI,6,84,22,2,19,6,0.15476190476190477,0.2261904761904762,0.07142857142857142,0.023809523809523808,5.214285714285714,0.22028317841596404,0.09624089649239011,0.0252895734474193,0.12299810968032068
2026-08-22,823422,STL,PHI,3,74,22,3,13,1,0.20270270270270271,0.17567567567567569,0.013513513513513514,0.04054054054054054,5.428571428571429,0.21909270222548785,0.09624089649239011,0.025969845556262836,0.12690967430617103
2026-08-23,823421,STL,PHI,4,74,19,2,14,4,0.13513513513513514,0.1891891891891892,0.05405405405405406,0.02702702702702703,5.214285714285714,0.22313756341320617,0.08955308623315127,0.026314578043852465,0.1294836768801736
2026-08-25,823016,STL,BAL,1,80,24,3,23,2,0.1625,0.2875,0.025,0.0375,5.0,0.22932506960071236,0.08791958459964964,0.025497827227101647,0.12723142462792134
2026-08-26,823015,STL,BAL,7,86,24,3,14,9,0.16279069767441862,0.16279069767441862,0.10465116279069768,0.03488372093023256,4.714285714285714,0.2320036410292838,0.07988387031393536,0.028176398655673073,0.1325885674850642
2026-08-27,823014,STL,BAL,7,72,16,3,24,5,0.18055555555555555,0.3333333333333333,0.06944444444444445,0.041666666666666664,5.071428571428571,0.228006548006028,0.07843038194184233,0.029552021579261116,0.1408682601760941
2026-08-28,823013,STL,PIT,4,69,14,1,19,3,0.07246376811594203,0.2753623188405797,0.043478260869565216,0.014492753623188406,5.071428571428571,0.2347134561213868,0.07735448209833684,0.032528212055451595,0.1487349044864004
2026-08-29,823011,STL,PIT,2,77,14,3,20,6,0.14285714285714285,0.2597402597402597,0.07792207792207792,0.03896103896103896,5.357142857142857,0.24098933603857106,0.07487971501759151,0.032447337314250764,0.1494466022089677
2026-08-30,823010,STL,PIT,4,79,17,2,21,7,0.11392405063291139,0.26582278481012656,0.08860759493670886,0.02531645569620253,4.928571428571429,0.2497574759221708,0.07555320982024483,0.02935942718133085,0.14008121221735462
2026-09-01,823908,STL,LAD,13,88,22,5,17,9,0.2159090909090909,0.19318181818181818,0.10227272727272728,0.056818181818181816,4.428571428571429,0.2515331137356308,0.07327647176494952,0.02772540465360693,0.13272811084259697
2026-09-02,823906,STL,LAD,8,88,20,4,22,8,0.20454545454545456,0.25,0.09090909090909091,0.045454545454545456,5.0,0.2468132965158136,0.07617249549430656,0.030020177781713394,0.1393318466129994
2026-09-03,823907,STL,LAD,2,78,18,0,18,9,0.038461538461538464,0.23076923076923078,0.11538461538461539,0.0,5.428571428571429,0.2405255701576647,0.07562374846668629,0.032260894811162816,0.14589394648495846
2026-09-04,824311,STL,COL,7,81,19,3,11,8,0.19753086419753085,0.13580246913580246,0.09876543209876543,0.037037037037037035,5.357142857142857,0.23915194378403834,0.08071424620424285,0.03121047464309559,0.1412882580557406
2026-03-20,831602,TB,BOS,2,65,12,0,14,4,0.015384615384615385,0.2153846153846154,0.06153846153846154,0.0,,,,,
2026-03-21,831599,TB,MIN,3,61,11,4,7,2,0.21311475409836064,0.11475409836065574,0.03278688524590164,0.06557377049180328,,,,,
2026-03-22,831592,TB,TOR,1,83,23,5,15,8,0.2289156626506024,0.18072289156626506,0.0963855421686747,0.060240963855421686,,,,,
2026-03-23,831547,TB,PHI,7,78,16,2,19,10,0.11538461538461539,0.24358974358974358,0.1282051282051282,0.02564102564102564,2.0,0.17028720177051207,0.0635702963176793,0.04193824478240832,0.15247167737785947
2026-03-24,831545,TB,ATL,2,75,17,1,14,7,0.10666666666666667,0.18666666666666668,0.09333333333333334,0.013333333333333334,3.25,0.18861283722531993,0.07972900428954152,0.037863939997062654,0.14319991187954845
2026-03-26,823081,TB,STL,7,90,31,3,8,7,0.12222222222222222,0.08888888888888889,0.07777777777777778,0.03333333333333333,3.0,0.18822360311358927,0.08244987009829988,0.03295781866431679,0.1358932628369721
2026-03-28,823082,TB,STL,5,76,13,0,16,5,0.02631578947368421,0.21052631578947367,0.06578947368421052,0.0,3.6666666666666665,0.17166781740947257,0.08167118804487954,0.03302040444248621,0.13361475606784712
2026-03-29,823079,TB,STL,11,88,28,3,11,7,0.18181818181818182,0.125,0.07954545454545454,0.03409090909090909,3.857142857142857,0.17721903146375845,0.0794023717076411,0.028303203807845324,0.11828633226868099
2026-03-30,823809,TB,MIL,3,71,13,3,21,4,0.15492957746478872,0.29577464788732394,0.056338028169014086,0.04225352112676056,4.75,0.17069165253078863,0.07942025706236779,0.029026666968228296,0.12622781346236858
2026-03-31,823807,TB,MIL,2,72,14,4,14,7,0.2222222222222222,0.19444444444444445,0.09722222222222222,0.05555555555555555,4.555555555555555,0.1845897631259592,0.07685556496310626,0.030496317430287436,0.12941689835152637
2026-04-01,823806,TB,MIL,2,72,14,2,21,5,0.1111111111111111,0.2916666666666667,0.06944444444444445,0.027777777777777776,4.3,0.18557523125780775,0.07889223068901786,0.03300224124281424,0.13869743073859597
2026-04-03,823732,TB,MIN,4,80,15,1,19,9,0.1125,0.2375,0.1125,0.0125,4.090909090909091,0.19521990720406765,0.07803334103042027,0.03252729001872002,0.13618958349973373
2026-04-04,823730,TB,MIN,7,77,13,0,17,9,0.03896103896103896,0.22077922077922077,0.11688311688311688,0.0,4.083333333333333,0.19874324827039536,0.08090556261121859,0.030858349183826687,0.13421545154142256
2026-04-05,823729,TB,MIN,4,75,11,3,12,7,0.12,0.16,0.09333333333333334,0.04,4.3076923076923075,0.20043832307876652,0.08367306678598,0.02848463001584002,0.1268881890352392
2026-04-06,823002,TB,CHC,6,68,13,4,14,5,0.23529411764705882,0.20588235294117646,0.07352941176470588,0.058823529411764705,4.285714285714286,0.1975498714302832,0.08436308582507666,0.029307156443280018,0.12639617553272212
2026-04-07,822999,TB,CHC,2,81,22,2,10,6,0.12345679012345678,0.12345679012345678,0.07407407407407407,0.024691358024691357,4.571428571428571,0.196871138398609,0.0852195822698084,0.033508837115548924,0.14210399712289665
2026-04-08,823000,TB,CHC,2,72,13,1,14,6,0.08333333333333333,0.19444444444444445,0.08333333333333333,0.013888888888888888,4.5,0.19749275923880907,0.08816866718610643,0.0305886647964695,0.13569985683897495
2026-04-10,822997,TB,NYY,5,74,14,2,17,7,0.12162162162162163,0.22972972972972974,0.0945945945945946,0.02702702702702703,4.571428571428571,0.19847287015867904,0.08723636655501062,0.027277802298860017,0.1253011190305986
2026-04-11,822996,TB,NYY,4,84,17,1,17,8,0.09523809523809523,0.20238095238095238,0.09523809523809523,0.011904761904761904,4.428571428571429,0.19748286916867805,0.08483561415425822,0.027376802397860115,0.12574661947609903
2026-04-12,822998,TB,NYY,5,71,18,1,17,3,0.14084507042253522,0.23943661971830985,0.04225352112676056,0.014084507042253521,4.571428571428571,0.19860531814826987,0.08497166857602692,0.027274761581533587,0.12493029294548678
2026-04-14,824616,TB,CWS,8,84,17,2,13,13,0.11904761904761904,0.15476190476190477,0.15476190476190477,0.023809523809523808,4.428571428571429,0.2093587274932285,0.08243422167238283,0.02589984541788503,0.12626049638836628
2026-04-15,824615,TB,CWS,8,78,16,3,11,10,0.16666666666666666,0.14102564102564102,0.1282051282051282,0.038461538461538464,4.642857142857143,0.2053755552769736,0.08878939532078957,0.027600525689993875,0.1328841985007902
2026-04-16,824614,TB,CWS,5,83,17,3,17,11,0.13253012048192772,0.20481927710843373,0.13253012048192772,0.03614457831325301,4.428571428571429,0.20652024392166224,0.09226508629648054,0.027912713502181684,0.13180194741853912
2026-04-17,823397,TB,PIT,1,73,16,1,12,7,0.0958904109589041,0.1643835616438356,0.0958904109589041,0.0136986301369863,4.571428571428571,0.2000234317231701,0.0977073786045458,0.027476360444074,0.13020198620547763
2026-04-18,823394,TB,PIT,8,111,22,3,26,12,0.10810810810810811,0.23423423423423423,0.10810810810810811,0.02702702702702703,4.5,0.19787622580884087,0.0976122492285945,0.024486580057033337,0.12117828540095489
2026-04-19,823393,TB,PIT,3,69,18,3,16,1,0.2028985507246377,0.2318840579710145,0.014492753623188406,0.043478260869565216,4.928571428571429,0.19377390920652426,0.10037393949028477,0.024432955003408287,0.12096378518645469
2026-04-20,822994,TB,CIN,1,75,16,1,13,5,0.12,0.17333333333333334,0.06666666666666667,0.013333333333333334,4.857142857142857,0.19337277049016816,0.09337342189194109,0.026645687922662947,0.1274208245239288
2026-04-21,822995,TB,CIN,6,91,18,6,23,17,0.23076923076923078,0.25274725274725274,0.18681318681318682,0.06593406593406594,4.428571428571429,0.18998377852974763,0.08978653259076606,0.0275980688750439,0.13320932174099745
2026-04-22,822993,TB,CIN,6,68,14,1,11,4,0.058823529411764705,0.16176470588235295,0.058823529411764705,0.014705882352941176,4.571428571428571,0.19660858229740855,0.09646366498218417,0.029450502156048608,0.14112140965308537
2026-04-24,822992,TB,MIN,6,72,16,6,13,5,0.2916666666666667,0.18055555555555555,0.06944444444444445,0.08333333333333333,4.571428571428571,0.19345732179320682,0.09541324481411695,0.026299241651846928,0.12851636763627863
2026-04-25,822989,TB,MIN,6,71,13,1,17,5,0.09859154929577464,0.23943661971830985,0.07042253521126761,0.014084507042253521,4.857142857142857,0.1975358050383568,0.09508255698342911,0.03048795417389278,0.1405313588179365
2026-04-26,822991,TB,MIN,4,70,14,2,10,8,0.12857142857142856,0.14285714285714285,0.11428571428571428,0.02857142857142857,5.142857142857143,0.2007495318436329,0.09416035711756729,0.030501926899133114,0.1416212313866823
2026-04-27,824446,TB,CLE,3,71,13,2,17,5,0.09859154929577464,0.23943661971830985,0.07042253521126761,0.028169014084507043,5.071428571428571,0.19454434706701954,0.09556686566693297,0.030612241295161796,0.14211764616881137
2026-04-28,824447,TB,CLE,1,72,9,0,14,9,0.05555555555555555,0.19444444444444445,0.125,0.0,5.0,0.19719118044825934,0.0937943256650167,0.03177397359371502,0.14235717860150274
2026-04-29,824445,TB,CLE,1,71,15,0,19,2,0.028169014084507043,0.2676056338028169,0.028169014084507043,0.0,4.714285714285714,0.19397745364298324,0.09970478844167667,0.030767937376411196,0.13626507039671848
2026-05-01,822990,TB,SF,3,58,11,2,13,0,0.13793103448275862,0.22413793103448276,0.0,0.034482758620689655,4.214285714285714,0.2020377200030484,0.09066243910757683,0.02906725710430235,0.1297737414707819
2026-05-02,822988,TB,SF,5,70,16,0,16,6,0.05714285714285714,0.22857142857142856,0.08571428571428572,0.0,3.857142857142857,0.2079743121465371,0.08150492995006767,0.028783058544241725,0.12772119631478848
2026-05-03,822987,TB,SF,1,75,14,0,11,6,0.05333333333333334,0.14666666666666667,0.08,0.0,3.857142857142857,0.20967089439389386,0.07816094175237896,0.026201302950437936,0.12233639179056917
2026-05-04,822984,TB,TOR,5,72,21,1,13,3,0.05555555555555555,0.18055555555555555,0.041666666666666664,0.013888888888888888,3.857142857142857,0.20840540189552464,0.07702591239817154,0.02522282936922463,0.11929660053159982
2026-05-05,822986,TB,TOR,4,72,19,1,12,4,0.05555555555555555,0.16666666666666666,0.05555555555555555,0.013888888888888888,3.642857142857143,0.20457121056133334,0.07228009515235427,0.02428439093078619,0.11554284677784607
2026-05-06,822985,TB,TOR,3,66,10,0,10,6,0.045454545454545456,0.15151515151515152,0.09090909090909091,0.0,3.7142857142857144,0.19991282546816563,0.07521315243323766,0.02217086436073788,0.10501834712291162
2026-05-07,824767,TB,BOS,8,76,20,1,9,5,0.09210526315789473,0.11842105263157894,0.06578947368421052,0.013157894736842105,3.857142857142857,0.19835438390972407,0.07694475416483938,0.02121848340835693,0.0996936717982363
2026-05-08,824768,TB,BOS,0,66,9,2,19,5,0.09090909090909091,0.2878787878787879,0.07575757575757576,0.030303030303030304,4.0,0.18875965533003308,0.06830020322705536,0.017448756894269512,0.08978910268314087
2026-05-10,824765,TB,BOS,4,72,15,1,13,4,0.09722222222222222,0.18055555555555555,0.05555555555555555,0.013888888888888888,3.5714285714285716,0.19776780404406416,0.06950977796604187,0.01856283889070445,0.09208092850437846
2026-05-11,822818,TB,TOR,8,75,18,3,17,3,0.16,0.22666666666666666,0.04,0.04,3.4285714285714284,0.19776780404406416,0.06851771447397838,0.013602521430386991,0.07819203961548957
2026-05-12,822817,TB,TOR,7,89,20,1,20,9,0.10112359550561797,0.2247191011235955,0.10112359550561797,0.011235955056179775,3.5714285714285716,0.19685566454037534,0.06634467624460212,0.015453628070226025,0.08257835752293423
2026-05-13,822815,TB,TOR,3,83,14,1,15,15,0.03614457831325301,0.18072289156626506,0.18072289156626506,0.012048192771084338,3.7857142857142856,0.2027029472736934,0.06540452490316666,0.014215379961993969,0.08061779801823347
2026-05-15,822983,TB,MIA,7,71,18,4,13,3,0.23943661971830985,0.18309859154929578,0.04225352112676056,0.056338028169014086,3.7857142857142856,0.19850910954854736,0.07328312178566647,0.013063892725320917,0.0761573000909105
2026-05-16,822981,TB,MIA,5,88,25,1,19,6,0.11363636363636363,0.2159090909090909,0.06818181818181818,0.011363636363636364,4.214285714285714,0.19769869148460814,0.06737265900900652,0.01708803759453621,0.08929166181682155
2026-05-17,822982,TB,MIA,6,76,18,2,10,9,0.15789473684210525,0.13157894736842105,0.11842105263157894,0.02631578947368421,4.5,0.1940060812779134,0.07023071644452875,0.01789972590622452,0.095396472499097
2026-05-18,822980,TB,BAL,16,91,30,3,15,10,0.23076923076923078,0.16483516483516483,0.10989010989010989,0.03296703296703297,4.714285714285714,0.18739472530176618,0.0786893630610701,0.017316370967152703,0.09682245123905034
2026-05-19,822979,TB,BAL,4,66,11,2,19,5,0.13636363636363635,0.2878787878787879,0.07575757575757576,0.030303030303030304,5.5,0.18284213503489016,0.08041620764505754,0.019671159036226488,0.10922433506950559
2026-05-20,822977,TB,BAL,5,72,15,3,15,7,0.1388888888888889,0.20833333333333334,0.09722222222222222,0.041666666666666664,5.714285714285714,0.19292871512147028,0.08011317734202725,0.02183566120072865,0.11515507100024151
2026-05-22,823546,TB,NYY,4,76,19,1,11,6,0.13157894736842105,0.14473684210526316,0.07894736842105263,0.013157894736842105,5.714285714285714,0.19491284210559723,0.0840814313102812,0.023819788184855636,0.12110745195262247
2026-05-24,823544,TB,NYY,0,65,14,1,12,7,0.07692307692307693,0.18461538461538463,0.1076923076923077,0.015384615384615385,5.714285714285714,0.19334642606549698,0.08575227508638814,0.02376757431685229,0.12653769422497
2026-05-25,824838,TB,BAL,7,109,24,3,19,10,0.11926605504587157,0.1743119266055046,0.09174311926605505,0.027522935779816515,5.5,0.1957107284297994,0.08695107628518935,0.024866475415753393,0.12878544647272225
2026-05-26,824837,TB,BAL,1,71,17,1,19,4,0.056338028169014086,0.2676056338028169,0.056338028169014086,0.014084507042253521,5.428571428571429,0.1997029337136512,0.08880490811246393,0.02589254977596585,0.1307255030361492
2026-05-27,824836,TB,BAL,2,80,26,3,9,7,0.1625,0.1125,0.0875,0.0375,5.5,0.19825485127965328,0.08741779757042382,0.02473408382876751,0.12825614141185798
2026-05-29,822978,TB,LAA,8,78,21,3,15,8,0.19230769230769232,0.19230769230769232,0.10256410256410256,0.038461538461538464,5.357142857142857,0.19339374016854216,0.08969954360216985,0.026420591765275447,0.13291883982455638
2026-05-30,822975,TB,LAA,3,87,17,5,18,14,0.22988505747126436,0.20689655172413793,0.16091954022988506,0.05747126436781609,5.357142857142857,0.1909395277143297,0.09416840807103433,0.02631070165538533,0.1352265321322487
2026-05-31,822976,TB,LAA,5,77,16,2,12,9,0.1038961038961039,0.15584415584415584,0.11688311688311688,0.025974025974025976,5.071428571428571,0.1896664884715113,0.09843954697991054,0.029613223749073648,0.14442377941550916
2026-06-01,822974,TB,DET,9,87,22,7,16,11,0.2988505747126437,0.1839080459770115,0.12643678160919541,0.08045977011494253,5.214285714285714,0.18788943591993207,0.0938795630739714,0.03060792612071233,0.1492631740999985
2026-06-02,822971,TB,DET,0,74,15,3,16,6,0.21621621621621623,0.21621621621621623,0.08108108108108109,0.04054054054054054,5.357142857142857,0.18794725409334037,0.09989265310843101,0.03233090768827865,0.1535070280281652
2026-06-03,822973,TB,DET,2,73,17,3,10,3,0.1506849315068493,0.136986301369863,0.0410958904109589,0.0410958904109589,5.0,0.1879691916152779,0.10081402902980695,0.03441497227234323,0.16083416035529755
2026-06-05,823860,TB,MIA,6,74,14,1,20,6,0.0945945945945946,0.2702702702702703,0.08108108108108109,0.013513513513513514,4.714285714285714,0.18835543118680942,0.09529080315690551,0.035470693767862854,0.16031917425992212
2026-06-06,823859,TB,MIA,3,75,15,1,22,8,0.06666666666666667,0.29333333333333333,0.10666666666666667,0.013333333333333334,4.0,0.19588651014645983,0.09323301538483204,0.03408115666404003,0.15059241453316238
2026-06-07,823857,TB,MIA,1,65,11,0,18,7,0.046153846153846156,0.27692307692307694,0.1076923076923077,0.0,3.9285714285714284,0.1962761205360702,0.09544080759262423,0.03286903545191883,0.1456140595548074
2026-06-08,822972,TB,BOS,3,71,11,2,20,8,0.08450704225352113,0.28169014084507044,0.11267605633802817,0.028169014084507043,3.642857142857143,0.20117538793533765,0.0961886708404875,0.02989284497572835,0.13899012793087578
2026-06-09,822969,TB,BOS,4,69,18,0,7,1,0.10144927536231885,0.10144927536231885,0.014492753623188406,0.0,3.5714285714285716,0.21095776641675243,0.09859786283455717,0.030965067786275842,0.13562784899409722
2026-06-10,822970,TB,BOS,7,74,19,4,20,4,0.20270270270270271,0.2702702702702703,0.05405405405405406,0.05405405405405406,3.857142857142857,0.20501733004153344,0.09194075182962007,0.029866166687374743,0.13737972031118592
2026-06-12,824020,TB,LAA,3,79,19,0,19,9,0.0759493670886076,0.24050632911392406,0.11392405063291139,0.0,3.857142857142857,0.21187149744615955,0.0892486757430486,0.031761246564106,0.1433394808581024
2026-06-13,824019,TB,LAA,0,76,20,1,19,6,0.06578947368421052,0.25,0.07894736842105263,0.013157894736842105,4.0,0.20993583282552436,0.09336196306189838,0.030755210346802175,0.14474029078093054
2026-06-14,824021,TB,LAA,8,81,16,4,15,9,0.18518518518518517,0.18518518518518517,0.1111111111111111,0.04938271604938271,3.857142857142857,0.21975726139695292,0.09275106080625929,0.029016488542290896,0.13783239604408842
2026-06-15,823938,TB,LAD,3,70,15,3,16,5,0.17142857142857143,0.22857142857142856,0.07142857142857142,0.04285714285714286,3.857142857142857,0.21924851088820244,0.0933615614167599,0.029796572655708346,0.1373236455353379
2026-06-16,823939,TB,LAD,0,59,9,1,16,1,0.05084745762711865,0.2711864406779661,0.01694915254237288,0.01694915254237288,3.857142857142857,0.22079671637729462,0.0869693493595232,0.028752706833517393,0.13314818224657415
2026-06-17,823940,TB,LAD,4,79,17,1,12,12,0.0759493670886076,0.1518987341772152,0.1518987341772152,0.012658227848101266,3.5,0.22903545100828104,0.07983120904947007,0.02810807301697075,0.1293589932273609
2026-06-19,822966,TB,WSH,5,65,16,4,10,1,0.2,0.15384615384615385,0.015384615384615385,0.06153846153846154,3.142857142857143,0.2267490715940099,0.08164991994718576,0.023265105712196373,0.11343747839707262
2026-06-20,822967,TB,WSH,3,78,20,2,18,6,0.11538461538461539,0.23076923076923078,0.07692307692307693,0.02564102564102564,3.5,0.22229406713900543,0.07695731525458108,0.024764957212047873,0.11227917723877145
2026-06-21,822968,TB,WSH,4,70,16,3,19,5,0.21428571428571427,0.2714285714285714,0.07142857142857142,0.04285714285714286,3.5714285714285716,0.22899284781038887,0.07951640000544666,0.023661038299909783,0.10975772608718333
2026-06-22,822964,TB,KC,1,67,10,0,15,4,0.07462686567164178,0.22388059701492538,0.05970149253731343,0.0,3.4285714285714284,0.22907558360741034,0.07882693503026739,0.025757011824454733,0.11830709177940614
2026-06-23,822963,TB,KC,5,84,23,4,15,7,0.19047619047619047,0.17857142857142858,0.08333333333333333,0.047619047619047616,3.2857142857142856,0.2241146738703812,0.07547227973531358,0.02480463087207378,0.11887567742261865
2026-06-24,822965,TB,KC,5,76,17,1,18,6,0.10526315789473684,0.23684210526315788,0.07894736842105263,0.013157894736842105,3.5714285714285716,0.21708955613097775,0.07373235299538684,0.028205991416291466,0.12918441630278613
2026-06-25,822961,TB,KC,13,71,16,5,14,4,0.2535211267605634,0.19718309859154928,0.056338028169014086,0.07042253521126761,3.7142857142857144,0.21388612501798399,0.07132316100131716,0.02713376860574398,0.13066699599144438
2026-06-26,822962,TB,AZ,6,68,14,3,4,3,0.20588235294117646,0.058823529411764705,0.04411764705882353,0.04411764705882353,4.357142857142857,0.2207242552486433,0.07431210918316186,0.03216394969226309,0.141529271091319
2026-06-27,822960,TB,AZ,4,65,15,3,15,4,0.18461538461538463,0.23076923076923078,0.06153846153846154,0.046153846153846156,4.285714285714286,0.2056209166158929,0.07360236582635968,0.03145420633546091,0.14175638896549567
2026-06-28,822959,TB,AZ,5,69,15,4,14,3,0.2028985507246377,0.2028985507246377,0.043478260869565216,0.057971014492753624,4.357142857142857,0.20492540959127198,0.06986053803389897,0.034750909632164206,0.14951824736026548
2026-06-30,824096,TB,KC,10,78,17,5,9,12,0.21794871794871795,0.11538461538461539,0.15384615384615385,0.0641025641025641,4.714285714285714,0.20156102035731752,0.06732703035164987,0.037951846757586456,0.15931175286315313
2026-07-01,824094,TB,KC,4,70,17,2,17,1,0.11428571428571428,0.24285714285714285,0.014285714285714285,0.02857142857142857,4.857142857142857,0.19657526537156253,0.07037953340415291,0.03900326447567084,0.16165200520340545
2026-07-02,824093,TB,KC,5,73,16,3,13,4,0.1780821917808219,0.1780821917808219,0.0547945205479452,0.0410958904109589,4.928571428571429,0.19759567353482785,0.0662979007510917,0.03798285631240554,0.1575703725503442
2026-07-03,824173,TB,HOU,3,63,8,3,12,2,0.15873015873015872,0.19047619047619047,0.031746031746031744,0.047619047619047616,5.285714285714286,0.19094537004217468,0.06900114132291828,0.039707623303018816,0.16665856784703734
2026-07-04,824171,TB,HOU,8,82,20,6,14,11,0.2682926829268293,0.17073170731707318,0.13414634146341464,0.07317073170731707,5.214285714285714,0.19370090263495862,0.060418805434976616,0.04220482471522928,0.17257148153571955
2026-07-05,824172,TB,HOU,0,64,10,2,21,3,0.09375,0.328125,0.046875,0.03125,5.428571428571429,0.19490701359716717,0.06890178586917657,0.04303570115586181,0.1774495303162074
2026-07-06,822958,TB,NYY,1,63,7,3,26,2,0.14285714285714285,0.4126984126984127,0.031746031746031744,0.047619047619047616,5.214285714285714,0.2018609971136507,0.06675549466038536,0.043436342181502836,0.1759042006458777
2026-07-07,822956,TB,NYY,6,72,19,4,23,3,0.19444444444444445,0.3194444444444444,0.041666666666666664,0.05555555555555555,5.0,0.2119517000614965,0.06392102754020394,0.043776478235924614,0.1708021598295512
2026-07-08,822957,TB,NYY,3,65,14,0,18,1,0.03076923076923077,0.27692307692307694,0.015384615384615385,0.0,5.357142857142857,0.21877768916360502,0.06263282569230061,0.047744732204178575,0.1793605583133228
2026-07-09,822954,TB,NYY,4,84,24,4,16,6,0.25,0.19047619047619047,0.07142857142857142,0.047619047619047616,5.214285714285714,0.22580280690300844,0.05777934583882075,0.044343371659960884,0.16795291833425421
2026-07-10,822955,TB,SEA,7,71,19,5,11,2,0.2535211267605634,0.15492957746478872,0.028169014084507043,0.07042253521126761,5.142857142857143,0.22249095584679648,0.05724228891078637,0.04680488258011843,0.1782912641989159
2026-07-11,822953,TB,SEA,6,73,18,1,15,6,0.1506849315068493,0.2054794520547945,0.0821917808219178,0.0136986301369863,4.714285714285714,0.21947284719488502,0.05523021647617874,0.04680488258011843,0.17829126419891586
2026-07-12,822951,TB,SEA,2,77,13,3,17,9,0.15584415584415584,0.22077922077922077,0.11688311688311688,0.03896103896103896,4.714285714285714,0.22994827024081574,0.057949797459256894,0.04463209565713005,0.1743485912393211
2026-07-17,824737,TB,BOS,3,70,15,4,14,5,0.2,0.2,0.07142857142857142,0.05714285714285714,4.571428571428571,0.22923469809867214,0.06190298712673227,0.04411832371478668,0.1722935034699476
2026-07-17,824766,TB,BOS,0,73,18,2,12,3,0.1232876712328767,0.1643835616438356,0.0410958904109589,0.0273972602739726,4.428571428571429,0.22902765876119804,0.06389943788094701,0.0440591696183655,0.17208646413247347
2026-07-18,824738,TB,BOS,6,73,16,5,15,6,0.3013698630136986,0.2054794520547945,0.0821917808219178,0.0684931506849315,3.7142857142857144,0.2325275834939995,0.055845847635575936,0.04143736220203754,0.16532496079562767
2026-07-19,824739,TB,BOS,1,74,14,2,13,9,0.12162162162162163,0.17567567567567569,0.12162162162162163,0.02702702702702703,3.857142857142857,0.22985774843668888,0.060696280959590475,0.044288913781573465,0.17868811427619802
2026-07-20,822788,TB,TOR,7,75,21,3,11,4,0.16,0.14666666666666667,0.05333333333333334,0.04,3.5714285714285716,0.22968585442917844,0.06546964532199594,0.04328399496843548,0.1746552164076837
2026-07-21,822787,TB,TOR,12,85,28,2,13,4,0.09411764705882353,0.15294117647058825,0.047058823529411764,0.023529411764705882,3.857142857142857,0.22655660272849817,0.06701159543537462,0.04273977728136064,0.1747459193555295
2026-07-22,822784,TB,TOR,4,69,12,1,17,5,0.07246376811594203,0.2463768115942029,0.07246376811594203,0.014492753623188406,4.142857142857143,0.2252858505251778,0.0607910584400887,0.03919396871403127,0.16230484536495762
2026-07-23,822785,TB,TOR,1,63,10,0,15,3,0.06349206349206349,0.23809523809523808,0.047619047619047616,0.0,4.428571428571429,0.219446694210478,0.06261882759122742,0.03799702254425902,0.16078440023038207
2026-07-24,822952,TB,CLE,11,80,22,3,17,6,0.2125,0.2125,0.075,0.0375,4.428571428571429,0.2069750388816798,0.06375261443929998,0.034595662000041334,0.15511546599001927
2026-07-25,822948,TB,CLE,3,66,14,0,17,3,0.030303030303030304,0.25757575757575757,0.045454545454545456,0.0,4.785714285714286,0.1993361499927909,0.06613356682025236,0.033305979460358785,0.1564051485297018
2026-07-26,822950,TB,CLE,1,61,7,0,17,2,0.03278688524590164,0.2786885245901639,0.03278688524590164,0.0,4.785714285714286,0.19795419861083954,0.06828141896810451,0.033305979460358785,0.1563718484964018
2026-07-28,822949,TB,TEX,1,71,12,1,22,5,0.09859154929577464,0.30985915492957744,0.07042253521126761,0.014084507042253521,4.571428571428571,0.20425507961898054,0.06552129852648524,0.0299046189161411,0.14085662601396617
2026-07-29,822947,TB,TEX,3,61,7,2,17,2,0.18032786885245902,0.2786885245901639,0.03278688524590164,0.03278688524590164,4.142857142857143,0.21532147800932258,0.06853940717839671,0.025880474046925808,0.12979022762362413
2026-07-30,822946,TB,TEX,3,71,11,2,18,9,0.11267605633802817,0.2535211267605634,0.1267605633802817,0.028169014084507043,3.9285714285714284,0.22055069747613465,0.06501048606582412,0.027243920840419766,0.13190758029116767
2026-07-31,822945,TB,CWS,1,71,13,5,11,4,0.23943661971830985,0.15492957746478872,0.056338028169014086,0.07042253521126761,4.0,0.2228894050462306,0.06571601795847874,0.026473061920667486,0.12882414461215858
2026-08-01,822944,TB,CWS,1,62,10,0,24,1,0.0,0.3870967741935484,0.016129032258064516,0.0,3.857142857142857,0.21967008915085834,0.06463812201136751,0.027421610354125374,0.13164104602060925
2026-08-02,822943,TB,CWS,1,78,20,4,17,3,0.20512820512820512,0.21794871794871795,0.038461538461538464,0.05128205128205128,3.9285714285714284,0.23557817576155207,0.06285477500044649,0.02546466319169876,0.12283478378968948
2026-08-03,824324,TB,COL,13,88,30,5,12,3,0.2727272727272727,0.13636363636363635,0.03409090909090909,0.056818181818181816,3.5714285714285716,0.23646883761111806,0.05973118626041939,0.024235298948635884,0.1159603796550114
2026-08-04,824321,TB,COL,9,93,23,3,19,7,0.16129032258064516,0.20430107526881722,0.07526881720430108,0.03225806451612903,4.428571428571429,0.23366083480311525,0.05347899250822564,0.026363238576575514,0.12675364044827217
2026-08-05,824322,TB,COL,4,69,11,1,15,5,0.11594202898550725,0.21739130434782608,0.07246376811594203,0.014492753623188406,4.571428571428571,0.23777757827469742,0.055045812784723334,0.025810243184870445,0.1268458063468897
2026-08-07,823103,TB,SEA,2,70,10,3,20,7,0.14285714285714285,0.2857142857142857,0.1,0.04285714285714286,4.0,0.24238115883735725,0.05686045168376121,0.02516476760333348,0.12840469077022426
2026-08-08,823102,TB,SEA,3,71,15,3,12,4,0.15492957746478872,0.16901408450704225,0.056338028169014086,0.04225352112676056,3.857142857142857,0.2451909784173632,0.05882732538976535,0.0271907954057588,0.1334327889660243
2026-08-09,823104,TB,SEA,4,80,20,0,13,4,0.05,0.1625,0.05,0.0,4.0,0.24025661030392062,0.05945010971476295,0.03020890405767027,0.1399640399640761
2026-08-10,824969,TB,ATH,10,81,22,3,14,5,0.16049382716049382,0.1728395061728395,0.06172839506172839,0.037037037037037035,3.5,0.23668518173249206,0.05766439542904867,0.027530332629098844,0.12835689710693324
2026-08-11,824970,TB,ATH,12,77,19,7,11,4,0.2857142857142857,0.14285714285714285,0.05194805194805195,0.09090909090909091,4.0,0.23063259234656933,0.058826813258133166,0.030175835274601485,0.13765623973960922
2026-08-12,824967,TB,ATH,8,79,22,3,11,4,0.189873417721519,0.13924050632911392,0.05063291139240506,0.0379746835443038,4.785714285714286,0.22093035079421067,0.060195468022572474,0.03666934176810798,0.1557224826302081
2026-08-14,822942,TB,BAL,5,81,21,2,12,9,0.09876543209876543,0.14814814814814814,0.1111111111111111,0.024691358024691357,5.285714285714286,0.20874330446560616,0.05878192346408229,0.03837578294682586,0.1622426160891898
2026-08-15,822941,TB,BAL,3,86,20,2,20,7,0.11627906976744186,0.23255813953488372,0.08139534883720931,0.023255813953488372,5.428571428571429,0.19941899186260503,0.06437651102588297,0.03779753100245369,0.15641672774964024
2026-08-16,822940,TB,BAL,2,80,18,2,17,8,0.1375,0.2125,0.1,0.025,5.428571428571429,0.19792163563219933,0.06113613855852066,0.03744658813595236,0.15667408585174125
2026-08-17,822939,TB,BAL,7,81,26,6,18,4,0.25925925925925924,0.2222222222222222,0.04938271604938271,0.07407407407407407,5.5,0.20203380867042872,0.06425485083216251,0.03420212133514753,0.14939289872900482
2026-08-18,822938,TB,TOR,5,87,30,3,10,3,0.13793103448275862,0.11494252873563218,0.034482758620689655,0.034482758620689655,5.928571428571429,0.19025705495819115,0.0666301139601138,0.03949312662615283,0.16791141724752334
2026-08-19,822937,TB,TOR,7,74,17,2,12,6,0.12162162162162163,0.16216216216216217,0.08108108108108109,0.02702702702702703,6.214285714285714,0.1828994700143993,0.06634591540005318,0.03829317715034127,0.16311161934427718
2026-08-20,822934,TB,TOR,1,74,16,3,20,4,0.14864864864864866,0.2702702702702703,0.05405405405405406,0.04054054054054054,5.785714285714286,0.18474222185715114,0.06970235625649404,0.03616523752240165,0.1523183585510164
2026-08-21,824800,TB,BAL,3,65,15,3,16,2,0.16923076923076924,0.24615384615384617,0.03076923076923077,0.046153846153846156,5.214285714285714,0.18945430721439777,0.0681870160314764,0.03675684295271676,0.15141538184158804
2026-08-22,824798,TB,BAL,2,74,16,2,13,4,0.13513513513513514,0.17567567567567569,0.05405405405405406,0.02702702702702703,5.142857142857143,0.1915087744862564,0.06520883479242559,0.039018349562049456,0.15522172043053534
2026-08-23,824799,TB,BAL,3,67,9,1,8,5,0.05970149253731343,0.11940298507462686,0.07462686567164178,0.014925373134328358,5.142857142857143,0.1836488737692128,0.061926981510572306,0.03788762700275546,0.15467014845039193
2026-08-24,824235,TB,DET,4,72,14,1,15,5,0.09722222222222222,0.20833333333333334,0.06944444444444445,0.013888888888888888,5.142857142857143,0.18010522380975455,0.06323332704647429,0.03593561643186745,0.1478681423841437
2026-08-25,824233,TB,DET,1,68,13,1,14,4,0.10294117647058823,0.20588235294117646,0.058823529411764705,0.014705882352941176,5.142857142857143,0.18337903333356406,0.06462221593536317,0.036927679923930944,0.15124115825715956
2026-08-26,824234,TB,DET,3,63,10,0,10,0,0.031746031746031744,0.15873015873015872,0.0,0.0,4.5,0.18573923667415956,0.06441472553179434,0.03533259744649552,0.14713025463645205
2026-08-28,822935,TB,SD,9,75,15,3,11,5,0.13333333333333333,0.14666666666666667,0.06666666666666667,0.04,3.857142857142857,0.18687302352223215,0.06070415039264777,0.028839090952989033,0.12898966506729104
2026-08-29,822936,TB,SD,7,78,21,3,15,7,0.14102564102564102,0.19230769230769232,0.08974358974358974,0.038461538461538464,3.9285714285714284,0.18740346354634305,0.06184941862652359,0.02898375641411019,0.12495108761099205
2026-08-30,822933,TB,SD,4,87,13,2,22,9,0.06896551724137931,0.25287356321839083,0.10344827586206896,0.022988505747126436,4.071428571428571,0.1905577167005962,0.06032316710027207,0.029967340731027838,0.12796967396291173
2026-08-31,822932,TB,NYM,2,73,19,1,18,2,0.0684931506849315,0.2465753424657534,0.0273972602739726,0.0136986301369863,4.142857142857143,0.1920088183922753,0.06189837617347633,0.02994824728771627,0.1245901344967644
2026-09-01,822929,TB,NYM,6,74,16,2,14,5,0.14864864864864866,0.1891891891891892,0.06756756756756757,0.02702702702702703,4.142857142857143,0.19444277142554336,0.056712466193045805,0.029141006583215296,0.11966107383140237
2026-09-02,822931,TB,NYM,4,82,21,2,13,6,0.13414634146341464,0.15853658536585366,0.07317073170731707,0.024390243902439025,4.071428571428571,0.19208326906604103,0.058011384158630434,0.025780503222711935,0.11176031593064449
2026-09-03,822853,TB,TEX,0,69,12,1,11,7,0.08695652173913043,0.15942028985507245,0.10144927536231885,0.014492753623188406,4.0,0.19519713025391397,0.06077481080767525,0.02505960931426546,0.11148998071497705
2026-09-04,822852,TB,TEX,7,78,19,4,11,6,0.19230769230769232,0.14102564102564102,0.07692307692307693,0.05128205128205128,3.5,0.19500128223197902,0.062229681827763665,0.024164304071134127,0.10901390215194197
2026-03-20,831749,TEX,SF,6,73,15,4,15,7,0.1917808219178082,0.2054794520547945,0.0958904109589041,0.0547945205479452,,,,,
2026-03-21,831734,TEX,AZ,2,75,17,2,17,8,0.16,0.22666666666666666,0.10666666666666667,0.02666666666666667,,,,,
2026-03-23,831838,TEX,KC,3,68,12,2,16,5,0.1323529411764706,0.23529411764705882,0.07352941176470588,0.029411764705882353,,,,,
2026-03-24,831837,TEX,KC,4,72,12,1,21,9,0.08333333333333333,0.2916666666666667,0.125,0.013888888888888888,3.6666666666666665,0.22248007878950668,0.0920288297967589,0.03695765064016474,0.16137792103142626
2026-03-26,823486,TEX,PHI,3,72,18,3,21,2,0.16666666666666666,0.2916666666666667,0.027777777777777776,0.041666666666666664,3.75,0.23977672575879666,0.10027162234756917,0.03119046020234578,0.14186677410690304
2026-03-28,823488,TEX,PHI,5,82,15,2,24,6,0.08536585365853659,0.2926829268292683,0.07317073170731707,0.024390243902439025,3.6,0.2501547139403707,0.08577285343361088,0.03328570149520995,0.14682675261885575
2026-03-29,823487,TEX,PHI,8,76,11,2,20,11,0.10526315789473684,0.2631578947368421,0.14473684210526316,0.02631578947368421,3.8333333333333335,0.2572427494218536,0.08367249981256192,0.03180312522974813,0.13658326945880256
2026-03-30,824863,TEX,BAL,5,79,17,1,22,6,0.0759493670886076,0.27848101265822783,0.0759493670886076,0.012658227848101266,4.428571428571429,0.25808777018113765,0.09239597728294781,0.031019220121739,0.13210896780679318
2026-03-31,824861,TEX,BAL,8,81,22,4,22,4,0.2222222222222222,0.2716049382716049,0.04938271604938271,0.04938271604938271,4.5,0.26063692549077394,0.09034015100865528,0.028724096087534283,0.12508901771701997
2026-04-01,824860,TEX,BAL,3,78,20,3,12,8,0.15384615384615385,0.15384615384615385,0.10256410256410256,0.038461538461538464,4.888888888888889,0.2618555935775329,0.08578932490206943,0.03101949830551744,0.13588159599537578
2026-04-03,822919,TEX,CIN,3,74,18,3,20,2,0.24324324324324326,0.2702702702702703,0.02702702702702703,0.04054054054054054,4.7,0.25105464960439505,0.08746680266827275,0.031763702321119545,0.1376780517804536
2026-04-04,822920,TEX,CIN,0,72,12,0,14,6,0.013888888888888888,0.19444444444444445,0.08333333333333333,0.0,4.545454545454546,0.2528015242103837,0.08197227760997769,0.03256159670470327,0.14727488736797992
2026-04-05,822917,TEX,CIN,1,75,15,1,27,7,0.06666666666666667,0.36,0.09333333333333334,0.013333333333333334,4.166666666666667,0.24793843422988873,0.08208569892025733,0.029848130312644664,0.13615938749472234
2026-04-06,822918,TEX,SEA,2,63,9,1,14,4,0.09523809523809523,0.2222222222222222,0.06349206349206349,0.015873015873015872,3.923076923076923,0.25655855467374344,0.08295090156741702,0.028577761314236103,0.1308137935848719
2026-04-07,822916,TEX,SEA,3,65,14,2,13,2,0.09230769230769231,0.2,0.03076923076923077,0.03076923076923077,3.7857142857142856,0.2541059594986348,0.08156098456203463,0.027670279497006088,0.12827267227438785
2026-04-08,822915,TEX,SEA,3,62,8,0,17,5,0.016129032258064516,0.27419354838709675,0.08064516129032258,0.0,3.5714285714285716,0.2537145700661495,0.07690947169134367,0.025954187369955056,0.12116744873080816
2026-04-10,823968,TEX,LAD,7,80,24,7,21,7,0.2875,0.2625,0.0875,0.0875,3.642857142857143,0.2571093473318945,0.07505079273589052,0.02404942546519315,0.11089095103495561
2026-04-11,823967,TEX,LAD,3,69,13,4,19,8,0.2028985507246377,0.2753623188405797,0.11594202898550725,0.057971014492753624,3.9285714285714284,0.25905262464281886,0.07604869189555438,0.028198585129058696,0.12197288380806486
2026-04-12,823966,TEX,LAD,5,83,16,2,23,16,0.0963855421686747,0.27710843373493976,0.1927710843373494,0.024096385542168676,3.857142857142857,0.2578880283695269,0.07540169396594776,0.031347308386477604,0.1305132564788723
2026-04-13,825024,TEX,ATH,8,76,16,3,20,7,0.14473684210526316,0.2631578947368421,0.09210526315789473,0.039473684210526314,4.0,0.25684815458868926,0.08718693014877431,0.03009228830615632,0.12549317615758718
2026-04-14,825022,TEX,ATH,1,69,8,0,19,12,0.043478260869565216,0.2753623188405797,0.17391304347826086,0.0,4.214285714285714,0.25473922372494456,0.08853939668095842,0.031169676899591128,0.12973396104663906
2026-04-15,825021,TEX,ATH,5,74,12,4,19,11,0.1891891891891892,0.25675675675675674,0.14864864864864866,0.05405405405405406,3.7142857142857144,0.255610968303783,0.09062341106474396,0.029289977651470827,0.12532075411626967
2026-04-16,825023,TEX,ATH,9,90,23,1,10,12,0.1,0.1111111111111111,0.13333333333333333,0.011111111111111112,3.7142857142857144,0.25405923573939215,0.09581621689046119,0.03224682238046746,0.1334093128377398
2026-04-17,823152,TEX,SEA,5,82,21,1,19,7,0.12195121951219512,0.23170731707317074,0.08536585365853659,0.012195121951219513,3.7857142857142856,0.24259539094221405,0.10181268955360052,0.02951313631344805,0.12467915410758104
2026-04-18,823151,TEX,SEA,3,84,22,2,16,11,0.13095238095238096,0.19047619047619047,0.13095238095238096,0.023809523809523808,3.9285714285714284,0.2481569026012867,0.10058424320320296,0.027636963705568125,0.1224009445122983
2026-04-19,823150,TEX,SEA,2,71,13,3,18,5,0.16901408450704225,0.2535211267605634,0.07042253521126761,0.04225352112676056,3.9285714285714284,0.2424573254731381,0.10800748276929965,0.026441891081924077,0.11438016863437954
2026-04-21,822914,TEX,PIT,5,71,14,0,19,6,0.056338028169014086,0.2676056338028169,0.08450704225352113,0.0,4.071428571428571,0.24667708849571807,0.10708528290343781,0.029459999733835545,0.12546053974996194
2026-04-22,822913,TEX,PIT,4,73,16,2,19,4,0.1232876712328767,0.2602739726027397,0.0547945205479452,0.0273972602739726,4.357142857142857,0.240077490910205,0.10645483354059411,0.02850761878145459,0.12472277985727245
2026-04-23,822912,TEX,PIT,6,73,14,3,20,7,0.136986301369863,0.273972602739726,0.0958904109589041,0.0410958904109589,4.5,0.24279547308024194,0.10583358047315708,0.029330779095808644,0.12672632099975686
2026-04-24,822909,TEX,ATH,1,72,17,5,12,2,0.2361111111111111,0.16666666666666666,0.027777777777777776,0.06944444444444445,4.714285714285714,0.2480792304187938,0.11048509334384803,0.030068397641646368,0.1299176502184833
2026-04-25,822910,TEX,ATH,4,70,12,1,15,5,0.07142857142857142,0.21428571428571427,0.07142857142857142,0.014285714285714285,4.571428571428571,0.2403987388673345,0.10670885166438053,0.03502871510196383,0.1456306558508438
2026-04-26,822911,TEX,ATH,1,79,16,0,15,9,0.0759493670886076,0.189873417721519,0.11392405063291139,0.0,4.357142857142857,0.2369548613163141,0.10556089248070709,0.029799123265229134,0.13019698238145602
2026-04-27,822906,TEX,NYY,2,74,16,4,13,7,0.1891891891891892,0.17567567567567569,0.0945945945945946,0.05405405405405406,4.214285714285714,0.2308485112363812,0.10541675116980738,0.025658336515746734,0.12112918355031102
2026-04-28,822908,TEX,NYY,2,72,12,2,18,4,0.1388888888888889,0.25,0.05555555555555555,0.027777777777777776,4.0,0.22360331423214802,0.0984041447596106,0.027798169980881405,0.1277580154803478
2026-04-29,822907,TEX,NYY,3,67,12,0,14,5,0.014925373134328358,0.208955223880597,0.07462686567164178,0.0,3.5714285714285716,0.22266346460808786,0.09579345135944352,0.026962748092827938,0.12734030453632106
2026-05-01,824287,TEX,DET,5,78,16,1,17,8,0.08974358974358974,0.21794871794871795,0.10256410256410256,0.01282051282051282,3.7142857142857144,0.21792010068237483,0.08870158151611358,0.026962748092827938,0.1253008125552327
2026-05-02,824284,TEX,DET,1,72,19,2,12,5,0.09722222222222222,0.16666666666666666,0.06944444444444445,0.027777777777777776,3.7142857142857144,0.2151480979103721,0.08540982822436029,0.02401749514757499,0.1181975554519756
2026-05-03,824285,TEX,DET,1,69,15,1,19,3,0.10144927536231885,0.2753623188405797,0.043478260869565216,0.014492753623188406,3.142857142857143,0.21911635187862605,0.08084633616086823,0.025207971338051183,0.11799914275356291
2026-05-05,823553,TEX,NYY,4,79,19,3,15,8,0.189873417721519,0.189873417721519,0.10126582278481013,0.0379746835443038,2.857142857142857,0.2222345662905838,0.07785436524737026,0.02537208788604896,0.11653471817142888
2026-05-06,823550,TEX,NYY,6,71,11,3,23,6,0.14084507042253522,0.323943661971831,0.08450704225352113,0.04225352112676056,2.9285714285714284,0.22219151109382157,0.07573389680682949,0.026383885009961815,0.12074336365493875
2026-05-07,823551,TEX,NYY,2,82,20,1,10,13,0.12195121951219512,0.12195121951219512,0.15853658536585366,0.012195121951219513,3.2142857142857144,0.2272216921803407,0.07673993302413332,0.026383885009961815,0.1187312912203311
2026-05-08,822904,TEX,CHC,1,75,11,1,10,11,0.08,0.13333333333333333,0.14666666666666667,0.013333333333333334,3.0,0.21681780544529627,0.08202775753215708,0.027254965149334637,0.12341794774484403
2026-05-09,822905,TEX,CHC,6,72,14,2,16,10,0.125,0.2222222222222222,0.1388888888888889,0.027777777777777776,2.7857142857142856,0.20775061692605298,0.08859005368349433,0.026250398939288978,0.12032597122820998
2026-05-10,822902,TEX,CHC,3,63,10,1,18,2,0.07936507936507936,0.2857142857142857,0.031746031746031744,0.015873015873015872,2.7857142857142856,0.2040541611748027,0.0916613735356361,0.02529910517977604,0.11946980684464835
2026-05-11,822901,TEX,AZ,0,66,10,0,15,3,0.06060606060606061,0.22727272727272727,0.045454545454545456,0.0,2.9285714285714284,0.2125575625353469,0.09194482024765423,0.021472574567531145,0.10827366171993179
2026-05-12,822903,TEX,AZ,7,73,14,3,15,6,0.1643835616438356,0.2054794520547945,0.0821917808219178,0.0410958904109589,2.642857142857143,0.21348520632013354,0.09008953267808094,0.020452166404265837,0.10750062523260959
2026-05-13,822900,TEX,AZ,5,81,18,1,16,9,0.1111111111111111,0.19753086419753085,0.1111111111111111,0.012345679012345678,3.0714285714285716,0.21459992305822465,0.08782294197729569,0.02338758714790576,0.11381735341512587
2026-05-15,824194,TEX,HOU,0,65,6,1,15,7,0.046153846153846156,0.23076923076923078,0.1076923076923077,0.015384615384615385,3.2857142857142856,0.21616100795264287,0.08900269315704687,0.020408417502069447,0.1082403478381203
2026-05-16,824193,TEX,HOU,1,71,11,4,14,9,0.16901408450704225,0.19718309859154928,0.1267605633802817,0.056338028169014086,3.142857142857143,0.2147873815790165,0.0927267468811006,0.01952319161684356,0.10161641621418868
2026-05-17,824192,TEX,HOU,8,70,12,2,18,4,0.14285714285714285,0.2571428571428571,0.05714285714285714,0.02857142857142857,3.0,0.21394651548694169,0.09645058243171771,0.02354733648605885,0.1126227527408111
2026-05-18,824357,TEX,COL,6,77,17,1,14,8,0.11688311688311688,0.18181818181818182,0.1038961038961039,0.012987012987012988,3.2142857142857144,0.2167460968579516,0.09320620775877163,0.024672401896838548,0.11641657796320773
2026-05-19,824356,TEX,COL,10,81,19,1,14,9,0.1111111111111111,0.1728395061728395,0.1111111111111111,0.012345679012345678,3.5714285714285716,0.2178283479402027,0.09566704057674731,0.023615918697498208,0.11782092758184307
2026-05-20,824355,TEX,COL,5,79,21,2,18,4,0.11392405063291139,0.22784810126582278,0.05063291139240506,0.02531645569620253,4.214285714285714,0.21050528989250697,0.10049795845114344,0.023462556225295157,0.11851105870675681
2026-05-22,824029,TEX,LAA,6,80,24,6,9,7,0.3125,0.1125,0.0875,0.075,4.285714285714286,0.21321776728852868,0.09688132192311451,0.022558397093287916,0.1130861039147134
2026-05-23,824030,TEX,LAA,2,77,16,2,17,8,0.12987012987012986,0.22077922077922077,0.1038961038961039,0.025974025974025976,4.285714285714286,0.19811464857625502,0.09709510461929158,0.024897431298519308,0.12534717031310375
2026-05-24,824028,TEX,LAA,1,64,7,1,28,3,0.046875,0.4375,0.046875,0.015625,4.285714285714286,0.20517379152389972,0.09319221308573801,0.02588163872871977,0.12591280676724195
2026-05-25,822899,TEX,HOU,0,74,10,2,11,8,0.0945945945945946,0.14864864864864866,0.10810810810810811,0.02702702702702703,4.285714285714286,0.22689998200009018,0.08606423689526184,0.026045329204910244,0.12354673533867051
2026-05-26,822898,TEX,HOU,10,74,17,6,11,5,0.2972972972972973,0.14864864864864866,0.06756756756756757,0.08108108108108109,3.857142857142857,0.22164472674483493,0.08386560969663462,0.02599170415128519,0.12137492066685583
2026-05-27,822897,TEX,HOU,3,74,14,4,18,6,0.17567567567567569,0.24324324324324326,0.08108108108108109,0.05405405405405406,4.357142857142857,0.2118543240972894,0.08642429082674433,0.03064942309471842,0.13694150766201427
2026-05-28,822896,TEX,HOU,1,70,10,3,15,5,0.14285714285714285,0.21428571428571427,0.07142857142857142,0.04285714285714286,4.571428571428571,0.21299507523804057,0.08896904337149689,0.03451042695572228,0.1451607658812725
2026-05-29,822894,TEX,KC,9,73,16,3,15,5,0.1780821917808219,0.2054794520547945,0.0684931506849315,0.0410958904109589,4.142857142857143,0.21362409396882057,0.08820024270054357,0.03463623070187828,0.14362316453936588
2026-05-30,822893,TEX,KC,6,83,25,3,14,5,0.1566265060240964,0.1686746987951807,0.060240963855421686,0.03614457831325301,4.428571428571429,0.2141918502443394,0.08515610267010214,0.03668981723035065,0.1484068131586309
2026-05-31,822895,TEX,KC,6,78,18,1,20,9,0.1282051282051282,0.2564102564102564,0.11538461538461539,0.01282051282051282,4.857142857142857,0.20975652653190724,0.08176672096746744,0.03817267172525334,0.1562977174350774
2026-06-01,823050,TEX,STL,2,70,13,1,19,3,0.07142857142857142,0.2714285714285714,0.04285714285714286,0.014285714285714285,5.214285714285714,0.21398703780467201,0.08095415325349128,0.035064277771788964,0.15338279198494065
2026-06-02,823052,TEX,STL,7,82,22,1,25,4,0.0975609756097561,0.3048780487804878,0.04878048780487805,0.012195121951219513,4.785714285714286,0.21500744596793733,0.07993374509022598,0.03404386960852366,0.1482807511686141
2026-06-03,823051,TEX,STL,3,76,17,0,16,7,0.10526315789473684,0.21052631578947367,0.09210526315789473,0.0,4.857142857142857,0.22379743646524491,0.07599691536942411,0.03398730596310984,0.14690059822051693
2026-06-05,822892,TEX,CLE,3,66,12,3,17,3,0.19696969696969696,0.25757575757575757,0.045454545454545456,0.045454545454545456,4.357142857142857,0.22648935143786164,0.07463935480133724,0.03310547174794229,0.1464828872764902
2026-06-06,822891,TEX,CLE,0,72,12,2,8,6,0.09722222222222222,0.1111111111111111,0.08333333333333333,0.027777777777777776,4.214285714285714,0.22861275545999984,0.07426947152006155,0.03454390673068107,0.15241471915768917
2026-06-07,822890,TEX,CLE,10,77,22,4,16,5,0.2077922077922078,0.2077922077922078,0.06493506493506493,0.05194805194805195,3.7857142857142856,0.2285135491107935,0.0739718524724425,0.0311708908576652,0.13703773503070502
2026-06-09,824105,TEX,KC,3,71,17,2,11,5,0.19718309859154928,0.15492957746478872,0.07042253521126761,0.028169014084507043,4.357142857142857,0.22758590532600684,0.07118892111808257,0.03302617842723848,0.14260359773942488
2026-06-10,824103,TEX,KC,6,95,24,1,20,13,0.09473684210526316,0.21052631578947367,0.1368421052631579,0.010526315789473684,4.5,0.20740230371634888,0.07287088791888742,0.0339221794332747,0.1533398904959641
2026-06-11,824101,TEX,KC,4,70,17,1,13,4,0.08571428571428572,0.18571428571428572,0.05714285714285714,0.014285714285714285,4.928571428571429,0.21182213708355066,0.07492331628710526,0.032743557202020886,0.15335005103244043
2026-06-12,824752,TEX,BOS,1,74,17,3,12,3,0.21621621621621623,0.16216216216216217,0.04054054054054054,0.04054054054054054,4.5,0.21446968258823906,0.07417869411391165,0.0279724595737804,0.13823697877651103
2026-06-13,824749,TEX,BOS,3,75,21,2,20,3,0.09333333333333334,0.26666666666666666,0.04,0.02666666666666667,4.357142857142857,0.20867817679673326,0.07128294121815876,0.027007208608529436,0.14113273167226395
2026-06-14,824751,TEX,BOS,6,79,22,4,15,4,0.20253164556962025,0.189873417721519,0.05063291139240506,0.05063291139240506,4.5,0.2124196733953727,0.06903804325897508,0.025850746023495425,0.13759531670627753
2026-06-15,822887,TEX,MIN,2,65,9,3,18,2,0.15384615384615385,0.27692307692307694,0.03076923076923077,0.046153846153846156,4.285714285714286,0.2113049566572816,0.06776231188093748,0.026531961807884436,0.1393417062626203
2026-06-16,822888,TEX,MIN,2,83,25,2,14,5,0.1686746987951807,0.1686746987951807,0.060240963855421686,0.024096385542168676,4.0,0.21903698366641705,0.0656571880890667,0.027246909510783946,0.13914310967848154
2026-06-18,822889,TEX,MIN,3,82,24,6,18,6,0.23170731707317074,0.21951219512195122,0.07317073170731707,0.07317073170731707,3.7142857142857144,0.21277015812248307,0.06171835583698143,0.028052328990902226,0.14203379329205673
2026-06-19,822886,TEX,SD,9,82,23,4,15,8,0.21951219512195122,0.18292682926829268,0.0975609756097561,0.04878048780487805,3.7857142857142856,0.20906184552915308,0.06388361218342245,0.03225840166387385,0.1534822751238138
2026-06-20,822885,TEX,SD,4,83,18,2,26,5,0.13253012048192772,0.3132530120481928,0.060240963855421686,0.024096385542168676,3.9285714285714284,0.20035104413542482,0.06736793274091374,0.03487164208199232,0.16219307651754203
2026-06-21,822883,TEX,SD,4,72,18,1,17,6,0.06944444444444445,0.2361111111111111,0.08333333333333333,0.013888888888888888,4.0,0.20768866529676192,0.06509191136216566,0.03659281247786151,0.16414071670234137
2026-06-22,823851,TEX,MIA,4,74,16,1,20,7,0.12162162162162163,0.2702702702702703,0.0945945945945946,0.013513513513513514,4.071428571428571,0.20615547626357286,0.06779753906779337,0.03433812272317175,0.15503177009339478
2026-06-23,823849,TEX,MIA,4,79,22,5,13,6,0.25316455696202533,0.16455696202531644,0.0759493670886076,0.06329113924050633,4.357142857142857,0.21752398763208425,0.06860191487216918,0.03331924670429574,0.156774584336209
2026-06-24,823850,TEX,MIA,2,65,12,3,18,3,0.18461538461538463,0.27692307692307694,0.046153846153846156,0.046153846153846156,3.9285714285714284,0.21443575579159205,0.06938865074027936,0.03412946722518533,0.1600154664197674
2026-06-25,822797,TEX,TOR,6,72,16,4,13,7,0.18055555555555555,0.18055555555555555,0.09722222222222222,0.05555555555555555,3.857142857142857,0.22314957718146974,0.06765517295046354,0.035414098087280986,0.1591177725643271
2026-06-26,822796,TEX,TOR,5,77,18,2,21,6,0.11688311688311688,0.2727272727272727,0.07792207792207792,0.025974025974025976,3.857142857142857,0.22100880859333275,0.06482518130468243,0.03863047235628684,0.16524768066791937
2026-06-27,822794,TEX,TOR,7,82,21,3,24,7,0.14634146341463414,0.2926829268292683,0.08536585365853659,0.036585365853658534,3.9285714285714284,0.22722402195140323,0.06630941136034105,0.03946535176259481,0.16747402575140735
2026-06-28,822795,TEX,TOR,3,74,13,2,18,7,0.0945945945945946,0.24324324324324326,0.0945945945945946,0.02702702702702703,4.357142857142857,0.23654693371333937,0.06951121944019792,0.03918283928496038,0.16248297197986575
2026-06-29,824420,TEX,CLE,6,76,21,1,15,2,0.11842105263157894,0.19736842105263158,0.02631578947368421,0.013157894736842105,4.357142857142857,0.2348738320402377,0.07341083333981181,0.03920857931070041,0.16257306206995584
2026-06-30,824418,TEX,CLE,4,65,11,3,17,0,0.15384615384615385,0.26153846153846155,0.0,0.046153846153846156,4.357142857142857,0.23540918942103148,0.07167389605990318,0.03653179240673162,0.15656516257438144
2026-07-01,824419,TEX,CLE,4,78,19,3,16,8,0.1794871794871795,0.20512820512820512,0.10256410256410256,0.038461538461538464,4.5,0.23431028832213036,0.06947609386210099,0.03653179240673162,0.15656516257438144
2026-07-02,822884,TEX,DET,10,86,28,5,17,7,0.23255813953488372,0.19767441860465115,0.08139534883720931,0.05813953488372093,4.642857142857143,0.2369141102030607,0.07249917519843534,0.03755787475811518,0.15733748262380992
2026-07-04,822882,TEX,DET,0,68,9,1,11,2,0.058823529411764705,0.16176470588235295,0.029411764705882353,0.014705882352941176,5.142857142857143,0.23535426902325352,0.0730866478505705,0.03648421784214403,0.15739825565678944
2026-07-05,822879,TEX,DET,3,76,16,3,15,6,0.19736842105263158,0.19736842105263158,0.07894736842105263,0.039473684210526314,4.5,0.2338426887814007,0.06821884707172236,0.03405031745271996,0.14592049382034755
2026-07-07,822881,TEX,LAA,8,74,20,2,18,4,0.0945945945945946,0.24324324324324326,0.05405405405405406,0.02702702702702703,4.428571428571429,0.2255652179960035,0.06955501882641028,0.03514869592903123,0.15055180100396925
2026-07-08,822880,TEX,LAA,1,78,18,4,23,7,0.20512820512820512,0.2948717948717949,0.08974358974358974,0.05128205128205128,4.714285714285714,0.22607465600544147,0.06746364173503319,0.036087134367469666,0.15234824030040856
2026-07-09,822877,TEX,LAA,6,80,21,3,25,5,0.1625,0.3125,0.0625,0.0375,4.5,0.22783190776269321,0.06711714138853285,0.03878488706522236,0.1583129962651645
2026-07-10,822878,TEX,HOU,7,70,16,5,9,7,0.24285714285714285,0.12857142857142856,0.1,0.07142857142857142,4.642857142857143,0.23839926761802777,0.06615647231077516,0.03694266283375762,0.1518369564821627
2026-07-11,822875,TEX,HOU,3,78,17,5,21,6,0.24358974358974358,0.2692307692307692,0.07692307692307693,0.0641025641025641,5.0,0.22780272130719575,0.07000262615692901,0.03874800035338085,0.15599708207085974
2026-07-12,822876,TEX,HOU,5,79,19,3,16,10,0.189873417721519,0.20253164556962025,0.12658227848101267,0.0379746835443038,4.785714285714286,0.2341366651411396,0.06855268720699007,0.03935850096388146,0.16049952407330176
2026-07-17,824901,TEX,ATL,1,81,24,3,12,6,0.19753086419753085,0.14814814814814814,0.07407407407407407,0.037037037037037035,4.785714285714286,0.2291226917727358,0.07202841581834254,0.04021569079032988,0.16571311699033045
2026-07-18,824899,TEX,ATL,7,84,21,4,18,5,0.16666666666666666,0.21428571428571427,0.05952380952380952,0.047619047619047616,4.357142857142857,0.2187987790097987,0.07122186013373807,0.040247953017714055,0.16936950276053733
2026-07-19,824897,TEX,ATL,5,82,25,5,16,5,0.24390243902439024,0.1951219512195122,0.06097560975609756,0.06097560975609756,4.642857142857143,0.2167303840842609,0.06871680405725343,0.04171881163142982,0.17451750790854254
2026-07-20,822874,TEX,CWS,3,79,20,2,22,7,0.21518987341772153,0.27848101265822783,0.08860759493670886,0.02531645569620253,4.571428571428571,0.21656992195332378,0.07119250550599723,0.04513436270423377,0.1834804640794576
2026-07-21,822871,TEX,CWS,10,77,21,2,12,5,0.12987012987012986,0.15584415584415584,0.06493506493506493,0.025974025974025976,4.5,0.21778010417616425,0.07752161943004787,0.04364597767154495,0.18786215833456957
2026-07-22,822873,TEX,CWS,2,72,12,1,19,6,0.05555555555555555,0.2638888888888889,0.08333333333333333,0.013888888888888888,4.928571428571429,0.2142598149415893,0.07483383102797377,0.04275401249386548,0.18431808336192315
2026-07-24,822872,TEX,SEA,5,74,20,2,13,3,0.12162162162162163,0.17567567567567569,0.04054054054054054,0.02702702702702703,4.357142857142857,0.218989419961892,0.07497225849198262,0.039593252065663186,0.17167504164911399
2026-07-25,822869,TEX,SEA,7,70,17,0,16,5,0.11428571428571428,0.22857142857142856,0.07142857142857142,0.0,4.714285714285714,0.21998306066141504,0.07576717105160106,0.0404733338280979,0.17616061966410382
2026-07-26,822870,TEX,SEA,4,76,20,3,19,2,0.17105263157894737,0.25,0.02631578947368421,0.039473684210526314,5.0,0.22221184691275767,0.0752301141235667,0.037653784955917445,0.170226140609324
2026-07-27,822868,TEX,SEA,7,72,18,5,19,4,0.2638888888888889,0.2638888888888889,0.05555555555555555,0.06944444444444445,4.714285714285714,0.22269447239538318,0.07324880951068312,0.03854283189759596,0.1756874289653492
2026-07-28,822949,TEX,TB,4,71,12,1,22,5,0.09859154929577464,0.30985915492957744,0.07042253521126761,0.014084507042253521,5.142857142857143,0.22048140768231844,0.07080680706868069,0.03984014569490977,0.17988462066254088
2026-07-29,822947,TEX,TB,0,61,7,2,17,2,0.18032786885245902,0.2786885245901639,0.03278688524590164,0.03278688524590164,5.0,0.22029277589157398,0.07137270244091408,0.03816761048364216,0.17531973132652476
2026-07-30,822946,TEX,TB,2,71,11,2,18,9,0.11267605633802817,0.2535211267605634,0.1267605633802817,0.028169014084507043,4.5,0.23101542560719793,0.0665717656727642,0.03540749004202289,0.17085335461190448
2026-07-31,824164,TEX,HOU,2,82,26,4,15,7,0.21951219512195122,0.18292682926829268,0.08536585365853659,0.04878048780487805,4.428571428571429,0.22989330828789753,0.0701315861339931,0.032840807897875954,0.16150237695106767
2026-08-01,824162,TEX,HOU,4,78,16,2,17,10,0.14102564102564102,0.21794871794871795,0.1282051282051282,0.02564102564102564,4.214285714285714,0.22849296426637414,0.06718755578953053,0.03361265105934555,0.16361943247967
2026-08-02,824163,TEX,HOU,3,79,21,2,19,7,0.13924050632911392,0.24050632911392406,0.08860759493670886,0.02531645569620253,4.428571428571429,0.2334787192521291,0.07105405965603441,0.032798650245344736,0.1595833451102493
2026-08-03,822867,TEX,SF,1,75,13,3,16,8,0.13333333333333333,0.21333333333333335,0.10666666666666667,0.04,4.142857142857143,0.23535162031128692,0.07313147289981292,0.031205607965141515,0.15762433365756692
2026-08-04,822865,TEX,SF,4,79,17,1,13,9,0.11392405063291139,0.16455696202531644,0.11392405063291139,0.012658227848101266,3.857142857142857,0.23665243331941704,0.07639511982199644,0.029707350125420258,0.14972654039392003
2026-08-05,822866,TEX,SF,6,74,17,1,18,8,0.12162162162162163,0.24324324324324326,0.10810810810810811,0.013513513513513514,3.9285714285714284,0.22851500113135192,0.0782034380860109,0.028803190993413025,0.14249326733786216
2026-08-07,822863,TEX,BAL,2,64,10,1,15,4,0.078125,0.234375,0.0625,0.015625,3.642857142857143,0.23475779308842962,0.08128722688408542,0.027913154389090707,0.14190408817725444
2026-08-08,822864,TEX,BAL,5,65,12,2,19,5,0.13846153846153847,0.2923076923076923,0.07692307692307693,0.03076923076923077,3.642857142857143,0.23264965816779468,0.07979913164599017,0.028037162325598643,0.1435161913518576
2026-08-09,822862,TEX,BAL,5,87,23,5,16,10,0.2413793103448276,0.1839080459770115,0.11494252873563218,0.05747126436781609,3.642857142857143,0.240980516498653,0.08239788424474277,0.02830446259289891,0.14471904255470883
2026-08-10,823998,TEX,LAA,4,83,14,1,22,10,0.03614457831325301,0.26506024096385544,0.12048192771084337,0.012048192771084338,3.5,0.2377902748847661,0.08550602405238997,0.03240955290488577,0.15379715655893117
2026-08-11,823997,TEX,LAA,2,66,11,1,14,5,0.07575757575757576,0.21212121212121213,0.07575757575757576,0.015151515151515152,3.5,0.23886600638218433,0.09223217678361563,0.03045058923063992,0.144160867039953
2026-08-12,823994,TEX,LAA,2,73,15,1,15,6,0.0684931506849315,0.2054794520547945,0.0821917808219178,0.0136986301369863,3.142857142857143,0.23516831518449316,0.09367517822661707,0.026572522852573537,0.1307229161020021
2026-08-13,823995,TEX,LAA,0,76,20,0,18,5,0.013157894736842105,0.23684210526315788,0.06578947368421052,0.0,3.0,0.22771262212200866,0.0945158386273778,0.026544960216483025,0.12857303048694185
2026-08-14,824968,TEX,ATH,3,79,13,3,13,13,0.17721518987341772,0.16455696202531644,0.16455696202531644,0.0379746835443038,3.0,0.22472359217007964,0.09687316637297129,0.024203039841775763,0.11663231805011208
2026-08-15,824966,TEX,ATH,5,74,19,2,17,4,0.16216216216216217,0.22972972972972974,0.05405405405405406,0.02702702702702703,3.0714285714285716,0.21836900897470485,0.09957290913333093,0.02490344480318982,0.12124225615978276
2026-08-16,824965,TEX,ATH,2,73,20,4,17,5,0.1917808219178082,0.2328767123287671,0.0684931506849315,0.0547945205479452,3.2857142857142856,0.22171207329337897,0.09733635201872502,0.02334962617620046,0.11714582523408354
2026-08-18,822859,TEX,WSH,5,72,18,1,17,5,0.08333333333333333,0.2361111111111111,0.06944444444444445,0.013888888888888888,3.142857142857143,0.22277835860623957,0.0930712107672824,0.02543201866955186,0.12077119529780977
2026-08-19,822860,TEX,WSH,0,72,13,2,18,4,0.125,0.25,0.05555555555555555,0.027777777777777776,3.2857142857142856,0.22246441446318152,0.09170241430354922,0.024615763897600885,0.11677782579811115
2026-08-20,822861,TEX,WSH,2,65,7,1,23,8,0.1076923076923077,0.35384615384615387,0.12307692307692308,0.015384615384615385,3.2142857142857144,0.22508346208222912,0.08805162065275558,0.02374274802458501,0.11618258770287306
2026-08-21,822857,TEX,LAA,1,77,14,0,24,6,0.05194805194805195,0.3116883116883117,0.07792207792207792,0.0,3.0714285714285716,0.23860411864086037,0.08870539725589928,0.023937489991478874,0.11573746320711566
2026-08-22,822858,TEX,LAA,0,68,11,0,12,4,0.08823529411764706,0.17647058823529413,0.058823529411764705,0.0,2.7142857142857144,0.2434930521012224,0.08654925224261141,0.022972239026227907,0.11076077965900354
2026-08-23,822856,TEX,LAA,5,73,19,3,19,3,0.2328767123287671,0.2602739726027397,0.0410958904109589,0.0410958904109589,2.5714285714285716,0.2393570226894577,0.0862866472005946,0.02185616759765648,0.11148294352454975
2026-08-24,824557,TEX,CWS,11,84,19,3,17,11,0.17857142857142858,0.20238095238095238,0.13095238095238096,0.03571428571428571,2.5714285714285716,0.23706889985338966,0.08372756244972902,0.0225937861434942,0.11822688451506609
2026-08-25,824556,TEX,CWS,7,89,25,4,17,12,0.21348314606741572,0.19101123595505617,0.1348314606741573,0.0449438202247191,3.0,0.23838839316795687,0.08487112332235393,0.021039716239670606,0.11374060724553758
2026-08-26,824555,TEX,CWS,4,85,23,3,14,16,0.17647058823529413,0.16470588235294117,0.18823529411764706,0.03529411764705882,3.2142857142857144,0.2330991785244712,0.08589608996259065,0.023389403914930235,0.12640764779940636
2026-08-28,823744,TEX,MIL,1,71,16,1,14,5,0.07042253521126761,0.19718309859154928,0.07042253521126761,0.014084507042253521,3.357142857142857,0.22971236925530897,0.09393021270259573,0.024828161236040498,0.13360143440495767
2026-08-29,823741,TEX,MIL,3,71,15,4,18,5,0.18309859154929578,0.2535211267605634,0.07042253521126761,0.056338028169014086,3.2857142857142856,0.22911977257936292,0.09308955230183501,0.02485572387213101,0.13373924758541025
2026-08-30,823740,TEX,MIL,7,84,17,3,19,10,0.16666666666666666,0.2261904761904762,0.11904761904761904,0.03571428571428571,3.5,0.23031113125774902,0.09342048526805335,0.028879868741346303,0.1458778687862998
2026-08-31,822855,TEX,ATH,8,67,12,1,14,5,0.08955223880597014,0.208955223880597,0.07462686567164178,0.014925373134328358,3.7857142857142856,0.234713525126689,0.09016981791250354,0.028718411753487865,0.1451244028429604
2026-09-01,822854,TEX,ATH,8,86,23,1,19,11,0.09302325581395349,0.22093023255813954,0.12790697674418605,0.011627906976744186,4.0,0.2332296318517509,0.09163930445661696,0.027854007904009388,0.13993797974608954
2026-09-02,822851,TEX,ATH,2,81,22,7,18,7,0.2962962962962963,0.2222222222222222,0.08641975308641975,0.08641975308641975,4.428571428571429,0.2323763118681347,0.09588314917513514,0.024770678363209318,0.13288386788152853
2026-09-03,822853,TEX,TB,6,69,12,1,11,7,0.08695652173913043,0.15942028985507245,0.10144927536231885,0.014492753623188406,4.214285714285714,0.23138424837607122,0.09709567122099053,0.029951454377318665,0.14809550809316874
2026-09-04,822852,TEX,TB,6,78,19,4,11,6,0.19230769230769232,0.14102564102564102,0.07692307692307693,0.05128205128205128,4.642857142857143,0.22491426908000495,0.10037379406433075,0.029002524080562284,0.1453781167888209
2026-03-20,831604,TOR,MIN,2,70,16,0,11,4,0.07142857142857142,0.15714285714285714,0.05714285714285714,0.0,,,,,
2026-03-21,831553,TOR,PIT,3,78,16,2,14,11,0.1282051282051282,0.1794871794871795,0.14102564102564102,0.02564102564102564,,,,,
2026-03-22,831592,TOR,TB,14,83,23,5,15,8,0.2289156626506024,0.18072289156626506,0.0963855421686747,0.060240963855421686,,,,,
2026-03-27,822839,TOR,ATH,2,68,10,2,19,6,0.14705882352941177,0.27941176470588236,0.08823529411764706,0.029411764705882353,6.333333333333333,0.1724509760654339,0.09818468011239095,0.028627329832149107,0.14284978742810067
2026-03-28,822838,TOR,ATH,7,97,22,2,26,13,0.08247422680412371,0.26804123711340205,0.13402061855670103,0.020618556701030927,5.25,0.19919117322554603,0.09569733361370499,0.02882343855058242,0.14390204645342844
2026-03-29,822837,TOR,ATH,5,65,11,4,22,4,0.2,0.3384615384615385,0.06153846153846154,0.06153846153846154,5.6,0.21296118600311723,0.10336199060230418,0.027182462180672124,0.1316164825235675
2026-03-30,822834,TOR,COL,5,88,24,6,19,8,0.2727272727272727,0.2159090909090909,0.09090909090909091,0.06818181818181818,5.5,0.2338779114128541,0.09639140242499707,0.03290846207363702,0.14301373543630624
2026-03-31,822836,TOR,COL,5,73,21,1,16,5,0.0684931506849315,0.2191780821917808,0.0684931506849315,0.0136986301369863,5.428571428571429,0.23131093705517364,0.09560821506558191,0.03794751294623433,0.16154424076358717
2026-04-01,822835,TOR,COL,1,79,13,0,26,4,0.012658227848101266,0.3291139240506329,0.05063291139240506,0.0,5.375,0.22979433019724954,0.09221883201800062,0.034916402595078326,0.14991285450375522
2026-04-03,824621,TOR,CWS,4,81,18,1,23,5,0.07407407407407407,0.2839506172839506,0.06172839506172839,0.012345679012345678,4.888888888888889,0.24082984062540325,0.08759817417071221,0.03103680230673629,0.13466234043090478
2026-04-04,824622,TOR,CWS,3,72,13,3,8,9,0.1527777777777778,0.1111111111111111,0.125,0.041666666666666664,4.8,0.24514191829125798,0.08501119625981383,0.02916768997729723,0.1286035137952217
2026-04-05,824620,TOR,CWS,0,71,14,0,15,7,0.056338028169014086,0.2112676056338028,0.09859154929577464,0.0,4.636363636363637,0.23295729945669919,0.08864654205437622,0.030303960585421726,0.13080117415727227
2026-04-06,822832,TOR,LAD,2,88,22,5,14,10,0.20454545454545456,0.1590909090909091,0.11363636363636363,0.056818181818181816,4.25,0.23114982497145783,0.08947529265782607,0.02777863053663658,0.12459591199158408
2026-04-07,822831,TOR,LAD,1,75,14,0,21,6,0.06666666666666667,0.28,0.08,0.0,4.076923076923077,0.22560683144218482,0.09133383657925205,0.030012442173678523,0.13074587680342026
2026-04-08,822833,TOR,LAD,4,78,14,0,16,12,0.038461538461538464,0.20512820512820512,0.15384615384615385,0.0,3.857142857142857,0.22949205776774306,0.0905242768235912,0.027868696304130056,0.12616879036508072
2026-04-10,822829,TOR,MIN,10,79,21,4,16,4,0.25316455696202533,0.20253164556962025,0.05063291139240506,0.05063291139240506,4.0,0.23291958262383936,0.09743165515954096,0.027868696304130056,0.12381400229600695
2026-04-11,822830,TOR,MIN,4,72,11,4,10,8,0.16666666666666666,0.1388888888888889,0.1111111111111111,0.05555555555555555,4.5,0.23456561591544225,0.09097503161430982,0.029653831000657157,0.13273967577864246
2026-04-12,822828,TOR,MIN,2,79,20,2,21,6,0.12658227848101267,0.26582278481012656,0.0759493670886076,0.02531645569620253,3.7857142857142856,0.23157747286705824,0.09202685796734099,0.029319158979238147,0.12829331892264703
2026-04-14,823802,TOR,MIL,9,91,25,4,19,9,0.17582417582417584,0.2087912087912088,0.0989010989010989,0.04395604395604396,3.7857142857142856,0.23060683144593283,0.09114929175098103,0.02902663690711816,0.1268307085620471
2026-04-15,823803,TOR,MIL,1,67,10,0,12,7,0.0,0.1791044776119403,0.1044776119402985,0.0,3.9285714285714284,0.22637468656577617,0.08864075463272372,0.030693600282476235,0.1334985620634794
2026-04-16,823801,TOR,MIL,1,66,13,0,16,4,0.06060606060606061,0.24242424242424243,0.06060606060606061,0.0,3.642857142857143,0.2149920393622334,0.09170783680428352,0.02629799588687184,0.11921284777776511
2026-04-17,825101,TOR,AZ,3,72,18,2,13,2,0.1388888888888889,0.18055555555555555,0.027777777777777776,0.027777777777777776,3.357142857142857,0.21688597875617283,0.08954333463978134,0.02142786601674197,0.10406133262624996
2026-04-18,825098,TOR,AZ,2,70,20,1,10,2,0.07142857142857142,0.14285714285714285,0.02857142857142857,0.014285714285714285,3.2142857142857144,0.2141272268535853,0.08663509371784181,0.02243351941965565,0.10908959964081835
2026-04-19,825100,TOR,AZ,10,79,24,2,12,5,0.17721518987341772,0.1518987341772152,0.06329113924050633,0.02531645569620253,3.2857142857142856,0.20082317105405031,0.08505927351634347,0.02345392758292095,0.11328748132513765
2026-04-20,824046,TOR,LAA,5,74,14,1,24,6,0.05405405405405406,0.32432432432432434,0.08108108108108109,0.013513513513513514,3.7142857142857144,0.1913908936892835,0.0851708981005419,0.024380411631767872,0.12065470388223364
2026-04-21,824045,TOR,LAA,4,70,13,0,10,5,0.02857142857142857,0.14285714285714285,0.07142857142857142,0.0,3.857142857142857,0.2066204089187987,0.08203383246347626,0.022369472120828356,0.11360300933053906
2026-04-22,824044,TOR,LAA,3,78,23,2,17,6,0.1282051282051282,0.21794871794871795,0.07692307692307693,0.02564102564102564,4.142857142857143,0.20173394729189442,0.08009361975867603,0.022369472120828356,0.1116196807878544
2026-04-24,822827,TOR,CLE,6,78,19,5,13,6,0.2564102564102564,0.16666666666666666,0.07692307692307693,0.0641025641025641,4.214285714285714,0.20593807649602366,0.07747124213629841,0.02014253239388863,0.10616680033497394
2026-04-25,822826,TOR,CLE,5,73,18,2,17,4,0.1643835616438356,0.2328767123287671,0.0547945205479452,0.0273972602739726,4.571428571428571,0.19784283840078554,0.07725146191651819,0.024721286972643208,0.11971991388808749
2026-04-26,822824,TOR,CLE,4,70,14,1,18,6,0.08571428571428572,0.2571428571428571,0.08571428571428572,0.014285714285714285,4.642857142857143,0.1998248746293971,0.07017634525236043,0.026678234135069822,0.12871434411539442
2026-04-27,822825,TOR,BOS,0,69,11,1,18,5,0.08695652173913043,0.2608695652173913,0.07246376811594203,0.014492753623188406,4.214285714285714,0.20372567545605688,0.07268215770392332,0.024082005770306197,0.11675361045484159
2026-04-28,822823,TOR,BOS,3,66,10,0,16,6,0.030303030303030304,0.24242424242424243,0.09090909090909091,0.0,3.9285714285714284,0.2124385809080928,0.0699216332042684,0.021148948489422833,0.1110600286743033
2026-04-29,822821,TOR,BOS,8,74,19,3,9,5,0.13513513513513514,0.12162162162162163,0.06756756756756757,0.04054054054054054,4.0,0.2107672564519582,0.07099018490573149,0.019340630225408363,0.10418293951873313
2026-04-30,823714,TOR,MIN,1,70,13,3,8,7,0.14285714285714285,0.11428571428571428,0.1,0.04285714285714286,3.9285714285714284,0.20454085736841623,0.06875207552476498,0.019096665695729546,0.10127657946951595
2026-05-01,823713,TOR,MIN,7,80,21,3,13,4,0.125,0.1625,0.05,0.0375,3.9285714285714284,0.19991094570225726,0.06843224610045794,0.022157890185525466,0.111480661102169
2026-05-02,823715,TOR,MIN,11,76,16,5,12,6,0.25,0.15789473684210525,0.07894736842105263,0.06578947368421052,4.357142857142857,0.1942020712433828,0.06767467034288219,0.024836461614096892,0.11608022820173611
2026-05-03,823711,TOR,MIN,3,77,20,1,18,7,0.1038961038961039,0.23376623376623376,0.09090909090909091,0.012987012987012988,4.928571428571429,0.19258344133527922,0.0713296411031161,0.02755158275027066,0.12401673613824403
2026-05-04,822984,TOR,TB,1,72,21,1,13,3,0.05555555555555555,0.18055555555555555,0.041666666666666664,0.013888888888888888,5.0,0.19907694782878568,0.07578233127009197,0.027458818371792,0.12633584560021063
2026-05-05,822986,TOR,TB,3,72,19,1,12,4,0.05555555555555555,0.16666666666666666,0.05555555555555555,0.013888888888888888,4.357142857142857,0.2011238636415243,0.07423772608624628,0.02664256359984102,0.11764587172036332
2026-05-06,822985,TOR,TB,0,66,10,0,10,6,0.045454545454545456,0.15151515151515152,0.09090909090909091,0.0,4.214285714285714,0.18986260238026303,0.07241447426299445,0.026669376126653547,0.11775312182761344
2026-05-08,822822,TOR,LAA,2,66,9,0,20,6,0.030303030303030304,0.30303030303030304,0.09090909090909091,0.0,3.9285714285714284,0.1904810315701208,0.07380593994017441,0.02666937612665355,0.11895905874783608
2026-05-09,822820,TOR,LAA,14,86,30,3,11,5,0.1511627906976744,0.12790697674418605,0.05813953488372093,0.03488372093023256,3.857142857142857,0.19655828764737687,0.07480494093917543,0.02483787429515172,0.11196605175482909
2026-05-10,822819,TOR,LAA,1,68,12,3,15,3,0.19117647058823528,0.22058823529411764,0.04411764705882353,0.04411764705882353,4.428571428571429,0.19378973836719973,0.07346325936493571,0.02275081406855661,0.1044483756325018
2026-05-11,822818,TOR,TB,5,75,18,3,17,3,0.16,0.22666666666666666,0.04,0.04,4.142857142857143,0.19291199000758188,0.07270062554428416,0.023945127410331675,0.10636215484281607
2026-05-12,822817,TOR,TB,6,89,20,1,20,9,0.10112359550561797,0.2247191011235955,0.10112359550561797,0.011235955056179775,4.214285714285714,0.19073511925928255,0.06943531942183519,0.025781862104209224,0.11166827729179565
2026-05-13,822815,TOR,TB,1,83,14,1,15,15,0.03614457831325301,0.18072289156626506,0.18072289156626506,0.012048192771084338,4.642857142857143,0.18815294325258283,0.07148244994966917,0.02554923363513718,0.11268021113225905
2026-05-15,824280,TOR,DET,2,67,12,0,15,7,0.05970149253731343,0.22388059701492538,0.1044776119402985,0.0,4.5,0.18374570390558448,0.07789772142518162,0.026409818833071776,0.11309746456156068
2026-05-16,824278,TOR,DET,2,75,12,2,20,3,0.10666666666666667,0.26666666666666666,0.04,0.02666666666666667,4.071428571428571,0.1910499164336776,0.08053415316609099,0.023514065937318883,0.10770934723314485
2026-05-17,824279,TOR,DET,4,71,13,1,12,3,0.08450704225352113,0.16901408450704225,0.04225352112676056,0.014084507042253521,4.142857142857143,0.2019342701751742,0.07624843888037669,0.022357603352284868,0.1051243132195394
2026-05-18,823549,TOR,NYY,6,76,20,5,18,7,0.25,0.23684210526315788,0.09210526315789473,0.06578947368421052,3.9285714285714284,0.20239956192567723,0.07569511896085958,0.02068506814101726,0.1022319590947909
2026-05-19,823548,TOR,NYY,4,76,15,2,19,9,0.07894736842105263,0.25,0.11842105263157894,0.02631578947368421,3.5714285714285716,0.20803865967003812,0.07663496858491972,0.02068506814101726,0.10223195909479091
2026-05-20,823547,TOR,NYY,2,69,13,0,22,2,0.043478260869565216,0.3188405797101449,0.028985507246376812,0.0,3.642857142857143,0.20919821440102143,0.0786001087079546,0.02163712360435092,0.10044990656085866
2026-05-21,823545,TOR,NYY,2,69,10,1,24,6,0.11594202898550725,0.34782608695652173,0.08695652173913043,0.014492753623188406,3.7142857142857144,0.2190757161263492,0.0776943116065053,0.020645060112287426,0.09958724265471651
2026-05-22,822816,TOR,PIT,6,75,12,0,26,9,0.06666666666666667,0.3466666666666667,0.12,0.0,3.642857142857143,0.23201567471848175,0.07993723776247494,0.020688193307594534,0.10390056218542734
2026-05-23,822814,TOR,PIT,5,69,16,2,16,4,0.15942028985507245,0.2318840579710145,0.057971014492753624,0.028985507246376812,4.071428571428571,0.2459550686578757,0.08201515984039702,0.020688193307594534,0.10541571370057885
2026-05-24,822813,TOR,PIT,1,75,11,3,20,9,0.14666666666666667,0.26666666666666666,0.12,0.04,4.285714285714286,0.2408731940107836,0.07966244009637294,0.022758586682335737,0.11463837509715329
2026-05-25,822812,TOR,MIA,2,78,19,1,16,4,0.11538461538461539,0.20512820512820512,0.05128205128205128,0.01282051282051282,3.357142857142857,0.25078460043381795,0.08408104474753572,0.023124035187319127,0.11431722338065275
2026-05-26,822811,TOR,MIA,8,74,17,3,11,4,0.13513513513513514,0.14864864864864866,0.05405405405405406,0.04054054054054054,3.4285714285714284,0.2496803125648242,0.08459278790633772,0.020888525598868363,0.10890351943753705
2026-05-27,822809,TOR,MIA,2,67,16,1,21,4,0.07462686567164178,0.31343283582089554,0.05970149253731343,0.014925373134328358,3.642857142857143,0.24410759699210866,0.08559664891019872,0.0209271356374784,0.10712745766147526
2026-05-28,824834,TOR,BAL,2,74,14,2,13,6,0.12162162162162163,0.17567567567567569,0.08108108108108109,0.02702702702702703,3.357142857142857,0.25044429232763005,0.08263792726960553,0.0211906655002033,0.10523483410190553
2026-05-29,824835,TOR,BAL,6,76,18,5,8,5,0.27631578947368424,0.10526315789473684,0.06578947368421052,0.06578947368421052,3.4285714285714284,0.25008377690687367,0.0755206550920924,0.022260582232770634,0.11134033719536042
2026-05-30,824833,TOR,BAL,5,80,18,0,16,14,0.0875,0.2,0.175,0.0,3.7142857142857144,0.24161110268400307,0.07275721664522895,0.026959830353071385,0.12681278697652978
2026-05-31,824832,TOR,BAL,5,76,18,2,10,9,0.11842105263157894,0.13157894736842105,0.11842105263157894,0.02631578947368421,3.9285714285714284,0.23684919792209833,0.08240007378808611,0.025055068448309483,0.12544373935748215
2026-06-02,824918,TOR,ATL,3,68,15,2,18,3,0.14705882352941177,0.2647058823529412,0.04411764705882353,0.029411764705882353,4.0,0.23417525955505392,0.08784061175271599,0.02592873147912596,0.12786616867020056
2026-06-03,824917,TOR,ATL,3,73,17,4,9,6,0.1917808219178082,0.1232876712328767,0.0821917808219178,0.0547945205479452,3.7857142857142856,0.23616552934718132,0.08441292488849662,0.023330323694959663,0.12051322749372999
2026-06-04,824919,TOR,ATL,7,80,20,1,15,6,0.0875,0.1875,0.075,0.0125,3.7142857142857144,0.22711464872095824,0.08182511975923511,0.025364518771692594,0.1285727598863554
2026-06-05,822810,TOR,BAL,3,80,21,3,14,4,0.1625,0.175,0.05,0.0375,4.071428571428571,0.21773317874166218,0.08511186924163676,0.026257375914549734,0.13171716982424359
2026-06-06,822808,TOR,BAL,6,71,18,4,18,5,0.22535211267605634,0.2535211267605634,0.07042253521126761,0.056338028169014086,4.142857142857143,0.20538845824476776,0.08247211768884173,0.027900750655750563,0.13504273918242163
2026-06-07,822807,TOR,BAL,6,72,18,4,15,3,0.25,0.20833333333333334,0.041666666666666664,0.05555555555555555,4.142857142857143,0.19873520539433182,0.07893087020393227,0.03192489552496585,0.14637741389737804
2026-06-08,822806,TOR,PHI,2,73,13,2,19,7,0.1506849315068493,0.2602739726027397,0.0958904109589041,0.0273972602739726,4.214285714285714,0.19705301077735457,0.07776627393064037,0.03382275611847862,0.1528473931934443
2026-06-09,822805,TOR,PHI,2,67,14,1,23,2,0.11940298507462686,0.34328358208955223,0.029850746268656716,0.014925373134328358,4.285714285714286,0.19659638977278834,0.07604416042770493,0.03292256042376238,0.1531344121106002
2026-06-10,822804,TOR,PHI,4,83,18,3,20,12,0.12048192771084337,0.24096385542168675,0.14457831325301204,0.03614457831325301,4.285714285714286,0.20646463098431317,0.07451335292674817,0.03307290758903492,0.15342143851702958
2026-06-12,822803,TOR,NYY,8,80,17,3,16,11,0.175,0.2,0.1375,0.0375,4.0,0.21305857432524444,0.08097937144095946,0.03275891028708581,0.15237478084386588
2026-06-13,822802,TOR,NYY,1,73,11,3,20,9,0.136986301369863,0.273972602739726,0.1232876712328767,0.0410958904109589,4.428571428571429,0.2049562289094662,0.08653640768829422,0.03437138363463378,0.1595442904387486
2026-06-14,822801,TOR,NYY,3,82,23,3,14,7,0.17073170731707318,0.17073170731707318,0.08536585365853659,0.036585365853658534,4.357142857142857,0.2119774379854698,0.08955116412770818,0.03537630244777177,0.160641767563623
2026-06-16,824750,TOR,BOS,6,79,15,4,19,10,0.189873417721519,0.24050632911392406,0.12658227848101267,0.05063291139240506,4.142857142857143,0.2166537629442081,0.09094947698301718,0.033290294745589484,0.15310004740957936
2026-06-17,824746,TOR,BOS,3,76,15,0,16,7,0.05263157894736842,0.21052631578947367,0.09210526315789473,0.0,4.214285714285714,0.21954707216663125,0.08749106830308953,0.036906931273618424,0.16041243438968786
2026-06-18,824748,TOR,BOS,4,68,15,4,12,1,0.2647058823529412,0.17647058823529413,0.014705882352941176,0.058823529411764705,4.071428571428571,0.2251861699109922,0.08561136905496923,0.035027232025498116,0.15571318626938707
2026-06-19,824663,TOR,CHC,2,87,23,2,11,11,0.13793103448275862,0.12643678160919541,0.12643678160919541,0.022988505747126436,4.142857142857143,0.21888364890258877,0.08351052871883477,0.03712807236163257,0.16411654761392494
2026-06-20,824665,TOR,CHC,8,81,18,4,13,8,0.16049382716049382,0.16049382716049382,0.09876543209876543,0.04938271604938271,4.071428571428571,0.21910858535804015,0.08667088591792603,0.03485621416157409,0.1602701342257071
2026-06-22,822800,TOR,HOU,4,76,16,1,17,11,0.05263157894736842,0.2236842105263158,0.14473684210526316,0.013157894736842105,4.142857142857143,0.2171795730123611,0.08836841678212357,0.03749069387938714,0.16548397902288522
2026-06-23,822799,TOR,HOU,7,102,28,6,20,7,0.22549019607843138,0.19607843137254902,0.06862745098039216,0.058823529411764705,4.214285714285714,0.22065701662138368,0.09513533407535664,0.03575197207487586,0.15763623466198298
2026-06-24,822798,TOR,HOU,1,72,8,1,14,10,0.08333333333333333,0.19444444444444445,0.1388888888888889,0.013888888888888888,4.285714285714286,0.21655396695081122,0.09500711377315126,0.03592950787792948,0.1576460977621526
2026-06-25,822797,TOR,TEX,5,72,16,4,13,7,0.18055555555555555,0.18055555555555555,0.09722222222222222,0.05555555555555555,3.9285714285714284,0.21556190345874773,0.1019515582175957,0.032953317401739,0.14574133585739069
2026-06-26,822796,TOR,TEX,4,77,18,2,21,6,0.11688311688311688,0.2727272727272727,0.07792207792207792,0.025974025974025976,4.142857142857143,0.2098677308125203,0.10204668759354699,0.03496462420756635,0.1478749518608697
2026-06-27,822794,TOR,TEX,4,82,21,3,24,7,0.14634146341463414,0.2926829268292683,0.08536585365853659,0.036585365853658534,4.285714285714286,0.20482799442950034,0.10548035414021995,0.03575381369611619,0.14769496127576187
2026-06-28,822795,TOR,TEX,2,74,13,2,18,7,0.0945945945945946,0.24324324324324326,0.0945945945945946,0.02702702702702703,4.285714285714286,0.20852221381575614,0.10125089274061456,0.035785298520430865,0.14954207096888977
2026-06-29,822792,TOR,NYM,2,69,9,1,13,6,0.11594202898550725,0.18840579710144928,0.08695652173913043,0.014492753623188406,3.857142857142857,0.21161101690455925,0.09818622092594273,0.03503722902236137,0.14379882772564653
2026-06-30,822793,TOR,NYM,0,72,13,2,20,5,0.1111111111111111,0.2777777777777778,0.06944444444444445,0.027777777777777776,3.9285714285714284,0.20549910221611087,0.09559113881924657,0.033137004966092044,0.14229566541247826
2026-07-01,822791,TOR,NYM,9,71,17,4,18,7,0.2112676056338028,0.2535211267605634,0.09859154929577464,0.056338028169014086,3.7142857142857144,0.21314525010616123,0.09445389530395427,0.03250789153210056,0.1380370513977667
2026-07-03,823120,TOR,SEA,2,69,10,0,17,4,0.043478260869565216,0.2463768115942029,0.057971014492753624,0.0,3.9285714285714284,0.2140748785094926,0.09245455750500871,0.03291539987328692,0.13956520767721553
2026-07-04,823118,TOR,SEA,0,67,12,3,17,3,0.16417910447761194,0.2537313432835821,0.04477611940298507,0.04477611940298507,3.857142857142857,0.21663562820983043,0.09001639688607006,0.03291539987328692,0.13891139924308674
2026-07-05,823117,TOR,SEA,0,64,9,1,16,4,0.078125,0.25,0.0625,0.015625,3.5714285714285716,0.22215425357042243,0.09216427096107319,0.03191201344408838,0.13173091510913465
2026-07-06,823205,TOR,SF,1,71,11,3,15,8,0.15492957746478872,0.2112676056338028,0.11267605633802817,0.04225352112676056,3.4285714285714284,0.2309801977411942,0.0875973579889878,0.03138604874786506,0.1274590555032233
2026-07-07,823203,TOR,SF,9,75,22,1,11,2,0.06666666666666667,0.14666666666666667,0.02666666666666667,0.013333333333333334,2.9285714285714284,0.2346068962035734,0.08859097400607799,0.030876820539106335,0.12706160909638725
2026-07-08,823202,TOR,SF,10,75,12,3,14,7,0.12,0.18666666666666668,0.09333333333333334,0.04,3.2857142857142856,0.2291056430707413,0.08015739004617825,0.03088935186742714,0.1280641153620514
2026-07-10,823278,TOR,SD,5,76,19,2,13,5,0.10526315789473684,0.17105263157894737,0.06578947368421052,0.02631578947368421,3.5,0.22843337416317827,0.08192209592853118,0.029544814052301086,0.12052910135644916
2026-07-11,823276,TOR,SD,7,84,16,3,14,17,0.11904761904761904,0.16666666666666666,0.20238095238095238,0.03571428571428571,3.7857142857142856,0.22676253038707134,0.07670070912819701,0.03043244980835789,0.1220955173965494
2026-07-12,823274,TOR,SD,4,74,16,2,16,6,0.10810810810810811,0.21621621621621623,0.08108108108108109,0.02702702702702703,3.9285714285714284,0.22577046689500782,0.08421204699667774,0.029015216248267195,0.11770209336026823
2026-07-17,822789,TOR,CWS,4,84,19,4,17,7,0.19047619047619047,0.20238095238095238,0.08333333333333333,0.047619047619047616,3.9285714285714284,0.2217339628585038,0.08443769007946368,0.02909043060919584,0.11707530701919618
2026-07-18,822790,TOR,CWS,1,64,9,0,16,6,0.078125,0.25,0.09375,0.0,3.9285714285714284,0.21528382182648123,0.08429251005623487,0.02987855073529506,0.12022778752359306
2026-07-19,822786,TOR,CWS,0,65,10,1,18,3,0.06153846153846154,0.27692307692307694,0.046153846153846156,0.015384615384615385,3.857142857142857,0.21576644730910674,0.08423218187090668,0.02794804880479313,0.11905138790969343
2026-07-20,822788,TOR,TB,1,75,21,3,11,4,0.16,0.14666666666666667,0.05333333333333334,0.04,3.7142857142857144,0.2220891101535087,0.0813177050433864,0.02801175321632363,0.11516541880633303
2026-07-21,822787,TOR,TB,2,85,28,2,13,4,0.09411764705882353,0.15294117647058825,0.047058823529411764,0.023529411764705882,3.7857142857142856,0.21272403078842936,0.08016691139259276,0.028884769089339502,0.11865748229839652
2026-07-22,822784,TOR,TB,2,69,12,1,17,5,0.07246376811594203,0.2463768115942029,0.07246376811594203,0.014492753623188406,3.2857142857142856,0.2055397486248597,0.07648600240928109,0.026541296489031776,0.11028962811446943
2026-07-23,822785,TOR,TB,3,63,10,0,15,3,0.06349206349206349,0.23809523809523808,0.047619047619047616,0.0,3.2857142857142856,0.20553974862485966,0.0775211990966517,0.027576493176402372,0.11236002148921063
2026-07-24,824733,TOR,BOS,4,82,21,3,21,7,0.17073170731707318,0.25609756097560976,0.08536585365853659,0.036585365853658534,3.5,0.20442288396854938,0.07772426539779904,0.02437819893333201,0.10516808999024288
2026-07-25,824734,TOR,BOS,6,71,16,1,21,4,0.09859154929577464,0.29577464788732394,0.056338028169014086,0.014084507042253521,3.7857142857142856,0.20485842403823581,0.07935754065912307,0.02587536792287905,0.11178285479860527
2026-07-26,824730,TOR,BOS,1,71,19,0,16,3,0.056338028169014086,0.22535211267605634,0.04225352112676056,0.0,4.142857142857143,0.21089464134205876,0.07533339578990779,0.023863295488271402,0.10775870992938996
2026-07-27,822705,TOR,WSH,3,75,15,2,16,8,0.14666666666666667,0.21333333333333335,0.10666666666666667,0.02666666666666667,3.5714285714285716,0.21651503034272943,0.07644674253705734,0.022910914535890448,0.10702095003670051
2026-07-28,822703,TOR,WSH,6,79,16,4,13,10,0.16455696202531644,0.16455696202531644,0.12658227848101267,0.05063291139240506,3.0714285714285716,0.21841979224749133,0.0773991234894383,0.021958533583509496,0.10892571194146239
2026-07-29,822702,TOR,WSH,5,81,18,0,10,9,0.07407407407407407,0.12345679012345678,0.1111111111111111,0.0,3.142857142857143,0.21795581585080342,0.08174146668920987,0.023695470863418132,0.11316098366507522
2026-07-31,822782,TOR,STL,3,70,14,0,15,7,0.04285714285714286,0.21428571428571427,0.1,0.0,3.0,0.21486939609771702,0.07522219231279263,0.021144450455254864,0.1099485875955363
2026-08-01,822781,TOR,STL,5,77,20,0,10,7,0.06493506493506493,0.12987012987012986,0.09090909090909091,0.0,2.9285714285714284,0.21473150310268116,0.076573543664144,0.019213948524752934,0.10528780436332451
2026-08-02,822783,TOR,STL,1,72,13,0,16,4,0.05555555555555555,0.2222222222222222,0.05555555555555555,0.0,3.0,0.2095521586376224,0.07711466920526953,0.015812587980535246,0.09632058111038697
2026-08-03,824160,TOR,HOU,3,74,17,1,17,5,0.05405405405405406,0.22972972972972974,0.06756756756756757,0.013513513513513514,3.0,0.2075680316534954,0.07438649460209493,0.015812587980535246,0.09470847793578378
2026-08-04,824161,TOR,HOU,2,71,14,1,10,9,0.09859154929577464,0.14084507042253522,0.1267605633802817,0.014084507042253521,3.2142857142857144,0.20419707828254205,0.07591604613164647,0.015678937846885115,0.09417387740118324
2026-08-05,824158,TOR,HOU,5,79,15,3,22,4,0.1518987341772152,0.27848101265822783,0.05063291139240506,0.0379746835443038,3.2857142857142856,0.2037812499793898,0.08116084827785705,0.013827831207046079,0.0897875594937386
2026-08-06,824664,TOR,CHC,2,85,16,1,19,7,0.058823529411764705,0.2235294117647059,0.08235294117647059,0.011764705882352941,3.5,0.21274838113564978,0.08141614026807087,0.014859636334160218,0.09391478000219512
2026-08-07,823428,TOR,PHI,5,83,14,2,13,15,0.12048192771084337,0.1566265060240964,0.18072289156626506,0.024096385542168676,3.5,0.21111642400497144,0.08212250977239433,0.014664775781243398,0.09294047723761104
2026-08-08,823426,TOR,PHI,7,92,19,4,20,9,0.17391304347826086,0.21739130434782608,0.09782608695652174,0.043478260869565216,3.642857142857143,0.20529722885703272,0.09162992719719557,0.01638594617711259,0.09701118182466674
2026-08-09,823425,TOR,PHI,6,102,20,2,24,14,0.0784313725490196,0.23529411764705882,0.13725490196078433,0.0196078431372549,3.857142857142857,0.20253249624076244,0.09251994386133737,0.016878295821105924,0.09723842012189443
2026-08-10,822780,TOR,BOS,2,71,13,1,12,6,0.07042253521126761,0.16901408450704225,0.08450704225352113,0.014084507042253521,3.857142857142857,0.1982124583664578,0.09829972056074954,0.017272819827891736,0.09579840749712622
2026-08-11,822778,TOR,BOS,5,76,17,2,14,10,0.11842105263157894,0.18421052631578946,0.13157894736842105,0.02631578947368421,3.9285714285714284,0.1941883134972425,0.101317829212661,0.01827885604519556,0.09680444371443005
2026-08-12,822779,TOR,BOS,6,75,20,1,10,7,0.09333333333333334,0.13333333333333333,0.09333333333333334,0.013333333333333334,4.071428571428571,0.1921081129959894,0.10309727783421488,0.018253793388553954,0.09478689985478092
2026-08-13,822776,TOR,BOS,0,73,12,1,11,8,0.0547945205479452,0.1506849315068493,0.1095890410958904,0.0136986301369863,4.071428571428571,0.1898778538037049,0.10072235318080923,0.015589537812905976,0.08969949780535356
2026-08-14,822777,TOR,NYY,3,65,13,2,13,3,0.13846153846153847,0.2,0.046153846153846156,0.03076923076923077,3.7142857142857144,0.19182272104537576,0.10061363389400775,0.016568011394119283,0.08832238683920149
2026-08-15,822775,TOR,NYY,4,71,14,0,18,7,0.014084507042253521,0.2535211267605634,0.09859154929577464,0.0,3.7142857142857144,0.19080231288211044,0.09676748004785389,0.01876581359192148,0.09515127223951546
2026-08-16,822774,TOR,NYY,3,76,13,1,17,7,0.09210526315789473,0.2236842105263158,0.09210526315789473,0.013157894736842105,3.642857142857143,0.19963452694571288,0.09731622707547416,0.01876581359192148,0.09151908953288608
2026-08-18,822938,TOR,TB,10,87,30,3,10,3,0.13793103448275862,0.11494252873563218,0.034482758620689655,0.034482758620689655,3.7857142857142856,0.1997389546817195,0.09992692047564125,0.01970566321598163,0.09412978293305316
2026-08-19,822937,TOR,TB,6,74,17,2,12,6,0.12162162162162163,0.16216216216216217,0.08108108108108109,0.02702702702702703,4.285714285714286,0.19153986889642685,0.09756371983657854,0.021203466437922782,0.10012099582081778
2026-08-20,822934,TOR,TB,5,74,16,3,20,4,0.14864864864864866,0.2702702702702703,0.05405405405405406,0.04054054054054054,4.571428571428571,0.19306251830640023,0.09430089967234993,0.02212793215112089,0.1017660009869497
2026-08-21,823510,TOR,NYY,1,70,13,1,20,8,0.11428571428571428,0.2857142857142857,0.11428571428571428,0.014285714285714285,4.571428571428571,0.19247603670726038,0.09454526700532485,0.022311207650852087,0.10153385202062351
2026-08-22,823509,TOR,NYY,4,80,19,2,18,7,0.125,0.225,0.0875,0.025,4.5,0.19691781341794462,0.09682617937027084,0.02249127967966361,0.10549543665447705
2026-08-23,823507,TOR,NYY,3,74,16,2,16,6,0.16216216216216217,0.21621621621621623,0.08108108108108109,0.02702702702702703,4.428571428571429,0.20180163441622348,0.0901674014012519,0.022555823569508703,0.10581815610370253
2026-08-25,822773,TOR,KC,1,84,20,0,16,11,0.023809523809523808,0.19047619047619047,0.13095238095238096,0.0,4.142857142857143,0.2017176995496799,0.08897132955300614,0.021380735437898837,0.10497880743826692
2026-08-26,822772,TOR,KC,3,66,12,1,14,3,0.07575757575757576,0.21212121212121213,0.045454545454545456,0.015151515151515152,3.7857142857142856,0.19851641903747505,0.08852114948097732,0.0199801752138092,0.10107724681401721
2026-08-27,822771,TOR,KC,2,84,24,4,12,9,0.21428571428571427,0.14285714285714285,0.10714285714285714,0.047619047619047616,3.857142857142857,0.20159549958134432,0.08573168542390763,0.020056390078756457,0.1014583211387535
2026-08-28,822769,TOR,SEA,8,74,16,4,12,6,0.20270270270270271,0.16216216216216217,0.08108108108108109,0.05405405405405406,3.642857142857143,0.19864168647715524,0.08398625040779593,0.021578051374853847,0.10830579697119173
2026-08-29,822770,TOR,SEA,4,71,11,1,16,10,0.056338028169014086,0.22535211267605634,0.14084507042253522,0.014084507042253521,3.7857142857142856,0.2007008885363573,0.08311108953263505,0.024486674283476752,0.11611789478328956
2026-08-30,822766,TOR,SEA,7,68,11,2,20,6,0.1323529411764706,0.29411764705882354,0.08823529411764706,0.029411764705882353,4.071428571428571,0.20603425861987215,0.08534366305596683,0.02451423691956727,0.1162281453276516
2026-09-01,824391,TOR,CLE,1,66,11,3,17,4,0.15151515151515152,0.25757575757575757,0.06060606060606061,0.045454545454545456,4.357142857142857,0.21275694769550238,0.0883494807676669,0.024417275057899528,0.11579181695014677
2026-09-02,824390,TOR,CLE,11,77,21,2,17,2,0.12987012987012986,0.22077922077922077,0.025974025974025976,0.025974025974025976,4.142857142857143,0.21304656418230192,0.08563623157554445,0.027664028304652772,0.12560829155535377
2026-09-03,824388,TOR,CLE,6,87,17,0,16,14,0.034482758620689655,0.1839080459770115,0.16091954022988506,0.0,4.714285714285714,0.21283906491465232,0.08091257177669668,0.028579466250165907,0.12830578203479914
2026-09-04,824067,TOR,KC,9,76,19,3,8,5,0.17105263157894737,0.10526315789473684,0.06578947368421052,0.039473684210526314,4.428571428571429,0.21776517328903658,0.08994377046306778,0.026116412062973788,0.12091661947322278
2026-03-20,831450,WSH,MIA,2,66,11,0,17,5,0.030303030303030304,0.25757575757575757,0.07575757575757576,0.0,,,,,
2026-03-21,831448,WSH,NYM,1,67,12,2,14,2,0.13432835820895522,0.208955223880597,0.029850746268656716,0.029850746268656716,,,,,
2026-03-22,831503,WSH,BAL,1,75,12,4,25,10,0.17333333333333334,0.3333333333333333,0.13333333333333333,0.05333333333333334,,,,,
2026-03-23,831546,WSH,BAL,0,62,8,1,18,3,0.04838709677419355,0.2903225806451613,0.04838709677419355,0.016129032258064516,1.3333333333333333,0.2666214382632293,0.0796472184531886,0.027728026533996683,0.11265490728177296
2026-03-26,824704,WSH,CHC,10,80,19,3,21,8,0.15,0.2625,0.1,0.0375,1.0,0.2725467238587123,0.07183218803343984,0.02482827796501364,0.0965879546548781
2026-03-28,824701,WSH,CHC,2,73,14,3,13,10,0.136986301369863,0.1780821917808219,0.136986301369863,0.0410958904109589,2.8,0.27053737908696984,0.07746575042675188,0.027362622372010915,0.10727036372390249
2026-03-29,824700,WSH,CHC,6,74,15,5,19,5,0.25675675675675674,0.25675675675675674,0.06756756756756757,0.06756756756756757,2.6666666666666665,0.2551281812026119,0.08738584225060374,0.029651500378502244,0.11222301999822924
2026-03-30,823484,WSH,PHI,13,90,24,1,15,7,0.08888888888888889,0.16666666666666666,0.07777777777777778,0.011111111111111112,3.142857142857143,0.255360834853204,0.08455466015302714,0.03506808140551158,0.13287069667801887
2026-03-31,823485,WSH,PHI,2,69,15,2,14,4,0.11594202898550725,0.2028985507246377,0.057971014492753624,0.028985507246376812,4.375,0.2442740638298868,0.08370754985612097,0.03207346011871152,0.12737297070437764
2026-04-01,823483,WSH,PHI,5,88,22,3,15,9,0.13636363636363635,0.17045454545454544,0.10227272727272728,0.03409090909090909,4.111111111111111,0.23967678459597025,0.08084793481574681,0.031730354244007664,0.12610286606894758
2026-04-03,822758,WSH,LAD,6,90,27,6,13,10,0.24444444444444444,0.14444444444444443,0.1111111111111111,0.06666666666666667,4.2,0.23275456068182776,0.08299041406144486,0.031966409728697805,0.12712894309841646
2026-04-04,822757,WSH,LAD,5,83,24,2,19,5,0.1566265060240964,0.2289156626506024,0.060240963855421686,0.024096385542168676,4.363636363636363,0.22472636829661108,0.08554684106595999,0.03512097854124043,0.1377939886753281
2026-04-05,822756,WSH,LAD,6,81,18,5,18,10,0.2222222222222222,0.2222222222222222,0.12345679012345678,0.06172839506172839,4.416666666666667,0.2250754761594437,0.08343801796508178,0.034202262457984446,0.1393633651210588
2026-04-06,822755,WSH,STL,9,84,21,5,12,14,0.25,0.14285714285714285,0.16666666666666666,0.05952380952380952,4.538461538461538,0.22485599508734977,0.08651638505418754,0.03631965727365706,0.1457371233596098
2026-04-07,822754,WSH,STL,6,91,19,4,21,14,0.15384615384615385,0.23076923076923078,0.15384615384615385,0.04395604395604396,4.857142857142857,0.21899893421376354,0.09224140516936463,0.03797709672009652,0.15318447169106625
2026-04-08,822753,WSH,STL,1,73,12,1,11,8,0.0410958904109589,0.1506849315068493,0.1095890410958904,0.0136986301369863,5.142857142857143,0.21708418229901166,0.09781916074712023,0.04111681414552824,0.1620089805155751
2026-04-10,823808,WSH,MIL,7,75,15,1,13,7,0.09333333333333334,0.17333333333333334,0.09333333333333334,0.013333333333333334,5.142857142857143,0.21292201855802964,0.10351475323477977,0.03996309156469463,0.15534951853000392
2026-04-11,823805,WSH,MIL,3,74,11,1,12,11,0.08108108108108109,0.16216216216216217,0.14864864864864866,0.013513513513513514,5.571428571428571,0.20149344712945821,0.1006576103776369,0.03710594870755178,0.1496352328157182
2026-04-12,823804,WSH,MIL,8,80,21,5,12,4,0.2125,0.15,0.05,0.0625,5.785714285714286,0.19233913152352972,0.10781914979724085,0.03691912594008385,0.1519705174090673
2026-04-13,823400,WSH,PIT,5,88,24,4,18,9,0.18181818181818182,0.20454545454545456,0.10227272727272728,0.045454545454545456,5.642857142857143,0.18430341723781543,0.10424772122581227,0.03870484022579813,0.15643480312335303
2026-04-14,823398,WSH,PIT,5,76,17,3,15,8,0.17105263157894737,0.19736842105263158,0.10526315789473684,0.039473684210526314,5.857142857142857,0.18619365029243204,0.101768180218874,0.03901617272891146,0.15963708029823295
2026-04-15,823399,WSH,PIT,0,67,8,0,15,5,0.029850746268656716,0.22388059701492538,0.07462686567164178,0.0,5.785714285714286,0.18195162631356593,0.10446072238510039,0.03700946677483708,0.15351535707124658
2026-04-16,823396,WSH,PIT,8,94,25,1,21,7,0.09574468085106383,0.22340425531914893,0.07446808510638298,0.010638297872340425,4.857142857142857,0.1860383356241559,0.10423565723466209,0.03621581598118629,0.14929834688408714
2026-04-17,822752,WSH,SF,5,82,23,5,16,6,0.23170731707317074,0.1951219512195122,0.07317073170731707,0.06097560975609756,5.285714285714286,0.1875030288094781,0.10541401942134991,0.03490530102589797,0.14785567916019832
2026-04-18,822751,WSH,SF,6,103,26,2,19,6,0.10679611650485436,0.18446601941747573,0.05825242718446602,0.019417475728155338,5.285714285714286,0.18926498636411856,0.10333530545239203,0.03682563678769716,0.15466594206802217
2026-04-19,822750,WSH,SF,3,69,16,1,17,2,0.10144927536231885,0.2463768115942029,0.028985507246376812,0.014492753623188406,5.285714285714286,0.19212367029076366,0.09955968517191739,0.03345069457780349,0.14483391864376574
2026-04-20,822749,WSH,ATL,4,74,10,2,15,5,0.0945945945945946,0.20270270270270271,0.06756756756756757,0.02702702702702703,5.142857142857143,0.19337089521530657,0.09732715255698561,0.032764720869304896,0.14089268788221024
2026-04-21,822747,WSH,ATL,11,84,18,4,16,15,0.19047619047619047,0.19047619047619047,0.17857142857142858,0.047619047619047616,5.0,0.19197664382105514,0.09333506523156496,0.030286051723969084,0.1317764287659511
2026-04-22,822748,WSH,ATL,6,79,19,7,13,6,0.2911392405063291,0.16455696202531644,0.0759493670886076,0.08860759493670886,5.142857142857143,0.19537800436527286,0.09418540536761937,0.02943571158791466,0.127524728085679
2026-04-23,822745,WSH,ATL,2,77,19,3,25,4,0.15584415584415584,0.3246753246753247,0.05194805194805195,0.03896103896103896,5.142857142857143,0.1906485565978504,0.08862134917065179,0.03262510808653358,0.13733137713283436
2026-04-24,824611,WSH,CWS,4,74,14,2,9,10,0.12162162162162163,0.12162162162162163,0.13513513513513514,0.02702702702702703,5.214285714285714,0.2030764418241701,0.08450413566009189,0.0344295658596802,0.14552768180663417
2026-04-25,824613,WSH,CWS,6,89,13,0,29,14,0.02247191011235955,0.3258426966292135,0.15730337078651685,0.0,5.0,0.1993827481304764,0.08748997864593487,0.035407686837801176,0.14754827382722618
2026-04-26,824612,WSH,CWS,2,73,8,1,18,4,0.0547945205479452,0.2465753424657534,0.0547945205479452,0.0136986301369863,5.214285714285714,0.2110742148781229,0.08810817308435405,0.03444243587255021,0.1433619044723175
2026-04-28,823636,WSH,NYM,0,68,9,2,14,7,0.08823529411764706,0.20588235294117646,0.10294117647058823,0.029411764705882353,4.785714285714286,0.21797245362567672,0.0884506388377787,0.030956623739477804,0.13209722736859927
2026-04-29,823633,WSH,NYM,14,87,25,3,27,8,0.16091954022988506,0.3103448275862069,0.09195402298850575,0.034482758620689655,4.428571428571429,0.2180679463682283,0.08849838520905448,0.029810710828859017,0.12541273538998968
2026-04-30,823634,WSH,NYM,5,73,14,2,13,5,0.136986301369863,0.1780821917808219,0.0684931506849315,0.0273972602739726,5.071428571428571,0.2261376896920551,0.08754773271575225,0.02945421614387068,0.12468894315077092
2026-05-01,822744,WSH,MIL,1,79,14,0,20,10,0.05063291139240506,0.25316455696202533,0.12658227848101267,0.0,5.428571428571429,0.22286637503247625,0.08710961021670152,0.0314111633062973,0.13234148280085709
2026-05-02,822746,WSH,MIL,1,77,16,0,12,7,0.025974025974025976,0.15584415584415584,0.09090909090909091,0.0,4.928571428571429,0.22499211086411028,0.09083205260060365,0.030651284886844408,0.12911921355381004
2026-05-03,822742,WSH,MIL,3,64,11,0,15,3,0.0625,0.234375,0.046875,0.0,4.642857142857143,0.22218655405158486,0.09209907825787321,0.026295884189980297,0.1144239784752997
2026-05-05,822743,WSH,MIN,3,82,16,1,14,9,0.13414634146341464,0.17073170731707318,0.10975609756097561,0.012195121951219513,4.428571428571429,0.22575148123605088,0.09128640488755421,0.024908921637969202,0.11125997015352439
2026-05-06,822740,WSH,MIN,15,74,17,5,12,5,0.3108108108108108,0.16216216216216217,0.06756756756756757,0.06756756756756757,4.428571428571429,0.22034825950197018,0.09705573276716839,0.024744805089971424,0.11359547487503122
2026-05-07,822741,WSH,MIN,7,76,19,2,13,8,0.17105263157894737,0.17105263157894737,0.10526315789473684,0.02631578947368421,5.214285714285714,0.21745250660621726,0.0970557327671684,0.027640557985724318,0.12903949031904666
2026-05-08,823871,WSH,MIA,3,72,11,2,17,8,0.1111111111111111,0.2361111111111111,0.1111111111111111,0.027777777777777776,4.928571428571429,0.21606510954212846,0.09181942771883327,0.026118896689626935,0.12765209325495788
2026-05-09,823869,WSH,MIA,7,78,23,4,13,5,0.3076923076923077,0.16666666666666666,0.0641025641025641,0.05128205128205128,4.714285714285714,0.2211761201911138,0.09433098086329782,0.021773909749703287,0.11479294115529945
2026-05-10,823868,WSH,MIA,2,70,12,0,12,6,0.07142857142857142,0.17142857142857143,0.08571428571428572,0.0,5.071428571428571,0.2098897874762097,0.09519916030290583,0.02265398205834702,0.12563923771588173
2026-05-12,824521,WSH,CIN,10,87,23,6,20,8,0.2413793103448276,0.22988505747126436,0.09195402298850575,0.06896551724137931,4.928571428571429,0.21344742674813463,0.09166909962998801,0.02072348012784509,0.12205401984494958
2026-05-13,824519,WSH,CIN,8,89,17,3,18,11,0.1797752808988764,0.20224719101123595,0.12359550561797752,0.033707865168539325,5.214285714285714,0.20659330966542402,0.08700128907298722,0.025649588502229325,0.1376902627186973
2026-05-14,824517,WSH,CIN,1,76,17,4,19,7,0.2236842105263158,0.25,0.09210526315789473,0.05263157894736842,5.642857142857143,0.2034270131329585,0.0919156451494181,0.027078819575911687,0.14661745988662095
2026-05-15,822739,WSH,BAL,3,72,12,1,15,8,0.08333333333333333,0.20833333333333334,0.1111111111111111,0.013888888888888888,5.714285714285714,0.20657827363716016,0.09114165134136856,0.028737377736017835,0.15629238248724014
2026-05-16,822737,WSH,BAL,13,81,23,5,17,6,0.25925925925925924,0.20987654320987653,0.07407407407407407,0.06172839506172839,4.928571428571429,0.19929173833338346,0.09251001477869751,0.027266387040889208,0.15075051056605787
2026-05-17,822738,WSH,BAL,3,79,20,4,20,5,0.21518987341772153,0.25316455696202533,0.06329113924050633,0.05063291139240506,5.5,0.2015627634354588,0.09290865216363628,0.029718610954300336,0.15948429327244332
2026-05-18,822734,WSH,NYM,7,116,30,2,19,13,0.13793103448275862,0.16379310344827586,0.11206896551724138,0.017241379310344827,5.642857142857143,0.2015627634354588,0.0883878565036001,0.033335247482329265,0.17123836198853737
2026-05-19,822736,WSH,NYM,9,76,19,5,15,2,0.2236842105263158,0.19736842105263158,0.02631578947368421,0.06578947368421052,6.071428571428571,0.20213054540718164,0.08989927611846797,0.03456677457592532,0.17923529116773254
2026-05-20,822735,WSH,NYM,8,69,17,4,13,3,0.2318840579710145,0.18840579710144928,0.043478260869565216,0.057971014492753624,6.5,0.1994872183395125,0.088430761080874,0.03926602269622608,0.19074844906246938
2026-05-21,822733,WSH,NYM,1,74,11,0,19,6,0.02702702702702703,0.25675675675675674,0.08108108108108109,0.0,6.857142857142857,0.2007496533241108,0.0836966298886304,0.04253572930633565,0.19772971452729796
2026-05-22,824922,WSH,ATL,4,90,21,2,16,5,0.1,0.17777777777777778,0.05555555555555555,0.022222222222222223,5.857142857142857,0.20750641008086754,0.08466188085388138,0.03770947448008083,0.17745944425702767
2026-05-23,824920,WSH,ATL,2,66,8,2,26,3,0.13636363636363635,0.3939393939393939,0.045454545454545456,0.030303030303030304,5.642857142857143,0.2079867776664983,0.08111133782965414,0.03741707681926212,0.17238425628710288
2026-05-24,824921,WSH,ATL,2,73,12,0,13,7,0.0273972602739726,0.1780821917808219,0.0958904109589041,0.0,5.571428571428571,0.21926022643994705,0.07642158313989944,0.0375974519996373,0.17418800809085466
2026-05-25,824437,WSH,CLE,10,76,22,7,18,4,0.32894736842105265,0.23684210526315788,0.05263157894736842,0.09210526315789473,5.214285714285714,0.22007562109095816,0.07869214362963801,0.03393444833663364,0.1541669332752593
2026-05-26,824434,WSH,CLE,6,79,19,1,18,8,0.0759493670886076,0.22784810126582278,0.10126582278481013,0.012658227848101266,5.785714285714286,0.22474801636485717,0.07632909314628679,0.04051339570505469,0.17256113306043655
2026-05-27,824432,WSH,CLE,2,70,16,0,10,5,0.07142857142857142,0.14285714285714285,0.07142857142857142,0.0,5.5,0.22460251949303991,0.07699422170316568,0.03649144646267769,0.1607447085421351
2026-05-29,822732,WSH,SD,5,85,19,4,13,10,0.1411764705882353,0.15294117647058825,0.11764705882352941,0.047058823529411764,5.071428571428571,0.220360373196319,0.07326801211820809,0.034083741807782016,0.15300565786568474
2026-05-30,822731,WSH,SD,9,76,14,4,13,11,0.18421052631578946,0.17105263157894737,0.14473684210526316,0.05263157894736842,5.357142857142857,0.21342760008707526,0.07509242609432486,0.03368568784935654,0.14711224787010754
2026-05-31,822729,WSH,SD,4,68,15,2,13,6,0.1323529411764706,0.19117647058823528,0.08823529411764706,0.029411764705882353,5.785714285714286,0.21076469281890486,0.07749426402247858,0.03645302285353365,0.15431776165456873
2026-06-01,822730,WSH,MIA,3,76,17,4,17,5,0.18421052631578946,0.2236842105263158,0.06578947368421052,0.05263157894736842,5.142857142857143,0.2094289733459305,0.07850577973987663,0.03414469211383036,0.14525302464865525
2026-06-02,822728,WSH,MIA,3,74,15,4,17,6,0.1891891891891892,0.22972972972972974,0.08108108108108109,0.05405405405405406,5.142857142857143,0.20732323431480837,0.07868423220014123,0.03428745408204203,0.14304021414137438
2026-06-03,822727,WSH,MIA,1,77,13,1,20,11,0.06493506493506493,0.2597402597402597,0.14285714285714285,0.012987012987012988,4.857142857142857,0.21203299333491224,0.07647081188327264,0.03691693084944984,0.1467015109061194
2026-06-05,825073,WSH,AZ,14,87,22,6,14,7,0.21839080459770116,0.16091954022988506,0.08045977011494253,0.06896551724137931,4.285714285714286,0.2164881246697428,0.0847951942678054,0.03314532651393572,0.13536228622103008
2026-06-06,825075,WSH,AZ,6,69,10,2,13,7,0.13043478260869565,0.18840579710144928,0.10144927536231885,0.028985507246376812,4.714285714285714,0.2145248206074882,0.08743673064247522,0.03393064813883756,0.13439848240865057
2026-06-07,825074,WSH,AZ,1,68,12,3,11,6,0.17647058823529413,0.16176470588235295,0.08823529411764706,0.04411764705882353,5.071428571428571,0.2096426092035377,0.08889160166256362,0.03600104151357876,0.141784750664484
2026-06-08,823218,WSH,SF,4,76,21,0,15,1,0.039473684210526314,0.19736842105263158,0.013157894736842105,0.0,4.857142857142857,0.20849881835386447,0.091225868702713,0.03756500043047885,0.1472469355384336
2026-06-09,823214,WSH,SF,6,85,18,2,17,12,0.2,0.2,0.1411764705882353,0.023529411764705882,5.0,0.19445803457623861,0.08891896508001991,0.03540049826597669,0.14032622467035433
2026-06-10,823215,WSH,SF,10,84,28,6,13,5,0.2619047619047619,0.15476190476190477,0.05952380952380952,0.07142857142857142,5.285714285714286,0.19602359230617988,0.09215368362497214,0.03708117053488425,0.152654991793642
2026-06-12,822726,WSH,SEA,2,69,15,5,12,3,0.2463768115942029,0.17391304347826086,0.043478260869565216,0.07246376811594203,5.285714285714286,0.19016072084180471,0.09264598580900364,0.03560426398278973,0.14786623418533554
2026-06-13,822725,WSH,SEA,8,76,18,2,15,6,0.11842105263157894,0.19736842105263158,0.07894736842105263,0.02631578947368421,5.0,0.18630821671412168,0.08851830281505758,0.0398760882876355,0.16003962307859232
2026-06-14,822722,WSH,SEA,10,71,19,2,13,2,0.16901408450704225,0.18309859154929578,0.028169014084507043,0.028169014084507043,5.428571428571429,0.19020187944237085,0.08905535974309195,0.0417557875357558,0.16339622887880714
2026-06-15,822724,WSH,KC,7,72,16,1,13,7,0.08333333333333333,0.18055555555555555,0.09722222222222222,0.013888888888888888,5.785714285714286,0.19235598051942143,0.08266407083316178,0.040406515432548314,0.16538462987300764
2026-06-16,822723,WSH,KC,6,78,20,2,12,8,0.15384615384615385,0.15384615384615385,0.10256410256410256,0.02564102564102564,5.642857142857143,0.19303476080346485,0.07927016941294458,0.037639180428371215,0.15817911608854648
2026-06-17,822721,WSH,KC,2,76,19,4,9,5,0.21052631578947367,0.11842105263157894,0.06578947368421052,0.05263157894736842,5.785714285714286,0.19036830960760187,0.08029365573054854,0.037369841923738586,0.15971434556495243
2026-06-19,822966,WSH,TB,2,65,16,4,10,1,0.2,0.15384615384615385,0.015384615384615385,0.06153846153846154,5.714285714285714,0.1828495126151207,0.08029365573054854,0.037369841923738586,0.16159404481307277
2026-06-20,822967,WSH,TB,4,78,20,2,18,6,0.11538461538461539,0.23076923076923078,0.07692307692307693,0.02564102564102564,5.642857142857143,0.17742925719486527,0.07560105103794386,0.03790444245833913,0.1623662455852735
2026-06-21,822968,WSH,TB,3,70,16,3,19,5,0.21428571428571427,0.2714285714285714,0.07142857142857142,0.04285714285714286,5.857142857142857,0.17535989798264892,0.07089147489979628,0.03880830050505431,0.16596978490309855
2026-06-22,822720,WSH,PHI,4,71,17,3,20,1,0.18309859154929578,0.28169014084507044,0.014084507042253521,0.04225352112676056,5.071428571428571,0.18325340021112652,0.0702463892793412,0.036943416620466,0.16567656416652807
2026-06-23,822718,WSH,PHI,9,87,25,5,29,7,0.22988505747126436,0.3333333333333333,0.08045977011494253,0.05747126436781609,4.928571428571429,0.18991656762138517,0.06400604868505082,0.037891131897636265,0.16943826480514232
2026-06-24,822719,WSH,PHI,4,75,14,4,16,5,0.21333333333333335,0.21333333333333335,0.06666666666666667,0.05333333333333334,5.5,0.20217146958216947,0.06345065411342907,0.03884496170542145,0.17325358403628308
2026-06-25,822717,WSH,PHI,5,83,21,4,22,6,0.1686746987951807,0.26506024096385544,0.07228915662650602,0.04819277108433735,5.5,0.20331182045936244,0.06727270925127368,0.04265448551494526,0.18567213040219785
2026-06-26,824824,WSH,BAL,1,71,13,0,22,7,0.08450704225352113,0.30985915492957744,0.09859154929577464,0.0,5.428571428571429,0.2079589805282093,0.062352186825435876,0.044416154037776066,0.18343460888756793
2026-06-27,824825,WSH,BAL,4,86,20,1,26,6,0.08139534883720931,0.3023255813953488,0.06976744186046512,0.011627906976744186,4.785714285714286,0.2190373555401859,0.06514273966629053,0.039314113221449544,0.17076334319819356
2026-06-28,824821,WSH,BAL,6,73,12,4,11,9,0.1917808219178082,0.1506849315068493,0.1232876712328767,0.0547945205479452,4.928571428571429,0.22820967967712075,0.06702053830849766,0.0349686945686497,0.15897895300126547
2026-06-29,824741,WSH,BOS,3,68,16,3,16,3,0.16176470588235295,0.23529411764705882,0.04411764705882353,0.04411764705882353,4.785714285714286,0.22487514470956488,0.07018770279505653,0.037002889645382626,0.16421893652171038
2026-06-30,824742,WSH,BOS,8,72,16,1,21,5,0.09722222222222222,0.2916666666666667,0.06944444444444445,0.013888888888888888,4.285714285714286,0.2286033965736908,0.07132689086465056,0.038142077714976665,0.16370112376280405
2026-07-01,824740,WSH,BOS,10,88,22,3,20,14,0.18181818181818182,0.22727272727272727,0.1590909090909091,0.03409090909090909,4.357142857142857,0.23653990451019874,0.06934276388052357,0.038142077714976665,0.1646931872548675
2026-07-03,822714,WSH,PIT,9,82,25,6,9,6,0.34146341463414637,0.10975609756097561,0.07317073170731707,0.07317073170731707,4.642857142857143,0.241784659754954,0.07338039291815261,0.03874564081853977,0.16669118925286952
2026-07-04,822716,WSH,PIT,1,76,17,1,20,8,0.039473684210526314,0.2631578947368421,0.10526315789473684,0.013157894736842105,5.142857142857143,0.24116573439276803,0.0739076256340888,0.04021272315853609,0.17604383917034613
2026-07-05,822715,WSH,PIT,5,85,23,4,14,11,0.16470588235294117,0.16470588235294117,0.12941176470588237,0.047058823529411764,5.071428571428571,0.24897371588496006,0.0803275215276689,0.03675696838699185,0.16457767375681231
2026-07-06,822712,WSH,HOU,12,80,25,6,15,6,0.275,0.1875,0.075,0.075,5.142857142857143,0.2442549052837965,0.08407671351215498,0.03828681109330514,0.168100621397407
2026-07-07,822713,WSH,HOU,3,83,17,3,18,11,0.12048192771084337,0.21686746987951808,0.13253012048192772,0.03614457831325301,5.785714285714286,0.23826000732461283,0.08433181555297133,0.04058272946065209,0.17243735609128455
2026-07-08,822710,WSH,HOU,8,77,17,2,13,10,0.14285714285714285,0.16883116883116883,0.12987012987012986,0.025974025974025976,5.714285714285714,0.2336298165413591,0.09279221651294804,0.040146376402544405,0.1679647372456808
2026-07-10,822709,WSH,NYY,3,77,21,6,19,3,0.2597402597402597,0.24675324675324675,0.03896103896103896,0.07792207792207792,5.642857142857143,0.22187966193406164,0.09632152792403285,0.03789657366013083,0.16174845763038642
2026-07-11,822711,WSH,NYY,2,76,16,5,14,9,0.21052631578947367,0.18421052631578946,0.11842105263157894,0.06578947368421052,5.571428571428571,0.22426679860691262,0.09434255451648801,0.03965291255932686,0.165063238088024
2026-07-12,822708,WSH,NYY,3,71,14,2,14,6,0.16901408450704225,0.19718309859154928,0.08450704225352113,0.028169014084507043,5.357142857142857,0.2184918189891936,0.0976376899454218,0.040909819887889234,0.1680526393019021
2026-07-17,824981,WSH,ATH,23,90,30,6,27,7,0.3,0.3,0.07777777777777778,0.06666666666666667,5.5,0.210443529250763,0.096631653728118,0.04292189232249688,0.17408885660572504
2026-07-18,824979,WSH,ATH,1,82,17,3,17,11,0.15853658536585366,0.2073170731707317,0.13414634146341464,0.036585365853658534,6.857142857142857,0.21027741629395238,0.0972038205793546,0.046853232300348484,0.18970347454592434
2026-07-19,824978,WSH,ATH,5,79,18,2,16,7,0.13924050632911392,0.20253164556962025,0.08860759493670886,0.02531645569620253,6.5,0.214322569269944,0.0979794398815359,0.04555257839361372,0.18732888622078475
2026-07-20,824328,WSH,COL,7,76,18,3,10,7,0.17105263157894737,0.13157894736842105,0.09210526315789473,0.039473684210526314,6.642857142857143,0.21198239269298408,0.10115729330138483,0.044209636153426504,0.18572001482412479
2026-07-21,824329,WSH,COL,7,78,22,4,16,4,0.2564102564102564,0.20512820512820512,0.05128205128205128,0.05128205128205128,6.571428571428571,0.20054755560025228,0.10277592320948845,0.04603712153354346,0.19099361549246233
2026-07-22,824327,WSH,COL,8,80,20,1,18,7,0.1125,0.225,0.0875,0.0125,6.357142857142857,0.19896580401850067,0.09507529050885573,0.047265060261482195,0.19632162082046764
2026-07-24,822707,WSH,AZ,2,76,15,1,16,9,0.06578947368421052,0.21052631578947367,0.11842105263157894,0.013157894736842105,6.285714285714286,0.20719751133557382,0.09609880967261879,0.0429314365681024,0.1799670912037429
2026-07-25,822704,WSH,AZ,5,72,15,1,8,8,0.125,0.1111111111111111,0.1111111111111111,0.013888888888888888,6.357142857142857,0.20343811283933325,0.09703865929667896,0.0429314365681024,0.1818467904518632
2026-07-26,822706,WSH,AZ,10,85,24,6,6,10,0.3176470588235294,0.07058823529411765,0.11764705882352941,0.07058823529411765,6.357142857142857,0.19960991489348823,0.09573146975419529,0.04056215552235077,0.1790106559980817
2026-07-27,822705,WSH,TOR,2,75,15,2,16,8,0.14666666666666667,0.21333333333333335,0.10666666666666667,0.02666666666666667,6.214285714285714,0.19125907455735378,0.09877768824159025,0.0402470294719306,0.18205687448547667
2026-07-28,822703,WSH,TOR,8,79,16,4,13,10,0.16455696202531644,0.16455696202531644,0.12658227848101267,0.05063291139240506,6.142857142857143,0.19100663623262631,0.09693029868335731,0.039570035782888716,0.18392721298232115
2026-07-29,822702,WSH,TOR,2,81,18,0,10,9,0.07407407407407407,0.12345679012345678,0.1111111111111111,0.0,6.142857142857143,0.19070133574649398,0.09669545215556322,0.04133138474134437,0.18547720006576213
2026-07-30,824894,WSH,ATL,4,69,11,5,9,7,0.2753623188405797,0.13043478260869565,0.10144927536231885,0.07246376811594203,6.071428571428571,0.1818944459872233,0.10184902873771125,0.03576552203262452,0.17221532966103456
2026-07-31,824892,WSH,ATL,2,78,21,4,14,7,0.1794871794871795,0.1794871794871795,0.08974358974358974,0.05128205128205128,6.214285714285714,0.17805332143671657,0.1006367589327641,0.036242257349176764,0.17684647273611362
2026-08-01,824890,WSH,ATL,3,74,14,3,12,7,0.1891891891891892,0.16216216216216217,0.0945945945945946,0.04054054054054054,6.142857142857143,0.17678932721497587,0.10101079803919755,0.03789318857757278,0.17759455094898052
2026-08-02,824891,WSH,ATL,2,66,11,2,15,6,0.10606060606060606,0.22727272727272727,0.09090909090909091,0.030303030303030304,4.714285714285714,0.16694376736941605,0.10221199924039877,0.03602703671142092,0.16967949303392263
2026-08-03,823431,WSH,PHI,3,70,11,4,16,8,0.17142857142857143,0.22857142857142856,0.11428571428571428,0.05714285714285714,4.785714285714286,0.16836917123384426,0.09912362420080421,0.03557829845780462,0.16593120879783352
2026-08-04,823432,WSH,PHI,0,69,16,0,13,4,0.07246376811594203,0.18840579710144928,0.057971014492753624,0.0,4.642857142857143,0.17022915573397346,0.10095777558287602,0.03785161284685138,0.16823035630493763
2026-08-05,823429,WSH,PHI,10,96,15,2,16,14,0.10416666666666667,0.16666666666666666,0.14583333333333334,0.020833333333333332,4.142857142857143,0.17428821642918974,0.09851961496393738,0.03503206397467092,0.16118829462900866
2026-08-06,823430,WSH,PHI,3,76,24,1,15,5,0.18421052631578946,0.19736842105263158,0.06578947368421052,0.013157894736842105,4.357142857142857,0.171540963681937,0.10527327796760037,0.0328571555497625,0.15031375250446657
2026-08-07,822699,WSH,CIN,5,68,14,5,20,5,0.2647058823529412,0.29411764705882354,0.07352941176470588,0.07352941176470588,4.0,0.1695672794714107,0.10372252608790114,0.03290414803096551,0.15543593295559435
2026-08-08,822701,WSH,CIN,8,73,15,1,13,7,0.0958904109589041,0.1780821917808219,0.0958904109589041,0.0136986301369863,4.214285714285714,0.17553808884779282,0.10051598031169592,0.037216399247241495,0.16964424786050372
2026-08-09,822700,WSH,CIN,7,70,17,1,16,2,0.07142857142857142,0.22857142857142856,0.02857142857142857,0.014285714285714285,4.428571428571429,0.18032173746705785,0.09942878744368112,0.03720280933639131,0.16756499150042542
2026-08-11,822697,WSH,CHC,6,84,20,6,17,6,0.2619047619047619,0.20238095238095238,0.07142857142857142,0.07142857142857142,4.214285714285714,0.19160625127258007,0.09306624242567393,0.03318120069293392,0.14997795668649985
2026-08-12,822698,WSH,CHC,6,89,24,6,19,10,0.24719101123595505,0.21348314606741572,0.11235955056179775,0.06741573033707865,4.5,0.19082393834741002,0.09054923562295283,0.03637847960449855,0.15820924920350668
2026-08-13,822696,WSH,CHC,7,64,11,1,19,3,0.0625,0.296875,0.046875,0.015625,4.357142857142857,0.19431866577898854,0.08953332648586605,0.03757725238626095,0.16411168128998083
2026-08-14,823591,WSH,NYM,1,73,12,2,17,7,0.0958904109589041,0.2328767123287671,0.0958904109589041,0.0273972602739726,4.714285714285714,0.20670568077017018,0.08494503283507239,0.03869332381483238,0.16328496171326126
2026-08-15,823588,WSH,NYM,4,73,15,3,23,9,0.1780821917808219,0.3150684931506849,0.1232876712328767,0.0410958904109589,4.5,0.21402296146446104,0.08454797109197135,0.03547428754040599,0.15046553972171298
2026-08-16,823590,WSH,NYM,3,70,15,2,20,5,0.14285714285714285,0.2857142857142857,0.07142857142857142,0.02857142857142857,4.642857142857143,0.22370734101185424,0.0869439769126347,0.03474670462104225,0.1503651834569732
2026-08-18,822859,WSH,TEX,0,72,18,1,17,5,0.08333333333333333,0.2361111111111111,0.06944444444444445,0.013888888888888888,4.642857142857143,0.23253249269414877,0.08528926097220449,0.03389176805181996,0.1470557515761127
2026-08-19,822860,WSH,TEX,6,72,13,2,18,4,0.125,0.25,0.05555555555555555,0.027777777777777776,4.5,0.23316380582546192,0.08375607193901545,0.03271932937938129,0.14543237495273612
2026-08-20,822861,WSH,TEX,0,65,7,1,23,8,0.1076923076923077,0.35384615384615387,0.12307692307692308,0.015384615384615385,4.714285714285714,0.23469441807035987,0.07956106060114697,0.03062182371044705,0.14211604842212386
2026-08-21,823830,WSH,MIA,2,77,15,1,14,10,0.06493506493506493,0.18181818181818182,0.12987012987012986,0.012987012987012988,4.714285714285714,0.24651158640926735,0.08421148264287337,0.03172072480934815,0.14463237267757853
2026-08-22,823831,WSH,MIA,2,66,10,2,12,5,0.12121212121212122,0.18181818181818182,0.07575757575757576,0.030303030303030304,4.142857142857143,0.24759383749151848,0.0830712538240731,0.031160273356039554,0.14183011541103557
2026-08-23,823827,WSH,MIA,2,75,13,0,15,9,0.08,0.2,0.12,0.0,4.071428571428571,0.24648310611762916,0.08378326111502778,0.03238492589648157,0.13733022933220213
2026-08-24,822695,WSH,COL,13,82,20,3,16,11,0.17073170731707318,0.1951219512195122,0.13414634146341464,0.036585365853658534,3.857142857142857,0.23976041704199894,0.0871025888461202,0.02713282505614543,0.12413695202127775
2026-08-25,822693,WSH,COL,1,73,12,2,21,8,0.1232876712328767,0.2876712328767123,0.1095890410958904,0.0273972602739726,4.214285714285714,0.2409775427161911,0.0898351553107281,0.028767591893050594,0.12948275890400412
2026-08-26,822692,WSH,COL,1,86,22,5,14,8,0.2441860465116279,0.16279069767441862,0.09302325581395349,0.05813953488372093,3.7857142857142856,0.24519895730942562,0.09562212763390396,0.029704130892211904,0.13318698031859735
2026-08-27,822694,WSH,COL,7,85,18,2,16,15,0.10588235294117647,0.18823529411764706,0.17647058823529413,0.023529411764705882,3.4285714285714284,0.24237108197324467,0.09716460509000267,0.028754913996151155,0.13192135779051634
2026-08-28,822691,WSH,MIA,9,71,12,3,12,10,0.19718309859154928,0.16901408450704225,0.14084507042253522,0.04225352112676056,3.5,0.2405676639768326,0.10174396492382384,0.02562017695526738,0.12182788219803216
2026-08-29,822690,WSH,MIA,4,83,15,1,24,8,0.07228915662650602,0.2891566265060241,0.0963855421686747,0.012048192771084338,3.642857142857143,0.23143474144162135,0.10845611281114777,0.027522214178607424,0.13144810352599998
2026-08-30,822688,WSH,MIA,2,74,10,1,15,12,0.06756756756756757,0.20270270270270271,0.16216216216216217,0.013513513513513514,3.857142857142857,0.2354547353114254,0.10849147932613139,0.026425852214115402,0.12976229964511438
2026-08-31,822689,WSH,MIA,6,74,22,2,16,5,0.0945945945945946,0.21621621621621623,0.06756756756756757,0.02702702702702703,3.7142857142857144,0.22742860742228382,0.11126822867822321,0.02445568243572645,0.12186839791559623
2026-09-01,822687,WSH,ATL,9,78,20,3,22,8,0.1794871794871795,0.28205128205128205,0.10256410256410256,0.038461538461538464,3.9285714285714284,0.22246445960099318,0.11099244268815152,0.02434536803969777,0.11842107303969993
2026-09-02,822686,WSH,ATL,0,75,13,2,17,8,0.10666666666666667,0.22666666666666666,0.10666666666666667,0.02666666666666667,4.571428571428571,0.22574590038243394,0.11335813255384138,0.026100557294887024,0.1252892049078318
2026-09-04,823905,WSH,LAD,3,72,15,1,16,6,0.1388888888888889,0.2222222222222222,0.08333333333333333,0.013888888888888888,4.142857142857143,0.22407923371576727,0.11700892620463502,0.026021192215521943,0.123979681098308
